trajectory_id,source_id,group_id,kind,chain,label,prefix_label,prefix_len,trajectory_len,oof_B0,oof_B1,oof_B2,oof_B3,oof_B3p,oof_M1,oof_rep:Flat,oof_rep:Flat+Types,oof_rep:Flat+Motifs,oof_rep:Flat+Types+Motifs,oof_abl:no_temporal,oof_abl:no_motif,oof_abl:no_typed_action,oof_abl:no_bridge_context,oof_nested_select,oof_M1_platt,oof_M1_isotonic,oof_S1
ronin_bridge_2022,ronin_bridge_2022,ronin_bridge_2022,positive,eth,1,k_2,2,331,0.0639053254437869,0.0070796460176991,0.075457434744578,0.1102298098784715,0.0018067747587338,0.0016399433370679,0.0018067747587338,0.0085780527442693,0.000813097693026,0.0016399433370679,0.0106222853064537,0.0085780527442693,0.000813097693026,0.0016638252418488,0.0016638252418488,0.0244005822558325,0.0231481481481481,0.36455023288726807
ronin_bridge_2022,ronin_bridge_2022,ronin_bridge_2022,positive,eth,1,k_3,3,331,0.0639053254437869,0.0088495575221238,0.0817348150444847,0.2013126978031867,0.2842593491077423,0.0920063853263855,0.2842593491077423,0.0650997385382652,0.4960921108722687,0.0920063853263855,0.0095042390748858,0.0650997385382652,0.4960921108722687,0.0203370135277509,0.0203370135277509,0.0971198056393375,0.1652892561983471,0.7909095883369446
ronin_bridge_2022,ronin_bridge_2022,ronin_bridge_2022,positive,eth,1,k_5,5,331,0.0639053254437869,0.0106194690265486,0.0791686981733088,0.4239151735346194,0.3146458268165588,0.0916780158877372,0.3146458268165588,0.0931685343384742,0.4362107813358307,0.0916780158877372,0.0046344604343175,0.0931685343384742,0.4362107813358307,0.0373577699065208,0.0373577699065208,0.0969977005004015,0.1652892561983471,0.9413331747055054
ronin_bridge_2022,ronin_bridge_2022,ronin_bridge_2022,positive,eth,1,k_7,7,331,0.0639053254437869,0.0247787610619469,0.0780916369024245,0.6614018645187787,0.3514259457588196,0.4844730794429779,0.3514259457588196,0.4116109311580658,0.2509978413581848,0.4844730794429779,0.0512366779148578,0.4116109311580658,0.2509978413581848,0.0878655090928077,0.0878655090928077,0.1913254340886566,0.1652892561983471,0.6532994508743286
ronin_bridge_2022,ronin_bridge_2022,ronin_bridge_2022,positive,eth,1,ratio_25,83,331,0.0639053254437869,0.0654867256637168,0.0761161045289501,0.6643836306148537,0.9710448384284972,0.8883194327354431,0.9710448384284972,0.7045994400978088,0.983672559261322,0.8883194327354431,0.8658893704414368,0.7045994400978088,0.983672559261322,0.9005098938941956,0.9005098938941956,0.3350224125286058,0.3695652173913043,0.02285279892385006
ronin_bridge_2022,ronin_bridge_2022,ronin_bridge_2022,positive,eth,1,ratio_50,166,331,0.0639053254437869,0.0690265486725663,0.0757861127409062,0.6886990237254932,0.9783771634101868,0.9462644457817078,0.9783771634101868,0.9150615334510804,0.99276864528656,0.9462644457817078,0.9037110805511476,0.9150615334510804,0.99276864528656,0.9440270066261292,0.9440270066261292,0.4002818014101591,0.4285714285714285,0.9664766192436218
ronin_bridge_2022,ronin_bridge_2022,ronin_bridge_2022,positive,eth,1,ratio_75,249,331,0.0639053254437869,0.0690265486725663,0.0756764076403683,0.4137637545718725,0.0358906537294387,0.0179689694195985,0.0358906537294387,0.0104185109958052,0.0897524058818817,0.0179689694195985,0.0175767354667186,0.0104185109958052,0.0897524058818817,0.013476088643074,0.013476088643074,0.055442069260182,0.0478723404255319,0.04192095622420311
ronin_bridge_2022,ronin_bridge_2022,ronin_bridge_2022,positive,eth,1,ratio_100,331,331,0.0639053254437869,0.0690265486725663,0.0756221062762308,0.5602400881602425,0.0249036196619272,0.0241839960217475,0.0249036196619272,0.0293836332857608,0.2825280725955963,0.0241839960217475,0.0222687367349863,0.0293836332857608,0.2825280725955963,0.0249388050287961,0.0249388050287961,0.0613407912831218,0.0478723404255319,0.003341782372444868
ronin_benign_control_2022,ronin_benign_control_2022,ronin_bridge_2022,hard_negative_control,eth,0,k_2,2,103,0.0639053254437869,0.0017699115044247,0.075457434744578,0.911532123131294,0.9546026587486268,0.938827633857727,0.9546026587486268,0.9176437258720398,0.942596673965454,0.938827633857727,0.7466628551483154,0.9176437258720398,0.942596673965454,0.8929087519645691,0.8929087519645691,0.3886581503347477,0.4285714285714285,0.4737796485424042
ronin_benign_control_2022,ronin_benign_control_2022,ronin_bridge_2022,hard_negative_control,eth,0,k_3,3,103,0.0639053254437869,0.0088495575221238,0.075457434744578,0.2825630036920758,0.0229641739279031,0.0267977695912122,0.0229641739279031,0.0188995320349931,0.0148548893630504,0.0267977695912122,0.1144364103674888,0.0188995320349931,0.0148548893630504,0.0111871315166354,0.0111871315166354,0.0635220822177149,0.0478723404255319,0.06847566366195679
ronin_benign_control_2022,ronin_benign_control_2022,ronin_bridge_2022,hard_negative_control,eth,0,k_5,5,103,0.0639053254437869,0.0088495575221238,0.075457434744578,0.2373023498386081,0.0222845394164323,0.0336926057934761,0.0222845394164323,0.0730997994542121,0.0376937612891197,0.0336926057934761,0.1734003126621246,0.0730997994542121,0.0376937612891197,0.010139319114387,0.010139319114387,0.068676900382117,0.0478723404255319,0.16572900116443634
ronin_benign_control_2022,ronin_benign_control_2022,ronin_bridge_2022,hard_negative_control,eth,0,k_7,7,103,0.0639053254437869,0.0088495575221238,0.075457434744578,0.1281636528655749,0.001702478621155,0.0173421129584312,0.001702478621155,0.0258701760321855,0.0024408544413745,0.0173421129584312,0.0366158485412597,0.0258701760321855,0.0024408544413745,0.006393271498382,0.006393271498382,0.0547759566144433,0.0478723404255319,0.08588182926177979
ronin_benign_control_2022,ronin_benign_control_2022,ronin_bridge_2022,hard_negative_control,eth,0,ratio_25,26,103,0.0639053254437869,0.0407079646017699,0.075457434744578,0.2187249034454772,0.0001917239424074,0.0018020150018855,0.0001917239424074,0.0009335326612927,0.0032794899307191,0.0018020150018855,0.0019196120556443,0.0009335326612927,0.0032794899307191,0.0005481251864694,0.0005481251864694,0.025208686707823,0.0231481481481481,0.06692291796207428
ronin_benign_control_2022,ronin_benign_control_2022,ronin_bridge_2022,hard_negative_control,eth,0,ratio_50,52,103,0.0639053254437869,0.0814159292035398,0.075457434744578,0.2607495704963738,0.0015492545207962,0.0098738959059119,0.0015492545207962,0.0051258197054266,0.019353698939085,0.0098738959059119,0.0385530143976211,0.0051258197054266,0.019353698939085,0.0041326666250824,0.0041326666250824,0.0452096265456109,0.0478723404255319,0.061154380440711975
ronin_benign_control_2022,ronin_benign_control_2022,ronin_bridge_2022,hard_negative_control,eth,0,ratio_75,78,103,0.0639053254437869,0.1238938053097345,0.075457434744578,0.3519945192043777,0.0111795915290713,0.0040881531313061,0.0111795915290713,0.0039476654492318,0.0460845828056335,0.0040881531313061,0.0060021504759788,0.0039476654492318,0.0460845828056335,0.0019523936789482,0.0019523936789482,0.0334295821471941,0.0478723404255319,0.16881774365901947
ronin_benign_control_2022,ronin_benign_control_2022,ronin_bridge_2022,hard_negative_control,eth,0,ratio_100,103,103,0.0639053254437869,0.1646017699115044,0.0756338430370665,0.7048730425356766,0.0579878836870193,0.1118930801749229,0.0579878836870193,0.0201434940099716,0.1488388180732727,0.1118930801749229,0.0508537031710147,0.0201434940099716,0.1488388180732727,0.0139051247388124,0.0139051247388124,0.104092782960219,0.1652892561983471,0.0007391843246296048
qbridge_qubit_2022,qbridge_qubit_2022,qbridge_qubit_2022,positive,bsc,1,k_2,2,643,0.0642474717430101,0.0102669404517453,0.0999284779519375,0.7049377121450878,0.778603732585907,0.5308123230934143,0.778603732585907,0.4767490923404693,0.6004267930984497,0.5308123230934143,0.6351590752601624,0.4767490923404693,0.6004267930984497,0.323315680027008,0.323315680027008,0.1957741754441348,0.1764705882352941,0.7046124935150146
qbridge_qubit_2022,qbridge_qubit_2022,qbridge_qubit_2022,positive,bsc,1,k_3,3,643,0.0642474717430101,0.0123203285420944,0.0938564183763478,0.5218866267428416,0.0658202990889549,0.3759568631649017,0.0658202990889549,0.2358361333608627,0.1512627005577087,0.3759568631649017,0.3981733322143554,0.2358361333608627,0.1512627005577087,0.066900260746479,0.066900260746479,0.1616974633483245,0.1666666666666666,0.8825986981391907
qbridge_qubit_2022,qbridge_qubit_2022,qbridge_qubit_2022,positive,bsc,1,k_5,5,643,0.0642474717430101,0.0246406570841889,0.0893030150103231,0.697544469767715,0.6431684494018555,0.6283669471740723,0.6431684494018555,0.3686532080173492,0.6503342390060425,0.6283669471740723,0.4441832602024078,0.3686532080173492,0.6503342390060425,0.6813844442367554,0.6813844442367554,0.2201972811692429,0.1764705882352941,0.7684273719787598
qbridge_qubit_2022,qbridge_qubit_2022,qbridge_qubit_2022,positive,bsc,1,k_7,7,643,0.0642474717430101,0.028747433264887,0.0874580548337235,0.7137989311713777,0.9912371635437012,0.9902710914611816,0.9912371635437012,0.9843279123306274,0.9794624447822572,0.9902710914611816,0.9856147170066832,0.9843279123306274,0.9794624447822572,0.9758507013320924,0.9758507013320924,0.5618989330338006,0.4375,0.8089500069618225
qbridge_qubit_2022,qbridge_qubit_2022,qbridge_qubit_2022,positive,bsc,1,ratio_25,161,643,0.0642474717430101,0.2258726899383983,0.0919629732774232,0.8726845608065154,0.999794900417328,0.9995903372764589,0.999794900417328,0.999653458595276,0.9996330738067628,0.9995903372764589,0.999215841293335,0.999653458595276,0.9996330738067628,0.9986844658851624,0.9986844658851624,0.8056820784140937,1.0,0.9970998764038086
qbridge_qubit_2022,qbridge_qubit_2022,qbridge_qubit_2022,positive,bsc,1,ratio_50,322,643,0.0642474717430101,0.4681724845995893,0.0929060667853041,0.8009871607933495,0.9978737831115724,0.9989646673202516,0.9978737831115724,0.9992775321006776,0.9957193732261658,0.9989646673202516,0.9989364743232728,0.9992775321006776,0.9957193732261658,0.9981241822242736,0.9981241822242736,0.7464069512408789,0.75,0.9957625269889832
qbridge_qubit_2022,qbridge_qubit_2022,qbridge_qubit_2022,positive,bsc,1,ratio_75,483,643,0.0642474717430101,0.8316221765913757,0.0903900515551005,0.8537769274221172,0.9974181652069092,0.9987449645996094,0.9974181652069092,0.9991033673286438,0.9958550333976746,0.9987449645996094,0.9967691898345948,0.9991033673286438,0.9958550333976746,0.9980974793434144,0.9980974793434144,0.7327039039375448,0.75,0.39572107791900635
qbridge_qubit_2022,qbridge_qubit_2022,qbridge_qubit_2022,positive,bsc,1,ratio_100,643,643,0.0642474717430101,1.0,0.0896454028732535,0.9241295961054444,0.9976876974105836,0.9980231523513794,0.9976876974105836,0.9984489679336548,0.9945037364959716,0.9980231523513794,0.9981160163879396,0.9984489679336548,0.9945037364959716,0.9979056119918824,0.9979056119918824,0.6985318201615704,0.75,0.9899818301200867
feg_bridge_2024,feg_bridge_2024,feg_bridge_2024,positive,eth,1,k_2,2,9,0.0618040089086859,0.0070796460176991,0.7046860951129743,0.1803129252968331,0.0222478378564119,0.7322987914085388,0.0222478378564119,0.652771532535553,0.0017290957039222,0.7322987914085388,0.914371907711029,0.652771532535553,0.0017290957039222,0.7087878584861755,0.7087878584861755,0.2704764628873595,0.3055555555555556,0.985040545463562
feg_bridge_2024,feg_bridge_2024,feg_bridge_2024,positive,eth,1,ratio_25,3,9,0.0618040089086859,0.0070796460176991,0.7046860951129743,0.1083429050469513,0.0105339661240577,0.6542709469795227,0.0105339661240577,0.4979395270347595,0.0009065812919288,0.6542709469795227,0.9298016428947448,0.4979395270347595,0.0009065812919288,0.5075967311859131,0.5075967311859131,0.2442134963079216,0.2666666666666666,0.9956661462783813
feg_bridge_2024,feg_bridge_2024,feg_bridge_2024,positive,eth,1,ratio_50,5,9,0.0618040089086859,0.0070796460176991,0.7046860951129743,0.1063656323196786,0.0130818365141749,0.6933559775352478,0.0130818365141749,0.5666230320930481,0.0009923904435709,0.6933559775352478,0.9298016428947448,0.5666230320930481,0.0009923904435709,0.4634426236152649,0.4634426236152649,0.2566815126015455,0.3055555555555556,0.9980021119117737
feg_bridge_2024,feg_bridge_2024,feg_bridge_2024,positive,eth,1,ratio_75,7,9,0.0618040089086859,0.0070796460176991,0.7046860951129743,0.1056157534688926,0.0116359712556004,0.6933559775352478,0.0116359712556004,0.5549384355545044,0.0009277274366468,0.6933559775352478,0.9298016428947448,0.5549384355545044,0.0009277274366468,0.4634426236152649,0.4634426236152649,0.2566815126015455,0.3055555555555556,0.99854576587677
feg_bridge_2024,feg_bridge_2024,feg_bridge_2024,positive,eth,1,ratio_100,9,9,0.0618040089086859,0.0070796460176991,0.7046860951129743,0.1743056268509488,0.1365285366773605,0.7987237572669983,0.1365285366773605,0.7932337522506714,0.0362586267292499,0.7987237572669983,0.3339166343212127,0.7932337522506714,0.0362586267292499,0.8419398665428162,0.8419398665428162,0.2987274245193795,0.3055555555555556,0.9974542260169983
deltaprime_arbitrum_2024,deltaprime_arbitrum_2024,deltaprime_arbitrum_2024,positive,arbitrum,1,k_2,2,22,0.0719041278295605,0.0070796460176991,0.0902019819505292,0.4959597548369723,0.5192474126815796,0.8067137598991394,0.5192474126815796,0.8433533310890198,0.5238195061683655,0.8067137598991394,0.8714320659637451,0.8433533310890198,0.5238195061683655,0.682917058467865,0.8067137598991394,0.3956779545412954,0.4204545454545454,0.03407330438494682
deltaprime_arbitrum_2024,deltaprime_arbitrum_2024,deltaprime_arbitrum_2024,positive,arbitrum,1,k_3,3,22,0.0719041278295605,0.0088495575221238,0.0902019819505292,0.4620086387527154,0.0567201748490333,0.5708298087120056,0.0567201748490333,0.1655076891183853,0.03799320012331,0.5708298087120056,0.7805801630020142,0.1655076891183853,0.03799320012331,0.286531537771225,0.5708298087120056,0.2759601406323039,0.4204545454545454,0.0412263348698616
deltaprime_arbitrum_2024,deltaprime_arbitrum_2024,deltaprime_arbitrum_2024,positive,arbitrum,1,k_5,5,22,0.0719041278295605,0.0123893805309734,0.0927915226749838,0.8315723325435523,0.8577241897583008,0.8241564631462097,0.8577241897583008,0.8454670906066895,0.8232058882713318,0.8241564631462097,0.9342156052589417,0.8454670906066895,0.8232058882713318,0.8045008778572083,0.8241564631462097,0.4088708975114223,0.4204545454545454,0.007947045378386974
deltaprime_arbitrum_2024,deltaprime_arbitrum_2024,deltaprime_arbitrum_2024,positive,arbitrum,1,ratio_25,6,22,0.0719041278295605,0.0141592920353982,0.0923553456033958,0.785707859026882,0.8943912386894226,0.8572999238967896,0.8943912386894226,0.9009045362472534,0.8240215182304382,0.8572999238967896,0.9050982594490052,0.9009045362472534,0.8240215182304382,0.6728763580322266,0.8572999238967896,0.4375377787245362,0.4204545454545454,0.0014475893694907427
deltaprime_arbitrum_2024,deltaprime_arbitrum_2024,deltaprime_arbitrum_2024,positive,arbitrum,1,k_7,7,22,0.0719041278295605,0.0212389380530973,0.0920449189887396,0.8049280682842971,0.7840872406959534,0.765782356262207,0.7840872406959534,0.8511773943901062,0.9479252696037292,0.765782356262207,0.8630937337875366,0.8511773943901062,0.9479252696037292,0.5360719561576843,0.765782356262207,0.3684137854432199,0.4204545454545454,0.012977207079529762
deltaprime_arbitrum_2024,deltaprime_arbitrum_2024,deltaprime_arbitrum_2024,positive,arbitrum,1,ratio_50,11,22,0.0719041278295605,0.0283185840707964,0.0776957684851654,0.8161756696069807,0.9292038679122924,0.9358744621276855,0.9292038679122924,0.9693281054496764,0.9761409759521484,0.9358744621276855,0.9457240104675292,0.9693281054496764,0.9761409759521484,0.9734107851982116,0.9358744621276855,0.5421029580286771,0.4204545454545454,0.01241998840123415
deltaprime_arbitrum_2024,deltaprime_arbitrum_2024,deltaprime_arbitrum_2024,positive,arbitrum,1,ratio_75,17,22,0.0719041278295605,0.0353982300884955,0.081917160907432,0.7522633655377952,0.9243203401565552,0.9349535703659058,0.9243203401565552,0.923922061920166,0.9674660563468932,0.9349535703659058,0.9569750428199768,0.923922061920166,0.9674660563468932,0.9426628947257996,0.9349535703659058,0.5403121108617387,0.4204545454545454,0.0010821305913850665
deltaprime_arbitrum_2024,deltaprime_arbitrum_2024,deltaprime_arbitrum_2024,positive,arbitrum,1,ratio_100,22,22,0.0719041278295605,0.0353982300884955,0.0837369790607017,0.7326117528217027,0.9189226627349854,0.9339532256126404,0.9189226627349854,0.8816587924957275,0.9645786881446838,0.9339532256126404,0.9240474104881288,0.8816587924957275,0.9645786881446838,0.9390894174575806,0.9339532256126404,0.5383921329279832,0.4204545454545454,0.0029609797056764364
bsc_token_hub_2022,bsc_token_hub_2022,bsc_token_hub_2022,positive,bsc,1,k_2,2,364,0.0621403912543153,0.0088495575221238,0.0838315692680544,0.0468587051278167,0.0008896997314877,0.0023578675463795,0.0008896997314877,0.0029850376304239,0.0012899780413135,0.0023578675463795,0.0042717740871012,0.0029850376304239,0.0012899780413135,0.0003527927328832,0.0003527927328832,0.0208908689911406,0.0241545893719806,0.14933250844478607
bsc_token_hub_2022,bsc_token_hub_2022,bsc_token_hub_2022,positive,bsc,1,k_3,3,364,0.0621403912543153,0.0106194690265486,0.0810600158905169,0.0865557992530399,0.0023001199588179,0.0042002769187092,0.0023001199588179,0.0018482659943401,0.0008585961768403,0.0042002769187092,0.0116839427500963,0.0018482659943401,0.0008585961768403,0.0006414628587663,0.0006414628587663,0.0264437103149428,0.0241545893719806,0.024539854377508163
bsc_token_hub_2022,bsc_token_hub_2022,bsc_token_hub_2022,positive,bsc,1,k_5,5,364,0.0621403912543153,0.0141592920353982,0.0821584686726802,0.2400208149244605,0.0550606735050678,0.0790854543447494,0.0550606735050678,0.0635158494114875,0.0545814484357833,0.0790854543447494,0.0468746349215507,0.0635158494114875,0.0545814484357833,0.014794155023992,0.014794155023992,0.0870606665476123,0.0825242718446602,0.04033733531832695
bsc_token_hub_2022,bsc_token_hub_2022,bsc_token_hub_2022,positive,bsc,1,k_7,7,364,0.0621403912543153,0.015929203539823,0.0826333703687762,0.2752889317970544,0.0139304241165518,0.1595506370067596,0.0139304241165518,0.1101720035076141,0.0543720759451389,0.1595506370067596,0.0681535750627517,0.1101720035076141,0.0543720759451389,0.0174690391868352,0.0174690391868352,0.1171728720963546,0.0825242718446602,0.3992649018764496
bsc_token_hub_2022,bsc_token_hub_2022,bsc_token_hub_2022,positive,bsc,1,ratio_25,91,364,0.0621403912543153,0.1380530973451327,0.0802616871412789,0.7707590922440329,0.9968903660774232,0.996364951133728,0.9968903660774232,0.9961485862731934,0.9941760301589966,0.996364951133728,0.9982019662857056,0.9961485862731934,0.9941760301589966,0.9967705011367798,0.9967705011367798,0.733477795659314,0.7692307692307693,0.8789973258972168
bsc_token_hub_2022,bsc_token_hub_2022,bsc_token_hub_2022,positive,bsc,1,ratio_50,182,364,0.0621403912543153,0.3256637168141593,0.085974119677806,0.6309933801933086,0.9787778854370116,0.920849859714508,0.9787778854370116,0.9064947366714478,0.979364573955536,0.920849859714508,0.98409765958786,0.9064947366714478,0.979364573955536,0.9506890177726746,0.9506890177726746,0.4244894295628258,0.5365853658536586,0.8149752616882324
bsc_token_hub_2022,bsc_token_hub_2022,bsc_token_hub_2022,positive,bsc,1,ratio_75,273,364,0.0621403912543153,0.4761061946902655,0.0876849063478255,0.60251683129424,0.9945921301841736,0.9928107857704164,0.9945921301841736,0.9886133670806884,0.9945694804191588,0.9928107857704164,0.9960673451423644,0.9886133670806884,0.9945694804191588,0.9972870349884032,0.9972870349884032,0.674069729254071,0.6666666666666666,0.989856481552124
bsc_token_hub_2022,bsc_token_hub_2022,bsc_token_hub_2022,positive,bsc,1,ratio_100,364,364,0.0621403912543153,0.6584070796460177,0.0867926309551839,0.56470683129424,0.9352940320968628,0.9726300239562988,0.9352940320968628,0.9594370126724244,0.9806466102600098,0.9726300239562988,0.9843044877052308,0.9594370126724244,0.9806466102600098,0.9873678088188172,0.9873678088188172,0.5401546729296517,0.5365853658536586,0.9361365437507629
qbridge_benign_control_2022,qbridge_benign_control_2022,qbridge_qubit_2022,hard_negative_control,bsc,0,ratio_25,1,1,0.0642474717430101,0.0,0.0829956378830961,0.0013289864667817,7.653974171262234e-05,0.0001743892789818,7.653974171262234e-05,0.000201925256988,8.573044033255428e-05,0.0001743892789818,0.0009774449281394,0.000201925256988,8.573044033255428e-05,0.0001372903498122,0.0001372903498122,0.0094270874888526,0.0033444816053511,0.2482450157403946
feg_benign_control_2024,feg_benign_control_2024,feg_bridge_2024,hard_negative_control,eth,0,ratio_25,1,1,0.0618040089086859,0.0,0.7046860951129743,0.0076587927267397,0.0028860606253147,0.4718173146247864,0.0028860606253147,0.0961124673485755,0.0017854805337265,0.4718173146247864,0.4492408633232116,0.0961124673485755,0.0017854805337265,0.400018960237503,0.400018960237503,0.1962512567133401,0.2121212121212121,0.6986902356147766
deltaprime_benign_control_2024,deltaprime_benign_control_2024,deltaprime_arbitrum_2024,hard_negative_control,arbitrum,0,ratio_25,1,1,0.0719041278295605,0.0035398230088495,0.0139410733573669,0.0,8.023041300475597e-05,1.9621289538918063e-05,8.023041300475597e-05,2.285308983118739e-05,5.1217681175330654e-05,1.9621289538918063e-05,6.481476884800941e-05,2.285308983118739e-05,5.1217681175330654e-05,4.137870200793259e-05,1.9621289538918063e-05,0.0019694181757377,0.0,0.011778691783547401
bsc_token_hub_benign_control_2022,bsc_token_hub_benign_control_2022,bsc_token_hub_2022,hard_negative_control,bsc,0,ratio_25,1,1,0.0621403912543153,0.0,0.0757662649132641,0.0402639114121526,0.0318787321448326,0.0022230483591556,0.0318787321448326,0.0031981938518583,0.0208263918757438,0.0022230483591556,0.0013524481328204,0.0031981938518583,0.0208263918757438,0.0039197150617837,0.0039197150617837,0.0203937099613518,0.0241545893719806,0.22074741125106812
chibi_finance_2023,chibi_finance_2023,chibi_finance_2023,positive,arbitrum,1,k_2,2,40,0.0610859728506787,0.0088495575221238,0.0803178927766937,0.836335514027927,0.8361636996269226,0.9938201308250428,0.8361636996269226,0.9914398193359376,0.7541421055793762,0.9938201308250428,0.6047582030296326,0.9914398193359376,0.7541421055793762,0.980164110660553,0.980164110660553,0.6485642262358888,0.6363636363636364,0.1187034323811531
chibi_finance_2023,chibi_finance_2023,chibi_finance_2023,positive,arbitrum,1,k_3,3,40,0.0610859728506787,0.0106194690265486,0.0773933689614722,0.8759844207881657,0.9132988452911376,0.993176519870758,0.9132988452911376,0.991585373878479,0.9042761325836182,0.993176519870758,0.751301646232605,0.991585373878479,0.9042761325836182,0.9926437735557556,0.9926437735557556,0.6394720996029435,0.6363636363636364,0.5013490915298462
chibi_finance_2023,chibi_finance_2023,chibi_finance_2023,positive,arbitrum,1,k_5,5,40,0.0610859728506787,0.0194690265486725,0.0751243320822007,0.9035994317442232,0.9990060925483704,0.999765694141388,0.9990060925483704,0.9991992115974426,0.997787594795227,0.999765694141388,0.9982727766036988,0.9991992115974426,0.997787594795227,0.999495267868042,0.999495267868042,0.8717591996889458,1.0,0.9072102904319763
chibi_finance_2023,chibi_finance_2023,chibi_finance_2023,positive,arbitrum,1,k_7,7,40,0.0610859728506787,0.0230088495575221,0.074170721664486,0.8515299312704613,0.9997355341911316,0.9997069239616394,0.9997355341911316,0.9991139769554138,0.99989116191864,0.9997069239616394,0.9969593286514282,0.9991139769554138,0.99989116191864,0.9992662072181702,0.9992662072181702,0.8614719052943715,1.0,0.8732506036758423
chibi_finance_2023,chibi_finance_2023,chibi_finance_2023,positive,arbitrum,1,ratio_25,10,40,0.0610859728506787,0.0265486725663716,0.0734628345362519,0.8478367517216593,0.9998941421508788,0.9992712140083312,0.9998941421508788,0.998383402824402,0.9999680519104004,0.9992712140083312,0.9976986050605774,0.998383402824402,0.9999680519104004,0.9996886253356934,0.9996886253356934,0.812310998232205,1.0,0.9557526111602783
chibi_finance_2023,chibi_finance_2023,chibi_finance_2023,positive,arbitrum,1,ratio_50,20,40,0.0610859728506787,0.0495575221238938,0.0617764346307283,0.8750587330959719,0.999135196208954,0.9981310963630676,0.999135196208954,0.9975025057792664,0.9990801811218262,0.9981310963630676,0.995091676712036,0.9975025057792664,0.9990801811218262,0.9929230213165284,0.9929230213165284,0.7484010320589921,0.6363636363636364,0.3961162567138672
chibi_finance_2023,chibi_finance_2023,chibi_finance_2023,positive,arbitrum,1,ratio_75,30,40,0.0610859728506787,0.0884955752212389,0.069518468034911,0.7981033279692565,0.99368816614151,0.9960348010063172,0.99368816614151,0.996669352054596,0.9948798418045044,0.9960348010063172,0.9995193481445312,0.996669352054596,0.9948798418045044,0.9992477893829346,0.9992477893829346,0.687853332483437,0.6363636363636364,0.0007616350194439292
chibi_finance_2023,chibi_finance_2023,chibi_finance_2023,positive,arbitrum,1,ratio_100,40,40,0.0610859728506787,0.1008849557522123,0.0700910933950037,0.6584525263572139,0.952733278274536,0.9968605041503906,0.952733278274536,0.9728000164031982,0.9695091247558594,0.9968605041503906,0.9996438026428224,0.9728000164031982,0.9695091247558594,0.9975741505622864,0.9975741505622864,0.7075048417012628,0.6363636363636364,0.0013019150355830789
wooppv2_2024,wooppv2_2024,wooppv2_2024,positive,arbitrum,1,k_2,2,16,0.0606400898371701,0.0070796460176991,0.067182227291071,0.2914445103368419,0.0009969974635168,0.0016084732487797,0.0009969974635168,0.0015936413547024,0.0012784706195816,0.0016084732487797,0.0037750259507447,0.0015936413547024,0.0012784706195816,0.0006377778481692,0.0006377778481692,0.0165107792821881,0.0179028132992327,0.033365633338689804
wooppv2_2024,wooppv2_2024,wooppv2_2024,positive,arbitrum,1,k_3,3,16,0.0606400898371701,0.0070796460176991,0.067182227291071,0.2672337088217038,0.0010996714700013,0.0018626136006787,0.0010996714700013,0.0027136702556163,0.0014260840835049,0.0018626136006787,0.0014628508361056,0.0027136702556163,0.0014260840835049,0.0011416167253628,0.0011416167253628,0.0175198479078635,0.0179028132992327,0.01703859120607376
wooppv2_2024,wooppv2_2024,wooppv2_2024,positive,arbitrum,1,ratio_25,4,16,0.0606400898371701,0.0070796460176991,0.067182227291071,0.2632971914163731,0.000624892709311,0.0019170721061527,0.000624892709311,0.0018363966373726,0.0008298485190607,0.0019170721061527,0.0014628508361056,0.0018363966373726,0.0008298485190607,0.0008396542980335,0.0008396542980335,0.0177251164284186,0.0179028132992327,0.010097881779074669
wooppv2_2024,wooppv2_2024,wooppv2_2024,positive,arbitrum,1,k_5,5,16,0.0606400898371701,0.0123893805309734,0.0474420592011492,0.4979605259317547,0.0188080351799726,0.015400044620037,0.0188080351799726,0.0060957218520343,0.0656123161315918,0.015400044620037,0.0495242364704608,0.0060957218520343,0.0656123161315918,0.0183516200631856,0.0183516200631856,0.0409477593034319,0.046875,0.0072190603241324425
wooppv2_2024,wooppv2_2024,wooppv2_2024,positive,arbitrum,1,k_7,7,16,0.0606400898371701,0.0123893805309734,0.041621767871308,0.4877071021837294,0.0289075262844562,0.2016009986400604,0.0289075262844562,0.2414966374635696,0.0671393871307373,0.2016009986400604,0.366739273071289,0.2414966374635696,0.0671393871307373,0.0234244540333747,0.0234244540333747,0.1180155506797815,0.0941176470588235,0.0010139341466128826
wooppv2_2024,wooppv2_2024,wooppv2_2024,positive,arbitrum,1,ratio_50,8,16,0.0606400898371701,0.0123893805309734,0.0450050228894221,0.6289542070385987,0.3289059102535248,0.4273376762866974,0.3289059102535248,0.4291004240512848,0.1146117821335792,0.4273376762866974,0.3201649188995361,0.4291004240512848,0.1146117821335792,0.1506441235542297,0.1506441235542297,0.1727358558985909,0.2769230769230769,0.01251183170825243
wooppv2_2024,wooppv2_2024,wooppv2_2024,positive,arbitrum,1,ratio_75,12,16,0.0606400898371701,0.0123893805309734,0.0539453715800272,0.8305252630537463,0.8841342926025391,0.9269142150878906,0.8841342926025391,0.8673748970031738,0.7437423467636108,0.9269142150878906,0.8702605962753296,0.8673748970031738,0.7437423467636108,0.9793831706047058,0.9793831706047058,0.4006011408754785,0.4186046511627907,0.00826107058674097
wooppv2_2024,wooppv2_2024,wooppv2_2024,positive,arbitrum,1,ratio_100,16,16,0.0606400898371701,0.0123893805309734,0.0590210484917277,0.8394868512071351,0.9623054265975952,0.968376636505127,0.9623054265975952,0.946295440196991,0.7823860049247742,0.968376636505127,0.8573774695396423,0.946295440196991,0.7823860049247742,0.9890373349189758,0.9890373349189758,0.4897617650243549,0.4186046511627907,0.008757582865655422
utopiasphere_2024,utopiasphere_2024,utopiasphere_2024,positive,bsc,1,k_2,2,37,0.0611205432937181,0.0,0.073953350529613,0.2205385506082453,0.0033958796411752,0.0620252341032028,0.0033958796411752,0.145174965262413,0.0060914014466106,0.0620252341032028,0.1709941029548645,0.145174965262413,0.0060914014466106,0.1097198352217674,0.1097198352217674,0.0749869948960148,0.0780487804878048,0.2846856713294983
utopiasphere_2024,utopiasphere_2024,utopiasphere_2024,positive,bsc,1,k_3,3,37,0.0611205432937181,0.0017699115044247,0.073953350529613,0.3197607844338362,0.0092074302956461,0.3794618248939514,0.0092074302956461,0.1448022127151489,0.0540105402469635,0.3794618248939514,0.7396684288978577,0.1448022127151489,0.0540105402469635,0.6138062477111816,0.6138062477111816,0.1628127121710413,0.2222222222222222,0.5621768832206726
utopiasphere_2024,utopiasphere_2024,utopiasphere_2024,positive,bsc,1,k_5,5,37,0.0611205432937181,0.0123893805309734,0.073953350529613,0.2762095964763788,0.0321265533566474,0.6556330919265747,0.0321265533566474,0.4654093086719513,0.0419024527072906,0.6556330919265747,0.6655496954917908,0.4654093086719513,0.0419024527072906,0.7289966344833374,0.7289966344833374,0.2331411026667492,0.2982456140350877,0.5261178612709045
utopiasphere_2024,utopiasphere_2024,utopiasphere_2024,positive,bsc,1,k_7,7,37,0.0611205432937181,0.0141592920353982,0.073953350529613,0.2449693181580738,0.0151773774996399,0.1152258813381195,0.0151773774996399,0.0685752928256988,0.035216711461544,0.1152258813381195,0.0520625673234462,0.0685752928256988,0.035216711461544,0.3144434094429016,0.3144434094429016,0.0957060772376836,0.0780487804878048,0.48876693844795227
utopiasphere_2024,utopiasphere_2024,utopiasphere_2024,positive,bsc,1,ratio_25,10,37,0.0611205432937181,0.0300884955752212,0.0609702016015045,0.6979922262205026,0.9583353996276855,0.5181229710578918,0.9583353996276855,0.579938530921936,0.9696609973907472,0.5181229710578918,0.1568575501441955,0.579938530921936,0.9696609973907472,0.1583157479763031,0.1583157479763031,0.1953786080762242,0.25,0.7568379044532776
utopiasphere_2024,utopiasphere_2024,utopiasphere_2024,positive,bsc,1,ratio_50,19,37,0.0611205432937181,0.0300884955752212,0.026165091590694,0.7588066595449354,0.9751710891723632,0.0565487183630466,0.9751710891723632,0.1168124675750732,0.972424566745758,0.0565487183630466,0.002650748938322,0.1168124675750732,0.972424566745758,0.0493037402629852,0.0493037402629852,0.0723493868674781,0.0780487804878048,0.008816923946142197
utopiasphere_2024,utopiasphere_2024,utopiasphere_2024,positive,bsc,1,ratio_75,28,37,0.0611205432937181,0.1008849557522123,0.0244203395442758,0.8938059543401036,0.9770262837409972,0.2668309807777405,0.9770262837409972,0.3002658784389496,0.5585916638374329,0.2668309807777405,0.0756654217839241,0.3002658784389496,0.5585916638374329,0.6095476150512695,0.6095476150512695,0.1368633052529608,0.0780487804878048,0.00020735294674523175
utopiasphere_2024,utopiasphere_2024,utopiasphere_2024,positive,bsc,1,ratio_100,37,37,0.0611205432937181,0.1557522123893805,0.0269494190878812,0.6263399428528306,0.7914247512817383,0.2827096283435821,0.7914247512817383,0.3932309150695801,0.2436189204454422,0.2827096283435821,0.1954942941665649,0.3932309150695801,0.2436189204454422,0.6672918796539307,0.6672918796539307,0.1406095164144679,0.0780487804878048,0.00019603325927164406
xkingdom_2024,xkingdom_2024,xkingdom_2024,positive,arbitrum,1,k_2,2,68,0.0619977037887485,0.0106194690265486,0.0274759082994858,0.8236749661171757,0.7875027060508728,0.0518680997192859,0.7875027060508728,0.1163708418607711,0.79483562707901,0.0518680997192859,0.0529082268476486,0.1163708418607711,0.79483562707901,0.3823767304420471,0.0518680997192859,0.071639314848304,0.072072072072072,0.006616467610001564
xkingdom_2024,xkingdom_2024,xkingdom_2024,positive,arbitrum,1,k_3,3,68,0.0619977037887485,0.0123893805309734,0.03842085065,0.806449244970576,0.9967844486236572,0.6582021117210388,0.9967844486236572,0.3902595043182373,0.9839028120040894,0.6582021117210388,0.3851527273654938,0.3902595043182373,0.9839028120040894,0.9703184962272644,0.6582021117210388,0.2348242738909463,0.180722891566265,0.22389023005962372
xkingdom_2024,xkingdom_2024,xkingdom_2024,positive,arbitrum,1,k_5,5,68,0.0619977037887485,0.0212389380530973,0.0500831601554044,0.8641802065768728,0.9990410208702089,0.920823574066162,0.9990410208702089,0.8503412008285522,0.9984567165374756,0.920823574066162,0.9255295395851136,0.8503412008285522,0.9984567165374756,0.9908485412597656,0.920823574066162,0.3812772665674698,0.4285714285714285,0.463727205991745
xkingdom_2024,xkingdom_2024,xkingdom_2024,positive,arbitrum,1,k_7,7,68,0.0619977037887485,0.0283185840707964,0.0560487674193722,0.8075973066273017,0.9996355772018432,0.9717267751693726,0.9996355772018432,0.8801395893096924,0.9996912479400636,0.9717267751693726,0.9928643703460692,0.8801395893096924,0.9996912479400636,0.9989420771598816,0.9717267751693726,0.4839884793483428,0.5,0.5166556239128113
xkingdom_2024,xkingdom_2024,xkingdom_2024,positive,arbitrum,1,ratio_25,17,68,0.0619977037887485,0.0389380530973451,0.0291584351408231,0.7396721803399303,0.9994565844535828,0.8614847660064697,0.9994565844535828,0.6627547740936279,0.999062478542328,0.8614847660064697,0.8470854759216309,0.6627547740936279,0.999062478542328,0.997850775718689,0.8614847660064697,0.3259028026864873,0.4285714285714285,0.010143301449716091
xkingdom_2024,xkingdom_2024,xkingdom_2024,positive,arbitrum,1,ratio_50,34,68,0.0619977037887485,0.0460176991150442,0.0390034509798752,0.7192538125932535,0.9945749044418336,0.8108434677124023,0.9945749044418336,0.6326817274093628,0.9967041611671448,0.8108434677124023,0.8383731245994568,0.6326817274093628,0.9967041611671448,0.9846168756484984,0.8108434677124023,0.2950347774204613,0.4285714285714285,0.6564532518386841
xkingdom_2024,xkingdom_2024,xkingdom_2024,positive,arbitrum,1,ratio_75,51,68,0.0619977037887485,0.0566371681415929,0.0455984526458816,0.6970747191387271,0.9973467588424684,0.9312084913253784,0.9973467588424684,0.8253928422927856,0.9980248212814332,0.9312084913253784,0.8680678009986877,0.8253928422927856,0.9980248212814332,0.9815038442611694,0.9312084913253784,0.3952545236143391,0.4285714285714285,0.45647767186164856
xkingdom_2024,xkingdom_2024,xkingdom_2024,positive,arbitrum,1,ratio_100,68,68,0.0619977037887485,0.0707964601769911,0.0438563684009455,0.6770685233690729,0.9976219534873962,0.727095365524292,0.9976219534873962,0.6615963578224182,0.9963358640670776,0.727095365524292,0.6794270277023315,0.6615963578224182,0.9963358640670776,0.9652772545814514,0.727095365524292,0.2581865745749002,0.25,0.13890895247459412
wault_finance_2021,wault_finance_2021,wault_finance_2021,positive,bsc,1,k_2,2,37,0.0626086956521739,0.0088495575221238,0.083397962299705,0.6725665063941821,0.5969796776771545,0.9504960775375366,0.5969796776771545,0.975169837474823,0.8058106303215027,0.9504960775375366,0.8563745021820068,0.975169837474823,0.8058106303215027,0.9760002493858336,0.9504960775375366,0.4908407383621009,0.4029850746268656,0.7015093564987183
wault_finance_2021,wault_finance_2021,wault_finance_2021,positive,bsc,1,k_3,3,37,0.0626086956521739,0.0106194690265486,0.0837823793209593,0.6023715219260274,0.7930722236633301,0.6133409738540649,0.7930722236633301,0.4279488921165466,0.7300481200218201,0.6133409738540649,0.1943943351507187,0.4279488921165466,0.7300481200218201,0.2918996810913086,0.6133409738540649,0.2461916073145965,0.2,0.025446085259318352
wault_finance_2021,wault_finance_2021,wault_finance_2021,positive,bsc,1,k_5,5,37,0.0626086956521739,0.0141592920353982,0.0836284196976866,0.702839706062663,0.5110463500022888,0.5179377198219299,0.5110463500022888,0.2755701243877411,0.6797260642051697,0.5179377198219299,0.4849452376365661,0.2755701243877411,0.6797260642051697,0.2897696197032928,0.5179377198219299,0.2161675301037876,0.2,0.39837509393692017
wault_finance_2021,wault_finance_2021,wault_finance_2021,positive,bsc,1,k_7,7,37,0.0626086956521739,0.0176991150442477,0.0835625157385098,0.393579122893346,0.5591117739677429,0.3642482757568359,0.5591117739677429,0.0935951024293899,0.5858847498893738,0.3642482757568359,0.5510898232460022,0.0935951024293899,0.5858847498893738,0.2300140261650085,0.3642482757568359,0.1734935406273375,0.1666666666666666,0.3106015622615814
wault_finance_2021,wault_finance_2021,wault_finance_2021,positive,bsc,1,ratio_25,10,37,0.0626086956521739,0.0283185840707964,0.0836284196976866,0.1496830746488436,0.0517082214355468,0.0048661907203495,0.0517082214355468,0.0013533275341615,0.1352068036794662,0.0048661907203495,0.2310301810503006,0.0013533275341615,0.1352068036794662,0.0104265660047531,0.0048661907203495,0.0258609718440255,0.0397923875432525,0.0077483151108026505
wault_finance_2021,wault_finance_2021,wault_finance_2021,positive,bsc,1,ratio_50,19,37,0.0626086956521739,0.0442477876106194,0.0833374116355517,0.1689888750913735,0.0014047098811715,0.0502764843404293,0.0014047098811715,0.0277112033218145,0.0018505614716559,0.0502764843404293,0.0297071523964405,0.0277112033218145,0.0018505614716559,0.0989652946591377,0.0502764843404293,0.0694683819007125,0.0397923875432525,0.024503400549292564
wault_finance_2021,wault_finance_2021,wault_finance_2021,positive,bsc,1,ratio_75,28,37,0.0626086956521739,0.0743362831858407,0.0833157960856265,0.3326290127577072,0.0116546312347054,0.0850342288613319,0.0116546312347054,0.0361266992986202,0.0150527358055114,0.0850342288613319,0.2786948978900909,0.0361266992986202,0.0150527358055114,0.4521484076976776,0.0850342288613319,0.0870191062688055,0.0397923875432525,0.00023102092382032424
wault_finance_2021,wault_finance_2021,wault_finance_2021,positive,bsc,1,ratio_100,37,37,0.0626086956521739,0.0920353982300885,0.0834913213142799,0.2402261718139021,0.0202110800892114,0.0155258327722549,0.0202110800892114,0.0062812287360429,0.0551863051950931,0.0155258327722549,0.2207413166761398,0.0062812287360429,0.0551863051950931,0.014084561727941,0.0155258327722549,0.0422681333235123,0.0397923875432525,0.00038431058055721223
paraluni_2022,paraluni_2022,paraluni_2022,positive,bsc,1,k_2,2,425,0.0614334470989761,0.0070796460176991,0.0736729944820717,0.0027972459639126,3.981012196163647e-05,3.529241439537145e-05,3.981012196163647e-05,0.0001077664928743,3.479255610727705e-05,3.529241439537145e-05,0.0005203203181736,0.0001077664928743,3.479255610727705e-05,5.168891948414967e-05,5.168891948414967e-05,0.0046532239754364,0.0059790732436472,0.3589128255844116
paraluni_2022,paraluni_2022,paraluni_2022,positive,bsc,1,k_3,3,425,0.0614334470989761,0.0070796460176991,0.0736729944820717,0.001763668430335,0.0002597180136945,0.0001582034456077,0.0002597180136945,0.0006381566054187,0.0003035649715457,0.0001582034456077,0.0001281729491893,0.0006381566054187,0.0003035649715457,9.437096741748974e-05,9.437096741748974e-05,0.0084562927364786,0.0059790732436472,0.11856676638126373
paraluni_2022,paraluni_2022,paraluni_2022,positive,bsc,1,k_5,5,425,0.0614334470989761,0.0088495575221238,0.0736729944820717,0.0223539558130574,0.0009407847537659,0.0002361484221182,0.0009407847537659,0.0003566758532542,0.0002718257892411,0.0002361484221182,0.0004428852116689,0.0003566758532542,0.0002718257892411,0.0004086344270035,0.0004086344270035,0.0099143259656626,0.0059790732436472,0.004001096822321415
paraluni_2022,paraluni_2022,paraluni_2022,positive,bsc,1,k_7,7,425,0.0614334470989761,0.0123893805309734,0.0736729944820717,0.2348672505697963,0.0184373147785663,0.0152230942621827,0.0184373147785663,0.0099547253921628,0.0141693744808435,0.0152230942621827,0.0994363725185394,0.0099547253921628,0.0141693744808435,0.0025335212703794,0.0025335212703794,0.0507665948746744,0.04,0.105876125395298
paraluni_2022,paraluni_2022,paraluni_2022,positive,bsc,1,ratio_25,107,425,0.0614334470989761,0.168141592920354,0.0772862396700795,0.3263980595427369,0.2421627789735794,0.3307643532752991,0.2421627789735794,0.2263272553682327,0.1865959912538528,0.3307643532752991,0.37491375207901,0.2263272553682327,0.1865959912538528,0.6491531729698181,0.6491531729698181,0.1765270657326066,0.1857142857142857,0.9941704273223877
paraluni_2022,paraluni_2022,paraluni_2022,positive,bsc,1,ratio_50,213,425,0.0614334470989761,0.3185840707964602,0.0818146133083143,0.3285063926740292,0.2685715854167938,0.4926321804523468,0.2685715854167938,0.5685494542121887,0.1982340216636657,0.4926321804523468,0.310859352350235,0.5685494542121887,0.1982340216636657,0.4502852857112884,0.4502852857112884,0.2193456078618696,0.1857142857142857,0.9977280497550964
paraluni_2022,paraluni_2022,paraluni_2022,positive,bsc,1,ratio_75,319,425,0.0614334470989761,0.5203539823008849,0.0828954957323687,0.436909733656446,0.2586032748222351,0.5303885340690613,0.2586032748222351,0.5472902655601501,0.1797750443220138,0.5303885340690613,0.348052442073822,0.5472902655601501,0.1797750443220138,0.378726065158844,0.378726065158844,0.2298943763671582,0.2950819672131147,0.9926195740699768
paraluni_2022,paraluni_2022,paraluni_2022,positive,bsc,1,ratio_100,425,425,0.0614334470989761,0.7256637168141593,0.0830642937479812,0.2901137860306167,0.3515564501285553,0.4623819887638092,0.3515564501285553,0.5170629620552063,0.2320382297039032,0.4623819887638092,0.423910528421402,0.5170629620552063,0.2320382297039032,0.5251851677894592,0.5251851677894592,0.2111376203039009,0.1857142857142857,0.9887087941169739
radiant_capital_arbitrum_2024,radiant_capital_arbitrum_2024,radiant_capital_arbitrum_2024,positive,arbitrum,1,k_2,2,243,0.0630105017502917,0.0070796460176991,0.073013100323573,0.7830640302956157,0.7879378199577332,0.9821540117263794,0.7879378199577332,0.989123523235321,0.6508244872093201,0.9821540117263794,0.9117992520332336,0.989123523235321,0.6508244872093201,0.9798327684402466,0.9798327684402466,0.4944004651675425,0.4117647058823529,0.25009483098983765
radiant_capital_arbitrum_2024,radiant_capital_arbitrum_2024,radiant_capital_arbitrum_2024,positive,arbitrum,1,k_3,3,243,0.0630105017502917,0.0088495575221238,0.073013100323573,0.7281061670063871,0.9613229632377625,0.9074631929397584,0.9613229632377625,0.6634211540222168,0.987858772277832,0.9074631929397584,0.2811048924922943,0.6634211540222168,0.987858772277832,0.9271112084388732,0.9271112084388732,0.3412217931420407,0.3189655172413793,0.4018622040748596
radiant_capital_arbitrum_2024,radiant_capital_arbitrum_2024,radiant_capital_arbitrum_2024,positive,arbitrum,1,k_5,5,243,0.0630105017502917,0.015929203539823,0.073013100323573,0.667310628171037,0.8936293125152588,0.6613367795944214,0.8936293125152588,0.7555585503578186,0.8679617047309875,0.6613367795944214,0.3162377774715423,0.7555585503578186,0.8679617047309875,0.7090772986412048,0.7090772986412048,0.2222904504585379,0.3189655172413793,0.06268409639596939
radiant_capital_arbitrum_2024,radiant_capital_arbitrum_2024,radiant_capital_arbitrum_2024,positive,arbitrum,1,k_7,7,243,0.0630105017502917,0.0212389380530973,0.0571220445472726,0.5177094591924618,0.2142668664455413,0.2518598735332489,0.2142668664455413,0.298961728811264,0.202173039317131,0.2518598735332489,0.1622240543365478,0.298961728811264,0.202173039317131,0.2379725575447082,0.2379725575447082,0.1301085303906349,0.0693069306930693,0.004906937479972839
radiant_capital_arbitrum_2024,radiant_capital_arbitrum_2024,radiant_capital_arbitrum_2024,positive,arbitrum,1,ratio_25,61,243,0.0630105017502917,0.1150442477876106,0.050554861425361,0.697285582228872,0.879552960395813,0.6684316992759705,0.879552960395813,0.4898355305194855,0.9415972232818604,0.6684316992759705,0.3700258433818817,0.4898355305194855,0.9415972232818604,0.576535165309906,0.576535165309906,0.2243250754929507,0.3189655172413793,0.21235325932502747
radiant_capital_arbitrum_2024,radiant_capital_arbitrum_2024,radiant_capital_arbitrum_2024,positive,arbitrum,1,ratio_50,122,243,0.0630105017502917,0.2,0.0402797906335086,0.9158581567968622,0.9998682737350464,0.9991335272789,0.9998682737350464,0.9981878399848938,0.9998145699501038,0.9991335272789,0.9985573887825012,0.9981878399848938,0.9998145699501038,0.9995691180229188,0.9995691180229188,0.7499512230448215,0.6,0.9768536686897278
radiant_capital_arbitrum_2024,radiant_capital_arbitrum_2024,radiant_capital_arbitrum_2024,positive,arbitrum,1,ratio_75,183,243,0.0630105017502917,0.3486725663716814,0.0436065085647874,0.9817553477576773,0.9997257590293884,0.999367892742157,0.9997257590293884,0.9987138509750366,0.9996945858001708,0.999367892742157,0.9978400468826294,0.9987138509750366,0.9996945858001708,0.9995049238204956,0.9995049238204956,0.7711154304674306,0.9416033755274262,0.005336929112672806
radiant_capital_arbitrum_2024,radiant_capital_arbitrum_2024,radiant_capital_arbitrum_2024,positive,arbitrum,1,ratio_100,243,243,0.0630105017502917,0.4371681415929203,0.0504136003592742,0.989863988460986,0.9992895126342772,0.9975504279136658,0.9992895126342772,0.994661271572113,0.9989394545555116,0.9975504279136658,0.9963700771331788,0.994661271572113,0.9989394545555116,0.9985087513923644,0.9985087513923644,0.6714866321957936,0.6,0.044450920075178146
magic_abracadabra_arbitrum_2025,magic_abracadabra_arbitrum_2025,magic_abracadabra_arbitrum_2025,positive,arbitrum,1,k_2,2,90,0.0632688927943761,0.0017699115044247,0.0721715853868591,0.0374251313284337,0.0022129998542368,0.0024172740522772,0.0022129998542368,0.0017063275445252,0.0090326620265841,0.0024172740522772,0.0315299518406391,0.0017063275445252,0.0090326620265841,0.0028675403445959,0.0028675403445959,0.013834166883031,0.0237154150197628,0.5503748059272766
magic_abracadabra_arbitrum_2025,magic_abracadabra_arbitrum_2025,magic_abracadabra_arbitrum_2025,positive,arbitrum,1,k_3,3,90,0.0632688927943761,0.0088495575221238,0.0721715853868591,0.1184082130046151,0.0038483359385281,0.0019648249726742,0.0038483359385281,0.001442925655283,0.0153098478913307,0.0019648249726742,0.0075608468614518,0.001442925655283,0.0153098478913307,0.0028464184142649,0.0028464184142649,0.0125088192462626,0.0237154150197628,0.7321696281433105
magic_abracadabra_arbitrum_2025,magic_abracadabra_arbitrum_2025,magic_abracadabra_arbitrum_2025,positive,arbitrum,1,k_5,5,90,0.0632688927943761,0.0123893805309734,0.0721715853868591,0.1509434426993894,0.0037608249112963,0.0007208682363852,0.0037608249112963,0.0007681249990127,0.0052952300757169,0.0007208682363852,0.000946776184719,0.0007681249990127,0.0052952300757169,0.0008901295950636,0.0008901295950636,0.0076753891839299,0.0052424639580602,0.78272944688797
magic_abracadabra_arbitrum_2025,magic_abracadabra_arbitrum_2025,magic_abracadabra_arbitrum_2025,positive,arbitrum,1,k_7,7,90,0.0632688927943761,0.0212389380530973,0.0788829664365256,0.1365001321716166,0.0011797087499871,0.0084311477839946,0.0011797087499871,0.0333188809454441,0.0034280708059668,0.0084311477839946,0.0021493982058018,0.0333188809454441,0.0034280708059668,0.029025750234723,0.029025750234723,0.0253361029030948,0.0242070758043661,0.01239870022982359
magic_abracadabra_arbitrum_2025,magic_abracadabra_arbitrum_2025,magic_abracadabra_arbitrum_2025,positive,arbitrum,1,ratio_25,23,90,0.0632688927943761,0.0300884955752212,0.0776777934906369,0.1196286160404474,0.0014547540340572,0.0057374611496925,0.0014547540340572,0.0148969832807779,0.0025522243231534,0.0057374611496925,0.0008226148202084,0.0148969832807779,0.0025522243231534,0.004449657164514,0.004449657164514,0.0210346142476454,0.0237154150197628,0.1607804298400879
magic_abracadabra_arbitrum_2025,magic_abracadabra_arbitrum_2025,magic_abracadabra_arbitrum_2025,positive,arbitrum,1,ratio_50,45,90,0.0632688927943761,0.0849557522123893,0.071455053077189,0.4598463335089423,0.0702157169580459,0.2210000902414322,0.0702157169580459,0.3164634108543396,0.0364993996918201,0.2210000902414322,0.0232764929533004,0.3164634108543396,0.0364993996918201,0.5704306364059448,0.5704306364059448,0.1271472865343585,0.0526315789473684,0.12199460715055466
magic_abracadabra_arbitrum_2025,magic_abracadabra_arbitrum_2025,magic_abracadabra_arbitrum_2025,positive,arbitrum,1,ratio_75,68,90,0.0632688927943761,0.1309734513274336,0.0771513140277125,0.3542207038579101,0.0195600371807813,0.082879289984703,0.0195600371807813,0.2611097991466522,0.005345111247152,0.082879289984703,0.0024783515837043,0.2611097991466522,0.005345111247152,0.237575888633728,0.237575888633728,0.0766656882157937,0.04,0.017512232065200806
magic_abracadabra_arbitrum_2025,magic_abracadabra_arbitrum_2025,magic_abracadabra_arbitrum_2025,positive,arbitrum,1,ratio_100,90,90,0.0632688927943761,0.1610619469026548,0.0816029901176855,0.3642207038579102,0.082223393023014,0.1142243891954422,0.082223393023014,0.2870418429374695,0.0495355054736137,0.1142243891954422,0.0226316098123788,0.2870418429374695,0.0495355054736137,0.1746350526809692,0.1746350526809692,0.0899838354210122,0.0526315789473684,0.0011196795385330915
hackerdao_2022,hackerdao_2022,hackerdao_2022,positive,bsc,1,k_2,2,35,0.06,0.0017699115044247,0.0716394924677291,0.1266238962436668,0.0033042023424059,0.0010095292236655,0.0033042023424059,0.0010643799323588,0.0027387908194214,0.0010095292236655,0.004138646647334,0.0010643799323588,0.0027387908194214,0.0065388437360525,0.0065388437360525,0.017731659877925,0.0229885057471264,0.4284791946411133
hackerdao_2022,hackerdao_2022,hackerdao_2022,positive,bsc,1,k_3,3,35,0.06,0.0106194690265486,0.0716394924677291,0.1726154261891428,0.0632013529539108,0.0065022362396121,0.0632013529539108,0.0106829116120934,0.0570396408438682,0.0065022362396121,0.0130744511261582,0.0106829116120934,0.0570396408438682,0.0286013539880514,0.0286013539880514,0.0358035099907735,0.0307328605200945,0.7396626472473145
hackerdao_2022,hackerdao_2022,hackerdao_2022,positive,bsc,1,k_5,5,35,0.06,0.0283185840707964,0.0716394924677291,0.6717893614059784,0.9740014672279358,0.9324132800102234,0.9740014672279358,0.893211305141449,0.9512802362442015,0.9324132800102234,0.838106095790863,0.893211305141449,0.9512802362442015,0.9235798716545104,0.9235798716545104,0.4161953992415858,0.4117647058823529,0.6283907294273376
hackerdao_2022,hackerdao_2022,hackerdao_2022,positive,bsc,1,k_7,7,35,0.06,0.0389380530973451,0.0716394924677291,0.7910831755003745,0.999082088470459,0.9890613555908204,0.999082088470459,0.988010585308075,0.996715784072876,0.9890613555908204,0.9028133153915404,0.988010585308075,0.996715784072876,0.9909953474998474,0.9909953474998474,0.5956691794385679,0.4117647058823529,0.8000563383102417
hackerdao_2022,hackerdao_2022,hackerdao_2022,positive,bsc,1,ratio_25,9,35,0.06,0.0424778761061946,0.0716394924677291,0.7772728262253407,0.9997206330299376,0.989261031150818,0.9997206330299376,0.9854491353034972,0.9996839761734008,0.989261031150818,0.9028133153915404,0.9854491353034972,0.9996839761734008,0.991891384124756,0.991891384124756,0.5973998178451735,0.4117647058823529,0.7643013000488281
hackerdao_2022,hackerdao_2022,hackerdao_2022,positive,bsc,1,ratio_50,18,35,0.06,0.0530973451327433,0.0716394924677291,0.4288280189053125,0.9716296195983888,0.940887451171875,0.9716296195983888,0.8737984895706177,0.9730814099311828,0.940887451171875,0.5471596121788025,0.8737984895706177,0.9730814099311828,0.9263869524002076,0.9263869524002076,0.4296703808879287,0.4117647058823529,0.1134350448846817
hackerdao_2022,hackerdao_2022,hackerdao_2022,positive,bsc,1,ratio_75,27,35,0.06,0.0566371681415929,0.0861680513663257,0.1986815036185255,0.8174687623977661,0.6898384690284729,0.8174687623977661,0.5503708124160767,0.874483585357666,0.6898384690284729,0.8706287145614624,0.5503708124160767,0.874483585357666,0.5934091210365295,0.5934091210365295,0.2605703801365697,0.2368421052631578,0.9776132702827454
hackerdao_2022,hackerdao_2022,hackerdao_2022,positive,bsc,1,ratio_100,35,35,0.06,0.0743362831858407,0.0835263214269374,0.273103517878775,0.9450368285179138,0.9019771814346312,0.9450368285179138,0.8570759892463684,0.965064525604248,0.9019771814346312,0.9297500848770142,0.8570759892463684,0.965064525604248,0.9171951413154602,0.9171951413154602,0.378771896755545,0.4117647058823529,0.9857762455940247
new_free_dao_2022,new_free_dao_2022,new_free_dao_2022,positive,bsc,1,k_2,2,12,0.0605219322598556,0.0070796460176991,0.109680487290653,0.5164842413002778,0.3295310437679291,0.9635692834854126,0.3295310437679291,0.9739723801612854,0.542395293712616,0.9635692834854126,0.9332932829856871,0.9739723801612854,0.542395293712616,0.8820617198944092,0.8820617198944092,0.4561047110351449,0.4074074074074074,0.9401460289955139
new_free_dao_2022,new_free_dao_2022,new_free_dao_2022,positive,bsc,1,ratio_25,3,12,0.0605219322598556,0.0070796460176991,0.109680487290653,0.6405729298237071,0.780113160610199,0.9656919836997986,0.780113160610199,0.977015495300293,0.8042370080947876,0.9656919836997986,0.9467816948890686,0.977015495300293,0.8042370080947876,0.9147472977638244,0.9147472977638244,0.4618683263709471,0.4074074074074074,0.9959654808044434
new_free_dao_2022,new_free_dao_2022,new_free_dao_2022,positive,bsc,1,k_5,5,12,0.0605219322598556,0.0070796460176991,0.109680487290653,0.5697230022039994,0.547613263130188,0.9689647555351256,0.547613263130188,0.9830309152603148,0.5821195244789124,0.9689647555351256,0.9467816948890686,0.9830309152603148,0.5821195244789124,0.9313918948173524,0.9313918948173524,0.4714884726188189,0.4074074074074074,0.9988119602203369
new_free_dao_2022,new_free_dao_2022,new_free_dao_2022,positive,bsc,1,ratio_50,6,12,0.0605219322598556,0.0070796460176991,0.109680487290653,0.5870833181584625,0.568747341632843,0.9689647555351256,0.568747341632843,0.9830309152603148,0.5821195244789124,0.9689647555351256,0.9467816948890686,0.9830309152603148,0.5821195244789124,0.9313918948173524,0.9313918948173524,0.4714884726188189,0.4074074074074074,0.9994755387306213
new_free_dao_2022,new_free_dao_2022,new_free_dao_2022,positive,bsc,1,k_7,7,12,0.0605219322598556,0.0070796460176991,0.109680487290653,0.4652160814767333,0.5388256311416626,0.8958908915519714,0.5388256311416626,0.9689875841140748,0.2190186977386474,0.8958908915519714,0.9467816948890686,0.9689875841140748,0.2190186977386474,0.756242036819458,0.756242036819458,0.3555303766861011,0.3255813953488372,0.99935382604599
new_free_dao_2022,new_free_dao_2022,new_free_dao_2022,positive,bsc,1,ratio_75,9,12,0.0605219322598556,0.0070796460176991,0.109680487290653,0.4399255346470692,0.272062212228775,0.8144675493240356,0.272062212228775,0.9627270698547364,0.1679835170507431,0.8144675493240356,0.9467816948890686,0.9627270698547364,0.1679835170507431,0.710945725440979,0.710945725440979,0.3003043759000302,0.3255813953488372,0.9995884299278259
new_free_dao_2022,new_free_dao_2022,new_free_dao_2022,positive,bsc,1,ratio_100,12,12,0.0605219322598556,0.0070796460176991,0.109680487290653,0.566125396066174,0.8681800961494446,0.9426878690719604,0.8681800961494446,0.9870246648788452,0.6982322931289673,0.9426878690719604,0.9925546050071716,0.9870246648788452,0.6982322931289673,0.9773240685462952,0.9773240685462952,0.412607805727082,0.3255813953488372,0.9996792078018188
ronin_bridge_2022,ronin_bridge_2022__hn000,ronin_bridge_2022,hard_negative_mined,eth,0,ratio_25,1,1,0.0639053254437869,0.0035398230088495,0.0137482419138463,0.0005428338001867,8.018023800104856e-05,9.699962538434193e-05,8.018023800104856e-05,4.189851460978389e-05,4.1715396946528926e-05,9.699962538434193e-05,5.6564778788015246e-05,4.189851460978389e-05,4.1715396946528926e-05,4.5621636672876775e-05,4.5621636672876775e-05,0.0091056089122898,0.0058823529411764,0.015859443694353104
ronin_bridge_2022,ronin_bridge_2022__hn001,ronin_bridge_2022,hard_negative_mined,eth,0,ratio_25,2,6,0.0639053254437869,0.0017699115044247,0.075457434744578,0.0789469741890762,0.0042745638638734,0.0028703475836664,0.0042745638638734,0.0021895146928727,0.0049626692198216,0.0028703475836664,0.3413605093955993,0.0021895146928727,0.0049626692198216,0.0067668468691408,0.0067668468691408,0.029600813242641,0.0392156862745098,0.0009653415181674063
ronin_bridge_2022,ronin_bridge_2022__hn001,ronin_bridge_2022,hard_negative_mined,eth,0,ratio_50,3,6,0.0639053254437869,0.0106194690265486,0.075457434744578,0.0244513064251903,0.0015188609249889,0.0006218199850991,0.0015188609249889,0.0014502150006592,0.0007503128726966,0.0006218199850991,0.1769730150699615,0.0014502150006592,0.0007503128726966,0.0017257704166695,0.0017257704166695,0.0174295355707058,0.0058823529411764,0.008878431282937527
ronin_bridge_2022,ronin_bridge_2022__hn001,ronin_bridge_2022,hard_negative_mined,eth,0,ratio_75,5,6,0.0639053254437869,0.0141592920353982,0.075457434744578,0.0535434649263923,0.0050197779200971,0.0063340845517814,0.0050197779200971,0.0124223819002509,0.0032712623942643,0.0063340845517814,0.8855773210525513,0.0124223819002509,0.0032712623942643,0.0110613675788044,0.0110613675788044,0.0388449277914983,0.0478723404255319,0.0014996927930042148
ronin_bridge_2022,ronin_bridge_2022__hn001,ronin_bridge_2022,hard_negative_mined,eth,0,ratio_100,6,6,0.0639053254437869,0.015929203539823,0.075457434744578,0.0499002115724191,0.0026148217730224,0.0084323044866323,0.0026148217730224,0.0136680677533149,0.0023011807352304,0.0084323044866323,0.8488355278968811,0.0136680677533149,0.0023011807352304,0.013765619136393,0.013765619136393,0.0428378532773295,0.0478723404255319,0.005887715611606836
ronin_bridge_2022,ronin_bridge_2022__hn002,ronin_bridge_2022,hard_negative_mined,eth,0,ratio_25,1,1,0.0639053254437869,0.0035398230088495,0.0137482419138463,0.0005428338001867,8.018023800104856e-05,0.0001288238418055,8.018023800104856e-05,5.662900730385445e-05,4.1715396946528926e-05,0.0001288238418055,9.92876521195285e-05,5.662900730385445e-05,4.1715396946528926e-05,5.442377732833848e-05,5.442377732833848e-05,0.0100578704738031,0.0058823529411764,0.015859443694353104
ronin_bridge_2022,ronin_bridge_2022__hn003,ronin_bridge_2022,hard_negative_mined,eth,0,ratio_25,1,4,0.0639053254437869,0.0035398230088495,0.0137482419138463,0.0005428338001867,8.018023800104856e-05,0.0001288238418055,8.018023800104856e-05,5.662900730385445e-05,4.1715396946528926e-05,0.0001288238418055,0.0001103424365282,5.662900730385445e-05,4.1715396946528926e-05,5.442377732833848e-05,5.442377732833848e-05,0.0100578704738031,0.0058823529411764,0.015859443694353104
ronin_bridge_2022,ronin_bridge_2022__hn003,ronin_bridge_2022,hard_negative_mined,eth,0,ratio_50,2,4,0.0639053254437869,0.0106194690265486,0.032629476098808,0.0474958602958751,0.0037774692755192,0.0010680259438231,0.0037774692755192,0.0003144014044664,0.0018111288081854,0.0010680259438231,0.0029290008824318,0.0003144014044664,0.0018111288081854,0.0008653771947138,0.0008653771947138,0.0210327481578819,0.0231481481481481,0.00040966487722471356
ronin_bridge_2022,ronin_bridge_2022__hn003,ronin_bridge_2022,hard_negative_mined,eth,0,ratio_75,3,4,0.0639053254437869,0.0106194690265486,0.043321411329211,0.0272529222897934,0.000474507221952,0.0003776541270781,0.000474507221952,0.0001239456469193,0.0003011036897078,0.0003776541270781,0.0007026962121017,0.0001239456469193,0.0003011036897078,0.000607832276728,0.000607832276728,0.0146497752204847,0.0058823529411764,0.00011892216571141034
ronin_bridge_2022,ronin_bridge_2022__hn003,ronin_bridge_2022,hard_negative_mined,eth,0,ratio_100,4,4,0.0639053254437869,0.0106194690265486,0.0498525301313634,0.0082079429105667,0.0001525910192867,0.0001971837191376,0.0001525910192867,0.0001708362979115,7.686757453484461e-05,0.0001971837191376,0.0011309060500934,0.0001708362979115,7.686757453484461e-05,0.0001486121473135,0.0001486121473135,0.0116743830178682,0.0058823529411764,0.0003513744450174272
ronin_bridge_2022,ronin_bridge_2022__hn004,ronin_bridge_2022,hard_negative_mined,eth,0,ratio_25,1,1,0.0639053254437869,0.0035398230088495,0.0137482419138463,0.0005428338001867,8.018023800104856e-05,9.699962538434193e-05,8.018023800104856e-05,4.189851460978389e-05,4.1715396946528926e-05,9.699962538434193e-05,5.6564778788015246e-05,4.189851460978389e-05,4.1715396946528926e-05,4.5621636672876775e-05,4.5621636672876775e-05,0.0091056089122898,0.0058823529411764,0.015859443694353104
ronin_bridge_2022,ronin_bridge_2022__hn005,ronin_bridge_2022,hard_negative_mined,eth,0,ratio_25,1,1,0.0639053254437869,0.0035398230088495,0.0137482419138463,0.0005428338001867,8.018023800104856e-05,9.699962538434193e-05,8.018023800104856e-05,4.189851460978389e-05,4.1715396946528926e-05,9.699962538434193e-05,5.6564778788015246e-05,4.189851460978389e-05,4.1715396946528926e-05,4.5621636672876775e-05,4.5621636672876775e-05,0.0091056089122898,0.0058823529411764,0.015859443694353104
ronin_bridge_2022,ronin_bridge_2022__hn006,ronin_bridge_2022,hard_negative_mined,eth,0,ratio_25,1,1,0.0639053254437869,0.0035398230088495,0.0137482419138463,0.0005428338001867,0.0001243327278643,9.699962538434193e-05,0.0001243327278643,4.189851460978389e-05,4.939696736983024e-05,9.699962538434193e-05,5.6564778788015246e-05,4.189851460978389e-05,4.939696736983024e-05,4.08502237405628e-05,4.08502237405628e-05,0.0091056089122898,0.0058823529411764,0.015859443694353104
ronin_bridge_2022,ronin_bridge_2022__hn007,ronin_bridge_2022,hard_negative_mined,eth,0,ratio_25,1,4,0.0639053254437869,0.0,0.075457434744578,0.0005428338001867,8.018023800104856e-05,0.000111960885988,8.018023800104856e-05,7.42860502214171e-05,4.1715396946528926e-05,0.000111960885988,0.0003496206772979,7.42860502214171e-05,4.1715396946528926e-05,8.309698023367673e-05,8.309698023367673e-05,0.009575291908516,0.0058823529411764,0.23565544188022614
ronin_bridge_2022,ronin_bridge_2022__hn007,ronin_bridge_2022,hard_negative_mined,eth,0,ratio_50,2,4,0.0639053254437869,0.0,0.075457434744578,0.2049090909090909,0.5789076685905457,0.0848513767123222,0.5789076685905457,0.1185978725552558,0.0170272141695022,0.0848513767123222,0.043066531419754,0.1185978725552558,0.0170272141695022,0.0382544696331024,0.0382544696331024,0.0943986070927321,0.1652892561983471,0.4737796485424042
ronin_bridge_2022,ronin_bridge_2022__hn007,ronin_bridge_2022,hard_negative_mined,eth,0,ratio_75,3,4,0.0639053254437869,0.0070796460176991,0.075457434744578,0.1166020566332216,0.1287366598844528,0.0100850723683834,0.1287366598844528,0.0274886265397071,0.0140402726829051,0.0100850723683834,0.0074133155867457,0.0274886265397071,0.0140402726829051,0.0158397927880287,0.0158397927880287,0.0455372862823344,0.0478723404255319,0.6326325535774231
ronin_bridge_2022,ronin_bridge_2022__hn007,ronin_bridge_2022,hard_negative_mined,eth,0,ratio_100,4,4,0.0639053254437869,0.0141592920353982,0.075457434744578,0.2140921095188336,0.5936452150344849,0.0590826272964477,0.5936452150344849,0.1576239764690399,0.0308340247720479,0.0590826272964477,0.0137867834419012,0.1576239764690399,0.0308340247720479,0.0405461080372333,0.0405461080372333,0.0832490304072121,0.0478723404255319,0.9089670777320862
ronin_bridge_2022,ronin_bridge_2022__hn008,ronin_bridge_2022,hard_negative_mined,eth,0,ratio_25,1,1,0.0639053254437869,0.0035398230088495,0.0137482419138463,0.0005428338001867,8.018023800104856e-05,0.0001288238418055,8.018023800104856e-05,5.662900730385445e-05,4.1715396946528926e-05,0.0001288238418055,0.0001103424365282,5.662900730385445e-05,4.1715396946528926e-05,5.442377732833848e-05,5.442377732833848e-05,0.0100578704738031,0.0058823529411764,0.015859443694353104
ronin_bridge_2022,ronin_bridge_2022__hn009,ronin_bridge_2022,hard_negative_mined,eth,0,ratio_25,1,1,0.0639053254437869,0.0035398230088495,0.0137482419138463,0.0005428338001867,0.0001243327278643,9.699962538434193e-05,0.0001243327278643,4.189851460978389e-05,4.939696736983024e-05,9.699962538434193e-05,5.6564778788015246e-05,4.189851460978389e-05,4.939696736983024e-05,4.08502237405628e-05,4.08502237405628e-05,0.0091056089122898,0.0058823529411764,0.015859443694353104
ronin_bridge_2022,ronin_bridge_2022__hn010,ronin_bridge_2022,hard_negative_mined,eth,0,ratio_25,1,2,0.0639053254437869,0.0035398230088495,0.0137482419138463,0.0005428338001867,8.018023800104856e-05,9.699962538434193e-05,8.018023800104856e-05,4.189851460978389e-05,4.1715396946528926e-05,9.699962538434193e-05,5.6564778788015246e-05,4.189851460978389e-05,4.1715396946528926e-05,4.5621636672876775e-05,4.5621636672876775e-05,0.0091056089122898,0.0058823529411764,0.015859443694353104
ronin_bridge_2022,ronin_bridge_2022__hn010,ronin_bridge_2022,hard_negative_mined,eth,0,ratio_75,2,2,0.0639053254437869,0.0106194690265486,0.0137482419138463,0.0747223059892538,0.0016725431196391,0.0001777375146048,0.0016725431196391,0.0003269609005656,0.001935111824423,0.0001777375146048,0.0002610991941764,0.0003269609005656,0.001935111824423,0.0004297412815503,0.0004297412815503,0.0112578617183804,0.0058823529411764,0.012627440504729748
ronin_bridge_2022,ronin_bridge_2022__hn011,ronin_bridge_2022,hard_negative_mined,eth,0,ratio_25,1,1,0.0639053254437869,0.0,0.075457434744578,0.0005428338001867,8.018023800104856e-05,0.000111960885988,8.018023800104856e-05,7.42860502214171e-05,4.1715396946528926e-05,0.000111960885988,0.0003496206772979,7.42860502214171e-05,4.1715396946528926e-05,8.309698023367673e-05,8.309698023367673e-05,0.009575291908516,0.0058823529411764,0.23565544188022614
ronin_bridge_2022,ronin_bridge_2022__hn013,ronin_bridge_2022,hard_negative_mined,eth,0,ratio_25,1,2,0.0639053254437869,0.0035398230088495,0.0137482419138463,0.0005428338001867,8.018023800104856e-05,0.0001288238418055,8.018023800104856e-05,5.662900730385445e-05,4.1715396946528926e-05,0.0001288238418055,0.0001103424365282,5.662900730385445e-05,4.1715396946528926e-05,5.442377732833848e-05,5.442377732833848e-05,0.0100578704738031,0.0058823529411764,0.015859443694353104
ronin_bridge_2022,ronin_bridge_2022__hn013,ronin_bridge_2022,hard_negative_mined,eth,0,ratio_75,2,2,0.0639053254437869,0.0106194690265486,0.0137482419138463,0.0470958333627812,0.0001528395805507,4.676212120102719e-05,0.0001528395805507,6.214079621713609e-05,0.0001848629908636,4.676212120102719e-05,0.0002610991941764,6.214079621713609e-05,0.0001848629908636,0.0001048775739036,0.0001048775739036,0.0070479029795688,0.0,0.012627440504729748
ronin_bridge_2022,ronin_bridge_2022__hn014,ronin_bridge_2022,hard_negative_mined,eth,0,ratio_25,1,3,0.0639053254437869,0.0,0.075457434744578,0.0005428338001867,0.0001243327278643,0.000111960885988,0.0001243327278643,7.42860502214171e-05,4.939696736983024e-05,0.000111960885988,0.0003496206772979,7.42860502214171e-05,4.939696736983024e-05,7.440643821610138e-05,7.440643821610138e-05,0.009575291908516,0.0058823529411764,0.23565544188022614
ronin_bridge_2022,ronin_bridge_2022__hn014,ronin_bridge_2022,hard_negative_mined,eth,0,ratio_50,2,3,0.0639053254437869,0.0,0.075457434744578,0.114494874841089,0.023192785680294,0.0059349415823817,0.023192785680294,0.0057320916093885,0.0345290377736091,0.0059349415823817,0.002698631491512,0.0057320916093885,0.0345290377736091,0.0052278744988143,0.0052278744988143,0.0379887878475373,0.0478723404255319,0.7581787109375
ronin_bridge_2022,ronin_bridge_2022__hn014,ronin_bridge_2022,hard_negative_mined,eth,0,ratio_75,3,3,0.0639053254437869,0.0070796460176991,0.075457434744578,0.0441528787657573,0.0009905078914016,0.0048734471201896,0.0009905078914016,0.0003856363764498,0.0163420755416154,0.0048734471201896,0.0065051387064158,0.0003856363764498,0.0163420755416154,0.0016270912019535,0.0016270912019535,0.0355077539151898,0.0478723404255319,0.9798714518547058
ronin_bridge_2022,ronin_bridge_2022__hn016,ronin_bridge_2022,hard_negative_mined,eth,0,ratio_25,1,1,0.0639053254437869,0.0035398230088495,0.0137482419138463,0.0005428338001867,8.018023800104856e-05,0.0001288238418055,8.018023800104856e-05,5.662900730385445e-05,4.1715396946528926e-05,0.0001288238418055,0.0001103424365282,5.662900730385445e-05,4.1715396946528926e-05,5.442377732833848e-05,5.442377732833848e-05,0.0100578704738031,0.0058823529411764,0.015859443694353104
ronin_bridge_2022,ronin_bridge_2022__hn017,ronin_bridge_2022,hard_negative_mined,eth,0,ratio_25,1,1,0.0639053254437869,0.0035398230088495,0.0137482419138463,0.0591533606241025,0.0028160586953163,0.0050511476583778,0.0028160586953163,0.003251020098105,0.0042390865273773,0.0050511476583778,0.0050453613512218,0.003251020098105,0.0042390865273773,0.0023669796064496,0.0023669796064496,0.0359465735525003,0.0478723404255319,0.015859443694353104
ronin_bridge_2022,ronin_bridge_2022__hn018,ronin_bridge_2022,hard_negative_mined,eth,0,ratio_25,1,1,0.0639053254437869,0.0035398230088495,0.0137482419138463,0.0005428338001867,8.018023800104856e-05,9.699962538434193e-05,8.018023800104856e-05,4.189851460978389e-05,4.1715396946528926e-05,9.699962538434193e-05,5.6564778788015246e-05,4.189851460978389e-05,4.1715396946528926e-05,4.5621636672876775e-05,4.5621636672876775e-05,0.0091056089122898,0.0058823529411764,0.015859443694353104
ronin_bridge_2022,ronin_bridge_2022__hn019,ronin_bridge_2022,hard_negative_mined,eth,0,ratio_25,1,1,0.0639053254437869,0.0035398230088495,0.0137482419138463,0.0005428338001867,8.018023800104856e-05,9.699962538434193e-05,8.018023800104856e-05,4.189851460978389e-05,4.1715396946528926e-05,9.699962538434193e-05,5.6564778788015246e-05,4.189851460978389e-05,4.1715396946528926e-05,4.5621636672876775e-05,4.5621636672876775e-05,0.0091056089122898,0.0058823529411764,0.015859443694353104
ronin_bridge_2022,ronin_bridge_2022__hn020,ronin_bridge_2022,hard_negative_mined,eth,0,ratio_25,1,4,0.0639053254437869,0.0,0.075457434744578,0.0005428338001867,8.018023800104856e-05,0.0001881657517515,8.018023800104856e-05,0.0001359882153337,4.1715396946528926e-05,0.0001881657517515,0.0007624315330758,0.0001359882153337,4.1715396946528926e-05,9.912890527630223e-05,9.912890527630223e-05,0.0114847337284396,0.0058823529411764,0.23565544188022614
ronin_bridge_2022,ronin_bridge_2022__hn020,ronin_bridge_2022,hard_negative_mined,eth,0,ratio_50,2,4,0.0639053254437869,0.0070796460176991,0.075457434744578,0.0612876189469351,0.000192047416931,0.0014742967905476,0.000192047416931,0.002554299775511,0.0001676866377238,0.0014742967905476,0.0021012441720813,0.002554299775511,0.0001676866377238,0.0003930900129489,0.0003930900129489,0.0235180688634307,0.0231481481481481,0.01146016176789999
ronin_bridge_2022,ronin_bridge_2022__hn020,ronin_bridge_2022,hard_negative_mined,eth,0,ratio_75,3,4,0.0639053254437869,0.0070796460176991,0.075457434744578,0.2945652799297061,0.0454424805939197,0.0310254413634538,0.0454424805939197,0.0367690771818161,0.0182142853736877,0.0310254413634538,0.005346112884581,0.0367690771818161,0.0182142853736877,0.0144800776615738,0.0144800776615738,0.066772652369796,0.0478723404255319,0.004524792078882456
ronin_bridge_2022,ronin_bridge_2022__hn020,ronin_bridge_2022,hard_negative_mined,eth,0,ratio_100,4,4,0.0639053254437869,0.0141592920353982,0.075457434744578,0.1380000364948994,0.1196921467781066,0.0116475038230419,0.1196921467781066,0.1061697006225586,0.0450816452503204,0.0116475038230419,0.0140267545357346,0.1061697006225586,0.0450816452503204,0.0089828437194228,0.0089828437194228,0.0478302998292507,0.0478723404255319,0.0164806991815567
ronin_bridge_2022,ronin_bridge_2022__hn021,ronin_bridge_2022,hard_negative_mined,eth,0,ratio_25,1,4,0.0639053254437869,0.0,0.075457434744578,0.0005428338001867,8.018023800104856e-05,0.000111960885988,8.018023800104856e-05,7.42860502214171e-05,4.1715396946528926e-05,0.000111960885988,0.0003496206772979,7.42860502214171e-05,4.1715396946528926e-05,8.309698023367673e-05,8.309698023367673e-05,0.009575291908516,0.0058823529411764,0.23565544188022614
ronin_bridge_2022,ronin_bridge_2022__hn021,ronin_bridge_2022,hard_negative_mined,eth,0,ratio_50,2,4,0.0639053254437869,0.0070796460176991,0.075457434744578,0.1371088338821862,0.0276204403489828,0.0078339064493775,0.0276204403489828,0.0078256241977214,0.0150552671402692,0.0078339064493775,0.0064420625567436,0.0078256241977214,0.0150552671402692,0.0067024631425738,0.0067024631425738,0.0417738078253858,0.0478723404255319,0.7581787109375
ronin_bridge_2022,ronin_bridge_2022__hn021,ronin_bridge_2022,hard_negative_mined,eth,0,ratio_75,3,4,0.0639053254437869,0.0070796460176991,0.075457434744578,0.0712539996808434,0.0017490858444944,0.006549222394824,0.0017490858444944,0.0168314240872859,0.0003540164034347,0.006549222394824,0.0009455176768824,0.0168314240872859,0.0003540164034347,0.0078837601467967,0.0078837601467967,0.0392915685642157,0.0478723404255319,0.6746106147766113
ronin_bridge_2022,ronin_bridge_2022__hn021,ronin_bridge_2022,hard_negative_mined,eth,0,ratio_100,4,4,0.0639053254437869,0.0070796460176991,0.075457434744578,0.0537216351512016,0.0029053629841655,0.0008571807993575,0.0029053629841655,0.0024997615255415,0.000711117463652,0.0008571807993575,0.0015159582253545,0.0024997615255415,0.000711117463652,0.0004858157481066,0.0004858157481066,0.0194871342204161,0.0231481481481481,0.4613057076931
ronin_bridge_2022,ronin_bridge_2022__hn022,ronin_bridge_2022,hard_negative_mined,eth,0,ratio_25,1,1,0.0639053254437869,0.0035398230088495,0.0137482419138463,0.0005428338001867,8.018023800104856e-05,0.0001288238418055,8.018023800104856e-05,5.662900730385445e-05,4.1715396946528926e-05,0.0001288238418055,0.0001103424365282,5.662900730385445e-05,4.1715396946528926e-05,5.442377732833848e-05,5.442377732833848e-05,0.0100578704738031,0.0058823529411764,0.015859443694353104
ronin_bridge_2022,ronin_bridge_2022__hn024,ronin_bridge_2022,hard_negative_mined,eth,0,ratio_25,1,1,0.0639053254437869,0.0035398230088495,0.0137482419138463,0.0005428338001867,8.018023800104856e-05,9.699962538434193e-05,8.018023800104856e-05,4.189851460978389e-05,4.1715396946528926e-05,9.699962538434193e-05,5.6564778788015246e-05,4.189851460978389e-05,4.1715396946528926e-05,4.5621636672876775e-05,4.5621636672876775e-05,0.0091056089122898,0.0058823529411764,0.015859443694353104
ronin_bridge_2022,ronin_bridge_2022__hn025,ronin_bridge_2022,hard_negative_mined,eth,0,ratio_25,1,1,0.0639053254437869,0.0035398230088495,0.0137482419138463,0.0005428338001867,8.018023800104856e-05,0.0001288238418055,8.018023800104856e-05,5.662900730385445e-05,4.1715396946528926e-05,0.0001288238418055,0.0001103424365282,5.662900730385445e-05,4.1715396946528926e-05,5.442377732833848e-05,5.442377732833848e-05,0.0100578704738031,0.0058823529411764,0.015859443694353104
ronin_bridge_2022,ronin_bridge_2022__hn026,ronin_bridge_2022,hard_negative_mined,eth,0,ratio_25,1,2,0.0639053254437869,0.0035398230088495,0.0137482419138463,0.0005428338001867,8.018023800104856e-05,0.0001288238418055,8.018023800104856e-05,5.662900730385445e-05,4.1715396946528926e-05,0.0001288238418055,0.0004300044092815,5.662900730385445e-05,4.1715396946528926e-05,5.442377732833848e-05,5.442377732833848e-05,0.0100578704738031,0.0058823529411764,0.015859443694353104
ronin_bridge_2022,ronin_bridge_2022__hn026,ronin_bridge_2022,hard_negative_mined,eth,0,ratio_75,2,2,0.0639053254437869,0.0106194690265486,0.032629476098808,0.0361203891303406,0.0025223526172339,0.001261911005713,0.0025223526172339,0.0010220824042335,0.0013984584948047,0.001261911005713,0.0026305392384529,0.0010220824042335,0.0013984584948047,0.0021171413827687,0.0021171413827687,0.0222848133461428,0.0231481481481481,0.03532681614160538
ronin_bridge_2022,ronin_bridge_2022__hn027,ronin_bridge_2022,hard_negative_mined,eth,0,ratio_25,1,1,0.0639053254437869,0.0035398230088495,0.0137482419138463,0.0156819971265603,0.0007810631068423,0.0003320713585708,0.0007810631068423,9.029726788867264e-05,0.0002984816092066,0.0003320713585708,0.000139686424518,9.029726788867264e-05,0.0002984816092066,0.0002165434270864,0.0002165434270864,0.0140067519504936,0.0058823529411764,0.015859443694353104
ronin_bridge_2022,ronin_bridge_2022__hn028,ronin_bridge_2022,hard_negative_mined,eth,0,ratio_25,1,1,0.0639053254437869,0.0035398230088495,0.0137482419138463,0.0005428338001867,8.018023800104856e-05,9.699962538434193e-05,8.018023800104856e-05,4.189851460978389e-05,4.1715396946528926e-05,9.699962538434193e-05,5.6564778788015246e-05,4.189851460978389e-05,4.1715396946528926e-05,4.5621636672876775e-05,4.5621636672876775e-05,0.0091056089122898,0.0058823529411764,0.015859443694353104
ronin_bridge_2022,ronin_bridge_2022__hn030,ronin_bridge_2022,hard_negative_mined,eth,0,ratio_25,1,1,0.0639053254437869,0.0035398230088495,0.0137482419138463,0.0005428338001867,8.018023800104856e-05,0.0001288238418055,8.018023800104856e-05,5.662900730385445e-05,4.1715396946528926e-05,0.0001288238418055,0.0004300044092815,5.662900730385445e-05,4.1715396946528926e-05,5.442377732833848e-05,5.442377732833848e-05,0.0100578704738031,0.0058823529411764,0.015859443694353104
ronin_bridge_2022,ronin_bridge_2022__hn031,ronin_bridge_2022,hard_negative_mined,eth,0,ratio_25,1,1,0.0639053254437869,0.0035398230088495,0.0137482419138463,0.0005428338001867,8.018023800104856e-05,0.0001288238418055,8.018023800104856e-05,5.662900730385445e-05,4.1715396946528926e-05,0.0001288238418055,0.0004300044092815,5.662900730385445e-05,4.1715396946528926e-05,5.442377732833848e-05,5.442377732833848e-05,0.0100578704738031,0.0058823529411764,0.015859443694353104
ronin_bridge_2022,ronin_bridge_2022__hn032,ronin_bridge_2022,hard_negative_mined,eth,0,ratio_25,1,1,0.0639053254437869,0.0035398230088495,0.0137482419138463,0.0005428338001867,8.018023800104856e-05,9.699962538434193e-05,8.018023800104856e-05,4.189851460978389e-05,4.1715396946528926e-05,9.699962538434193e-05,5.6564778788015246e-05,4.189851460978389e-05,4.1715396946528926e-05,4.5621636672876775e-05,4.5621636672876775e-05,0.0091056089122898,0.0058823529411764,0.015859443694353104
ronin_bridge_2022,ronin_bridge_2022__hn033,ronin_bridge_2022,hard_negative_mined,eth,0,ratio_25,2,6,0.0639053254437869,0.0106194690265486,0.0137482419138463,0.0543704207475945,0.0020899353548884,0.0004358058213256,0.0020899353548884,0.0001641156413825,0.0047944206744432,0.0004358058213256,0.0011962940916419,0.0001641156413825,0.0047944206744432,0.0004657721729017,0.0004657721729017,0.0154000184789592,0.0058823529411764,0.0031987151596695185
ronin_bridge_2022,ronin_bridge_2022__hn033,ronin_bridge_2022,hard_negative_mined,eth,0,ratio_50,3,6,0.0639053254437869,0.0106194690265486,0.0245087596389331,0.1198445377368838,0.0188433062285184,0.003645671531558,0.0188433062285184,0.0084282988682389,0.0041892062872648,0.003645671531558,0.0006522139301523,0.0084282988682389,0.0041892062872648,0.0049795899540185,0.0049795899540185,0.0321392457281064,0.0478723404255319,0.005505719687789679
ronin_bridge_2022,ronin_bridge_2022__hn033,ronin_bridge_2022,hard_negative_mined,eth,0,ratio_75,5,6,0.0639053254437869,0.0106194690265486,0.0386928738550067,0.0552681270292339,0.0020885467529296,0.0005117557011544,0.0020885467529296,0.0002663496125023,0.004205709323287,0.0005117557011544,0.0001412373821949,0.0002663496125023,0.004205709323287,0.0005916037480346,0.0005916037480346,0.0162867003369707,0.0058823529411764,0.004478923976421356
ronin_bridge_2022,ronin_bridge_2022__hn033,ronin_bridge_2022,hard_negative_mined,eth,0,ratio_100,6,6,0.0639053254437869,0.0176991150442477,0.043321411329211,0.0290868705262578,0.0013221419649198,0.0001277093688258,0.0013221419649198,7.203817222034559e-05,0.0020095366053283,0.0001277093688258,7.47640515328385e-05,7.203817222034559e-05,0.0020095366053283,0.0001158570084953,0.0001158570084953,0.0100272961929613,0.0058823529411764,0.0008733772556297481
ronin_bridge_2022,ronin_bridge_2022__hn034,ronin_bridge_2022,hard_negative_mined,eth,0,ratio_25,1,2,0.0639053254437869,0.0035398230088495,0.0137482419138463,0.0005428338001867,8.018023800104856e-05,0.0001288238418055,8.018023800104856e-05,5.662900730385445e-05,4.1715396946528926e-05,0.0001288238418055,0.0001103424365282,5.662900730385445e-05,4.1715396946528926e-05,5.442377732833848e-05,5.442377732833848e-05,0.0100578704738031,0.0058823529411764,0.015859443694353104
ronin_bridge_2022,ronin_bridge_2022__hn034,ronin_bridge_2022,hard_negative_mined,eth,0,ratio_75,2,2,0.0639053254437869,0.0106194690265486,0.0137482419138463,0.2019745613755895,0.0415545888245105,0.0134505787864327,0.0415545888245105,0.0084731886163353,0.0651704967021942,0.0134505787864327,0.0010759526630863,0.0084731886163353,0.0651704967021942,0.0181378908455371,0.0181378908455371,0.0502350827700151,0.0478723404255319,0.004506668541580439
ronin_bridge_2022,ronin_bridge_2022__hn035,ronin_bridge_2022,hard_negative_mined,eth,0,ratio_25,1,1,0.0639053254437869,0.0035398230088495,0.0137482419138463,0.0005428338001867,8.018023800104856e-05,9.699962538434193e-05,8.018023800104856e-05,4.189851460978389e-05,4.1715396946528926e-05,9.699962538434193e-05,5.6564778788015246e-05,4.189851460978389e-05,4.1715396946528926e-05,4.5621636672876775e-05,4.5621636672876775e-05,0.0091056089122898,0.0058823529411764,0.015859443694353104
ronin_bridge_2022,ronin_bridge_2022__hn037,ronin_bridge_2022,hard_negative_mined,eth,0,ratio_25,1,1,0.0639053254437869,0.0035398230088495,0.0137482419138463,0.0005428338001867,8.018023800104856e-05,9.699962538434193e-05,8.018023800104856e-05,4.189851460978389e-05,4.1715396946528926e-05,9.699962538434193e-05,5.6564778788015246e-05,4.189851460978389e-05,4.1715396946528926e-05,4.5621636672876775e-05,4.5621636672876775e-05,0.0091056089122898,0.0058823529411764,0.015859443694353104
ronin_bridge_2022,ronin_bridge_2022__hn038,ronin_bridge_2022,hard_negative_mined,eth,0,ratio_25,1,1,0.0639053254437869,0.0035398230088495,0.0137482419138463,0.0048659410335106,0.0003133385325782,0.0001966966083273,0.0003133385325782,8.645668276585639e-05,0.0003295118804089,0.0001966966083273,0.000118048126751,8.645668276585639e-05,0.0003295118804089,0.000163525037351,0.000163525037351,0.0116642856587794,0.0058823529411764,0.015859443694353104
ronin_bridge_2022,ronin_bridge_2022__hn039,ronin_bridge_2022,hard_negative_mined,eth,0,ratio_25,1,1,0.0639053254437869,0.0035398230088495,0.0137482419138463,0.0048659410335106,0.0003133385325782,9.748979937285184e-05,0.0003133385325782,4.974948751623742e-05,0.0001361492322757,9.748979937285184e-05,0.000118048126751,4.974948751623742e-05,0.0001361492322757,4.9757789383875206e-05,4.9757789383875206e-05,0.0091217199836982,0.0058823529411764,0.015859443694353104
ronin_bridge_2022,ronin_bridge_2022__hn040,ronin_bridge_2022,hard_negative_mined,eth,0,ratio_25,1,1,0.0639053254437869,0.0035398230088495,0.0137482419138463,0.0005428338001867,8.018023800104856e-05,0.0001288238418055,8.018023800104856e-05,5.662900730385445e-05,4.1715396946528926e-05,0.0001288238418055,0.0001103424365282,5.662900730385445e-05,4.1715396946528926e-05,5.442377732833848e-05,5.442377732833848e-05,0.0100578704738031,0.0058823529411764,0.015859443694353104
ronin_bridge_2022,ronin_bridge_2022__hn041,ronin_bridge_2022,hard_negative_mined,eth,0,ratio_25,1,3,0.0639053254437869,0.0035398230088495,0.0137482419138463,0.0005428338001867,8.018023800104856e-05,0.0001288238418055,8.018023800104856e-05,5.662900730385445e-05,4.1715396946528926e-05,0.0001288238418055,9.92876521195285e-05,5.662900730385445e-05,4.1715396946528926e-05,5.442377732833848e-05,5.442377732833848e-05,0.0100578704738031,0.0058823529411764,0.015859443694353104
ronin_bridge_2022,ronin_bridge_2022__hn041,ronin_bridge_2022,hard_negative_mined,eth,0,ratio_50,2,3,0.0639053254437869,0.0106194690265486,0.0137482419138463,0.1379319202850701,0.0707481652498245,0.0004906782414764,0.0707481652498245,0.0002219447924289,0.06577068567276,0.0004906782414764,0.0050193779170513,0.0002219447924289,0.06577068567276,0.0012218591291457,0.0012218591291457,0.0160498189628523,0.0058823529411764,0.012627440504729748
ronin_bridge_2022,ronin_bridge_2022__hn041,ronin_bridge_2022,hard_negative_mined,eth,0,ratio_75,3,3,0.0639053254437869,0.0106194690265486,0.0137482419138463,0.0371525835275835,0.000530862074811,6.545483483932912e-05,0.000530862074811,5.396537017077208e-05,0.0001741473533911,6.545483483932912e-05,0.0033420170657336,5.396537017077208e-05,0.0001741473533911,4.531209924607538e-05,4.531209924607538e-05,0.0079316269443,0.0,0.0012245540274307132
ronin_bridge_2022,ronin_bridge_2022__hn042,ronin_bridge_2022,hard_negative_mined,eth,0,ratio_25,1,1,0.0639053254437869,0.0035398230088495,0.0137482419138463,0.0005428338001867,8.018023800104856e-05,9.699962538434193e-05,8.018023800104856e-05,4.189851460978389e-05,4.1715396946528926e-05,9.699962538434193e-05,5.6564778788015246e-05,4.189851460978389e-05,4.1715396946528926e-05,4.5621636672876775e-05,4.5621636672876775e-05,0.0091056089122898,0.0058823529411764,0.015859443694353104
ronin_bridge_2022,ronin_bridge_2022__hn043,ronin_bridge_2022,hard_negative_mined,eth,0,ratio_25,1,1,0.0639053254437869,0.0035398230088495,0.0137482419138463,0.0005428338001867,8.018023800104856e-05,0.0001288238418055,8.018023800104856e-05,5.662900730385445e-05,4.1715396946528926e-05,0.0001288238418055,0.0001103424365282,5.662900730385445e-05,4.1715396946528926e-05,5.442377732833848e-05,5.442377732833848e-05,0.0100578704738031,0.0058823529411764,0.015859443694353104
ronin_bridge_2022,ronin_bridge_2022__hn044,ronin_bridge_2022,hard_negative_mined,eth,0,ratio_25,1,2,0.0639053254437869,0.0035398230088495,0.0137482419138463,0.0005428338001867,8.018023800104856e-05,0.0001288238418055,8.018023800104856e-05,5.662900730385445e-05,4.1715396946528926e-05,0.0001288238418055,9.92876521195285e-05,5.662900730385445e-05,4.1715396946528926e-05,5.442377732833848e-05,5.442377732833848e-05,0.0100578704738031,0.0058823529411764,0.015859443694353104
ronin_bridge_2022,ronin_bridge_2022__hn044,ronin_bridge_2022,hard_negative_mined,eth,0,ratio_75,2,2,0.0639053254437869,0.0106194690265486,0.032629476098808,0.0748921394553122,0.0043828007765114,0.0020008361898362,0.0043828007765114,0.0007718902779743,0.0022216411307454,0.0020008361898362,0.0052420683205127,0.0007718902779743,0.0022216411307454,0.0011916301446035,0.0011916301446035,0.0261368339288422,0.0263157894736842,0.00040966487722471356
ronin_bridge_2022,ronin_bridge_2022__hn045,ronin_bridge_2022,hard_negative_mined,eth,0,ratio_25,1,1,0.0639053254437869,0.0035398230088495,0.0137482419138463,0.0005428338001867,8.018023800104856e-05,9.699962538434193e-05,8.018023800104856e-05,4.189851460978389e-05,4.1715396946528926e-05,9.699962538434193e-05,5.6564778788015246e-05,4.189851460978389e-05,4.1715396946528926e-05,4.5621636672876775e-05,4.5621636672876775e-05,0.0091056089122898,0.0058823529411764,0.015859443694353104
ronin_bridge_2022,ronin_bridge_2022__hn046,ronin_bridge_2022,hard_negative_mined,eth,0,ratio_25,1,1,0.0639053254437869,0.0035398230088495,0.0137482419138463,0.0005428338001867,8.018023800104856e-05,0.0001288238418055,8.018023800104856e-05,5.662900730385445e-05,4.1715396946528926e-05,0.0001288238418055,9.92876521195285e-05,5.662900730385445e-05,4.1715396946528926e-05,5.442377732833848e-05,5.442377732833848e-05,0.0100578704738031,0.0058823529411764,0.015859443694353104
ronin_bridge_2022,ronin_bridge_2022__hn047,ronin_bridge_2022,hard_negative_mined,eth,0,ratio_25,1,2,0.0639053254437869,0.0,0.075457434744578,0.0558200272907692,0.0028160586953163,0.0086336294189095,0.0028160586953163,0.0070819319225847,0.0042390865273773,0.0086336294189095,0.0149883963167667,0.0070819319225847,0.0042390865273773,0.00498160533607,0.00498160533607,0.043184514645309,0.0478723404255319,0.23565544188022614
ronin_bridge_2022,ronin_bridge_2022__hn047,ronin_bridge_2022,hard_negative_mined,eth,0,ratio_75,2,2,0.0639053254437869,0.0,0.075457434744578,0.592274691740323,0.1455228626728058,0.2139877676963806,0.1455228626728058,0.4716478586196899,0.0745028555393219,0.2139877676963806,0.1904944330453872,0.4716478586196899,0.0745028555393219,0.3717601299285888,0.3717601299285888,0.1324030850304316,0.1652892561983471,0.01146016176789999
ronin_bridge_2022,ronin_bridge_2022__hn048,ronin_bridge_2022,hard_negative_mined,eth,0,ratio_25,1,4,0.0639053254437869,0.0,0.075457434744578,0.0005428338001867,8.018023800104856e-05,0.000111960885988,8.018023800104856e-05,7.42860502214171e-05,4.1715396946528926e-05,0.000111960885988,0.0003496206772979,7.42860502214171e-05,4.1715396946528926e-05,8.309698023367673e-05,8.309698023367673e-05,0.009575291908516,0.0058823529411764,0.23565544188022614
ronin_bridge_2022,ronin_bridge_2022__hn048,ronin_bridge_2022,hard_negative_mined,eth,0,ratio_50,2,4,0.0639053254437869,0.0,0.075457434744578,0.0490042516004221,0.0035991235636174,0.0020665063057094,0.0035991235636174,0.0033547012135386,0.0014093475183472,0.0020665063057094,0.0386550277471542,0.0033547012135386,0.0014093475183472,0.0028951684944331,0.0028951684944331,0.0264299221976863,0.0263157894736842,0.0009653415181674063
ronin_bridge_2022,ronin_bridge_2022__hn048,ronin_bridge_2022,hard_negative_mined,eth,0,ratio_75,3,4,0.0639053254437869,0.0070796460176991,0.075457434744578,0.0060545634517078,0.000161280928296,0.0004206834419164,0.000161280928296,0.0018525646300986,4.59889488411136e-05,0.0004206834419164,0.0452410615980625,0.0018525646300986,4.59889488411136e-05,0.0005727185052819,0.0005727185052819,0.015211570518318,0.0058823529411764,0.008878431282937527
ronin_bridge_2022,ronin_bridge_2022__hn048,ronin_bridge_2022,hard_negative_mined,eth,0,ratio_100,4,4,0.0639053254437869,0.0070796460176991,0.075457434744578,0.0094498223837664,5.054064604337327e-05,0.000174353874172,5.054064604337327e-05,0.0003307172446511,2.3643220629310235e-05,0.000174353874172,0.0143578946590423,0.0003307172446511,2.3643220629310235e-05,0.000226131232921,0.000226131232921,0.0111823830094403,0.0058823529411764,0.029601560905575752
ronin_bridge_2022,ronin_bridge_2022__hn049,ronin_bridge_2022,hard_negative_mined,eth,0,ratio_25,1,3,0.0639053254437869,0.0035398230088495,0.0137482419138463,0.0005428338001867,8.018023800104856e-05,0.0001288238418055,8.018023800104856e-05,5.662900730385445e-05,4.1715396946528926e-05,0.0001288238418055,0.0001103424365282,5.662900730385445e-05,4.1715396946528926e-05,5.442377732833848e-05,5.442377732833848e-05,0.0100578704738031,0.0058823529411764,0.015859443694353104
ronin_bridge_2022,ronin_bridge_2022__hn049,ronin_bridge_2022,hard_negative_mined,eth,0,ratio_50,2,3,0.0639053254437869,0.0106194690265486,0.0137482419138463,0.0562976814854295,0.0003479992446955,4.091357550350949e-05,0.0003479992446955,4.454340160009451e-05,0.0022026132792234,4.091357550350949e-05,0.0004799476009793,4.454340160009451e-05,0.0022026132792234,7.485407695639879e-05,7.485407695639879e-05,0.0067245736387409,0.0,0.012627440504729748
ronin_bridge_2022,ronin_bridge_2022__hn049,ronin_bridge_2022,hard_negative_mined,eth,0,ratio_75,3,3,0.0639053254437869,0.0106194690265486,0.0245087596389331,0.011120110656637,0.000832458899822,0.0002875188656616,0.000832458899822,0.0004982596146874,0.0002648090885486,0.0002875188656616,0.0002217793662566,0.0004982596146874,0.0002648090885486,0.0001806242944439,0.0001806242944439,0.0133196061328345,0.0058823529411764,0.00020915312052238733
ronin_bridge_2022,ronin_bridge_2022__hn050,ronin_bridge_2022,hard_negative_mined,eth,0,ratio_25,1,1,0.0639053254437869,0.0035398230088495,0.0137482419138463,0.0558200272907692,0.0028160586953163,0.0045054466463625,0.0028160586953163,0.0016207317821681,0.0042390865273773,0.0045054466463625,0.0042129326611757,0.0016207317821681,0.0042390865273773,0.0020855523180216,0.0020855523180216,0.0345639776604178,0.0478723404255319,0.015859443694353104
ronin_bridge_2022,ronin_bridge_2022__hn051,ronin_bridge_2022,hard_negative_mined,eth,0,ratio_25,1,2,0.0639053254437869,0.0035398230088495,0.0137482419138463,0.0005428338001867,8.018023800104856e-05,0.0001288238418055,8.018023800104856e-05,5.662900730385445e-05,4.1715396946528926e-05,0.0001288238418055,0.0001103424365282,5.662900730385445e-05,4.1715396946528926e-05,5.442377732833848e-05,5.442377732833848e-05,0.0100578704738031,0.0058823529411764,0.015859443694353104
ronin_bridge_2022,ronin_bridge_2022__hn051,ronin_bridge_2022,hard_negative_mined,eth,0,ratio_75,2,2,0.0639053254437869,0.0106194690265486,0.032629476098808,0.094846397729865,0.0012089060619473,0.0006730779423378,0.0012089060619473,0.0005705544026568,0.0009507594513706,0.0006730779423378,0.0012827024329453,0.0005705544026568,0.0009507594513706,0.0009900908917188,0.0009900908917188,0.0179164848496836,0.0058823529411764,0.004121335223317146
ronin_bridge_2022,ronin_bridge_2022__hn052,ronin_bridge_2022,hard_negative_mined,eth,0,ratio_25,1,1,0.0639053254437869,0.0035398230088495,0.0137482419138463,0.0005428338001867,8.018023800104856e-05,0.0001288238418055,8.018023800104856e-05,5.662900730385445e-05,4.1715396946528926e-05,0.0001288238418055,0.0001103424365282,5.662900730385445e-05,4.1715396946528926e-05,5.442377732833848e-05,5.442377732833848e-05,0.0100578704738031,0.0058823529411764,0.015859443694353104
ronin_bridge_2022,ronin_bridge_2022__hn054,ronin_bridge_2022,hard_negative_mined,eth,0,ratio_25,1,1,0.0639053254437869,0.0035398230088495,0.0137482419138463,0.0005428338001867,8.018023800104856e-05,9.699962538434193e-05,8.018023800104856e-05,4.189851460978389e-05,4.1715396946528926e-05,9.699962538434193e-05,5.6564778788015246e-05,4.189851460978389e-05,4.1715396946528926e-05,4.5621636672876775e-05,4.5621636672876775e-05,0.0091056089122898,0.0058823529411764,0.015859443694353104
ronin_bridge_2022,ronin_bridge_2022__hn055,ronin_bridge_2022,hard_negative_mined,eth,0,ratio_25,1,2,0.0639053254437869,0.0035398230088495,0.0137482419138463,0.0005428338001867,8.018023800104856e-05,9.699962538434193e-05,8.018023800104856e-05,4.189851460978389e-05,4.1715396946528926e-05,9.699962538434193e-05,5.6564778788015246e-05,4.189851460978389e-05,4.1715396946528926e-05,4.5621636672876775e-05,4.5621636672876775e-05,0.0091056089122898,0.0058823529411764,0.015859443694353104
ronin_bridge_2022,ronin_bridge_2022__hn055,ronin_bridge_2022,hard_negative_mined,eth,0,ratio_75,2,2,0.0639053254437869,0.0106194690265486,0.032629476098808,0.0148952444616637,0.0004675528616644,0.000373661838239,0.0004675528616644,0.0001847695966716,0.0002642711042426,0.000373661838239,0.0025350945070385,0.0001847695966716,0.0002642711042426,0.0003423598536755,0.0003423598536755,0.0145955619570656,0.0058823529411764,0.00040966487722471356
ronin_bridge_2022,ronin_bridge_2022__hn056,ronin_bridge_2022,hard_negative_mined,eth,0,ratio_25,1,3,0.0639053254437869,0.0035398230088495,0.0137482419138463,0.0669152653860073,0.011834168806672,0.0362407527863979,0.011834168806672,0.0252410471439361,0.0173854697495698,0.0362407527863979,0.0034298645332455,0.0252410471439361,0.0173854697495698,0.0357373878359794,0.0357373878359794,0.0704067796364431,0.0478723404255319,0.015859443694353104
ronin_bridge_2022,ronin_bridge_2022__hn056,ronin_bridge_2022,hard_negative_mined,eth,0,ratio_50,2,3,0.0639053254437869,0.0123893805309734,0.032629476098808,0.4492088695469608,0.1323695033788681,0.06364656239748,0.1323695033788681,0.0265616569668054,0.0995711833238601,0.06364656239748,0.3341796398162842,0.0265616569668054,0.0995711833238601,0.1114195063710212,0.1114195063710212,0.0854152484976841,0.0478723404255319,0.23169028759002686
ronin_bridge_2022,ronin_bridge_2022__hn056,ronin_bridge_2022,hard_negative_mined,eth,0,ratio_75,3,3,0.0639053254437869,0.0123893805309734,0.043321411329211,0.4713077555822946,0.1195669695734977,0.0713787153363227,0.1195669695734977,0.0564078614115715,0.2729829549789428,0.0713787153363227,0.1241737753152847,0.0564078614115715,0.2729829549789428,0.2196811884641647,0.2196811884641647,0.0888761674003869,0.0625,0.022883916273713112
ronin_bridge_2022,ronin_bridge_2022__hn057,ronin_bridge_2022,hard_negative_mined,eth,0,k_2,2,115,0.0639053254437869,0.0,0.075457434744578,0.6220242126969815,0.8231030702590942,0.7696322202682495,0.8231030702590942,0.9433609247207642,0.4591127932071686,0.7696322202682495,0.8269587159156799,0.9433609247207642,0.4591127932071686,0.9226787090301514,0.9226787090301514,0.270409233766809,0.3695652173913043,0.36455023288726807
ronin_bridge_2022,ronin_bridge_2022__hn057,ronin_bridge_2022,hard_negative_mined,eth,0,k_3,3,115,0.0639053254437869,0.0088495575221238,0.075457434744578,0.5352927556029856,0.0851594433188438,0.7417683601379395,0.0851594433188438,0.5835477709770203,0.1403270065784454,0.7417683601379395,0.9205859303474426,0.5835477709770203,0.1403270065784454,0.4723826944828033,0.4723826944828033,0.2599928226464257,0.3695652173913043,0.12068428099155426
ronin_bridge_2022,ronin_bridge_2022__hn057,ronin_bridge_2022,hard_negative_mined,eth,0,k_5,5,115,0.0639053254437869,0.0194690265486725,0.075457434744578,0.3751000692376041,0.0633223056793212,0.0667783543467521,0.0633223056793212,0.0387965738773345,0.0109493788331747,0.0667783543467521,0.0519442036747932,0.0387965738773345,0.0109493788331747,0.1009124517440795,0.1009124517440795,0.0868465846521115,0.0478723404255319,0.16806210577487946
ronin_bridge_2022,ronin_bridge_2022__hn057,ronin_bridge_2022,hard_negative_mined,eth,0,k_7,7,115,0.0639053254437869,0.0230088495575221,0.075457434744578,0.3229846106982045,0.1171218752861023,0.2241038978099823,0.1171218752861023,0.2364436388015747,0.0582426004111766,0.2241038978099823,0.3785360157489776,0.2364436388015747,0.0582426004111766,0.2326455414295196,0.2326455414295196,0.1348260679905032,0.1652892561983471,0.044914815574884415
ronin_bridge_2022,ronin_bridge_2022__hn057,ronin_bridge_2022,hard_negative_mined,eth,0,ratio_25,29,115,0.0639053254437869,0.0548672566371681,0.075457434744578,0.242419518050017,0.030597697943449,0.0289633907377719,0.030597697943449,0.0158588998019695,0.0203173942863941,0.0289633907377719,0.0486830063164234,0.0158588998019695,0.0203173942863941,0.0146046318113803,0.0146046318113803,0.0652259776754075,0.0478723404255319,0.36855247616767883
ronin_bridge_2022,ronin_bridge_2022__hn057,ronin_bridge_2022,hard_negative_mined,eth,0,ratio_50,58,115,0.0639053254437869,0.1044247787610619,0.075457434744578,0.2369636310249883,0.0401008538901805,0.0318874716758728,0.0401008538901805,0.0156479813158512,0.0657760873436927,0.0318874716758728,0.1926963478326797,0.0156479813158512,0.0657760873436927,0.0080545479431748,0.0080545479431748,0.0673993683651451,0.0478723404255319,0.01043709460645914
ronin_bridge_2022,ronin_bridge_2022__hn057,ronin_bridge_2022,hard_negative_mined,eth,0,ratio_75,87,115,0.0639053254437869,0.1539823008849557,0.075457434744578,0.2066650537636293,0.0011995009845122,0.0101072043180465,0.0011995009845122,0.0033174939453601,0.0032353342976421,0.0101072043180465,0.0786632671952247,0.0033174939453601,0.0032353342976421,0.0035324653144925,0.0035324653144925,0.0455713610241919,0.0478723404255319,0.07270863652229309
ronin_bridge_2022,ronin_bridge_2022__hn057,ronin_bridge_2022,hard_negative_mined,eth,0,ratio_100,115,115,0.0639053254437869,0.1964601769911504,0.075457434744578,0.1996538982524738,0.0011995009845122,0.0096741858869791,0.0011995009845122,0.0028737164102494,0.0032353342976421,0.0096741858869791,0.0786632671952247,0.0028737164102494,0.0032353342976421,0.0033625208307057,0.0033625208307057,0.0448954428623681,0.0478723404255319,0.0037265014834702015
ronin_bridge_2022,ronin_bridge_2022__hn058,ronin_bridge_2022,hard_negative_mined,eth,0,ratio_25,1,1,0.0639053254437869,0.0035398230088495,0.0137482419138463,0.0005428338001867,8.018023800104856e-05,9.699962538434193e-05,8.018023800104856e-05,4.189851460978389e-05,4.1715396946528926e-05,9.699962538434193e-05,5.6564778788015246e-05,4.189851460978389e-05,4.1715396946528926e-05,4.5621636672876775e-05,4.5621636672876775e-05,0.0091056089122898,0.0058823529411764,0.015859443694353104
ronin_bridge_2022,ronin_bridge_2022__hn059,ronin_bridge_2022,hard_negative_mined,eth,0,ratio_25,1,1,0.0639053254437869,0.0035398230088495,0.0137482419138463,0.0005428338001867,8.018023800104856e-05,0.0001288238418055,8.018023800104856e-05,5.662900730385445e-05,4.1715396946528926e-05,0.0001288238418055,9.92876521195285e-05,5.662900730385445e-05,4.1715396946528926e-05,5.442377732833848e-05,5.442377732833848e-05,0.0100578704738031,0.0058823529411764,0.015859443694353104
ronin_bridge_2022,ronin_bridge_2022__hn060,ronin_bridge_2022,hard_negative_mined,eth,0,ratio_25,1,1,0.0639053254437869,0.0035398230088495,0.0137482419138463,0.0005428338001867,8.018023800104856e-05,9.699962538434193e-05,8.018023800104856e-05,4.189851460978389e-05,4.1715396946528926e-05,9.699962538434193e-05,5.6564778788015246e-05,4.189851460978389e-05,4.1715396946528926e-05,4.5621636672876775e-05,4.5621636672876775e-05,0.0091056089122898,0.0058823529411764,0.015859443694353104
ronin_bridge_2022,ronin_bridge_2022__hn061,ronin_bridge_2022,hard_negative_mined,eth,0,k_2,2,345,0.0639053254437869,0.0,0.075457434744578,0.1174565372649061,0.0032522070687264,0.0021376863587647,0.0032522070687264,0.0043545109219849,0.0027857252862304,0.0021376863587647,0.0017882821848616,0.0043545109219849,0.0027857252862304,0.0024306110572069,0.0024306110572069,0.0267407187660927,0.0263157894736842,0.01146016176789999
ronin_bridge_2022,ronin_bridge_2022__hn061,ronin_bridge_2022,hard_negative_mined,eth,0,k_3,3,345,0.0639053254437869,0.0017699115044247,0.075457434744578,0.378740622415448,0.0268909968435764,0.0961401090025901,0.0268909968435764,0.0871972516179084,0.0241465400904417,0.0961401090025901,0.0278437137603759,0.0871972516179084,0.0241465400904417,0.0782041773200035,0.0782041773200035,0.0986356945817329,0.1652892561983471,0.12799274921417236
ronin_bridge_2022,ronin_bridge_2022__hn061,ronin_bridge_2022,hard_negative_mined,eth,0,k_5,5,345,0.0639053254437869,0.0123893805309734,0.075457434744578,0.3981628950000166,0.1092353463172912,0.0525047779083251,0.1092353463172912,0.0389316752552986,0.1593118160963058,0.0525047779083251,0.0066629699431359,0.0389316752552986,0.1593118160963058,0.0189992263913154,0.0189992263913154,0.079934551822671,0.0478723404255319,0.9039409160614014
ronin_bridge_2022,ronin_bridge_2022__hn061,ronin_bridge_2022,hard_negative_mined,eth,0,k_7,7,345,0.0639053254437869,0.015929203539823,0.075457434744578,0.4654638959997019,0.129842147231102,0.1398559361696243,0.129842147231102,0.1873954981565475,0.1943939924240112,0.1398559361696243,0.1057266741991043,0.1873954981565475,0.1943939924240112,0.1073792427778244,0.1073792427778244,0.112816616594812,0.1652892561983471,0.9368312358856201
ronin_bridge_2022,ronin_bridge_2022__hn061,ronin_bridge_2022,hard_negative_mined,eth,0,ratio_25,87,345,0.0639053254437869,0.1539823008849557,0.075457434744578,0.3328294202023717,0.2081499993801117,0.3396775126457214,0.2081499993801117,0.2967617511749267,0.5326773524284363,0.3396775126457214,0.0822394713759422,0.2967617511749267,0.5326773524284363,0.4329293072223663,0.4329293072223663,0.1604771479604243,0.1652892561983471,0.9814602136611938
ronin_bridge_2022,ronin_bridge_2022__hn061,ronin_bridge_2022,hard_negative_mined,eth,0,ratio_50,173,345,0.0639053254437869,0.3061946902654867,0.075457434744578,0.2729922523669438,0.0980157330632209,0.0377637296915054,0.0980157330632209,0.0308631863445043,0.3412715494632721,0.0377637296915054,0.0063456650823354,0.0308631863445043,0.3412715494632721,0.1388283222913742,0.1388283222913742,0.0714033547252768,0.0478723404255319,0.9510325193405151
ronin_bridge_2022,ronin_bridge_2022__hn061,ronin_bridge_2022,hard_negative_mined,eth,0,ratio_75,259,345,0.0639053254437869,0.4566371681415929,0.075457434744578,0.2915922467160161,0.1187940016388893,0.213646188378334,0.1187940016388893,0.1738927066326141,0.4304923415184021,0.213646188378334,0.0121260518208146,0.1738927066326141,0.4304923415184021,0.487798660993576,0.487798660993576,0.1323204988598287,0.1652892561983471,0.9840787649154663
ronin_bridge_2022,ronin_bridge_2022__hn061,ronin_bridge_2022,hard_negative_mined,eth,0,ratio_100,345,345,0.0639053254437869,0.6053097345132743,0.075457434744578,0.2876938821835135,0.1218942776322364,0.213646188378334,0.1218942776322364,0.1738927066326141,0.4304923415184021,0.213646188378334,0.0121260518208146,0.1738927066326141,0.4304923415184021,0.487798660993576,0.487798660993576,0.1323204988598287,0.1652892561983471,0.9284536242485046
ronin_bridge_2022,ronin_bridge_2022__hn062,ronin_bridge_2022,hard_negative_mined,eth,0,ratio_25,2,8,0.0639053254437869,0.0088495575221238,0.075457434744578,0.632760296600139,0.969711422920227,0.9817692041397096,0.969711422920227,0.9915355443954468,0.9973752498626708,0.9817692041397096,0.9945167899131776,0.9915355443954468,0.9973752498626708,0.9759209156036376,0.9759209156036376,0.4978242450806244,0.4285714285714285,0.36455023288726807
ronin_bridge_2022,ronin_bridge_2022__hn062,ronin_bridge_2022,hard_negative_mined,eth,0,k_3,3,8,0.0639053254437869,0.0088495575221238,0.075457434744578,0.7050368920841522,0.971481442451477,0.9382312297821044,0.971481442451477,0.9516558051109314,0.9918304085731506,0.9382312297821044,0.9933522939682008,0.9516558051109314,0.9918304085731506,0.8023397922515869,0.8023397922515869,0.3877892229859437,0.4285714285714285,0.12068428099155426
ronin_bridge_2022,ronin_bridge_2022__hn062,ronin_bridge_2022,hard_negative_mined,eth,0,ratio_50,4,8,0.0639053254437869,0.0106194690265486,0.075457434744578,0.7590590153354004,0.9843254089355468,0.9563133120536804,0.9843254089355468,0.9868209958076476,0.956360399723053,0.9563133120536804,0.9734915494918824,0.9868209958076476,0.956360399723053,0.9521207213401794,0.9521207213401794,0.4189015475513859,0.4285714285714285,0.0415046326816082
ronin_bridge_2022,ronin_bridge_2022__hn062,ronin_bridge_2022,hard_negative_mined,eth,0,k_5,5,8,0.0639053254437869,0.0123893805309734,0.075457434744578,0.4219096805805629,0.0449373088777065,0.1492352187633514,0.0449373088777065,0.3572962284088135,0.0836363360285759,0.1492352187633514,0.9719040393829346,0.3572962284088135,0.0836363360285759,0.1218679845333099,0.1218679845333099,0.1155322941090385,0.1652892561983471,0.0027005879674106836
ronin_bridge_2022,ronin_bridge_2022__hn062,ronin_bridge_2022,hard_negative_mined,eth,0,ratio_75,6,8,0.0639053254437869,0.0194690265486725,0.075457434744578,0.3922713115587903,0.0274093281477689,0.0765912160277366,0.0274093281477689,0.2146790772676468,0.0357215777039527,0.0765912160277366,0.965618371963501,0.2146790772676468,0.0357215777039527,0.0468770936131477,0.0468770936131477,0.0910816506003584,0.0625,0.0036565340124070644
ronin_bridge_2022,ronin_bridge_2022__hn062,ronin_bridge_2022,hard_negative_mined,eth,0,k_7,7,8,0.0639053254437869,0.0212389380530973,0.075457434744578,0.3592871843250866,0.0128396106883883,0.0075663411989808,0.0128396106883883,0.0200168173760175,0.0138036059215664,0.0075663411989808,0.5524400472640991,0.0200168173760175,0.0138036059215664,0.0007742100278846,0.0007742100278846,0.0412804980199479,0.0478723404255319,0.002344093518331647
ronin_bridge_2022,ronin_bridge_2022__hn062,ronin_bridge_2022,hard_negative_mined,eth,0,ratio_100,8,8,0.0639053254437869,0.0230088495575221,0.075457434744578,0.1710373715886315,0.0150291416794061,0.0090541345998644,0.0150291416794061,0.0192526504397392,0.0136564504355192,0.0090541345998644,0.5524400472640991,0.0192526504397392,0.0136564504355192,0.0027119582518935,0.0027119582518935,0.0438916056943748,0.0478723404255319,0.00013115642650518566
ronin_bridge_2022,ronin_bridge_2022__hn063,ronin_bridge_2022,hard_negative_mined,eth,0,ratio_25,1,1,0.0639053254437869,0.0,0.075457434744578,0.0005428338001867,8.018023800104856e-05,0.000111960885988,8.018023800104856e-05,7.42860502214171e-05,4.1715396946528926e-05,0.000111960885988,0.0003496206772979,7.42860502214171e-05,4.1715396946528926e-05,8.309698023367673e-05,8.309698023367673e-05,0.009575291908516,0.0058823529411764,0.23565544188022614
ronin_bridge_2022,ronin_bridge_2022__hn064,ronin_bridge_2022,hard_negative_mined,eth,0,ratio_25,1,1,0.0639053254437869,0.0035398230088495,0.0137482419138463,0.0005428338001867,8.018023800104856e-05,9.699962538434193e-05,8.018023800104856e-05,4.189851460978389e-05,4.1715396946528926e-05,9.699962538434193e-05,5.6564778788015246e-05,4.189851460978389e-05,4.1715396946528926e-05,4.5621636672876775e-05,4.5621636672876775e-05,0.0091056089122898,0.0058823529411764,0.015859443694353104
ronin_bridge_2022,ronin_bridge_2022__hn065,ronin_bridge_2022,hard_negative_mined,eth,0,ratio_25,1,1,0.0639053254437869,0.0035398230088495,0.0137482419138463,0.0005428338001867,0.0001243327278643,9.699962538434193e-05,0.0001243327278643,4.189851460978389e-05,4.939696736983024e-05,9.699962538434193e-05,5.6564778788015246e-05,4.189851460978389e-05,4.939696736983024e-05,4.08502237405628e-05,4.08502237405628e-05,0.0091056089122898,0.0058823529411764,0.015859443694353104
ronin_bridge_2022,ronin_bridge_2022__hn066,ronin_bridge_2022,hard_negative_mined,eth,0,ratio_25,1,4,0.0639053254437869,0.0,0.075457434744578,0.0021337428910958,0.0001244111190317,0.000111960885988,0.0001244111190317,0.0001309538492932,6.351237971102819e-05,0.000111960885988,0.0004651104100048,0.0001309538492932,6.351237971102819e-05,8.153441012836993e-05,8.153441012836993e-05,0.009575291908516,0.0058823529411764,0.23565544188022614
ronin_bridge_2022,ronin_bridge_2022__hn066,ronin_bridge_2022,hard_negative_mined,eth,0,ratio_50,2,4,0.0639053254437869,0.0,0.075457434744578,0.078108577095396,0.0008159746066667,0.0007903584046289,0.0008159746066667,0.0005695052677765,0.0009030672372318,0.0007903584046289,0.004236058332026,0.0005695052677765,0.0009030672372318,0.0003726588038261,0.0003726588038261,0.0189453749841212,0.0231481481481481,0.01146016176789999
ronin_bridge_2022,ronin_bridge_2022__hn066,ronin_bridge_2022,hard_negative_mined,eth,0,ratio_75,3,4,0.0639053254437869,0.0070796460176991,0.075457434744578,0.011232881677261,0.0001319874718319,0.0001816448348108,0.0001319874718319,0.000461943243863,2.3786944439052604e-05,0.0001816448348108,0.0013583305990323,0.000461943243863,2.3786944439052604e-05,0.000132006345666,0.000132006345666,0.0113438622839662,0.0058823529411764,0.0002478699025232345
ronin_bridge_2022,ronin_bridge_2022__hn066,ronin_bridge_2022,hard_negative_mined,eth,0,ratio_100,4,4,0.0639053254437869,0.0070796460176991,0.075457434744578,0.0042827450652392,0.0001749954390106,0.0001816448348108,0.0001749954390106,0.000461943243863,1.5329118468798697e-05,0.0001816448348108,0.0004992694011889,0.000461943243863,1.5329118468798697e-05,9.663578384788708e-05,9.663578384788708e-05,0.0113438622839662,0.0058823529411764,0.0121873514726758
ronin_bridge_2022,ronin_bridge_2022__hn067,ronin_bridge_2022,hard_negative_mined,eth,0,ratio_25,1,1,0.0639053254437869,0.0035398230088495,0.0137482419138463,0.0005428338001867,8.018023800104856e-05,9.699962538434193e-05,8.018023800104856e-05,4.189851460978389e-05,4.1715396946528926e-05,9.699962538434193e-05,5.6564778788015246e-05,4.189851460978389e-05,4.1715396946528926e-05,4.5621636672876775e-05,4.5621636672876775e-05,0.0091056089122898,0.0058823529411764,0.015859443694353104
ronin_bridge_2022,ronin_bridge_2022__hn068,ronin_bridge_2022,hard_negative_mined,eth,0,k_2,2,84,0.0639053254437869,0.0017699115044247,0.075457434744578,0.2833788732830847,0.1571538001298904,0.2226568162441253,0.1571538001298904,0.0644788444042205,0.3123126327991485,0.2226568162441253,0.1485292315483093,0.0644788444042205,0.3123126327991485,0.1175682991743087,0.1175682991743087,0.1344820903855198,0.1652892561983471,0.4737796485424042
ronin_bridge_2022,ronin_bridge_2022__hn068,ronin_bridge_2022,hard_negative_mined,eth,0,k_3,3,84,0.0639053254437869,0.0088495575221238,0.075457434744578,0.0880372757455563,0.0133221829310059,0.0089774327352643,0.0133221829310059,0.0155561445280909,0.0109158121049404,0.0089774327352643,0.041671872138977,0.0155561445280909,0.0109158121049404,0.0041118054650723,0.0041118054650723,0.0437642831244086,0.0478723404255319,0.6326325535774231
ronin_bridge_2022,ronin_bridge_2022__hn068,ronin_bridge_2022,hard_negative_mined,eth,0,k_5,5,84,0.0639053254437869,0.0176991150442477,0.075457434744578,0.071650490449633,0.00211061257869,0.0026038589421659,0.00211061257869,0.0012303325347602,0.0108757447451353,0.0026038589421659,0.0053817341104149,0.0012303325347602,0.0108757447451353,0.0007437220192514,0.0007437220192514,0.0286235650129488,0.0392156862745098,0.887106716632843
ronin_bridge_2022,ronin_bridge_2022__hn068,ronin_bridge_2022,hard_negative_mined,eth,0,k_7,7,84,0.0639053254437869,0.0212389380530973,0.075457434744578,0.0486877128794544,0.0019848749507218,0.033971831202507,0.0019848749507218,0.0094627840444445,0.0083013009279966,0.033971831202507,0.006535904482007,0.0094627840444445,0.0083013009279966,0.0046828649938106,0.0046828649938106,0.0688705122270216,0.0478723404255319,0.9681259393692017
ronin_bridge_2022,ronin_bridge_2022__hn068,ronin_bridge_2022,hard_negative_mined,eth,0,ratio_25,21,84,0.0639053254437869,0.0495575221238938,0.075457434744578,0.148587902528126,0.0025748731568455,0.0017720237374305,0.0025748731568455,0.0020828102715313,0.0039753066375851,0.0017720237374305,0.0024628150276839,0.0020828102715313,0.0039753066375851,0.0004182381089776,0.0004182381089776,0.0250628831526106,0.0231481481481481,0.0028208778239786625
ronin_bridge_2022,ronin_bridge_2022__hn068,ronin_bridge_2022,hard_negative_mined,eth,0,ratio_50,42,84,0.0639053254437869,0.0814159292035398,0.075457434744578,0.1290935053110928,0.001757939113304,0.0213492326438426,0.001757939113304,0.0076456246897578,0.0138995228335261,0.0213492326438426,0.0136457346379756,0.0076456246897578,0.0138995228335261,0.0070071420632302,0.0070071420632302,0.0587920991237385,0.0478723404255319,0.019812073558568954
ronin_bridge_2022,ronin_bridge_2022__hn068,ronin_bridge_2022,hard_negative_mined,eth,0,ratio_75,63,84,0.0639053254437869,0.111504424778761,0.075457434744578,0.2149935976772914,0.0106805739924311,0.0588500797748565,0.0106805739924311,0.0088636558502912,0.1156357303261756,0.0588500797748565,0.0118826795369386,0.0088636558502912,0.1156357303261756,0.0282278656959533,0.0282278656959533,0.0831359088981914,0.0478723404255319,0.02923860028386116
ronin_bridge_2022,ronin_bridge_2022__hn068,ronin_bridge_2022,hard_negative_mined,eth,0,ratio_100,84,84,0.0639053254437869,0.1415929203539823,0.075457434744578,0.1599717278370156,0.0022763090673834,0.0132186105474829,0.0022763090673834,0.0032884548418223,0.0185042675584554,0.0132186105474829,0.0043555158190429,0.0032884548418223,0.0185042675584554,0.0043920218013226,0.0043920218013226,0.0499382071184914,0.0478723404255319,0.007398845627903938
ronin_bridge_2022,ronin_bridge_2022__hn069,ronin_bridge_2022,hard_negative_mined,eth,0,ratio_25,1,2,0.0639053254437869,0.0,0.075457434744578,0.0163759194323247,0.0007810631068423,0.000468013662612,0.0007810631068423,0.0003190441639162,0.0004165458958595,0.000468013662612,0.0009761006804183,0.0003190441639162,0.0004165458958595,0.0004487638943828,0.0004487638943828,0.0157875203215682,0.0058823529411764,0.23565544188022614
ronin_bridge_2022,ronin_bridge_2022__hn069,ronin_bridge_2022,hard_negative_mined,eth,0,ratio_75,2,2,0.0639053254437869,0.0,0.075457434744578,0.1908209508027012,0.0088867936283349,0.0046762553974986,0.0088867936283349,0.0038747026119381,0.0035683161113411,0.0046762553974986,0.0167012568563222,0.0038747026119381,0.0035683161113411,0.0022780718281865,0.0022780718281865,0.0350081675724543,0.0478723404255319,0.01146016176789999
deltaprime_arbitrum_2024,deltaprime_arbitrum_2024__hn000,deltaprime_arbitrum_2024,hard_negative_mined,arbitrum,0,k_2,2,28,0.0719041278295605,0.0088495575221238,0.0902019819505292,0.6145773099176679,0.6903544068336487,0.1911022216081619,0.6903544068336487,0.189064010977745,0.7598562836647034,0.1911022216081619,0.060754120349884,0.189064010977745,0.7598562836647034,0.1707945764064788,0.1911022216081619,0.1440250387361973,0.0986842105263157,0.03407330438494682
deltaprime_arbitrum_2024,deltaprime_arbitrum_2024__hn000,deltaprime_arbitrum_2024,hard_negative_mined,arbitrum,0,k_3,3,28,0.0719041278295605,0.0106194690265486,0.0902019819505292,0.1493511713069072,0.0599504895508289,0.0226631984114646,0.0599504895508289,0.0132934506982564,0.0286903046071529,0.0226631984114646,0.072126068174839,0.0132934506982564,0.0286903046071529,0.0171448215842247,0.0226631984114646,0.0531230355716348,0.05,0.0412263348698616
deltaprime_arbitrum_2024,deltaprime_arbitrum_2024__hn000,deltaprime_arbitrum_2024,hard_negative_mined,arbitrum,0,k_5,5,28,0.0719041278295605,0.0212389380530973,0.0435110870849769,0.1338604610316575,0.0021965182386338,0.0141171710565686,0.0021965182386338,0.0058495998382568,0.0047424621880054,0.0141171710565686,0.0067033357918262,0.0058495998382568,0.0047424621880054,0.0026356282178312,0.0141171710565686,0.0427519728900473,0.05,0.003663449315354228
deltaprime_arbitrum_2024,deltaprime_arbitrum_2024__hn000,deltaprime_arbitrum_2024,hard_negative_mined,arbitrum,0,ratio_25,7,28,0.0719041278295605,0.0212389380530973,0.0315493118804169,0.1527884057280081,0.0157115906476974,0.0103145483881235,0.0157115906476974,0.0055438410490751,0.0351985022425651,0.0103145483881235,0.001564587582834,0.0055438410490751,0.0351985022425651,0.0023863362148404,0.0103145483881235,0.0370061568806585,0.0198019801980198,0.00186135433614254
deltaprime_arbitrum_2024,deltaprime_arbitrum_2024__hn000,deltaprime_arbitrum_2024,hard_negative_mined,arbitrum,0,ratio_50,14,28,0.0719041278295605,0.0212389380530973,0.0240708264281455,0.1056016598350122,0.0054225465282797,0.0008858175715431,0.0054225465282797,0.0024561113677918,0.0099657475948333,0.0008858175715431,0.0001352461986243,0.0024561113677918,0.0099657475948333,9.15920318220742e-05,0.0008858175715431,0.01183304552117,0.0152439024390243,0.00024263896921183914
deltaprime_arbitrum_2024,deltaprime_arbitrum_2024__hn000,deltaprime_arbitrum_2024,hard_negative_mined,arbitrum,0,ratio_75,21,28,0.0719041278295605,0.0212389380530973,0.0219855868671575,0.0775351644697602,0.0001206390588777,0.0003403259906917,0.0001206390588777,0.0015706844860687,0.000492465798743,0.0003403259906917,0.0001019185583572,0.0015706844860687,0.000492465798743,3.3349086152156815e-05,0.0003403259906917,0.0075559186149324,0.004040404040404,0.0003493438125588
deltaprime_arbitrum_2024,deltaprime_arbitrum_2024__hn000,deltaprime_arbitrum_2024,hard_negative_mined,arbitrum,0,ratio_100,28,28,0.0719041278295605,0.0212389380530973,0.0210102398650232,0.0704064176478681,0.0008879728848114,0.0006903907633386,0.0008879728848114,0.001368845696561,0.0023817906621843,0.0006903907633386,0.0001019185583572,0.001368845696561,0.0023817906621843,4.570620149024762e-05,0.0006903907633386,0.0105295518694767,0.0152439024390243,0.00039846485015004873
deltaprime_arbitrum_2024,deltaprime_arbitrum_2024__hn001,deltaprime_arbitrum_2024,hard_negative_mined,arbitrum,0,k_2,2,31,0.0719041278295605,0.0,0.0968009934997783,0.3165233105051511,0.2252549231052398,0.1354748010635376,0.2252549231052398,0.2240507304668426,0.0282384827733039,0.1354748010635376,0.0345123447477817,0.2240507304668426,0.0282384827733039,0.0693689733743667,0.1354748010635376,0.1216924794482035,0.0986842105263157,0.05486881732940674
deltaprime_arbitrum_2024,deltaprime_arbitrum_2024__hn001,deltaprime_arbitrum_2024,hard_negative_mined,arbitrum,0,k_3,3,31,0.0719041278295605,0.0017699115044247,0.09455477317685,0.394544925766899,0.4149245619773865,0.5894103050231934,0.4149245619773865,0.3415527939796448,0.6192159652709961,0.5894103050231934,0.2755488157272339,0.3415527939796448,0.6192159652709961,0.1564554870128631,0.5894103050231934,0.2832306429115682,0.4204545454545454,0.007449603173881769
deltaprime_arbitrum_2024,deltaprime_arbitrum_2024__hn001,deltaprime_arbitrum_2024,hard_negative_mined,arbitrum,0,k_5,5,31,0.0719041278295605,0.0194690265486725,0.0954476053833473,0.275246779821384,0.3793463706970215,0.4522410333156585,0.3793463706970215,0.2422667443752288,0.4985512793064117,0.4522410333156585,0.3938232958316803,0.2422667443752288,0.4985512793064117,0.0846767947077751,0.4522410333156585,0.2332198277434918,0.4,0.0834195539355278
deltaprime_arbitrum_2024,deltaprime_arbitrum_2024__hn001,deltaprime_arbitrum_2024,hard_negative_mined,arbitrum,0,k_7,7,31,0.0719041278295605,0.0230088495575221,0.093921622391018,0.2979137306678543,0.6936299204826355,0.3854698538780212,0.6936299204826355,0.2563382685184479,0.5378046631813049,0.3854698538780212,0.0466447733342647,0.2563382685184479,0.5378046631813049,0.0439625307917594,0.3854698538780212,0.2107799540211838,0.1333333333333333,0.2725100815296173
deltaprime_arbitrum_2024,deltaprime_arbitrum_2024__hn001,deltaprime_arbitrum_2024,hard_negative_mined,arbitrum,0,ratio_25,8,31,0.0719041278295605,0.0230088495575221,0.0934492558360087,0.3168905782265451,0.6584359407424927,0.3854698538780212,0.6584359407424927,0.279126912355423,0.5806685090065002,0.3854698538780212,0.0454540140926837,0.279126912355423,0.5806685090065002,0.0439625307917594,0.3854698538780212,0.2107799540211838,0.1333333333333333,0.4026196599006653
deltaprime_arbitrum_2024,deltaprime_arbitrum_2024__hn001,deltaprime_arbitrum_2024,hard_negative_mined,arbitrum,0,ratio_50,16,31,0.0719041278295605,0.0353982300884955,0.0918127146767457,0.2421352638167856,0.4319256544113159,0.295326679944992,0.4319256544113159,0.2347360402345657,0.6573491096496582,0.295326679944992,0.0488528050482273,0.2347360402345657,0.6573491096496582,0.0433530509471893,0.295326679944992,0.1807855231406046,0.1333333333333333,0.008417322300374508
deltaprime_arbitrum_2024,deltaprime_arbitrum_2024__hn001,deltaprime_arbitrum_2024,hard_negative_mined,arbitrum,0,ratio_75,24,31,0.0719041278295605,0.0407079646017699,0.0912729513538174,0.2610128033620901,0.2136714309453964,0.0171721614897251,0.2136714309453964,0.0243408884853124,0.3057423233985901,0.0171721614897251,0.0101435743272304,0.0243408884853124,0.3057423233985901,0.0078743109479546,0.0171721614897251,0.046775615742494,0.05,0.17571380734443665
deltaprime_arbitrum_2024,deltaprime_arbitrum_2024__hn001,deltaprime_arbitrum_2024,hard_negative_mined,arbitrum,0,ratio_100,31,31,0.0719041278295605,0.0424778761061946,0.0910301241742258,0.2143766478162884,0.0227224789559841,0.00679866457358,0.0227224789559841,0.0157995615154504,0.062145672738552,0.00679866457358,0.0245933718979358,0.0157995615154504,0.062145672738552,0.0057438816875219,0.00679866457358,0.0305351300333344,0.0198019801980198,0.030640091747045517
deltaprime_arbitrum_2024,deltaprime_arbitrum_2024__hn002,deltaprime_arbitrum_2024,hard_negative_mined,arbitrum,0,k_2,2,47,0.0719041278295605,0.0,0.0902019819505292,0.863403602129035,0.9141984581947328,0.797288715839386,0.9141984581947328,0.9709333777427672,0.813381552696228,0.797288715839386,0.3639504313468933,0.9709333777427672,0.813381552696228,0.7576208710670471,0.797288715839386,0.3889817401897872,0.4204545454545454,0.4613494873046875
deltaprime_arbitrum_2024,deltaprime_arbitrum_2024__hn002,deltaprime_arbitrum_2024,hard_negative_mined,arbitrum,0,k_3,3,47,0.0719041278295605,0.0088495575221238,0.0902019819505292,0.5856025757837582,0.0938942283391952,0.4613808095455169,0.0938942283391952,0.3320328593254089,0.3529019355773926,0.4613808095455169,0.9088327288627625,0.3320328593254089,0.3529019355773926,0.7215102314949036,0.4613808095455169,0.2363510615864229,0.4,0.024986660107970238
deltaprime_arbitrum_2024,deltaprime_arbitrum_2024__hn002,deltaprime_arbitrum_2024,hard_negative_mined,arbitrum,0,k_5,5,47,0.0719041278295605,0.0141592920353982,0.0435110870849769,0.2976630326272164,0.0057525262236595,0.0508861765265464,0.0057525262236595,0.0517674796283245,0.0151470378041267,0.0508861765265464,0.1472286134958267,0.0517674796283245,0.0151470378041267,0.1125476583838462,0.0508861765265464,0.0769888302285967,0.0986842105263157,0.0014209928922355175
deltaprime_arbitrum_2024,deltaprime_arbitrum_2024__hn002,deltaprime_arbitrum_2024,hard_negative_mined,arbitrum,0,k_7,7,47,0.0719041278295605,0.0141592920353982,0.0315493118804169,0.2466669800742827,0.0022645322605967,0.0457358509302139,0.0022645322605967,0.050100639462471,0.0070364135317504,0.0457358509302139,0.0593716762959957,0.050100639462471,0.0070364135317504,0.039663903415203,0.0457358509302139,0.0733025541478836,0.0986842105263157,0.0006885768962092698
deltaprime_arbitrum_2024,deltaprime_arbitrum_2024__hn002,deltaprime_arbitrum_2024,hard_negative_mined,arbitrum,0,ratio_25,12,47,0.0719041278295605,0.0212389380530973,0.0360885439758395,0.3455741737813664,0.015755696222186,0.0160061046481132,0.015755696222186,0.0123199420049786,0.0290304012596607,0.0160061046481132,0.0049328310415148,0.0123199420049786,0.0290304012596607,0.0020969163160771,0.0160061046481132,0.0452899966791137,0.05,0.000553525984287262
deltaprime_arbitrum_2024,deltaprime_arbitrum_2024__hn002,deltaprime_arbitrum_2024,hard_negative_mined,arbitrum,0,ratio_50,24,47,0.0719041278295605,0.0300884955752212,0.0308485018498752,0.0912402353971165,0.0002869188901968,0.0010185809805989,0.0002869188901968,0.003027846571058,0.0013140691444277,0.0010185809805989,0.0002152377564925,0.003027846571058,0.0013140691444277,0.0003483276814222,0.0010185809805989,0.0126319437380638,0.0152439024390243,0.01919446513056755
deltaprime_arbitrum_2024,deltaprime_arbitrum_2024__hn002,deltaprime_arbitrum_2024,hard_negative_mined,arbitrum,0,ratio_75,36,47,0.0719041278295605,0.0371681415929203,0.0277726320181884,0.0846184978030936,0.0001440630148863,0.0005611893138848,0.0001440630148863,0.0027649782132357,0.0007222992717288,0.0005611893138848,7.462593930540606e-05,0.0027649782132357,0.0007222992717288,4.471879583434202e-05,0.0005611893138848,0.0095550616694869,0.004040404040404,0.00011688556696753949
deltaprime_arbitrum_2024,deltaprime_arbitrum_2024__hn002,deltaprime_arbitrum_2024,hard_negative_mined,arbitrum,0,ratio_100,47,47,0.0719041278295605,0.047787610619469,0.0278037308381001,0.0946437299377929,0.0004888663534075,0.0005310004926286,0.0004888663534075,0.0021932953968644,0.0014567516045644,0.0005310004926286,4.980056473868899e-05,0.0021932953968644,0.0014567516045644,5.9103782405145466e-05,0.0005310004926286,0.0093104763060903,0.004040404040404,0.0001165608991868794
deltaprime_arbitrum_2024,deltaprime_arbitrum_2024__hn003,deltaprime_arbitrum_2024,hard_negative_mined,arbitrum,0,k_2,2,9,0.0719041278295605,0.0,0.0902019819505292,0.243938093043354,0.0030442813877016,0.0047683110460639,0.0030442813877016,0.0152027998119592,0.0005674930871464,0.0047683110460639,0.0078029721044003,0.0152027998119592,0.0005674930871464,0.004323982167989,0.0047683110460639,0.0259149728764355,0.0152439024390243,0.4613494873046875
deltaprime_arbitrum_2024,deltaprime_arbitrum_2024__hn003,deltaprime_arbitrum_2024,hard_negative_mined,arbitrum,0,ratio_25,3,9,0.0719041278295605,0.0070796460176991,0.0902019819505292,0.2349103152655762,0.0026147705502808,0.0040220580995082,0.0026147705502808,0.0125874616205692,0.0012900449801236,0.0040220580995082,0.0032846622634679,0.0125874616205692,0.0012900449801236,0.0025821086019277,0.0040220580995082,0.0239495911937112,0.0152439024390243,0.7593814730644226
deltaprime_arbitrum_2024,deltaprime_arbitrum_2024__hn003,deltaprime_arbitrum_2024,hard_negative_mined,arbitrum,0,ratio_50,5,9,0.0719041278295605,0.0141592920353982,0.0902019819505292,0.005,0.0002856663195416,0.0019303342560306,0.0002856663195416,0.005902349948883,0.0001234216470038,0.0019303342560306,0.0030714806634932,0.005902349948883,0.0001234216470038,0.0020682839676737,0.0019303342560306,0.0170250021203304,0.0152439024390243,0.6712656617164612
deltaprime_arbitrum_2024,deltaprime_arbitrum_2024__hn003,deltaprime_arbitrum_2024,hard_negative_mined,arbitrum,0,ratio_75,7,9,0.0719041278295605,0.0141592920353982,0.0902019819505292,0.005,4.450569758773781e-05,0.0001067765260813,4.450569758773781e-05,7.681056740693748e-05,4.5997108827577904e-05,0.0001067765260813,0.0003906236088369,7.681056740693748e-05,4.5997108827577904e-05,5.234358832240105e-05,0.0001067765260813,0.004379559999114,0.004040404040404,0.8657221794128418
deltaprime_arbitrum_2024,deltaprime_arbitrum_2024__hn003,deltaprime_arbitrum_2024,hard_negative_mined,arbitrum,0,ratio_100,9,9,0.0719041278295605,0.0176991150442477,0.0902019819505292,0.01,3.110589022981003e-05,1.2869232705270406e-05,3.110589022981003e-05,1.1518694918777328e-05,0.000127451334265,1.2869232705270406e-05,0.0006500007584691,1.1518694918777328e-05,0.000127451334265,7.691955943300854e-06,1.2869232705270406e-05,0.001613692491038,0.0,0.9489483833312988
deltaprime_arbitrum_2024,deltaprime_arbitrum_2024__hn004,deltaprime_arbitrum_2024,hard_negative_mined,arbitrum,0,ratio_25,1,1,0.0719041278295605,0.0035398230088495,0.0139410733573669,0.0,7.922404620330781e-05,1.8163407730753534e-05,7.922404620330781e-05,2.285308983118739e-05,5.1217681175330654e-05,1.8163407730753534e-05,6.0201247833902016e-05,2.285308983118739e-05,5.1217681175330654e-05,4.137870200793259e-05,1.8163407730753534e-05,0.001898905088145,0.0,0.011778691783547401
deltaprime_arbitrum_2024,deltaprime_arbitrum_2024__hn005,deltaprime_arbitrum_2024,hard_negative_mined,arbitrum,0,ratio_25,1,1,0.0719041278295605,0.0035398230088495,0.0139410733573669,0.0,8.023041300475597e-05,1.9621289538918063e-05,8.023041300475597e-05,2.285308983118739e-05,5.1217681175330654e-05,1.9621289538918063e-05,6.481476884800941e-05,2.285308983118739e-05,5.1217681175330654e-05,4.137870200793259e-05,1.9621289538918063e-05,0.0019694181757377,0.0,0.011778691783547401
deltaprime_arbitrum_2024,deltaprime_arbitrum_2024__hn006,deltaprime_arbitrum_2024,hard_negative_mined,arbitrum,0,ratio_25,1,1,0.0719041278295605,0.0035398230088495,0.0139410733573669,0.0239491239783556,0.011239806190133,0.0023652326781302,0.011239806190133,0.0028643026016652,0.0087964879348874,0.0023652326781302,0.0010680437553673,0.0028643026016652,0.0087964879348874,0.0034594561439007,0.0023652326781302,0.0187146462436099,0.0152439024390243,0.011778691783547401
deltaprime_arbitrum_2024,deltaprime_arbitrum_2024__hn007,deltaprime_arbitrum_2024,hard_negative_mined,arbitrum,0,k_2,2,91,0.0719041278295605,0.0106194690265486,0.0139410733573669,0.2499308330251793,0.7373210787773132,0.0017007021233439,0.7373210787773132,0.0059060691855847,0.743470311164856,0.0017007021233439,0.0009911800734698,0.0059060691855847,0.743470311164856,0.0105319879949092,0.0017007021233439,0.0160489001507904,0.0152439024390243,0.005601538345217705
deltaprime_arbitrum_2024,deltaprime_arbitrum_2024__hn007,deltaprime_arbitrum_2024,hard_negative_mined,arbitrum,0,k_3,3,91,0.0719041278295605,0.0106194690265486,0.0139410733573669,0.3476397158233737,0.5404856204986572,0.0862986743450164,0.5404856204986572,0.0845749005675315,0.7237149477005005,0.0862986743450164,0.0173690225929021,0.0845749005675315,0.7237149477005005,0.363690048456192,0.0862986743450164,0.0983178362768226,0.0986842105263157,0.002765326527878642
deltaprime_arbitrum_2024,deltaprime_arbitrum_2024__hn007,deltaprime_arbitrum_2024,hard_negative_mined,arbitrum,0,k_5,5,91,0.0719041278295605,0.0106194690265486,0.0139410733573669,0.0886392170091996,0.0029258984141051,4.579411324812099e-05,0.0029258984141051,4.506122422753833e-05,0.0043895202688872,4.579411324812099e-05,0.0001584671845193,4.506122422753833e-05,0.0043895202688872,0.0001483425730839,4.579411324812099e-05,0.0029382063500033,0.004040404040404,0.0009955780114978552
deltaprime_arbitrum_2024,deltaprime_arbitrum_2024__hn007,deltaprime_arbitrum_2024,hard_negative_mined,arbitrum,0,k_7,7,91,0.0719041278295605,0.0106194690265486,0.0139410733573669,0.0260622366486075,0.0001154485362349,4.1049617721000686e-05,0.0001154485362349,3.887445927830413e-05,8.169707143679261e-05,4.1049617721000686e-05,0.0003433964157011,3.887445927830413e-05,8.169707143679261e-05,6.021830631652847e-05,4.1049617721000686e-05,0.0027904256512176,0.0,0.0002031060284934938
deltaprime_arbitrum_2024,deltaprime_arbitrum_2024__hn007,deltaprime_arbitrum_2024,hard_negative_mined,arbitrum,0,ratio_25,23,91,0.0719041278295605,0.0106194690265486,0.0139410733573669,0.0058551062829266,3.705222843564116e-05,1.5270041330950335e-05,3.705222843564116e-05,1.4498113159788772e-05,5.467492519528605e-05,1.5270041330950335e-05,0.0002136678085662,1.4498113159788772e-05,5.467492519528605e-05,3.548508175299503e-05,1.5270041330950335e-05,0.0017494917471188,0.0,0.0012914041290059686
deltaprime_arbitrum_2024,deltaprime_arbitrum_2024__hn007,deltaprime_arbitrum_2024,hard_negative_mined,arbitrum,0,ratio_50,46,91,0.0719041278295605,0.0106194690265486,0.0139410733573669,0.0004421104054714,8.606767369201407e-05,5.326317022991134e-06,8.606767369201407e-05,1.9078343029832467e-05,5.435080311144702e-05,5.326317022991134e-06,8.857025386532769e-05,1.9078343029832467e-05,5.435080311144702e-05,4.123429243918508e-05,5.326317022991134e-06,0.0010636034641177,0.0,0.00015131395775824785
deltaprime_arbitrum_2024,deltaprime_arbitrum_2024__hn007,deltaprime_arbitrum_2024,hard_negative_mined,arbitrum,0,ratio_75,69,91,0.0719041278295605,0.0106194690265486,0.0139410733573669,0.0126638293369464,0.0001179360697278,3.0437198802246712e-05,0.0001179360697278,9.833270451053976e-05,9.232573211193083e-05,3.0437198802246712e-05,0.0029635375831276,9.833270451053976e-05,9.232573211193083e-05,0.0001053950836649,3.0437198802246712e-05,0.0024230534997848,0.0,0.0001334427943220362
deltaprime_arbitrum_2024,deltaprime_arbitrum_2024__hn007,deltaprime_arbitrum_2024,hard_negative_mined,arbitrum,0,ratio_100,91,91,0.0719041278295605,0.0106194690265486,0.0139410733573669,0.0057638293369464,8.925495421863161e-06,8.242184776463546e-06,8.925495421863161e-06,1.3735673746850807e-05,2.6206907932646573e-05,8.242184776463546e-06,0.0002048076130449,1.3735673746850807e-05,2.6206907932646573e-05,1.6098829291877337e-05,8.242184776463546e-06,0.0013073511215278,0.0,0.0003946621436625719
deltaprime_arbitrum_2024,deltaprime_arbitrum_2024__hn008,deltaprime_arbitrum_2024,hard_negative_mined,arbitrum,0,k_2,2,121,0.0719041278295605,0.0106194690265486,0.0139410733573669,0.0305761862173787,0.0034489494282752,0.000273293495411,0.0034489494282752,0.0001510876027168,0.0027037889230996,0.000273293495411,0.0006121688638813,0.0001510876027168,0.0027037889230996,0.0002798297500703,0.000273293495411,0.0068158730787731,0.004040404040404,0.0013638994423672557
deltaprime_arbitrum_2024,deltaprime_arbitrum_2024__hn008,deltaprime_arbitrum_2024,hard_negative_mined,arbitrum,0,k_3,3,121,0.0719041278295605,0.0106194690265486,0.0139410733573669,0.0351274424115687,0.0025941261555999,0.0001374628627672,0.0025941261555999,5.374468310037628e-05,0.0019824858754873,0.0001374628627672,0.0003082819457631,5.374468310037628e-05,0.0019824858754873,0.0002314735756954,0.0001374628627672,0.0049329332150057,0.004040404040404,0.00041416977182962
deltaprime_arbitrum_2024,deltaprime_arbitrum_2024__hn008,deltaprime_arbitrum_2024,hard_negative_mined,arbitrum,0,k_5,5,121,0.0719041278295605,0.0106194690265486,0.0139410733573669,0.0145030124107776,0.0003548897802829,1.2435108146746645e-05,0.0003548897802829,3.2663090678397566e-05,0.0001814634160837,1.2435108146746645e-05,8.489705214742571e-05,3.2663090678397566e-05,0.0001814634160837,9.449297795072198e-05,1.2435108146746645e-05,0.0015877439671254,0.0,0.000396454066503793
deltaprime_arbitrum_2024,deltaprime_arbitrum_2024__hn008,deltaprime_arbitrum_2024,hard_negative_mined,arbitrum,0,k_7,7,121,0.0719041278295605,0.0106194690265486,0.0139410733573669,0.0257612392787606,7.076291512930766e-05,2.098503682645969e-05,7.076291512930766e-05,1.712081029836554e-05,9.794517973205076e-05,2.098503682645969e-05,0.0002163983153877,1.712081029836554e-05,9.794517973205076e-05,4.757132410304621e-05,2.098503682645969e-05,0.002032910967317,0.0,0.0006624732632189989
deltaprime_arbitrum_2024,deltaprime_arbitrum_2024__hn008,deltaprime_arbitrum_2024,hard_negative_mined,arbitrum,0,ratio_25,31,121,0.0719041278295605,0.0106194690265486,0.0139410733573669,0.0492947888226091,0.0004648672766052,7.021361670922488e-05,0.0004648672766052,0.0001400969922542,0.0001653720246395,7.021361670922488e-05,0.0026275194250047,0.0001400969922542,0.0001653720246395,0.0001669696212047,7.021361670922488e-05,0.0035943878142069,0.004040404040404,0.0004559615335892886
deltaprime_arbitrum_2024,deltaprime_arbitrum_2024__hn008,deltaprime_arbitrum_2024,hard_negative_mined,arbitrum,0,ratio_50,61,121,0.0719041278295605,0.0106194690265486,0.0139410733573669,0.026251130924248,0.0003189045819453,6.507078796857968e-05,0.0003189045819453,0.0001594423811184,0.0001697321858955,6.507078796857968e-05,0.0022250325419008,0.0001594423811184,0.0001697321858955,0.0002258554450236,6.507078796857968e-05,0.0034677532214284,0.004040404040404,0.00012282721581868827
deltaprime_arbitrum_2024,deltaprime_arbitrum_2024__hn008,deltaprime_arbitrum_2024,hard_negative_mined,arbitrum,0,ratio_75,91,121,0.0719041278295605,0.0106194690265486,0.0139410733573669,0.021251130924248,0.0001347602374153,3.698268483276479e-05,0.0001347602374153,8.938743121689186e-05,0.0001084089089999,3.698268483276479e-05,0.0022250325419008,8.938743121689186e-05,0.0001084089089999,0.0001262705627596,3.698268483276479e-05,0.0026563721407274,0.0,0.0004418257449287921
deltaprime_arbitrum_2024,deltaprime_arbitrum_2024__hn008,deltaprime_arbitrum_2024,hard_negative_mined,arbitrum,0,ratio_100,121,121,0.0719041278295605,0.0106194690265486,0.0139410733573669,0.0231677975909147,7.651696796528995e-05,3.384127194294706e-05,7.651696796528995e-05,8.991550566861406e-05,8.575522224418819e-05,3.384127194294706e-05,0.0022250325419008,8.991550566861406e-05,8.575522224418819e-05,9.63348284130916e-05,3.384127194294706e-05,0.0025473855436517,0.0,0.00046861942973919213
deltaprime_arbitrum_2024,deltaprime_arbitrum_2024__hn009,deltaprime_arbitrum_2024,hard_negative_mined,arbitrum,0,ratio_25,1,1,0.0719041278295605,0.0035398230088495,0.0139410733573669,0.0,7.922404620330781e-05,1.8163407730753534e-05,7.922404620330781e-05,2.285308983118739e-05,5.1217681175330654e-05,1.8163407730753534e-05,6.0201247833902016e-05,2.285308983118739e-05,5.1217681175330654e-05,4.137870200793259e-05,1.8163407730753534e-05,0.001898905088145,0.0,0.011778691783547401
deltaprime_arbitrum_2024,deltaprime_arbitrum_2024__hn010,deltaprime_arbitrum_2024,hard_negative_mined,arbitrum,0,ratio_25,1,1,0.0719041278295605,0.0035398230088495,0.0139410733573669,0.0,8.023041300475597e-05,1.9621289538918063e-05,8.023041300475597e-05,2.285308983118739e-05,5.1217681175330654e-05,1.9621289538918063e-05,6.481476884800941e-05,2.285308983118739e-05,5.1217681175330654e-05,4.137870200793259e-05,1.9621289538918063e-05,0.0019694181757377,0.0,0.011778691783547401
deltaprime_arbitrum_2024,deltaprime_arbitrum_2024__hn011,deltaprime_arbitrum_2024,hard_negative_mined,arbitrum,0,k_2,2,63,0.0719041278295605,0.0017699115044247,0.0902019819505292,0.2559443973685035,0.0054937251843512,0.0020957153756171,0.0054937251843512,0.0021390060428529,0.0052562826313078,0.0020957153756171,0.0160196051001548,0.0021390060428529,0.0052562826313078,0.0011439834488555,0.0020957153756171,0.0176896439551641,0.0152439024390243,0.7076795101165771
deltaprime_arbitrum_2024,deltaprime_arbitrum_2024__hn011,deltaprime_arbitrum_2024,hard_negative_mined,arbitrum,0,k_3,3,63,0.0719041278295605,0.0017699115044247,0.0902019819505292,0.1801495017826744,0.0258486699312925,0.0178841240704059,0.0258486699312925,0.0266708508133888,0.0115641495212912,0.0178841240704059,0.0074779903516173,0.0266708508133888,0.0115641495212912,0.0053705656901001,0.0178841240704059,0.0476557200682705,0.05,0.6263360381126404
deltaprime_arbitrum_2024,deltaprime_arbitrum_2024__hn011,deltaprime_arbitrum_2024,hard_negative_mined,arbitrum,0,k_5,5,63,0.0719041278295605,0.0123893805309734,0.1126470250646667,0.2540512795177505,0.043935403227806,0.0634198114275932,0.043935403227806,0.0460888370871543,0.0523505769670009,0.0634198114275932,0.0576310120522975,0.0460888370871543,0.0523505769670009,0.0041971188038587,0.0634198114275932,0.0852152108032145,0.0986842105263157,0.001961375819519162
deltaprime_arbitrum_2024,deltaprime_arbitrum_2024__hn011,deltaprime_arbitrum_2024,hard_negative_mined,arbitrum,0,k_7,7,63,0.0719041278295605,0.0212389380530973,0.1236786673151405,0.2281780385342116,0.0079183680936694,0.0441557802259922,0.0079183680936694,0.0088454568758606,0.0073277093470096,0.0441557802259922,0.0016943394439294,0.0088454568758606,0.0073277093470096,0.0004880350315943,0.0441557802259922,0.0721280952695316,0.0986842105263157,0.002004373585805297
deltaprime_arbitrum_2024,deltaprime_arbitrum_2024__hn011,deltaprime_arbitrum_2024,hard_negative_mined,arbitrum,0,ratio_25,16,63,0.0719041278295605,0.0548672566371681,0.103708747915082,0.1844313120767134,0.0218558944761753,0.0417887046933174,0.0218558944761753,0.0277207717299461,0.0478414259850978,0.0417887046933174,0.000561277847737,0.0277207717299461,0.0478414259850978,0.0017986302264034,0.0417887046933174,0.0703261414709408,0.0986842105263157,0.0009510248783044517
deltaprime_arbitrum_2024,deltaprime_arbitrum_2024__hn011,deltaprime_arbitrum_2024,hard_negative_mined,arbitrum,0,ratio_50,32,63,0.0719041278295605,0.0778761061946902,0.0967451023923866,0.1714425521037226,0.0094312680885195,0.0076940776780247,0.0094312680885195,0.0072391144931316,0.0127802696079015,0.0076940776780247,0.0001718867424642,0.0072391144931316,0.0127802696079015,0.0007871459820307,0.0076940776780247,0.0323299100295452,0.0198019801980198,0.012477667070925236
deltaprime_arbitrum_2024,deltaprime_arbitrum_2024__hn011,deltaprime_arbitrum_2024,hard_negative_mined,arbitrum,0,ratio_75,48,63,0.0719041278295605,0.1221238938053097,0.0945182834394771,0.1481883188974478,0.0083397012203931,0.0016456680605188,0.0083397012203931,0.0048442441038787,0.004433617927134,0.0016456680605188,8.900731336325407e-05,0.0048442441038787,0.004433617927134,0.0004482130752876,0.0016456680605188,0.0158045542188448,0.0152439024390243,0.09617459774017334
deltaprime_arbitrum_2024,deltaprime_arbitrum_2024__hn011,deltaprime_arbitrum_2024,hard_negative_mined,arbitrum,0,ratio_100,63,63,0.0719041278295605,0.1504424778761062,0.0985819557375694,0.1214218406030796,0.0030965246260166,0.003346538869664,0.0030965246260166,0.01616114936769,0.0021910488139837,0.003346538869664,0.0006398194818757,0.01616114936769,0.0021910488139837,0.0014653102261945,0.003346538869664,0.0219910804525667,0.0152439024390243,0.0653960183262825
deltaprime_arbitrum_2024,deltaprime_arbitrum_2024__hn012,deltaprime_arbitrum_2024,hard_negative_mined,arbitrum,0,ratio_25,1,3,0.0719041278295605,0.0035398230088495,0.0139410733573669,0.0239491239783556,0.0064061279408633,0.0024294690228998,0.0064061279408633,0.0052687660790979,0.0056286021135747,0.0024294690228998,0.0064271832816302,0.0052687660790979,0.0056286021135747,0.0042837718501687,0.0024294690228998,0.0189494790899636,0.0152439024390243,0.011778691783547401
deltaprime_arbitrum_2024,deltaprime_arbitrum_2024__hn012,deltaprime_arbitrum_2024,hard_negative_mined,arbitrum,0,ratio_50,2,3,0.0719041278295605,0.0123893805309734,0.0139410733573669,0.1355350884148859,0.0047684446908533,0.0013391076354309,0.0047684446908533,0.0005308469408191,0.0061877155676484,0.0013391076354309,0.0194868873804807,0.0005308469408191,0.0061877155676484,0.014016319066286,0.0013391076354309,0.0143548337466732,0.0152439024390243,0.0013638994423672557
deltaprime_arbitrum_2024,deltaprime_arbitrum_2024__hn012,deltaprime_arbitrum_2024,hard_negative_mined,arbitrum,0,ratio_75,3,3,0.0719041278295605,0.0123893805309734,0.0139410733573669,0.0935999839335259,0.0026183223817497,0.000536214269232,0.0026183223817497,0.0001743026805343,0.0056205079890787,0.000536214269232,0.0019463485805317,0.0001743026805343,0.0056205079890787,0.0025127143599092,0.000536214269232,0.0093532391889469,0.004040404040404,0.00041416977182962
deltaprime_arbitrum_2024,deltaprime_arbitrum_2024__hn013,deltaprime_arbitrum_2024,hard_negative_mined,arbitrum,0,k_2,2,23,0.0719041278295605,0.0,0.0902019819505292,0.0637754931534702,0.0117477560415863,0.0023948128800839,0.0117477560415863,0.0018006534082815,0.0040955175645649,0.0023948128800839,0.0076572396792471,0.0018006534082815,0.0040955175645649,0.0038344573695212,0.0023948128800839,0.0188232076804053,0.0152439024390243,0.0006007622578181326
deltaprime_arbitrum_2024,deltaprime_arbitrum_2024__hn013,deltaprime_arbitrum_2024,hard_negative_mined,arbitrum,0,k_3,3,23,0.0719041278295605,0.0070796460176991,0.0902019819505292,0.02176965079324,0.0006368114845827,0.000601761683356,0.0006368114845827,0.0006060791783966,0.0005025922437198,0.000601761683356,0.0077994358725845,0.0006060791783966,0.0005025922437198,0.0004262870934326,0.000601761683356,0.0098729346345286,0.004040404040404,0.0028048132080584764
deltaprime_arbitrum_2024,deltaprime_arbitrum_2024__hn013,deltaprime_arbitrum_2024,hard_negative_mined,arbitrum,0,k_5,5,23,0.0719041278295605,0.0176991150442477,0.0629313369607529,0.0072222222222222,0.0001060174181475,0.0004121029342059,0.0001060174181475,0.0006754436180926,0.0002127749030478,0.0004121029342059,0.0010150079615414,0.0006754436180926,0.0002127749030478,0.0001891201391117,0.0004121029342059,0.0082663806690532,0.004040404040404,0.002752463100478053
deltaprime_arbitrum_2024,deltaprime_arbitrum_2024__hn013,deltaprime_arbitrum_2024,hard_negative_mined,arbitrum,0,ratio_25,6,23,0.0719041278295605,0.0176991150442477,0.0492469750442717,0.0072222222222222,2.211817991337739e-05,0.0001878149778349,2.211817991337739e-05,0.0004829802492167,0.0001028229817165,0.0001878149778349,0.0001351925602648,0.0004829802492167,0.0001028229817165,9.419357957085596e-05,0.0001878149778349,0.0057135860284626,0.004040404040404,0.0008987953187897801
deltaprime_arbitrum_2024,deltaprime_arbitrum_2024__hn013,deltaprime_arbitrum_2024,hard_negative_mined,arbitrum,0,k_7,7,23,0.0719041278295605,0.0176991150442477,0.0412530490948343,0.0072222222222222,2.127593688783236e-05,0.0002162166201742,2.127593688783236e-05,0.0005571648362092,0.0001076373882824,0.0002162166201742,0.0001351925602648,0.0005571648362092,0.0001076373882824,9.419357957085596e-05,0.0002162166201742,0.0061049399122417,0.004040404040404,0.0005632529500871897
deltaprime_arbitrum_2024,deltaprime_arbitrum_2024__hn013,deltaprime_arbitrum_2024,hard_negative_mined,arbitrum,0,ratio_50,12,23,0.0719041278295605,0.0176991150442477,0.026348513855796,0.0073809523809523,0.0002818219945766,0.0006894032121635,0.0002818219945766,0.0050651454366743,0.0018852978246286,0.0006894032121635,6.849579222034663e-05,0.0050651454366743,0.0018852978246286,0.0002048894530162,0.0006894032121635,0.010522492768773,0.0152439024390243,0.0004206076846458018
deltaprime_arbitrum_2024,deltaprime_arbitrum_2024__hn013,deltaprime_arbitrum_2024,hard_negative_mined,arbitrum,0,ratio_75,18,23,0.0719041278295605,0.0176991150442477,0.0213305574384227,0.0173809523809523,0.0003532137779984,0.0004127209831494,0.0003532137779984,0.0028768102638423,0.0018852978246286,0.0004127209831494,4.386916407383978e-05,0.0028768102638423,0.0018852978246286,0.0001497315679444,0.0004127209831494,0.0082721981953442,0.004040404040404,0.0004111560992896557
deltaprime_arbitrum_2024,deltaprime_arbitrum_2024__hn013,deltaprime_arbitrum_2024,hard_negative_mined,arbitrum,0,ratio_100,23,23,0.0719041278295605,0.0176991150442477,0.0249382804399245,0.0123809523809523,0.0003437383566051,0.0014344628434628,0.0003437383566051,0.0059908581897616,0.0018852978246286,0.0014344628434628,2.262412272102665e-05,0.0059908581897616,0.0018852978246286,0.0002970785717479,0.0014344628434628,0.0148233484760732,0.0152439024390243,0.004117254633456469
deltaprime_arbitrum_2024,deltaprime_arbitrum_2024__hn014,deltaprime_arbitrum_2024,hard_negative_mined,arbitrum,0,ratio_25,1,1,0.0719041278295605,0.0035398230088495,0.0139410733573669,0.0239491239783556,0.0064061279408633,0.0011336694005876,0.0064061279408633,0.0018175547011196,0.0056286021135747,0.0011336694005876,0.0008170829387381,0.0018175547011196,0.0056286021135747,0.0019756122492253,0.0011336694005876,0.0132802453984817,0.0152439024390243,0.011778691783547401
deltaprime_arbitrum_2024,deltaprime_arbitrum_2024__hn015,deltaprime_arbitrum_2024,hard_negative_mined,arbitrum,0,ratio_25,1,2,0.0719041278295605,0.0,0.1038276819241307,0.0008823529411764,0.0006425121682696,0.0002355141041334,0.0006425121682696,0.0002098616678267,0.0003116685838904,0.0002355141041334,0.0008085839217528,0.0002098616678267,0.0003116685838904,0.000128655534354,0.0002355141041334,0.0063554047656752,0.004040404040404,0.117307648062706
deltaprime_arbitrum_2024,deltaprime_arbitrum_2024__hn015,deltaprime_arbitrum_2024,hard_negative_mined,arbitrum,0,ratio_75,2,2,0.0719041278295605,0.0088495575221238,0.0968009934997783,0.1282123283601291,0.0004168768064118,0.0839479565620422,0.0004168768064118,0.0817064270377159,0.0044361506588757,0.0839479565620422,0.0482552200555801,0.0817064270377159,0.0044361506588757,0.0341408923268318,0.0839479565620422,0.0970588697939829,0.0986842105263157,0.7899976968765259
deltaprime_arbitrum_2024,deltaprime_arbitrum_2024__hn016,deltaprime_arbitrum_2024,hard_negative_mined,arbitrum,0,k_2,2,168,0.0719041278295605,0.0035398230088495,0.0360885439758395,0.243938093043354,0.0023556735832244,0.0019250499317422,0.0023556735832244,0.0038503287360072,0.0005674930871464,0.0019250499317422,0.0010118294740095,0.0038503287360072,0.0005674930871464,0.003085101256147,0.0019250499317422,0.0170032674670042,0.0152439024390243,0.009987369179725647
deltaprime_arbitrum_2024,deltaprime_arbitrum_2024__hn016,deltaprime_arbitrum_2024,hard_negative_mined,arbitrum,0,k_3,3,168,0.0719041278295605,0.0106194690265486,0.026348513855796,0.1266091112455352,0.0010783143807202,0.0003647340054158,0.0010783143807202,0.0006746362196281,0.0003911490202881,0.0003647340054158,0.0017836882034316,0.0006746362196281,0.0003911490202881,0.0007122213137336,0.0003647340054158,0.0078057753605132,0.004040404040404,0.0012587778037413955
deltaprime_arbitrum_2024,deltaprime_arbitrum_2024__hn016,deltaprime_arbitrum_2024,hard_negative_mined,arbitrum,0,k_5,5,168,0.0719041278295605,0.0106194690265486,0.0204454890123356,0.0750647301920389,0.0008415883639827,3.945492790080607e-05,0.0008415883639827,0.000149101979332,0.0002219739981228,3.945492790080607e-05,8.55642429087311e-05,0.000149101979332,0.0002219739981228,0.0002505388401914,3.945492790080607e-05,0.0027387387771248,0.0,0.0002609498624224216
deltaprime_arbitrum_2024,deltaprime_arbitrum_2024__hn016,deltaprime_arbitrum_2024,hard_negative_mined,arbitrum,0,k_7,7,168,0.0719041278295605,0.0106194690265486,0.0183314947929958,0.0886705066673018,0.0017689720261842,9.849956404650584e-05,0.0017689720261842,0.0002405517880106,0.0006598447216674,9.849956404650584e-05,0.0011430971790105,0.0002405517880106,0.0006598447216674,0.0004445515223778,9.849956404650584e-05,0.0042161873894827,0.004040404040404,0.000174395099747926
deltaprime_arbitrum_2024,deltaprime_arbitrum_2024__hn016,deltaprime_arbitrum_2024,hard_negative_mined,arbitrum,0,ratio_25,42,168,0.0719041278295605,0.0106194690265486,0.0145931440477534,0.0464630780072457,7.639775867573917e-05,1.5788793461979367e-05,7.639775867573917e-05,7.71998311392963e-05,5.2767132729059085e-05,1.5788793461979367e-05,0.0001197035453515,7.71998311392963e-05,5.2767132729059085e-05,7.250488852150738e-05,1.5788793461979367e-05,0.0017773166591513,0.0,0.0010886384407058358
deltaprime_arbitrum_2024,deltaprime_arbitrum_2024__hn016,deltaprime_arbitrum_2024,hard_negative_mined,arbitrum,0,ratio_50,84,168,0.0719041278295605,0.0106194690265486,0.0142634368094786,0.0460228264349187,6.799584662076086e-05,1.2866754332208076e-05,6.799584662076086e-05,9.395038068760186e-05,3.78116819774732e-05,1.2866754332208076e-05,7.948595157358795e-05,9.395038068760186e-05,3.78116819774732e-05,6.620008207391948e-05,1.2866754332208076e-05,0.001613545677306,0.0,0.00024331125314347446
deltaprime_arbitrum_2024,deltaprime_arbitrum_2024__hn016,deltaprime_arbitrum_2024,hard_negative_mined,arbitrum,0,ratio_75,126,168,0.0719041278295605,0.0106194690265486,0.0141551742611705,0.0501894931015854,0.0001167272930615,1.7529953765915707e-05,0.0001167272930615,9.965891513274984e-05,6.774892972316593e-05,1.7529953765915707e-05,7.948595157358795e-05,9.965891513274984e-05,6.774892972316593e-05,5.792068259324879e-05,1.7529953765915707e-05,0.0018673357218025,0.0,0.00074364262400195
deltaprime_arbitrum_2024,deltaprime_arbitrum_2024__hn016,deltaprime_arbitrum_2024,hard_negative_mined,arbitrum,0,ratio_100,168,168,0.0719041278295605,0.0106194690265486,0.0141013471152164,0.0446878477774943,0.0001094488688977,1.964231341844425e-05,0.0001094488688977,0.0001443444925826,5.946198143647052e-05,1.964231341844425e-05,0.0011430971790105,0.0001443444925826,5.946198143647052e-05,8.670254464959726e-05,1.964231341844425e-05,0.0019704144025826,0.0,0.0002692397974897176
deltaprime_arbitrum_2024,deltaprime_arbitrum_2024__hn017,deltaprime_arbitrum_2024,hard_negative_mined,arbitrum,0,k_2,2,13,0.0719041278295605,0.0070796460176991,0.1038276819241307,0.0478671474569609,0.0006319365929812,0.0002834617043845,0.0006319365929812,0.000178166446858,0.0007733057136647,0.0002834617043845,0.0002534693630877,0.000178166446858,0.0007733057136647,0.0001076166663551,0.0002834617043845,0.0069339172061767,0.004040404040404,0.5945305824279785
deltaprime_arbitrum_2024,deltaprime_arbitrum_2024__hn017,deltaprime_arbitrum_2024,hard_negative_mined,arbitrum,0,k_3,3,13,0.0719041278295605,0.0088495575221238,0.0990947345325311,0.4924038431631791,0.3642904162406921,0.8445770740509033,0.3642904162406921,0.8474979996681213,0.4039660096168518,0.8445770740509033,0.1893122047185897,0.8474979996681213,0.4039660096168518,0.5293424725532532,0.8445770740509033,0.4258886506823029,0.4204545454545454,0.859539806842804
deltaprime_arbitrum_2024,deltaprime_arbitrum_2024__hn017,deltaprime_arbitrum_2024,hard_negative_mined,arbitrum,0,ratio_25,4,13,0.0719041278295605,0.0106194690265486,0.0968009934997783,0.2354687981862892,0.0525113157927989,0.8263983130455017,0.0525113157927989,0.8212870359420776,0.0451274327933788,0.8263983130455017,0.3137083947658539,0.8212870359420776,0.0451274327933788,0.3472717702388763,0.8263983130455017,0.4106501018636885,0.4204545454545454,0.9773252010345459
deltaprime_arbitrum_2024,deltaprime_arbitrum_2024__hn017,deltaprime_arbitrum_2024,hard_negative_mined,arbitrum,0,k_5,5,13,0.0719041278295605,0.0194690265486725,0.0954476053833473,0.1477368037558559,0.1022639423608779,0.7515915632247925,0.1022639423608779,0.8190091848373413,0.1456223428249359,0.7515915632247925,0.1099670454859733,0.8190091848373413,0.1456223428249359,0.3187263309955597,0.7515915632247925,0.3599201105800528,0.4204545454545454,0.9155278205871582
deltaprime_arbitrum_2024,deltaprime_arbitrum_2024__hn017,deltaprime_arbitrum_2024,hard_negative_mined,arbitrum,0,ratio_50,7,13,0.0719041278295605,0.0212389380530973,0.093921622391018,0.1781326212729887,0.0522279515862464,0.8226116895675659,0.0522279515862464,0.8269225358963013,0.0376197509467601,0.8226116895675659,0.4633544087409973,0.8269225358963013,0.0376197509467601,0.31653892993927,0.8226116895675659,0.4076566446440257,0.4204545454545454,0.6392022371292114
deltaprime_arbitrum_2024,deltaprime_arbitrum_2024__hn017,deltaprime_arbitrum_2024,hard_negative_mined,arbitrum,0,ratio_75,10,13,0.0719041278295605,0.0247787610619469,0.0927915226749838,0.1813739424097493,0.1864707618951797,0.8560833930969238,0.1864707618951797,0.809289276599884,0.4042384624481201,0.8560833930969238,0.4187146425247192,0.809289276599884,0.4042384624481201,0.2690402567386627,0.8560833930969238,0.4363842833130747,0.4204545454545454,0.9186261892318726
deltaprime_arbitrum_2024,deltaprime_arbitrum_2024__hn017,deltaprime_arbitrum_2024,hard_negative_mined,arbitrum,0,ratio_100,13,13,0.0719041278295605,0.0283185840707964,0.0921880761316266,0.1360069626411021,0.0366261340677738,0.4722244441509247,0.0366261340677738,0.3166776299476623,0.0908207148313522,0.4722244441509247,0.2538194954395294,0.3166776299476623,0.0908207148313522,0.0667471885681152,0.4722244441509247,0.2400919887028394,0.4,0.005524070002138615
deltaprime_arbitrum_2024,deltaprime_arbitrum_2024__hn018,deltaprime_arbitrum_2024,hard_negative_mined,arbitrum,0,k_2,2,13,0.0719041278295605,0.0,0.0902019819505292,0.1306180148850735,0.4688135385513305,0.4221740365028381,0.4688135385513305,0.6188727021217346,0.054230622947216,0.4221740365028381,0.470679372549057,0.6188727021217346,0.054230622947216,0.6081111431121826,0.4221740365028381,0.2230369954378024,0.1333333333333333,0.7076795101165771
deltaprime_arbitrum_2024,deltaprime_arbitrum_2024__hn018,deltaprime_arbitrum_2024,hard_negative_mined,arbitrum,0,k_3,3,13,0.0719041278295605,0.0,0.0902019819505292,0.0337919920202948,0.0957955941557884,0.0119710089638829,0.0957955941557884,0.0573462285101413,0.0038071027956902,0.0119710089638829,0.0015059126308187,0.0573462285101413,0.0038071027956902,0.0022359532304108,0.0119710089638829,0.0396311638017432,0.05,0.6263360381126404
deltaprime_arbitrum_2024,deltaprime_arbitrum_2024__hn018,deltaprime_arbitrum_2024,hard_negative_mined,arbitrum,0,ratio_25,4,13,0.0719041278295605,0.0070796460176991,0.0902019819505292,0.0120807259073842,0.0006569723482243,0.0235082861036062,0.0006569723482243,0.0112649369984865,0.0012454125098884,0.0235082861036062,0.0415543653070926,0.0112649369984865,0.0012454125098884,0.0275546964257955,0.0235082861036062,0.0540220661203434,0.0555555555555555,0.8202366828918457
deltaprime_arbitrum_2024,deltaprime_arbitrum_2024__hn018,deltaprime_arbitrum_2024,hard_negative_mined,arbitrum,0,k_5,5,13,0.0719041278295605,0.0141592920353982,0.0902019819505292,0.0120807259073842,0.0008357955375686,0.0335910841822624,0.0008357955375686,0.0200966540724039,0.0017415969632565,0.0335910841822624,0.0415543653070926,0.0200966540724039,0.0017415969632565,0.0389055721461772,0.0335910841822624,0.0636230589406542,0.0986842105263157,0.5241965651512146
deltaprime_arbitrum_2024,deltaprime_arbitrum_2024__hn018,deltaprime_arbitrum_2024,hard_negative_mined,arbitrum,0,ratio_50,7,13,0.0719041278295605,0.0141592920353982,0.0902019819505292,0.0259980767557695,0.0087780058383941,0.2020314186811447,0.0087780058383941,0.1116408035159111,0.0076911957003176,0.2020314186811447,0.0253528244793415,0.1116408035159111,0.0076911957003176,0.1284403502941131,0.2020314186811447,0.148109905253393,0.0986842105263157,0.14646704494953156
deltaprime_arbitrum_2024,deltaprime_arbitrum_2024__hn018,deltaprime_arbitrum_2024,hard_negative_mined,arbitrum,0,ratio_75,10,13,0.0719041278295605,0.0247787610619469,0.0754426884062382,0.0472756396184388,0.0163335390388965,0.1052729934453964,0.0163335390388965,0.0339666679501533,0.024252351373434,0.1052729934453964,0.0334948748350143,0.0339666679501533,0.024252351373434,0.052295159548521,0.1052729934453964,0.1079271990072779,0.0986842105263157,0.0016745044849812984
deltaprime_arbitrum_2024,deltaprime_arbitrum_2024__hn018,deltaprime_arbitrum_2024,hard_negative_mined,arbitrum,0,ratio_100,13,13,0.0719041278295605,0.0247787610619469,0.0684454152741356,0.0263352007469654,0.0023779449984431,0.0206240806728601,0.0023779449984431,0.010201184079051,0.0096366191282868,0.0206240806728601,0.0339773409068584,0.010201184079051,0.0096366191282868,0.0077420230954885,0.0206240806728601,0.0508756505187913,0.05,0.0007795243291184306
deltaprime_arbitrum_2024,deltaprime_arbitrum_2024__hn019,deltaprime_arbitrum_2024,hard_negative_mined,arbitrum,0,ratio_25,1,1,0.0719041278295605,0.0,0.0902019819505292,0.0,8.023041300475597e-05,0.0001015696689137,8.023041300475597e-05,0.0001246320898644,5.1217681175330654e-05,0.0001015696689137,0.0007304747705347,0.0001246320898644,5.1217681175330654e-05,8.04945666459389e-05,0.0001015696689137,0.0042776062631847,0.004040404040404,0.1290685087442398
deltaprime_arbitrum_2024,deltaprime_arbitrum_2024__hn020,deltaprime_arbitrum_2024,hard_negative_mined,arbitrum,0,ratio_25,1,1,0.0719041278295605,0.0035398230088495,0.0139410733573669,0.0,7.922404620330781e-05,1.8163407730753534e-05,7.922404620330781e-05,2.285308983118739e-05,5.1217681175330654e-05,1.8163407730753534e-05,6.0201247833902016e-05,2.285308983118739e-05,5.1217681175330654e-05,4.137870200793259e-05,1.8163407730753534e-05,0.001898905088145,0.0,0.011778691783547401
deltaprime_arbitrum_2024,deltaprime_arbitrum_2024__hn021,deltaprime_arbitrum_2024,hard_negative_mined,arbitrum,0,ratio_25,2,6,0.0719041278295605,0.0070796460176991,0.0902019819505292,0.0808981422565447,0.0061954115517437,0.0020002792589366,0.0061954115517437,0.0025263496208935,0.0050391871482133,0.0020002792589366,0.0105900205671787,0.0025263496208935,0.0050391871482133,0.0019716741517186,0.0020002792589366,0.0173097138028905,0.0152439024390243,0.03407330438494682
deltaprime_arbitrum_2024,deltaprime_arbitrum_2024__hn021,deltaprime_arbitrum_2024,hard_negative_mined,arbitrum,0,ratio_50,3,6,0.0719041278295605,0.0070796460176991,0.0902019819505292,0.0009042553191489,5.632643296848983e-05,0.0001682802394498,5.632643296848983e-05,0.0001364279887638,0.0001282741868635,0.0001682802394498,0.0020062897820025,0.0001364279887638,0.0001282741868635,7.903765799710527e-05,0.0001682802394498,0.0054257804320394,0.004040404040404,0.0009343267884105444
deltaprime_arbitrum_2024,deltaprime_arbitrum_2024__hn021,deltaprime_arbitrum_2024,hard_negative_mined,arbitrum,0,ratio_75,5,6,0.0719041278295605,0.0141592920353982,0.0902019819505292,0.0,2.747360667854082e-05,6.723801925545558e-05,2.747360667854082e-05,8.136306860251352e-05,0.0001014101726468,6.723801925545558e-05,0.0010667624883353,8.136306860251352e-05,0.0001014101726468,6.08559166721534e-05,6.723801925545558e-05,0.0035217423695331,0.004040404040404,0.016189469024538994
deltaprime_arbitrum_2024,deltaprime_arbitrum_2024__hn021,deltaprime_arbitrum_2024,hard_negative_mined,arbitrum,0,ratio_100,6,6,0.0719041278295605,0.0212389380530973,0.0902019819505292,0.01,1.0380692401668057e-05,7.120935333659872e-05,1.0380692401668057e-05,8.964735752670094e-05,2.8477856176323257e-05,7.120935333659872e-05,0.0002742715587373,8.964735752670094e-05,2.8477856176323257e-05,6.593138095922768e-05,7.120935333659872e-05,0.0036183317971941,0.004040404040404,0.06018762290477753
deltaprime_arbitrum_2024,deltaprime_arbitrum_2024__hn022,deltaprime_arbitrum_2024,hard_negative_mined,arbitrum,0,k_2,2,219,0.0719041278295605,0.0035398230088495,0.0360885439758395,0.3169070981416958,0.0070570292882621,0.004971841815859,0.0070570292882621,0.0053535522893071,0.003352272324264,0.004971841815859,0.0020197278354316,0.0053535522893071,0.003352272324264,0.0063350121490657,0.004971841815859,0.0264214122712324,0.0152439024390243,0.009987369179725647
deltaprime_arbitrum_2024,deltaprime_arbitrum_2024__hn022,deltaprime_arbitrum_2024,hard_negative_mined,arbitrum,0,k_3,3,219,0.0719041278295605,0.0106194690265486,0.026348513855796,0.0966466739164508,0.000645550142508,3.986418232670985e-05,0.000645550142508,4.072062802151777e-05,0.0004455918387975,3.986418232670985e-05,0.0003357004025019,4.072062802151777e-05,0.0004455918387975,0.0001916013134177,3.986418232670985e-05,0.002752107399668,0.0,0.004327296279370785
deltaprime_arbitrum_2024,deltaprime_arbitrum_2024__hn022,deltaprime_arbitrum_2024,hard_negative_mined,arbitrum,0,k_5,5,219,0.0719041278295605,0.0106194690265486,0.0204454890123356,0.1270342121201381,0.0003704619884956,2.2054024157114327e-05,0.0003704619884956,1.4588263184123209e-05,0.0002339523925911,2.2054024157114327e-05,0.0002218971785623,1.4588263184123209e-05,0.0002339523925911,8.545660239178687e-05,2.2054024157114327e-05,0.002081169334287,0.0,0.00021410138288047165
deltaprime_arbitrum_2024,deltaprime_arbitrum_2024__hn022,deltaprime_arbitrum_2024,hard_negative_mined,arbitrum,0,k_7,7,219,0.0719041278295605,0.0106194690265486,0.0183314947929958,0.0855709151001972,0.0001908659469336,3.184601155226119e-05,0.0001908659469336,8.431696187471971e-05,0.0001002634380711,3.184601155226119e-05,0.0001197035453515,8.431696187471971e-05,0.0001002634380711,0.0001146285503637,3.184601155226119e-05,0.0024753592445925,0.0,0.000153587301610969
deltaprime_arbitrum_2024,deltaprime_arbitrum_2024__hn022,deltaprime_arbitrum_2024,hard_negative_mined,arbitrum,0,ratio_25,55,219,0.0719041278295605,0.0106194690265486,0.0144363569919456,0.0599234219456837,0.000232510297792,2.0372139260871336e-05,0.000232510297792,8.511316264048219e-05,9.146215597866104e-05,2.0372139260871336e-05,7.948595157358795e-05,8.511316264048219e-05,9.146215597866104e-05,9.066698839887977e-05,2.0372139260871336e-05,0.0020046544759147,0.0,0.00013415981084108353
deltaprime_arbitrum_2024,deltaprime_arbitrum_2024__hn022,deltaprime_arbitrum_2024,hard_negative_mined,arbitrum,0,ratio_50,110,219,0.0719041278295605,0.0106194690265486,0.0141865850121113,0.0276287472755956,0.0001051954823196,1.1459845154604407e-05,0.0001051954823196,1.9923963918699883e-05,3.5815912269754335e-05,1.1459845154604407e-05,0.0001110645898734,1.9923963918699883e-05,3.5815912269754335e-05,2.4317185307154432e-05,1.1459845154604407e-05,0.0015276474308306,0.0,0.00032916240161284804
deltaprime_arbitrum_2024,deltaprime_arbitrum_2024__hn022,deltaprime_arbitrum_2024,hard_negative_mined,arbitrum,0,ratio_75,165,219,0.0719041278295605,0.0106194690265486,0.0141042779320535,0.0498642821607374,3.973828279413283e-05,1.4023758012626786e-05,3.973828279413283e-05,9.621685603633524e-05,4.008046744274907e-05,1.4023758012626786e-05,0.0001197035453515,9.621685603633524e-05,4.008046744274907e-05,3.463957182248123e-05,1.4023758012626786e-05,0.0016805300041924,0.0,0.0002632809919305146
deltaprime_arbitrum_2024,deltaprime_arbitrum_2024__hn022,deltaprime_arbitrum_2024,hard_negative_mined,arbitrum,0,ratio_100,219,219,0.0719041278295605,0.0106194690265486,0.0140638616137679,0.0234029408239827,3.015967558894772e-05,7.965535587572958e-06,3.015967558894772e-05,2.2841346435598094e-05,2.113697883032728e-05,7.965535587572958e-06,0.0001110645898734,2.2841346435598094e-05,2.113697883032728e-05,1.4812791960139292e-05,7.965535587572958e-06,0.0012864283704938,0.0,0.0002692397974897176
deltaprime_arbitrum_2024,deltaprime_arbitrum_2024__hn023,deltaprime_arbitrum_2024,hard_negative_mined,arbitrum,0,k_2,2,44,0.0719041278295605,0.0,0.0902019819505292,0.0777144820306914,0.0187923815101385,0.0070005794987082,0.0187923815101385,0.0032746815122663,0.0039237923920154,0.0070005794987082,0.0077689457684755,0.0032746815122663,0.0039237923920154,0.0057525341399014,0.0070005794987082,0.0309506227581525,0.0198019801980198,0.0031091636046767235
deltaprime_arbitrum_2024,deltaprime_arbitrum_2024__hn023,deltaprime_arbitrum_2024,hard_negative_mined,arbitrum,0,k_3,3,44,0.0719041278295605,0.0017699115044247,0.0902019819505292,0.2598825807632455,0.0032164889853447,0.0080189891159534,0.0032164889853447,0.0048199957236647,0.0188010521233081,0.0080189891159534,0.0492389984428882,0.0048199957236647,0.0188010521233081,0.0148731973022222,0.0080189891159534,0.032952739446601,0.0198019801980198,0.0004097164492122829
deltaprime_arbitrum_2024,deltaprime_arbitrum_2024__hn023,deltaprime_arbitrum_2024,hard_negative_mined,arbitrum,0,k_5,5,44,0.0719041278295605,0.0123893805309734,0.0902019819505292,0.1044585384289883,0.0006634140154346,0.0005568346241489,0.0006634140154346,0.0003956251603085,0.0005854486953467,0.0005568346241489,0.0006888033240102,0.0003956251603085,0.0005854486953467,0.0005404865951277,0.0005568346241489,0.0095202227044834,0.004040404040404,0.009904668666422367
deltaprime_arbitrum_2024,deltaprime_arbitrum_2024__hn023,deltaprime_arbitrum_2024,hard_negative_mined,arbitrum,0,k_7,7,44,0.0719041278295605,0.0141592920353982,0.0902019819505292,0.3734866343496159,0.0195393674075603,0.0121233956888318,0.0195393674075603,0.0259544588625431,0.020543048158288,0.0121233956888318,0.0126405023038387,0.0259544588625431,0.020543048158288,0.023901030421257,0.0121233956888318,0.0398623822612904,0.05,0.0014850830193609
deltaprime_arbitrum_2024,deltaprime_arbitrum_2024__hn023,deltaprime_arbitrum_2024,hard_negative_mined,arbitrum,0,ratio_25,11,44,0.0719041278295605,0.0176991150442477,0.0902019819505292,0.5145211294106155,0.1716795712709427,0.0398982502520084,0.1716795712709427,0.1168341487646102,0.0746807008981704,0.0398982502520084,0.1175048872828483,0.1168341487646102,0.0746807008981704,0.1082843020558357,0.0398982502520084,0.0688476391022546,0.0986842105263157,0.006925344001501799
deltaprime_arbitrum_2024,deltaprime_arbitrum_2024__hn023,deltaprime_arbitrum_2024,hard_negative_mined,arbitrum,0,ratio_50,22,44,0.0719041278295605,0.0407079646017699,0.0902019819505292,0.3703035780387819,0.2270553261041641,0.0252132322639226,0.2270553261041641,0.0383182205259799,0.0677878260612487,0.0252132322639226,0.0268823131918907,0.0383182205259799,0.0677878260612487,0.0287314131855964,0.0252132322639226,0.0557838232246165,0.0555555555555555,0.0006864179740659893
deltaprime_arbitrum_2024,deltaprime_arbitrum_2024__hn023,deltaprime_arbitrum_2024,hard_negative_mined,arbitrum,0,ratio_75,33,44,0.0719041278295605,0.0548672566371681,0.0902019819505292,0.285364628056057,0.0761707723140716,0.010384957306087,0.0761707723140716,0.0283404104411602,0.0741605758666992,0.010384957306087,0.005596287548542,0.0283404104411602,0.0741605758666992,0.0213396865874528,0.010384957306087,0.0371222415308598,0.0339174047268014,0.013409065082669258
deltaprime_arbitrum_2024,deltaprime_arbitrum_2024__hn023,deltaprime_arbitrum_2024,hard_negative_mined,arbitrum,0,ratio_100,44,44,0.0719041278295605,0.0743362831858407,0.0902019819505292,0.2973110641795708,0.0015237421030178,0.0001637862587813,0.0015237421030178,0.0002422090474283,0.0034815974067896,0.0001637862587813,0.0007926414255052,0.0002422090474283,0.0034815974067896,0.0003873601672239,0.0001637862587813,0.0053570908132515,0.004040404040404,0.008396731689572334
deltaprime_arbitrum_2024,deltaprime_arbitrum_2024__hn025,deltaprime_arbitrum_2024,hard_negative_mined,arbitrum,0,ratio_25,1,2,0.0719041278295605,0.0,0.1038276819241307,0.0,0.0001155310092144,4.704871025751345e-05,0.0001155310092144,3.4921868063975126e-05,8.570232603233308e-05,4.704871025751345e-05,0.0001780148013494,3.4921868063975126e-05,8.570232603233308e-05,3.15592551487498e-05,4.704871025751345e-05,0.0029759119696665,0.004040404040404,0.117307648062706
deltaprime_arbitrum_2024,deltaprime_arbitrum_2024__hn025,deltaprime_arbitrum_2024,hard_negative_mined,arbitrum,0,ratio_75,2,2,0.0719041278295605,0.0088495575221238,0.0968009934997783,0.4534603211174313,0.0285796895623207,0.2447844892740249,0.0285796895623207,0.2435425817966461,0.050818808376789,0.2447844892740249,0.0314925350248813,0.2435425817966461,0.050818808376789,0.2092907577753067,0.2447844892740249,0.1634713387259659,0.1333333333333333,0.7899976968765259
deltaprime_arbitrum_2024,deltaprime_arbitrum_2024__hn026,deltaprime_arbitrum_2024,hard_negative_mined,arbitrum,0,k_2,2,24,0.0719041278295605,0.0088495575221238,0.0902019819505292,0.1352037285493305,0.0018232222646474,0.1019999682903289,0.0018232222646474,0.0450187698006629,0.0031906883232295,0.1019999682903289,0.0529881492257118,0.0450187698006629,0.0031906883232295,0.0483552031219005,0.1019999682903289,0.1063324876048791,0.0986842105263157,0.35394877195358276
deltaprime_arbitrum_2024,deltaprime_arbitrum_2024__hn026,deltaprime_arbitrum_2024,hard_negative_mined,arbitrum,0,k_3,3,24,0.0719041278295605,0.0088495575221238,0.0902019819505292,0.3419422908284785,0.004185585770756,0.0394748337566852,0.004185585770756,0.0148247797042131,0.0091934287920594,0.0394748337566852,0.0309866480529308,0.0148247797042131,0.0091934287920594,0.0464070104062557,0.0394748337566852,0.0685114012329232,0.0986842105263157,0.14395084977149963
deltaprime_arbitrum_2024,deltaprime_arbitrum_2024__hn026,deltaprime_arbitrum_2024,hard_negative_mined,arbitrum,0,k_5,5,24,0.0719041278295605,0.0194690265486725,0.0902019819505292,0.1437023462243112,0.0018538445001468,0.0437303557991981,0.0018538445001468,0.0313225798308849,0.0049986382946372,0.0437303557991981,0.0025777318514883,0.0313225798308849,0.0049986382946372,0.0334169678390026,0.0437303557991981,0.0718080883710773,0.0986842105263157,0.22150394320487976
deltaprime_arbitrum_2024,deltaprime_arbitrum_2024__hn026,deltaprime_arbitrum_2024,hard_negative_mined,arbitrum,0,ratio_25,6,24,0.0719041278295605,0.0212389380530973,0.0902019819505292,0.1652781982033381,0.0219481196254491,0.0451034605503082,0.0219481196254491,0.0394114665687084,0.0394208393990993,0.0451034605503082,0.0062487251125276,0.0394114665687084,0.0394208393990993,0.0546376258134841,0.0451034605503082,0.0728351209995019,0.0986842105263157,0.3492346405982971
deltaprime_arbitrum_2024,deltaprime_arbitrum_2024__hn026,deltaprime_arbitrum_2024,hard_negative_mined,arbitrum,0,k_7,7,24,0.0719041278295605,0.0230088495575221,0.0902019819505292,0.1789126741210189,0.0148212993517518,0.0025253526400774,0.0148212993517518,0.0028036267030984,0.0146467573940753,0.0025253526400774,0.0007102451054379,0.0028036267030984,0.0146467573940753,0.0031067833770066,0.0025253526400774,0.0192938389303059,0.0152439024390243,0.2159964144229889
deltaprime_arbitrum_2024,deltaprime_arbitrum_2024__hn026,deltaprime_arbitrum_2024,hard_negative_mined,arbitrum,0,ratio_50,12,24,0.0719041278295605,0.031858407079646,0.0902019819505292,0.2417622800473282,0.0235395543277263,0.0061268098652362,0.0235395543277263,0.0022128303535282,0.0581081248819828,0.0061268098652362,0.0022539813071489,0.0022128303535282,0.0581081248819828,0.0023246372584253,0.0061268098652362,0.0291018635966629,0.0198019801980198,0.03212623670697212
deltaprime_arbitrum_2024,deltaprime_arbitrum_2024__hn026,deltaprime_arbitrum_2024,hard_negative_mined,arbitrum,0,ratio_75,18,24,0.0719041278295605,0.047787610619469,0.0902019819505292,0.2047256493687783,0.013860173523426,0.0012615257874131,0.013860173523426,0.0017625080654397,0.0266556125134229,0.0012615257874131,0.0003071937535423,0.0017625080654397,0.0266556125134229,0.0005357994232326,0.0012615257874131,0.0139602152149742,0.0152439024390243,0.4477885961532593
deltaprime_arbitrum_2024,deltaprime_arbitrum_2024__hn026,deltaprime_arbitrum_2024,hard_negative_mined,arbitrum,0,ratio_100,24,24,0.0719041278295605,0.0584070796460177,0.0902019819505292,0.0764680637103909,0.004008098039776,0.0003142105124425,0.004008098039776,0.0005457373335957,0.0026214059907943,0.0003142105124425,0.0002110964996973,0.0005457373335957,0.0026214059907943,0.0002411219611531,0.0003142105124425,0.0072777505081671,0.004040404040404,0.8249197602272034
deltaprime_arbitrum_2024,deltaprime_arbitrum_2024__hn027,deltaprime_arbitrum_2024,hard_negative_mined,arbitrum,0,ratio_25,1,1,0.0719041278295605,0.0,0.0902019819505292,0.0239491239783556,0.0064061279408633,0.0031368392519652,0.0064061279408633,0.0064038154669106,0.0056286021135747,0.0031368392519652,0.003024669829756,0.0064038154669106,0.0056286021135747,0.0028971030842512,0.0031368392519652,0.0213400247422244,0.0152439024390243,0.1290685087442398
deltaprime_arbitrum_2024,deltaprime_arbitrum_2024__hn028,deltaprime_arbitrum_2024,hard_negative_mined,arbitrum,0,k_2,2,15,0.0719041278295605,0.0106194690265486,0.0360885439758395,0.076916492322431,0.0009777266532182,0.0002917122328653,0.0009777266532182,0.0003126760420855,0.0014273000415414,0.0002917122328653,0.002161347772926,0.0003126760420855,0.0014273000415414,0.0005716996965929,0.0002917122328653,0.0070280498983387,0.004040404040404,0.0008640049491077662
deltaprime_arbitrum_2024,deltaprime_arbitrum_2024__hn028,deltaprime_arbitrum_2024,hard_negative_mined,arbitrum,0,k_3,3,15,0.0719041278295605,0.0106194690265486,0.0492469750442717,0.0665290878518985,0.0011725381482392,0.0002953161601908,0.0011725381482392,0.000402404286433,0.0016444699140265,0.0002953161601908,0.0068778176791965,0.000402404286433,0.0016444699140265,0.003450728021562,0.0002953161601908,0.0070687225055176,0.004040404040404,0.002455029869452119
deltaprime_arbitrum_2024,deltaprime_arbitrum_2024__hn028,deltaprime_arbitrum_2024,hard_negative_mined,arbitrum,0,ratio_25,4,15,0.0719041278295605,0.0176991150442477,0.0574270650787461,0.1618898171020328,0.1001084074378013,0.0030193054117262,0.1001084074378013,0.0037488597445189,0.0293185412883758,0.0030193054117262,0.0206984356045722,0.0037488597445189,0.0293185412883758,0.0333740822970867,0.0030193054117262,0.0209647541683301,0.0152439024390243,0.003393356455489993
deltaprime_arbitrum_2024,deltaprime_arbitrum_2024__hn028,deltaprime_arbitrum_2024,hard_negative_mined,arbitrum,0,k_5,5,15,0.0719041278295605,0.0176991150442477,0.0629313369607529,0.0850766676274267,0.0442176610231399,0.0017156156245619,0.0442176610231399,0.0027688436675816,0.0136591102927923,0.0017156156245619,0.005095075815916,0.0027688436675816,0.0136591102927923,0.015023848041892,0.0017156156245619,0.0161143774769379,0.0152439024390243,0.024755919352173805
deltaprime_arbitrum_2024,deltaprime_arbitrum_2024__hn028,deltaprime_arbitrum_2024,hard_negative_mined,arbitrum,0,k_7,7,15,0.0719041278295605,0.0283185840707964,0.0712819640803929,0.2802502339008585,0.0963182970881462,0.0078090871684253,0.0963182970881462,0.0080875232815742,0.0978160724043846,0.0078090871684253,0.0318533852696418,0.0080875232815742,0.0978160724043846,0.0259622652083635,0.0078090871684253,0.0325519881447908,0.0198019801980198,0.006785701494663954
deltaprime_arbitrum_2024,deltaprime_arbitrum_2024__hn028,deltaprime_arbitrum_2024,hard_negative_mined,arbitrum,0,ratio_50,8,15,0.0719041278295605,0.0283185840707964,0.0734295925011638,0.2297024923939615,0.1215181201696395,0.005583175458014,0.1215181201696395,0.0037466913927346,0.1310779601335525,0.005583175458014,0.0299864150583744,0.0037466913927346,0.1310779601335525,0.0151644814759492,0.005583175458014,0.0278780339747444,0.0198019801980198,0.025985945016145706
deltaprime_arbitrum_2024,deltaprime_arbitrum_2024__hn028,deltaprime_arbitrum_2024,hard_negative_mined,arbitrum,0,ratio_75,12,15,0.0719041278295605,0.0371681415929203,0.0786741538684506,0.3505757784346081,0.1148769259452819,0.0040952805429697,0.1148769259452819,0.003490142757073,0.2702434062957763,0.0040952805429697,0.0122443949803709,0.003490142757073,0.2702434062957763,0.013905020430684,0.0040952805429697,0.0241507724322279,0.0152439024390243,0.002925233682617545
deltaprime_arbitrum_2024,deltaprime_arbitrum_2024__hn028,deltaprime_arbitrum_2024,hard_negative_mined,arbitrum,0,ratio_100,15,15,0.0719041278295605,0.047787610619469,0.080866367913356,0.3672279406854296,0.0242472607642412,0.0026061991229653,0.0242472607642412,0.0027743261307477,0.0333646573126316,0.0026061991229653,0.0033457693643867,0.0027743261307477,0.0333646573126316,0.0052984282374382,0.0026061991229653,0.0195787314329112,0.0152439024390243,0.004119310062378645
deltaprime_arbitrum_2024,deltaprime_arbitrum_2024__hn029,deltaprime_arbitrum_2024,hard_negative_mined,arbitrum,0,k_2,2,52,0.0719041278295605,0.0017699115044247,0.0902019819505292,0.2058823529411764,0.0999331176280975,0.5312194228172302,0.0999331176280975,0.2952860295772552,0.0359030291438102,0.5312194228172302,0.1684673726558685,0.2952860295772552,0.0359030291438102,0.3833312094211578,0.5312194228172302,0.2610750423891339,0.4204545454545454,0.4613494873046875
deltaprime_arbitrum_2024,deltaprime_arbitrum_2024__hn029,deltaprime_arbitrum_2024,hard_negative_mined,arbitrum,0,k_3,3,52,0.0719041278295605,0.0106194690265486,0.0902019819505292,0.4398477162679808,0.0149209285154938,0.0267103109508752,0.0149209285154938,0.0090731112286448,0.0104967355728149,0.0267103109508752,0.1351244002580642,0.0090731112286448,0.0104967355728149,0.0110888853669166,0.0267103109508752,0.0572781566177335,0.0555555555555555,0.024986660107970238
deltaprime_arbitrum_2024,deltaprime_arbitrum_2024__hn029,deltaprime_arbitrum_2024,hard_negative_mined,arbitrum,0,k_5,5,52,0.0719041278295605,0.0106194690265486,0.0927915226749838,0.5878045472261716,0.7184740304946899,0.955997884273529,0.7184740304946899,0.8828319311141968,0.6740739345550537,0.955997884273529,0.2989022433757782,0.8828319311141968,0.6740739345550537,0.8672140836715698,0.955997884273529,0.5883312464337065,0.5882352941176471,0.0062909843400120735
deltaprime_arbitrum_2024,deltaprime_arbitrum_2024__hn029,deltaprime_arbitrum_2024,hard_negative_mined,arbitrum,0,k_7,7,52,0.0719041278295605,0.0106194690265486,0.0920449189887396,0.6058795085491763,0.7512933611869812,0.9513711929321288,0.7512933611869812,0.9041361808776855,0.6967449188232422,0.9513711929321288,0.1997224688529968,0.9041361808776855,0.6967449188232422,0.8072705864906311,0.9513711929321288,0.5762676285764072,0.5882352941176471,0.1334543228149414
deltaprime_arbitrum_2024,deltaprime_arbitrum_2024__hn029,deltaprime_arbitrum_2024,hard_negative_mined,arbitrum,0,ratio_25,13,52,0.0719041278295605,0.015929203539823,0.0931957881141879,0.5508863364078224,0.8003567457199097,0.9601771831512452,0.8003567457199097,0.9076607823371888,0.7621924877166748,0.9601771831512452,0.3039432764053345,0.9076607823371888,0.7621924877166748,0.8948500752449036,0.9601771831512452,0.6002135751396441,0.5882352941176471,0.07017362117767334
deltaprime_arbitrum_2024,deltaprime_arbitrum_2024__hn029,deltaprime_arbitrum_2024,hard_negative_mined,arbitrum,0,ratio_50,26,52,0.0719041278295605,0.0460176991150442,0.0916878998037099,0.6184334955477281,0.9670788049697876,0.971140205860138,0.9670788049697876,0.9579979181289672,0.9295287132263184,0.971140205860138,0.2413022220134735,0.9579979181289672,0.9295287132263184,0.9356964230537416,0.971140205860138,0.637395831419122,0.5882352941176471,0.07224659621715546
deltaprime_arbitrum_2024,deltaprime_arbitrum_2024__hn029,deltaprime_arbitrum_2024,hard_negative_mined,arbitrum,0,ratio_75,39,52,0.0719041278295605,0.0690265486725663,0.0911901646376797,0.4498611493706622,0.7984727621078491,0.8838052749633789,0.7984727621078491,0.8822708129882812,0.8336058855056763,0.8838052749633789,0.2485417425632476,0.8822708129882812,0.8336058855056763,0.9127478003501892,0.8838052749633789,0.4651738479389245,0.4204545454545454,0.004355102311819792
deltaprime_arbitrum_2024,deltaprime_arbitrum_2024__hn029,deltaprime_arbitrum_2024,hard_negative_mined,arbitrum,0,ratio_100,52,52,0.0719041278295605,0.095575221238938,0.0919376822624061,0.2490608908706716,0.0036868616007268,0.0340618044137954,0.0036868616007268,0.0178790390491485,0.0166497696191072,0.0340618044137954,0.0472259670495986,0.0178790390491485,0.0166497696191072,0.0071383034810423,0.0340618044137954,0.0640302711152947,0.0986842105263157,0.9941310286521912
deltaprime_arbitrum_2024,deltaprime_arbitrum_2024__hn030,deltaprime_arbitrum_2024,hard_negative_mined,arbitrum,0,ratio_25,1,1,0.0719041278295605,0.0035398230088495,0.0139410733573669,0.0239491239783556,0.0060454248450696,0.0019901045598089,0.0060454248450696,0.002605419838801,0.0073127751238644,0.0019901045598089,0.0009808054892346,0.002605419838801,0.0073127751238644,0.0034594561439007,0.0019901045598089,0.0172686356807292,0.0152439024390243,0.011778691783547401
deltaprime_arbitrum_2024,deltaprime_arbitrum_2024__hn031,deltaprime_arbitrum_2024,hard_negative_mined,arbitrum,0,ratio_25,1,1,0.0719041278295605,0.0,0.0902019819505292,0.0,0.000102451267594,0.0001015696689137,0.000102451267594,0.0001246320898644,5.1217681175330654e-05,0.0001015696689137,0.0007684657466597,0.0001246320898644,5.1217681175330654e-05,8.04945666459389e-05,0.0001015696689137,0.0042776062631847,0.004040404040404,0.1290685087442398
deltaprime_arbitrum_2024,deltaprime_arbitrum_2024__hn032,deltaprime_arbitrum_2024,hard_negative_mined,arbitrum,0,k_2,2,17,0.0719041278295605,0.0,0.0902019819505292,0.1136189509618907,0.0015788640594109,0.0083267334848642,0.0015788640594109,0.0064871199429035,0.0039913831278681,0.0083267334848642,0.003825940657407,0.0064871199429035,0.0039913831278681,0.0043696202337741,0.0083267334848642,0.0335300683745819,0.0198019801980198,0.35394877195358276
deltaprime_arbitrum_2024,deltaprime_arbitrum_2024__hn032,deltaprime_arbitrum_2024,hard_negative_mined,arbitrum,0,k_3,3,17,0.0719041278295605,0.0,0.0902019819505292,0.0749091871855462,0.0330039225518703,0.0179126393049955,0.0330039225518703,0.0511699579656124,0.0212080348283052,0.0179126393049955,0.0920373648405075,0.0511699579656124,0.0212080348283052,0.0202475655823946,0.0179126393049955,0.0476905676163407,0.05,0.14395084977149963
deltaprime_arbitrum_2024,deltaprime_arbitrum_2024__hn032,deltaprime_arbitrum_2024,hard_negative_mined,arbitrum,0,ratio_25,5,17,0.0719041278295605,0.0088495575221238,0.0902019819505292,0.0386327842624012,0.0019290368072688,0.0803816244006156,0.0019290368072688,0.0786046236753463,0.0016302894800901,0.0803816244006156,0.0336982607841491,0.0786046236753463,0.0016302894800901,0.0310632642358541,0.0803816244006156,0.0951152219316227,0.0986842105263157,0.0064366664737463
deltaprime_arbitrum_2024,deltaprime_arbitrum_2024__hn032,deltaprime_arbitrum_2024,hard_negative_mined,arbitrum,0,k_7,7,17,0.0719041278295605,0.0088495575221238,0.0902019819505292,0.0496328585345343,0.0008280763868242,0.0304404534399509,0.0008280763868242,0.0267670601606369,0.0012860860442742,0.0304404534399509,0.0348021015524864,0.0267670601606369,0.0012860860442742,0.0130097959190607,0.0304404534399509,0.0608146216646242,0.0986842105263157,0.016279002651572227
deltaprime_arbitrum_2024,deltaprime_arbitrum_2024__hn032,deltaprime_arbitrum_2024,hard_negative_mined,arbitrum,0,ratio_50,9,17,0.0719041278295605,0.0106194690265486,0.0902019819505292,0.2211855461421027,0.0104139046743512,0.0577374920248985,0.0104139046743512,0.0479220449924469,0.008227514103055,0.0577374920248985,0.01212949026376,0.0479220449924469,0.008227514103055,0.0412572063505649,0.0577374920248985,0.0816013333413555,0.0986842105263157,0.014530129730701447
deltaprime_arbitrum_2024,deltaprime_arbitrum_2024__hn032,deltaprime_arbitrum_2024,hard_negative_mined,arbitrum,0,ratio_75,13,17,0.0719041278295605,0.0123893805309734,0.0902019819505292,0.2508111607543413,0.0891916826367378,0.03456562012434,0.0891916826367378,0.0227069184184074,0.0740038454532623,0.03456562012434,0.0026297036092728,0.0227069184184074,0.0740038454532623,0.0110580353066325,0.03456562012434,0.0644627755737682,0.0986842105263157,0.00018097925931215286
deltaprime_arbitrum_2024,deltaprime_arbitrum_2024__hn032,deltaprime_arbitrum_2024,hard_negative_mined,arbitrum,0,ratio_100,17,17,0.0719041278295605,0.0141592920353982,0.0902019819505292,0.0973389192690018,0.0008769935229793,0.0134681984782218,0.0008769935229793,0.0191496536135673,0.0010876008309423,0.0134681984782218,0.0055342693813145,0.0191496536135673,0.0010876008309423,0.0109040243551135,0.0134681984782218,0.0418374477264837,0.05,0.0001148431038018316
deltaprime_arbitrum_2024,deltaprime_arbitrum_2024__hn033,deltaprime_arbitrum_2024,hard_negative_mined,arbitrum,0,ratio_25,1,1,0.0719041278295605,0.0,0.0902019819505292,0.0,0.000102451267594,0.0001015696689137,0.000102451267594,0.0001246320898644,5.1217681175330654e-05,0.0001015696689137,0.0007684657466597,0.0001246320898644,5.1217681175330654e-05,8.04945666459389e-05,0.0001015696689137,0.0042776062631847,0.004040404040404,0.1290685087442398
deltaprime_arbitrum_2024,deltaprime_arbitrum_2024__hn035,deltaprime_arbitrum_2024,hard_negative_mined,arbitrum,0,ratio_25,1,2,0.0719041278295605,0.0035398230088495,0.0139410733573669,0.0,7.922404620330781e-05,1.8163407730753534e-05,7.922404620330781e-05,2.285308983118739e-05,5.1217681175330654e-05,1.8163407730753534e-05,6.0201247833902016e-05,2.285308983118739e-05,5.1217681175330654e-05,4.137870200793259e-05,1.8163407730753534e-05,0.001898905088145,0.0,0.011778691783547401
deltaprime_arbitrum_2024,deltaprime_arbitrum_2024__hn035,deltaprime_arbitrum_2024,hard_negative_mined,arbitrum,0,ratio_75,2,2,0.0719041278295605,0.0106194690265486,0.0360885439758395,0.0779280342879388,0.0053941369988024,0.0005918575916439,0.0053941369988024,0.0004167597799096,0.0140639040619134,0.0005918575916439,0.0080447131767869,0.0004167597799096,0.0140639040619134,0.0020006913691759,0.0005918575916439,0.0097964244263993,0.004040404040404,0.0008640049491077662
deltaprime_arbitrum_2024,deltaprime_arbitrum_2024__hn036,deltaprime_arbitrum_2024,hard_negative_mined,arbitrum,0,ratio_25,1,2,0.0719041278295605,0.0035398230088495,0.0139410733573669,0.0,8.023041300475597e-05,1.9621289538918063e-05,8.023041300475597e-05,2.285308983118739e-05,5.1217681175330654e-05,1.9621289538918063e-05,6.481476884800941e-05,2.285308983118739e-05,5.1217681175330654e-05,4.137870200793259e-05,1.9621289538918063e-05,0.0019694181757377,0.0,0.011778691783547401
deltaprime_arbitrum_2024,deltaprime_arbitrum_2024__hn036,deltaprime_arbitrum_2024,hard_negative_mined,arbitrum,0,ratio_75,2,2,0.0719041278295605,0.0106194690265486,0.0139410733573669,0.0523165485856803,0.0322432108223438,0.0012865798780694,0.0322432108223438,0.0028061820194125,0.0564371421933174,0.0012865798780694,0.0005237589939497,0.0028061820194125,0.0564371421933174,0.0065743816085159,0.0012865798780694,0.0140890457787011,0.0152439024390243,0.005601538345217705
deltaprime_arbitrum_2024,deltaprime_arbitrum_2024__hn037,deltaprime_arbitrum_2024,hard_negative_mined,arbitrum,0,ratio_25,1,1,0.0719041278295605,0.0035398230088495,0.0139410733573669,0.0,7.922404620330781e-05,1.8163407730753534e-05,7.922404620330781e-05,2.285308983118739e-05,5.1217681175330654e-05,1.8163407730753534e-05,6.0201247833902016e-05,2.285308983118739e-05,5.1217681175330654e-05,4.137870200793259e-05,1.8163407730753534e-05,0.001898905088145,0.0,0.011778691783547401
deltaprime_arbitrum_2024,deltaprime_arbitrum_2024__hn038,deltaprime_arbitrum_2024,hard_negative_mined,arbitrum,0,k_2,2,11,0.0719041278295605,0.0070796460176991,0.0902019819505292,0.2033380581156013,0.0199545379728078,0.0196053031831979,0.0199545379728078,0.0261206235736608,0.0091788815334439,0.0196053031831979,0.1438781768083572,0.0261206235736608,0.0091788815334439,0.0172467455267906,0.0196053031831979,0.0497073524623685,0.05,0.03407330438494682
deltaprime_arbitrum_2024,deltaprime_arbitrum_2024__hn038,deltaprime_arbitrum_2024,hard_negative_mined,arbitrum,0,ratio_25,3,11,0.0719041278295605,0.0070796460176991,0.0902019819505292,0.1624350930371482,0.0013936880277469,0.0145482746884226,0.0013936880277469,0.0204820428043603,0.0006530701066367,0.0145482746884226,0.0166764445602893,0.0204820428043603,0.0006530701066367,0.0016797913704067,0.0145482746884226,0.0433468270405081,0.05,0.0014688881346955895
deltaprime_arbitrum_2024,deltaprime_arbitrum_2024__hn038,deltaprime_arbitrum_2024,hard_negative_mined,arbitrum,0,k_5,5,11,0.0719041278295605,0.0141592920353982,0.0902019819505292,0.0755361837058999,0.0012473838869482,0.0034611597657203,0.0012473838869482,0.0094543620944023,0.0002659955935087,0.0034611597657203,0.0034841145388782,0.0094543620944023,0.0002659955935087,0.0009163839858956,0.0034611597657203,0.0223376040474311,0.0152439024390243,0.029144279658794403
deltaprime_arbitrum_2024,deltaprime_arbitrum_2024__hn038,deltaprime_arbitrum_2024,hard_negative_mined,arbitrum,0,ratio_50,6,11,0.0719041278295605,0.0212389380530973,0.0902019819505292,0.0593855131049485,0.0149327628314495,0.0264877993613481,0.0149327628314495,0.0721121430397033,0.0042684753425419,0.0264877993613481,0.0048385672271251,0.0721121430397033,0.0042684753425419,0.0102667324244976,0.0264877993613481,0.0570589803290543,0.0555555555555555,0.1409108191728592
deltaprime_arbitrum_2024,deltaprime_arbitrum_2024__hn038,deltaprime_arbitrum_2024,hard_negative_mined,arbitrum,0,k_7,7,11,0.0719041278295605,0.0212389380530973,0.0902019819505292,0.0594471463869208,0.0130671123042702,0.0300775729119777,0.0130671123042702,0.0535730272531509,0.0039029577746987,0.0300775729119777,0.0048385672271251,0.0535730272531509,0.0039029577746987,0.0108058983460068,0.0300775729119777,0.0604812664763126,0.0986842105263157,0.00751818111166358
deltaprime_arbitrum_2024,deltaprime_arbitrum_2024__hn038,deltaprime_arbitrum_2024,hard_negative_mined,arbitrum,0,ratio_75,9,11,0.0719041278295605,0.0212389380530973,0.0902019819505292,0.0280369394324112,0.0002085115702357,0.000250974931987,0.0002085115702357,0.0005255705327726,8.943415014073253e-05,0.000250974931987,0.0370437353849411,0.0005255705327726,8.943415014073253e-05,0.00035135820508,0.000250974931987,0.0065482850552563,0.004040404040404,0.0001637548703001812
deltaprime_arbitrum_2024,deltaprime_arbitrum_2024__hn038,deltaprime_arbitrum_2024,hard_negative_mined,arbitrum,0,ratio_100,11,11,0.0719041278295605,0.0212389380530973,0.0902019819505292,0.0274572292874837,0.0004495572939049,0.0002409744047326,0.0004495572939049,0.0009556340519338,0.0001473839802201,0.0002409744047326,0.0630253404378891,0.0009556340519338,0.0001473839802201,0.0004980806261301,0.0002409744047326,0.0064242737943356,0.004040404040404,0.0069208587519824505
deltaprime_arbitrum_2024,deltaprime_arbitrum_2024__hn040,deltaprime_arbitrum_2024,hard_negative_mined,arbitrum,0,ratio_25,1,4,0.0719041278295605,0.0035398230088495,0.0139410733573669,0.0033594171613599,0.0006430859211832,7.487407128792256e-05,0.0006430859211832,7.303429447347298e-05,0.0005497762467712,7.487407128792256e-05,9.457330452278256e-05,7.303429447347298e-05,0.0005497762467712,0.0001791637332644,7.487407128792256e-05,0.0037049603495963,0.004040404040404,0.011778691783547401
deltaprime_arbitrum_2024,deltaprime_arbitrum_2024__hn040,deltaprime_arbitrum_2024,hard_negative_mined,arbitrum,0,ratio_50,2,4,0.0719041278295605,0.0123893805309734,0.0360885439758395,0.1896597143913722,0.0021292909514158,1.9860774045810103e-05,0.0021292909514158,2.811805097735487e-05,0.0026696342974901,1.9860774045810103e-05,0.0102257104590535,2.811805097735487e-05,0.0026696342974901,0.0002507914614398,1.9860774045810103e-05,0.0019807330824859,0.0,0.0003152249555569142
deltaprime_arbitrum_2024,deltaprime_arbitrum_2024__hn040,deltaprime_arbitrum_2024,hard_negative_mined,arbitrum,0,ratio_75,3,4,0.0719041278295605,0.0141592920353982,0.0492469750442717,0.1076107156912913,0.0068592121824622,8.204526966437697e-05,0.0068592121824622,0.0001554387999931,0.0006325680878944,8.204526966437697e-05,0.061294812709093,0.0001554387999931,0.0006325680878944,0.0008142727310769,8.204526966437697e-05,0.0038681978354896,0.004040404040404,0.0012340494431555271
deltaprime_arbitrum_2024,deltaprime_arbitrum_2024__hn040,deltaprime_arbitrum_2024,hard_negative_mined,arbitrum,0,ratio_100,4,4,0.0719041278295605,0.015929203539823,0.0360885439758395,0.0597158104610203,0.0008203591569326,3.8018828490749e-05,0.0008203591569326,5.0965496484423056e-05,0.0010752036469057,3.8018828490749e-05,0.0247524268925189,5.0965496484423056e-05,0.0010752036469057,0.00035764783388,3.8018828490749e-05,0.0026912371830707,0.0,0.0035348699893802404
deltaprime_arbitrum_2024,deltaprime_arbitrum_2024__hn041,deltaprime_arbitrum_2024,hard_negative_mined,arbitrum,0,ratio_25,2,6,0.0719041278295605,0.0,0.0902019819505292,0.243938093043354,0.0030442813877016,0.0047683110460639,0.0030442813877016,0.0152027998119592,0.0005674930871464,0.0047683110460639,0.0078029721044003,0.0152027998119592,0.0005674930871464,0.004323982167989,0.0047683110460639,0.0259149728764355,0.0152439024390243,0.4613494873046875
deltaprime_arbitrum_2024,deltaprime_arbitrum_2024__hn041,deltaprime_arbitrum_2024,hard_negative_mined,arbitrum,0,ratio_50,3,6,0.0719041278295605,0.0070796460176991,0.0902019819505292,0.2349103152655762,0.0026147705502808,0.0040220580995082,0.0026147705502808,0.0125874616205692,0.0012900449801236,0.0040220580995082,0.0032846622634679,0.0125874616205692,0.0012900449801236,0.0025821086019277,0.0040220580995082,0.0239495911937112,0.0152439024390243,0.7593814730644226
deltaprime_arbitrum_2024,deltaprime_arbitrum_2024__hn041,deltaprime_arbitrum_2024,hard_negative_mined,arbitrum,0,ratio_75,5,6,0.0719041278295605,0.0070796460176991,0.0902019819505292,0.0009042553191489,0.0003352884377818,0.0005074181244708,0.0003352884377818,0.0004502372466959,0.0001669602206675,0.0005074181244708,0.0017398636555299,0.0004502372466959,0.0001669602206675,0.0003313064225949,0.0005074181244708,0.0091141923924854,0.004040404040404,0.04197290912270546
deltaprime_arbitrum_2024,deltaprime_arbitrum_2024__hn041,deltaprime_arbitrum_2024,hard_negative_mined,arbitrum,0,ratio_100,6,6,0.0719041278295605,0.0070796460176991,0.0902019819505292,0.0,0.0002258588792756,0.0002677154843695,0.0002258588792756,0.0003013377427123,0.0001359795278403,0.0002677154843695,0.0017398636555299,0.0003013377427123,0.0001359795278403,0.0002468470775056,0.0002677154843695,0.0067501215647145,0.004040404040404,0.00783342495560646
deltaprime_arbitrum_2024,deltaprime_arbitrum_2024__hn042,deltaprime_arbitrum_2024,hard_negative_mined,arbitrum,0,ratio_25,1,1,0.0719041278295605,0.0035398230088495,0.0139410733573669,0.0,0.000102451267594,1.9621289538918063e-05,0.000102451267594,2.285308983118739e-05,5.1217681175330654e-05,1.9621289538918063e-05,6.818804831709713e-05,2.285308983118739e-05,5.1217681175330654e-05,4.137870200793259e-05,1.9621289538918063e-05,0.0019694181757377,0.0,0.011778691783547401
deltaprime_arbitrum_2024,deltaprime_arbitrum_2024__hn043,deltaprime_arbitrum_2024,hard_negative_mined,arbitrum,0,ratio_25,1,3,0.0719041278295605,0.0,0.0902019819505292,0.0,0.000102451267594,0.0001015696689137,0.000102451267594,0.0001246320898644,5.1217681175330654e-05,0.0001015696689137,0.0007684657466597,0.0001246320898644,5.1217681175330654e-05,8.04945666459389e-05,0.0001015696689137,0.0042776062631847,0.004040404040404,0.1290685087442398
deltaprime_arbitrum_2024,deltaprime_arbitrum_2024__hn043,deltaprime_arbitrum_2024,hard_negative_mined,arbitrum,0,ratio_50,2,3,0.0719041278295605,0.0,0.0902019819505292,0.108572143821998,0.0009020370198413,0.0033773393370211,0.0009020370198413,0.0069299987517297,0.0003436316910665,0.0033773393370211,0.0484721362590789,0.0069299987517297,0.0003436316910665,0.005050977692008,0.0033773393370211,0.0220848217957917,0.0152439024390243,0.0006007622578181326
deltaprime_arbitrum_2024,deltaprime_arbitrum_2024__hn043,deltaprime_arbitrum_2024,hard_negative_mined,arbitrum,0,ratio_75,3,3,0.0719041278295605,0.0070796460176991,0.0902019819505292,0.0589213697836318,0.0003265960840508,0.0014065450523048,0.0003265960840508,0.0012332528131082,0.0012707288842648,0.0014065450523048,0.0094764968380332,0.0012332528131082,0.0012707288842648,0.0021415948867797,0.0014065450523048,0.0146879621051209,0.0152439024390243,0.0009964240016415715
deltaprime_arbitrum_2024,deltaprime_arbitrum_2024__hn044,deltaprime_arbitrum_2024,hard_negative_mined,arbitrum,0,k_2,2,54,0.0719041278295605,0.0106194690265486,0.0360885439758395,0.1818772215100436,0.0419129244983196,0.0059446212835609,0.0419129244983196,0.0072662746533751,0.0228235833346843,0.0059446212835609,0.0252043046057224,0.0072662746533751,0.0228235833346843,0.0136092249304056,0.0059446212835609,0.0286985729988919,0.0198019801980198,0.1140187531709671
deltaprime_arbitrum_2024,deltaprime_arbitrum_2024__hn044,deltaprime_arbitrum_2024,hard_negative_mined,arbitrum,0,k_3,3,54,0.0719041278295605,0.0123893805309734,0.0492469750442717,0.5408101872035244,0.7772553563117981,0.3345576822757721,0.7772553563117981,0.7624678015708923,0.101495936512947,0.3345576822757721,0.0619615539908409,0.7624678015708923,0.101495936512947,0.2955887913703918,0.3345576822757721,0.1938921592528527,0.1333333333333333,0.5456193089485168
deltaprime_arbitrum_2024,deltaprime_arbitrum_2024__hn044,deltaprime_arbitrum_2024,hard_negative_mined,arbitrum,0,k_5,5,54,0.0719041278295605,0.0212389380530973,0.0629313369607529,0.7135183149316685,0.8648834824562073,0.8683041334152222,0.8648834824562073,0.8559925556182861,0.7547288537025452,0.8683041334152222,0.0863542258739471,0.8559925556182861,0.7547288537025452,0.800895094871521,0.8683041334152222,0.4483955687553035,0.4204545454545454,0.7479444146156311
deltaprime_arbitrum_2024,deltaprime_arbitrum_2024__hn044,deltaprime_arbitrum_2024,hard_negative_mined,arbitrum,0,k_7,7,54,0.0719041278295605,0.0212389380530973,0.0712819640803929,0.7110482273055606,0.9023250341415404,0.9038920402526855,0.9023250341415404,0.9464941024780272,0.795610249042511,0.9038920402526855,0.1665945351123809,0.9464941024780272,0.795610249042511,0.7187202572822571,0.9038920402526855,0.4902277052321625,0.4204545454545454,0.6006942987442017
deltaprime_arbitrum_2024,deltaprime_arbitrum_2024__hn044,deltaprime_arbitrum_2024,hard_negative_mined,arbitrum,0,ratio_25,14,54,0.0719041278295605,0.0265486725663716,0.0818920160094795,0.7200806172983589,0.8915044069290161,0.8070881366729736,0.8915044069290161,0.8967978954315186,0.917681097984314,0.8070881366729736,0.1477377861738205,0.8967978954315186,0.917681097984314,0.8223592638969421,0.8070881366729736,0.3959498337330165,0.4204545454545454,0.6867102980613708
deltaprime_arbitrum_2024,deltaprime_arbitrum_2024__hn044,deltaprime_arbitrum_2024,hard_negative_mined,arbitrum,0,ratio_50,27,54,0.0719041278295605,0.0566371681415929,0.0858023378318312,0.8032782993548198,0.9933592677116394,0.9469002485275269,0.9933592677116394,0.9443160891532898,0.9947322607040404,0.9469002485275269,0.1801946461200714,0.9443160891532898,0.9947322607040404,0.7715286016464233,0.9469002485275269,0.5655269903326859,0.5882352941176471,0.04954434186220169
deltaprime_arbitrum_2024,deltaprime_arbitrum_2024__hn044,deltaprime_arbitrum_2024,hard_negative_mined,arbitrum,0,ratio_75,41,54,0.0719041278295605,0.0814159292035398,0.0872823475690068,0.6710414077714719,0.9932445883750916,0.9139622449874878,0.9932445883750916,0.942136287689209,0.9866876006126404,0.9139622449874878,0.1406152695417404,0.942136287689209,0.9866876006126404,0.7590653896331787,0.9139622449874878,0.5046298599931698,0.4204545454545454,0.020971382036805153
deltaprime_arbitrum_2024,deltaprime_arbitrum_2024__hn044,deltaprime_arbitrum_2024,hard_negative_mined,arbitrum,0,ratio_100,54,54,0.0719041278295605,0.1079646017699115,0.0889075519366302,0.518064388038961,0.0553959980607032,0.1134098097681999,0.0553959980607032,0.1061319187283515,0.0898189842700958,0.1134098097681999,0.1381637752056121,0.1061319187283515,0.0898189842700958,0.021277017891407,0.1134098097681999,0.111794463940808,0.0986842105263157,0.9920835494995117
deltaprime_arbitrum_2024,deltaprime_arbitrum_2024__hn045,deltaprime_arbitrum_2024,hard_negative_mined,arbitrum,0,ratio_25,1,1,0.0719041278295605,0.0035398230088495,0.0139410733573669,0.0,7.922404620330781e-05,1.8163407730753534e-05,7.922404620330781e-05,2.285308983118739e-05,5.1217681175330654e-05,1.8163407730753534e-05,6.0201247833902016e-05,2.285308983118739e-05,5.1217681175330654e-05,4.137870200793259e-05,1.8163407730753534e-05,0.001898905088145,0.0,0.011778691783547401
deltaprime_arbitrum_2024,deltaprime_arbitrum_2024__hn046,deltaprime_arbitrum_2024,hard_negative_mined,arbitrum,0,ratio_25,1,1,0.0719041278295605,0.0035398230088495,0.0139410733573669,0.0239491239783556,0.0064061279408633,0.0011336694005876,0.0064061279408633,0.0018175547011196,0.0056286021135747,0.0011336694005876,0.0008170829387381,0.0018175547011196,0.0056286021135747,0.0019756122492253,0.0011336694005876,0.0132802453984817,0.0152439024390243,0.011778691783547401
deltaprime_arbitrum_2024,deltaprime_arbitrum_2024__hn047,deltaprime_arbitrum_2024,hard_negative_mined,arbitrum,0,k_2,2,14,0.0719041278295605,0.0017699115044247,0.0902019819505292,0.2272385150155623,0.0016136481426656,0.0355927981436252,0.0016136481426656,0.0078749815002083,0.0028539299964904,0.0355927981436252,0.0686268880963325,0.0078749815002083,0.0028539299964904,0.03089508600533,0.0355927981436252,0.0653341945131509,0.0986842105263157,0.7076795101165771
deltaprime_arbitrum_2024,deltaprime_arbitrum_2024__hn047,deltaprime_arbitrum_2024,hard_negative_mined,arbitrum,0,k_3,3,14,0.0719041278295605,0.0106194690265486,0.09455477317685,0.1687493131934241,0.0378728136420249,0.3311786353588104,0.0378728136420249,0.3104346096515655,0.0850741937756538,0.3311786353588104,0.067050963640213,0.3104346096515655,0.0850741937756538,0.0781764909625053,0.3311786353588104,0.192769329019598,0.1333333333333333,0.835358738899231
deltaprime_arbitrum_2024,deltaprime_arbitrum_2024__hn047,deltaprime_arbitrum_2024,hard_negative_mined,arbitrum,0,ratio_25,4,14,0.0719041278295605,0.0106194690265486,0.0968009934997783,0.1035194136344032,0.001012836000882,0.0282771009951829,0.001012836000882,0.0140223428606987,0.0062033203430473,0.0282771009951829,0.0082558998838067,0.0140223428606987,0.0062033203430473,0.0090904301032423,0.0282771009951829,0.0587942111171583,0.0555555555555555,0.8860303163528442
deltaprime_arbitrum_2024,deltaprime_arbitrum_2024__hn047,deltaprime_arbitrum_2024,hard_negative_mined,arbitrum,0,k_5,5,14,0.0719041278295605,0.0106194690265486,0.0981714891020104,0.1821974941507603,0.0628825277090072,0.3381740748882293,0.0628825277090072,0.2885699272155761,0.0738158077001571,0.3381740748882293,0.0161878671497106,0.2885699272155761,0.0738158077001571,0.1071920171380043,0.3381740748882293,0.195093082265028,0.1333333333333333,0.5124446749687195
deltaprime_arbitrum_2024,deltaprime_arbitrum_2024__hn047,deltaprime_arbitrum_2024,hard_negative_mined,arbitrum,0,ratio_50,7,14,0.0719041278295605,0.0106194690265486,0.0997589191093798,0.2700743019395941,0.200687900185585,0.2132969200611114,0.200687900185585,0.2155440002679824,0.1065467521548271,0.2132969200611114,0.0045170383527874,0.2155440002679824,0.1065467521548271,0.0384334810078144,0.2132969200611114,0.1522449541617984,0.0986842105263157,0.3213752806186676
deltaprime_arbitrum_2024,deltaprime_arbitrum_2024__hn047,deltaprime_arbitrum_2024,hard_negative_mined,arbitrum,0,ratio_75,11,14,0.0719041278295605,0.0141592920353982,0.0999407461318955,0.1300082607106917,0.0030723130330443,0.0225854311138391,0.0030723130330443,0.0260837338864803,0.01075866445899,0.0225854311138391,0.0020322410855442,0.0260837338864803,0.01075866445899,0.005272886250168,0.0225854311138391,0.0530393945101532,0.05,0.0030900444835424423
deltaprime_arbitrum_2024,deltaprime_arbitrum_2024__hn047,deltaprime_arbitrum_2024,hard_negative_mined,arbitrum,0,ratio_100,14,14,0.0719041278295605,0.015929203539823,0.0987641202588374,0.0872106307626398,0.0005353162414394,0.0254699941724538,0.0005353162414394,0.0126001862809062,0.0035037414636462,0.0254699941724538,0.007441050838679,0.0126001862809062,0.0035037414636462,0.0142615279182791,0.0254699941724538,0.0560434693851056,0.0555555555555555,0.001154394936747849
deltaprime_arbitrum_2024,deltaprime_arbitrum_2024__hn048,deltaprime_arbitrum_2024,hard_negative_mined,arbitrum,0,k_2,2,34,0.0719041278295605,0.0,0.0902019819505292,0.136619798537313,0.0045651472173631,0.0085905930027365,0.0045651472173631,0.0085530402138829,0.0022195354104042,0.0085905930027365,0.0069194170646369,0.0085530402138829,0.0022195354104042,0.0092094577848911,0.0085905930027365,0.0340158507699084,0.0198019801980198,0.35394877195358276
deltaprime_arbitrum_2024,deltaprime_arbitrum_2024__hn048,deltaprime_arbitrum_2024,hard_negative_mined,arbitrum,0,k_3,3,34,0.0719041278295605,0.0017699115044247,0.0902019819505292,0.29982974029985,0.0113567654043436,0.0781142637133598,0.0113567654043436,0.0259842686355114,0.0239539165049791,0.0781142637133598,0.0899308398365974,0.0259842686355114,0.0239539165049791,0.0511145293712616,0.0781142637133598,0.0938572223030296,0.0986842105263157,0.004690077621489763
deltaprime_arbitrum_2024,deltaprime_arbitrum_2024__hn048,deltaprime_arbitrum_2024,hard_negative_mined,arbitrum,0,k_5,5,34,0.0719041278295605,0.0123893805309734,0.0902019819505292,0.5303740317589462,0.1361124366521835,0.5574251413345337,0.1361124366521835,0.4606151580810547,0.0969175174832344,0.5574251413345337,0.2829181551933288,0.4606151580810547,0.0969175174832344,0.6441043019294739,0.5574251413345337,0.2708358321612152,0.4204545454545454,0.023504341021180153
deltaprime_arbitrum_2024,deltaprime_arbitrum_2024__hn048,deltaprime_arbitrum_2024,hard_negative_mined,arbitrum,0,k_7,7,34,0.0719041278295605,0.0141592920353982,0.0902019819505292,0.5848996300886714,0.5206613540649414,0.6123838424682617,0.5206613540649414,0.6973233222961426,0.4158820807933807,0.6123838424682617,0.5234445333480835,0.6973233222961426,0.4158820807933807,0.7452927827835083,0.6123838424682617,0.2925240573541268,0.4204545454545454,0.003065581666305661
deltaprime_arbitrum_2024,deltaprime_arbitrum_2024__hn048,deltaprime_arbitrum_2024,hard_negative_mined,arbitrum,0,ratio_25,9,34,0.0719041278295605,0.0176991150442477,0.0902019819505292,0.6766508978633757,0.6481432914733887,0.7540284395217896,0.6481432914733887,0.8495790958404541,0.7874863147735596,0.7540284395217896,0.3118045330047607,0.8495790958404541,0.7874863147735596,0.7951109409332275,0.7540284395217896,0.3613488122197519,0.4204545454545454,0.06218773499131203
deltaprime_arbitrum_2024,deltaprime_arbitrum_2024__hn048,deltaprime_arbitrum_2024,hard_negative_mined,arbitrum,0,ratio_50,17,34,0.0719041278295605,0.0300884955752212,0.0902019819505292,0.5615450080366127,0.8348658084869385,0.799596905708313,0.8348658084869385,0.8102177977561951,0.8511579036712646,0.799596905708313,0.3283946514129638,0.8102177977561951,0.8511579036712646,0.7343405485153198,0.799596905708313,0.3905959051216439,0.4204545454545454,0.01679777167737484
deltaprime_arbitrum_2024,deltaprime_arbitrum_2024__hn048,deltaprime_arbitrum_2024,hard_negative_mined,arbitrum,0,ratio_75,26,34,0.0719041278295605,0.0407079646017699,0.0902019819505292,0.3857557353059693,0.5171747803688049,0.8285201787948608,0.5171747803688049,0.7312838435173035,0.4832715392112732,0.8285201787948608,0.2351779192686081,0.7312838435173035,0.4832715392112732,0.8268080949783325,0.8285201787948608,0.4123530681914004,0.4204545454545454,0.0207842905074358
deltaprime_arbitrum_2024,deltaprime_arbitrum_2024__hn048,deltaprime_arbitrum_2024,hard_negative_mined,arbitrum,0,ratio_100,34,34,0.0719041278295605,0.0513274336283185,0.0902019819505292,0.4753638074712964,0.0141018154099583,0.2070460021495819,0.0141018154099583,0.1554197072982788,0.042668730020523,0.2070460021495819,0.0670784711837768,0.1554197072982788,0.042668730020523,0.2638331651687622,0.2070460021495819,0.1499594202780633,0.0986842105263157,0.0011600499274209142
deltaprime_arbitrum_2024,deltaprime_arbitrum_2024__hn051,deltaprime_arbitrum_2024,hard_negative_mined,arbitrum,0,k_2,2,15,0.0719041278295605,0.0106194690265486,0.0139410733573669,0.1578620598889719,0.0029992484487593,0.0002097564574796,0.0029992484487593,0.0002503482974134,0.0059466222301125,0.0002097564574796,0.0001802524930099,0.0002503482974134,0.0059466222301125,0.0019330685026943,0.0002097564574796,0.0060184493280257,0.004040404040404,0.005601538345217705
deltaprime_arbitrum_2024,deltaprime_arbitrum_2024__hn051,deltaprime_arbitrum_2024,hard_negative_mined,arbitrum,0,k_3,3,15,0.0719041278295605,0.0106194690265486,0.0139410733573669,0.1033009785178104,0.0042956639081239,0.0001688408519839,0.0042956639081239,0.0001378169690724,0.0038833124563097,0.0001688408519839,8.489705214742571e-05,0.0001378169690724,0.0038833124563097,0.0014882164541631,0.0001688408519839,0.0054342805231259,0.004040404040404,0.0024610385298728943
deltaprime_arbitrum_2024,deltaprime_arbitrum_2024__hn051,deltaprime_arbitrum_2024,hard_negative_mined,arbitrum,0,ratio_25,4,15,0.0719041278295605,0.0106194690265486,0.0139410733573669,0.0611294642857142,0.0001609308237675,3.05185531033203e-05,0.0001609308237675,3.739367093658075e-05,0.0001199786056531,3.05185531033203e-05,0.0001187698435387,3.739367093658075e-05,0.0001199786056531,0.0001769802183844,3.05185531033203e-05,0.0024261084016169,0.0,0.001504071056842804
deltaprime_arbitrum_2024,deltaprime_arbitrum_2024__hn051,deltaprime_arbitrum_2024,hard_negative_mined,arbitrum,0,k_5,5,15,0.0719041278295605,0.0106194690265486,0.0139410733573669,0.0220703463203463,0.00097089324845,8.711210830369964e-05,0.00097089324845,0.0002110510104103,0.001990448217839,8.711210830369964e-05,7.886615640018135e-05,0.0002110510104103,0.001990448217839,0.0007044955855235,8.711210830369964e-05,0.0039790125793413,0.004040404040404,0.0014059063978493214
deltaprime_arbitrum_2024,deltaprime_arbitrum_2024__hn051,deltaprime_arbitrum_2024,hard_negative_mined,arbitrum,0,k_7,7,15,0.0719041278295605,0.0106194690265486,0.0139410733573669,0.0139393939393939,0.0017979668918997,7.64139331295155e-05,0.0017979668918997,0.000241867499426,0.0026205023750662,7.64139331295155e-05,7.886615640018135e-05,0.000241867499426,0.0026205023750662,0.0005132319638505,7.64139331295155e-05,0.003740688463763,0.004040404040404,0.0008202950702980161
deltaprime_arbitrum_2024,deltaprime_arbitrum_2024__hn051,deltaprime_arbitrum_2024,hard_negative_mined,arbitrum,0,ratio_50,8,15,0.0719041278295605,0.0106194690265486,0.0139410733573669,0.0339393939393939,0.0017979668918997,8.721942140255123e-05,0.0017979668918997,0.000241867499426,0.0026205023750662,8.721942140255123e-05,7.886615640018135e-05,0.000241867499426,0.0026205023750662,0.0005132319638505,8.721942140255123e-05,0.0039813220879237,0.004040404040404,0.0007403881172649562
deltaprime_arbitrum_2024,deltaprime_arbitrum_2024__hn051,deltaprime_arbitrum_2024,hard_negative_mined,arbitrum,0,ratio_75,12,15,0.0719041278295605,0.0106194690265486,0.0139410733573669,0.0339393939393939,0.0017979668918997,6.631210271734744e-05,0.0017979668918997,0.0002015061618294,0.0026205023750662,6.631210271734744e-05,0.0001187698435387,0.0002015061618294,0.0026205023750662,0.0003090228710789,6.631210271734744e-05,0.0034987909013178,0.004040404040404,0.0007043905206955969
deltaprime_arbitrum_2024,deltaprime_arbitrum_2024__hn051,deltaprime_arbitrum_2024,hard_negative_mined,arbitrum,0,ratio_100,15,15,0.0719041278295605,0.0106194690265486,0.0139410733573669,0.0582976827094474,0.0003716916544362,5.401026282925159e-05,0.0003716916544362,0.0003113416023552,0.0012376438826322,5.401026282925159e-05,8.227835496654734e-05,0.0003113416023552,0.0012376438826322,0.0002845363924279,5.401026282925159e-05,0.0031760692031953,0.004040404040404,0.0006634355522692204
deltaprime_arbitrum_2024,deltaprime_arbitrum_2024__hn052,deltaprime_arbitrum_2024,hard_negative_mined,arbitrum,0,k_2,2,34,0.0719041278295605,0.0,0.0902019819505292,0.4082293646458082,0.0229232236742973,0.0478152446448802,0.0229232236742973,0.132563903927803,0.0058179954066872,0.0478152446448802,0.0204927623271942,0.132563903927803,0.0058179954066872,0.0280694477260112,0.0478152446448802,0.0748159233360103,0.0986842105263157,0.4613494873046875
deltaprime_arbitrum_2024,deltaprime_arbitrum_2024__hn052,deltaprime_arbitrum_2024,hard_negative_mined,arbitrum,0,k_3,3,34,0.0719041278295605,0.0088495575221238,0.0902019819505292,0.2369333471279862,0.0328810773789882,0.0966921746730804,0.0328810773789882,0.0496742203831672,0.0167326647788286,0.0966921746730804,0.0478747338056564,0.0496742203831672,0.0167326647788286,0.0808297991752624,0.0966921746730804,0.1036940643135988,0.0986842105263157,0.8881573677062988
deltaprime_arbitrum_2024,deltaprime_arbitrum_2024__hn052,deltaprime_arbitrum_2024,hard_negative_mined,arbitrum,0,k_5,5,34,0.0719041278295605,0.0106194690265486,0.0902019819505292,0.2979867641592539,0.0025876013096421,0.0180234741419553,0.0025876013096421,0.0058233016170561,0.0061179404146969,0.0180234741419553,0.0163478627800941,0.0058233016170561,0.0061179404146969,0.0161175224930048,0.0180234741419553,0.0478257284786228,0.05,0.5373353362083435
deltaprime_arbitrum_2024,deltaprime_arbitrum_2024__hn052,deltaprime_arbitrum_2024,hard_negative_mined,arbitrum,0,k_7,7,34,0.0719041278295605,0.0106194690265486,0.0902019819505292,0.3686615091205441,0.0031163089442998,0.0217939298599958,0.0031163089442998,0.0106327896937727,0.0113930255174636,0.0217939298599958,0.0456354916095733,0.0106327896937727,0.0113930255174636,0.0204521398991346,0.0217939298599958,0.0521790381701734,0.05,0.7552242279052734
deltaprime_arbitrum_2024,deltaprime_arbitrum_2024__hn052,deltaprime_arbitrum_2024,hard_negative_mined,arbitrum,0,ratio_25,9,34,0.0719041278295605,0.0141592920353982,0.0902019819505292,0.3399897029431594,0.0192116443067789,0.041720163077116,0.0192116443067789,0.0944321081042289,0.0307378061115741,0.041720163077116,0.2683247327804565,0.0944321081042289,0.0307378061115741,0.0542495101690292,0.041720163077116,0.0702731657656404,0.0986842105263157,0.8701111674308777
deltaprime_arbitrum_2024,deltaprime_arbitrum_2024__hn052,deltaprime_arbitrum_2024,hard_negative_mined,arbitrum,0,ratio_50,17,34,0.0719041278295605,0.0424778761061946,0.0909567784636211,0.301489668511291,0.0009896928677335,0.00342832156457,0.0009896928677335,0.0057697989977896,0.0038279332220554,0.00342832156457,0.0055582234635949,0.0057697989977896,0.0038279332220554,0.0013200332177802,0.00342832156457,0.0222389722086727,0.0152439024390243,0.9566115736961365
deltaprime_arbitrum_2024,deltaprime_arbitrum_2024__hn052,deltaprime_arbitrum_2024,hard_negative_mined,arbitrum,0,ratio_75,26,34,0.0719041278295605,0.0601769911504424,0.0851690980231892,0.2501491356187716,0.0004656371893361,0.006375310011208,0.0004656371893361,0.00443682866171,0.0005272119888104,0.006375310011208,0.007145291659981,0.00443682866171,0.0005272119888104,0.0005686723743565,0.006375310011208,0.0296415343514173,0.0198019801980198,0.9530114531517029
deltaprime_arbitrum_2024,deltaprime_arbitrum_2024__hn052,deltaprime_arbitrum_2024,hard_negative_mined,arbitrum,0,ratio_100,34,34,0.0719041278295605,0.1026548672566371,0.0783700773169947,0.2809023983663782,0.0059265275485813,0.010007781907916,0.0059265275485813,0.0100921299308538,0.0024174880236387,0.010007781907916,0.0411967411637306,0.0100921299308538,0.0024174880236387,0.0022189568262547,0.010007781907916,0.036495257012693,0.0198019801980198,0.9967149496078491
deltaprime_arbitrum_2024,deltaprime_arbitrum_2024__hn053,deltaprime_arbitrum_2024,hard_negative_mined,arbitrum,0,k_2,2,16,0.0719041278295605,0.0,0.0902019819505292,0.1575042221629843,0.6116806864738464,0.2655569612979889,0.6116806864738464,0.519519567489624,0.2023083269596099,0.2655569612979889,0.0716418102383613,0.519519567489624,0.2023083269596099,0.0700137764215469,0.2655569612979889,0.1706698706813508,0.1333333333333333,0.0031091636046767235
deltaprime_arbitrum_2024,deltaprime_arbitrum_2024__hn053,deltaprime_arbitrum_2024,hard_negative_mined,arbitrum,0,k_3,3,16,0.0719041278295605,0.0070796460176991,0.0902019819505292,0.1093864674852901,0.0703072175383567,0.2481463104486465,0.0703072175383567,0.2607737779617309,0.1478377133607864,0.2481463104486465,0.0154797285795211,0.2607737779617309,0.1478377133607864,0.1711659431457519,0.2481463104486465,0.1646459648553924,0.1333333333333333,0.005968215875327587
deltaprime_arbitrum_2024,deltaprime_arbitrum_2024__hn053,deltaprime_arbitrum_2024,hard_negative_mined,arbitrum,0,ratio_25,4,16,0.0719041278295605,0.0141592920353982,0.0902019819505292,0.0911237952579255,0.0977586656808853,0.0847386941313743,0.0977586656808853,0.2194602638483047,0.0373111963272094,0.0847386941313743,0.0460211411118507,0.2194602638483047,0.0373111963272094,0.0125718433409929,0.0847386941313743,0.0974842721587544,0.0986842105263157,0.026525160297751427
deltaprime_arbitrum_2024,deltaprime_arbitrum_2024__hn053,deltaprime_arbitrum_2024,hard_negative_mined,arbitrum,0,k_5,5,16,0.0719041278295605,0.0141592920353982,0.0902019819505292,0.1467821919234139,0.2695971727371216,0.5102216005325317,0.2695971727371216,0.7012527585029602,0.1173680201172828,0.5102216005325317,0.0460211411118507,0.7012527585029602,0.1173680201172828,0.2102808952331543,0.5102216005325317,0.2534674420313326,0.4204545454545454,0.048648901283741
deltaprime_arbitrum_2024,deltaprime_arbitrum_2024__hn053,deltaprime_arbitrum_2024,hard_negative_mined,arbitrum,0,k_7,7,16,0.0719041278295605,0.0141592920353982,0.0902019819505292,0.1101568009084262,0.0635476112365722,0.0862547159194946,0.0635476112365722,0.1061891168355941,0.0376255810260772,0.0862547159194946,0.029520371928811,0.1061891168355941,0.0376255810260772,0.0373178571462631,0.0862547159194946,0.0982944490206944,0.0986842105263157,0.0027022657450288534
deltaprime_arbitrum_2024,deltaprime_arbitrum_2024__hn053,deltaprime_arbitrum_2024,hard_negative_mined,arbitrum,0,ratio_50,8,16,0.0719041278295605,0.0141592920353982,0.0902019819505292,0.0911204372720626,0.1654410660266876,0.4253961443901062,0.1654410660266876,0.5213974714279175,0.1145091652870178,0.4253961443901062,0.0638800635933876,0.5213974714279175,0.1145091652870178,0.421117216348648,0.4253961443901062,0.2241207841541232,0.1333333333333333,0.0013277820544317365
deltaprime_arbitrum_2024,deltaprime_arbitrum_2024__hn053,deltaprime_arbitrum_2024,hard_negative_mined,arbitrum,0,ratio_75,12,16,0.0719041278295605,0.0141592920353982,0.0902019819505292,0.1712992367034959,0.387529194355011,0.0994626581668853,0.387529194355011,0.4270133972167969,0.2263616621494293,0.0994626581668853,0.0460211411118507,0.4270133972167969,0.2263616621494293,0.1684420555830001,0.0994626581668853,0.1050795733519654,0.0986842105263157,0.0007135331397876143
deltaprime_arbitrum_2024,deltaprime_arbitrum_2024__hn053,deltaprime_arbitrum_2024,hard_negative_mined,arbitrum,0,ratio_100,16,16,0.0719041278295605,0.0247787610619469,0.0721157582340487,0.0497591393240329,0.0102512091398239,0.0566226951777935,0.0102512091398239,0.0590666122734546,0.0256213694810867,0.0566226951777935,0.0025102500803768,0.0590666122734546,0.0256213694810867,0.0291996747255325,0.0566226951777935,0.0808710499597413,0.0986842105263157,0.0007055595051497221
deltaprime_arbitrum_2024,deltaprime_arbitrum_2024__hn054,deltaprime_arbitrum_2024,hard_negative_mined,arbitrum,0,ratio_25,1,1,0.0719041278295605,0.0035398230088495,0.0139410733573669,0.0201128758038722,0.003658645087853,0.0006103892810642,0.003658645087853,0.0006454317481257,0.0033295233733952,0.0006103892810642,0.0005724562797695,0.0006454317481257,0.0033295233733952,0.0009947194484993,0.0006103892810642,0.0099390362224176,0.004040404040404,0.011778691783547401
deltaprime_arbitrum_2024,deltaprime_arbitrum_2024__hn055,deltaprime_arbitrum_2024,hard_negative_mined,arbitrum,0,ratio_25,2,5,0.0719041278295605,0.0,0.0902019819505292,0.0663142542630779,0.001420323154889,0.0032143204007297,0.001420323154889,0.0019156794296577,0.0009278626530431,0.0032143204007297,0.0069194170646369,0.0019156794296577,0.0009278626530431,0.0034947579260915,0.0032143204007297,0.0215832550046087,0.0152439024390243,0.0031091636046767235
deltaprime_arbitrum_2024,deltaprime_arbitrum_2024__hn055,deltaprime_arbitrum_2024,hard_negative_mined,arbitrum,0,ratio_50,3,5,0.0719041278295605,0.0,0.0902019819505292,0.3514167235906278,0.0362004078924655,0.0325745493173599,0.0362004078924655,0.0327757261693477,0.010558302514255,0.0325745493173599,0.0125570408999919,0.0327757261693477,0.010558302514255,0.0420165099203586,0.0325745493173599,0.0627330676277989,0.0986842105263157,0.027497423812747
deltaprime_arbitrum_2024,deltaprime_arbitrum_2024__hn055,deltaprime_arbitrum_2024,hard_negative_mined,arbitrum,0,ratio_75,4,5,0.0719041278295605,0.0070796460176991,0.0902019819505292,0.1184702368942328,0.0095383524894714,0.0086074387654662,0.0095383524894714,0.0230327043682336,0.0014583561569452,0.0086074387654662,0.0052327765151858,0.0230327043682336,0.0014583561569452,0.002910770708695,0.0086074387654662,0.0340465861688367,0.0198019801980198,0.14665868878364563
deltaprime_arbitrum_2024,deltaprime_arbitrum_2024__hn055,deltaprime_arbitrum_2024,hard_negative_mined,arbitrum,0,ratio_100,5,5,0.0719041278295605,0.0070796460176991,0.0902019819505292,0.1194392631509561,0.010873052291572,0.0318273603916168,0.010873052291572,0.0963366702198982,0.0017796965548768,0.0318273603916168,0.0087675806134939,0.0963366702198982,0.0017796965548768,0.007788190152496,0.0318273603916168,0.0620693138529976,0.0986842105263157,0.07791601866483688
deltaprime_arbitrum_2024,deltaprime_arbitrum_2024__hn056,deltaprime_arbitrum_2024,hard_negative_mined,arbitrum,0,ratio_25,1,1,0.0719041278295605,0.0035398230088495,0.0139410733573669,0.0239491239783556,0.011239806190133,0.0032651331275701,0.011239806190133,0.0058642541989684,0.0087964879348874,0.0032651331275701,0.0015569697134196,0.0058642541989684,0.0087964879348874,0.0052024559117853,0.0032651331275701,0.0217410438758699,0.0152439024390243,0.011778691783547401
deltaprime_arbitrum_2024,deltaprime_arbitrum_2024__hn057,deltaprime_arbitrum_2024,hard_negative_mined,arbitrum,0,ratio_25,1,1,0.0719041278295605,0.0035398230088495,0.0139410733573669,0.0,0.000102451267594,1.9621289538918063e-05,0.000102451267594,2.285308983118739e-05,5.1217681175330654e-05,1.9621289538918063e-05,6.818804831709713e-05,2.285308983118739e-05,5.1217681175330654e-05,4.137870200793259e-05,1.9621289538918063e-05,0.0019694181757377,0.0,0.011778691783547401
deltaprime_arbitrum_2024,deltaprime_arbitrum_2024__hn058,deltaprime_arbitrum_2024,hard_negative_mined,arbitrum,0,ratio_25,1,1,0.0719041278295605,0.0035398230088495,0.0139410733573669,0.0,0.000102451267594,1.9621289538918063e-05,0.000102451267594,2.285308983118739e-05,5.1217681175330654e-05,1.9621289538918063e-05,6.818804831709713e-05,2.285308983118739e-05,5.1217681175330654e-05,4.137870200793259e-05,1.9621289538918063e-05,0.0019694181757377,0.0,0.011778691783547401
deltaprime_arbitrum_2024,deltaprime_arbitrum_2024__hn059,deltaprime_arbitrum_2024,hard_negative_mined,arbitrum,0,ratio_25,2,6,0.0719041278295605,0.0088495575221238,0.0902019819505292,0.0574071332847338,0.0009653521119616,0.0347625985741615,0.0009653521119616,0.0062181567773222,0.0008225775673054,0.0347625985741615,0.0311764422804117,0.0062181567773222,0.0008225775673054,0.0176957715302705,0.0347625985741615,0.0646309515147133,0.0986842105263157,0.03407330438494682
deltaprime_arbitrum_2024,deltaprime_arbitrum_2024__hn059,deltaprime_arbitrum_2024,hard_negative_mined,arbitrum,0,ratio_50,3,6,0.0719041278295605,0.0088495575221238,0.0902019819505292,0.3913814357179354,0.005386340431869,0.0081289717927575,0.005386340431869,0.0075403791852295,0.0028924373909831,0.0081289717927575,0.0319909453392028,0.0075403791852295,0.0028924373909831,0.0051811183802783,0.0081289717927575,0.0331604350177145,0.0198019801980198,0.0412263348698616
deltaprime_arbitrum_2024,deltaprime_arbitrum_2024__hn059,deltaprime_arbitrum_2024,hard_negative_mined,arbitrum,0,ratio_75,5,6,0.0719041278295605,0.015929203539823,0.0902019819505292,0.2220112030973157,0.1517282426357269,0.0202134363353252,0.1517282426357269,0.027688268572092,0.114579789340496,0.0202134363353252,0.0065976702608168,0.027688268572092,0.114579789340496,0.0209081228822469,0.0202134363353252,0.050408609575731,0.05,0.047003861516714096
deltaprime_arbitrum_2024,deltaprime_arbitrum_2024__hn059,deltaprime_arbitrum_2024,hard_negative_mined,arbitrum,0,ratio_100,6,6,0.0719041278295605,0.015929203539823,0.0902019819505292,0.2175119244469752,0.1628521382808685,0.0146325593814253,0.1628521382808685,0.0195289384573698,0.1455249637365341,0.0146325593814253,0.0070980717428028,0.0195289384573698,0.1455249637365341,0.0185543075203895,0.0146325593814253,0.0434619953479703,0.05,0.008390571922063828
deltaprime_arbitrum_2024,deltaprime_arbitrum_2024__hn060,deltaprime_arbitrum_2024,hard_negative_mined,arbitrum,0,k_2,2,62,0.0719041278295605,0.0088495575221238,0.0968009934997783,0.4260787189464141,0.0337546840310096,0.2127297967672348,0.0337546840310096,0.1754301786422729,0.0560071691870689,0.2127297967672348,0.0554656311869621,0.1754301786422729,0.0560071691870689,0.1676630675792694,0.2127297967672348,0.1520384729313609,0.0986842105263157,0.8699530959129333
deltaprime_arbitrum_2024,deltaprime_arbitrum_2024__hn060,deltaprime_arbitrum_2024,hard_negative_mined,arbitrum,0,k_3,3,62,0.0719041278295605,0.0106194690265486,0.09455477317685,0.4573433874127201,0.174226239323616,0.9218748211860656,0.174226239323616,0.8963961005210876,0.2112256735563278,0.9218748211860656,0.3494684994220733,0.8963961005210876,0.2112256735563278,0.7655244469642639,0.9218748211860656,0.5170548721872431,0.4204545454545454,0.9417025446891785
deltaprime_arbitrum_2024,deltaprime_arbitrum_2024__hn060,deltaprime_arbitrum_2024,hard_negative_mined,arbitrum,0,k_5,5,62,0.0719041278295605,0.0176991150442477,0.0927915226749838,0.4448314609409141,0.0893923640251159,0.9254459142684937,0.0893923640251159,0.9307244420051576,0.0728378072381019,0.9254459142684937,0.3650180995464325,0.9307244420051576,0.0728378072381019,0.6062442064285278,0.9254459142684937,0.5230369731507626,0.4204545454545454,0.9749521017074585
deltaprime_arbitrum_2024,deltaprime_arbitrum_2024__hn060,deltaprime_arbitrum_2024,hard_negative_mined,arbitrum,0,k_7,7,62,0.0719041278295605,0.0194690265486725,0.1116235765639915,0.5810155052489109,0.7600253224372864,0.8767968416213989,0.7600253224372864,0.918332040309906,0.876245379447937,0.8767968416213989,0.3338131904602051,0.918332040309906,0.876245379447937,0.2165961414575576,0.8767968416213989,0.4573516143647069,0.4204545454545454,0.9827600717544556
deltaprime_arbitrum_2024,deltaprime_arbitrum_2024__hn060,deltaprime_arbitrum_2024,hard_negative_mined,arbitrum,0,ratio_25,16,62,0.0719041278295605,0.0442477876106194,0.1087205912652265,0.6802032423303114,0.7414978742599487,0.9543384313583374,0.7414978742599487,0.9606528282165528,0.9190966486930848,0.9543384313583374,0.915283977985382,0.9606528282165528,0.9190966486930848,0.8203767538070679,0.9543384313583374,0.5838827511140587,0.5882352941176471,0.791041374206543
deltaprime_arbitrum_2024,deltaprime_arbitrum_2024__hn060,deltaprime_arbitrum_2024,hard_negative_mined,arbitrum,0,ratio_50,31,62,0.0719041278295605,0.0991150442477876,0.1243595673092373,0.5811861017249058,0.4800658226013183,0.6142855286598206,0.4800658226013183,0.674942672252655,0.7090482711791992,0.6142855286598206,0.796083927154541,0.674942672252655,0.7090482711791992,0.3002883195877075,0.6142855286598206,0.2933098846436159,0.4204545454545454,0.9903140664100647
deltaprime_arbitrum_2024,deltaprime_arbitrum_2024__hn060,deltaprime_arbitrum_2024,hard_negative_mined,arbitrum,0,ratio_75,47,62,0.0719041278295605,0.1415929203539823,0.1222185611531658,0.3886454486157883,0.537309467792511,0.2459603101015091,0.537309467792511,0.4261291623115539,0.4399844408035278,0.2459603101015091,0.7214478850364685,0.4261291623115539,0.4399844408035278,0.1117519587278366,0.2459603101015091,0.1638826309004088,0.1333333333333333,0.9873959422111511
deltaprime_arbitrum_2024,deltaprime_arbitrum_2024__hn060,deltaprime_arbitrum_2024,hard_negative_mined,arbitrum,0,ratio_100,62,62,0.0719041278295605,0.1646017699115044,0.1197052809439482,0.3595804259688621,0.537309467792511,0.2576262056827545,0.537309467792511,0.4750146269798279,0.4399844408035278,0.2576262056827545,0.7214478850364685,0.4750146269798279,0.4399844408035278,0.2111496180295944,0.2576262056827545,0.1679375839230114,0.1333333333333333,0.9875496029853821
deltaprime_arbitrum_2024,deltaprime_arbitrum_2024__hn061,deltaprime_arbitrum_2024,hard_negative_mined,arbitrum,0,ratio_25,1,1,0.0719041278295605,0.0035398230088495,0.0139410733573669,0.0,8.023041300475597e-05,1.9621289538918063e-05,8.023041300475597e-05,2.285308983118739e-05,5.1217681175330654e-05,1.9621289538918063e-05,6.481476884800941e-05,2.285308983118739e-05,5.1217681175330654e-05,4.137870200793259e-05,1.9621289538918063e-05,0.0019694181757377,0.0,0.011778691783547401
deltaprime_arbitrum_2024,deltaprime_arbitrum_2024__hn062,deltaprime_arbitrum_2024,hard_negative_mined,arbitrum,0,k_2,2,16,0.0719041278295605,0.0,0.0902019819505292,0.1104378449590635,0.0089105293154716,0.0231696367263793,0.0089105293154716,0.0523242726922035,0.0016930067213252,0.0231696367263793,0.0380077436566352,0.0523242726922035,0.0016930067213252,0.0066381972283124,0.0231696367263793,0.0536639458579728,0.0555555555555555,0.0031091636046767235
deltaprime_arbitrum_2024,deltaprime_arbitrum_2024__hn062,deltaprime_arbitrum_2024,hard_negative_mined,arbitrum,0,k_3,3,16,0.0719041278295605,0.0070796460176991,0.0902019819505292,0.2310519414331926,0.3303015232086181,0.483730137348175,0.3303015232086181,0.6419655680656433,0.1218036711215972,0.483730137348175,0.0150471944361925,0.6419655680656433,0.1218036711215972,0.3404029905796051,0.483730137348175,0.2440954194328297,0.4,0.005968215875327587
deltaprime_arbitrum_2024,deltaprime_arbitrum_2024__hn062,deltaprime_arbitrum_2024,hard_negative_mined,arbitrum,0,ratio_25,4,16,0.0719041278295605,0.0070796460176991,0.0902019819505292,0.2694452825766735,0.1187855079770088,0.2503717541694641,0.1187855079770088,0.5443268418312073,0.026081845164299,0.2503717541694641,0.0150471944361925,0.5443268418312073,0.026081845164299,0.3176690340042114,0.2503717541694641,0.165421362089719,0.1333333333333333,0.002158895367756486
deltaprime_arbitrum_2024,deltaprime_arbitrum_2024__hn062,deltaprime_arbitrum_2024,hard_negative_mined,arbitrum,0,k_5,5,16,0.0719041278295605,0.0141592920353982,0.0902019819505292,0.1326483469686682,0.0188057459890842,0.1757695525884628,0.0188057459890842,0.2613032758235931,0.0070882621221244,0.1757695525884628,0.0060928217135369,0.2613032758235931,0.0070882621221244,0.069444291293621,0.1757695525884628,0.138153583474474,0.0986842105263157,0.001099228858947754
deltaprime_arbitrum_2024,deltaprime_arbitrum_2024__hn062,deltaprime_arbitrum_2024,hard_negative_mined,arbitrum,0,k_7,7,16,0.0719041278295605,0.0141592920353982,0.0902019819505292,0.1355594764937105,0.0069222031161189,0.135365292429924,0.0069222031161189,0.0953766405582428,0.0141053479164838,0.135365292429924,0.029520371928811,0.0953766405582428,0.0141053479164838,0.1200520619750022,0.135365292429924,0.1216451857296536,0.0986842105263157,0.0006842919974587858
deltaprime_arbitrum_2024,deltaprime_arbitrum_2024__hn062,deltaprime_arbitrum_2024,hard_negative_mined,arbitrum,0,ratio_50,8,16,0.0719041278295605,0.0141592920353982,0.0902019819505292,0.1930439813134249,0.1572484672069549,0.2488783448934555,0.1572484672069549,0.4530660212039947,0.0735963955521583,0.2488783448934555,0.029520371928811,0.4530660212039947,0.0735963955521583,0.2820356488227844,0.2488783448934555,0.1649012110528259,0.1333333333333333,0.000619983475189656
deltaprime_arbitrum_2024,deltaprime_arbitrum_2024__hn062,deltaprime_arbitrum_2024,hard_negative_mined,arbitrum,0,ratio_75,12,16,0.0719041278295605,0.0141592920353982,0.0902019819505292,0.2547187954056634,0.0824703574180603,0.0394722670316696,0.0824703574180603,0.1755193620920181,0.0549393706023693,0.0394722670316696,0.029520371928811,0.1755193620920181,0.0549393706023693,0.0617192052304744,0.0394722670316696,0.0685093571251544,0.0986842105263157,0.0006023360183462501
deltaprime_arbitrum_2024,deltaprime_arbitrum_2024__hn062,deltaprime_arbitrum_2024,hard_negative_mined,arbitrum,0,ratio_100,16,16,0.0719041278295605,0.0247787610619469,0.0721157582340487,0.1367580709479645,0.0173452347517013,0.0477623865008354,0.0173452347517013,0.0614631026983261,0.0162141397595405,0.0477623865008354,0.0011761939385905,0.0614631026983261,0.0162141397595405,0.0242287945002317,0.0477623865008354,0.0747778887510717,0.0986842105263157,0.0006063079927116632
deltaprime_arbitrum_2024,deltaprime_arbitrum_2024__hn063,deltaprime_arbitrum_2024,hard_negative_mined,arbitrum,0,ratio_25,1,2,0.0719041278295605,0.0035398230088495,0.0139410733573669,0.0,0.000102451267594,1.9621289538918063e-05,0.000102451267594,2.285308983118739e-05,5.1217681175330654e-05,1.9621289538918063e-05,6.818804831709713e-05,2.285308983118739e-05,5.1217681175330654e-05,4.137870200793259e-05,1.9621289538918063e-05,0.0019694181757377,0.0,0.011778691783547401
deltaprime_arbitrum_2024,deltaprime_arbitrum_2024__hn063,deltaprime_arbitrum_2024,hard_negative_mined,arbitrum,0,ratio_75,2,2,0.0719041278295605,0.0123893805309734,0.0139410733573669,0.0499537267804697,0.0001358369772788,0.0021487916819751,0.0001358369772788,0.0004127566062379,0.0001918874331749,0.0021487916819751,0.0011445196578279,0.0004127566062379,0.0001918874331749,0.0022730689961463,0.0021487916819751,0.0178969004538684,0.0152439024390243,0.0010285910684615374
deltaprime_arbitrum_2024,deltaprime_arbitrum_2024__hn064,deltaprime_arbitrum_2024,hard_negative_mined,arbitrum,0,k_2,2,14,0.0719041278295605,0.0,0.0902019819505292,0.6265050916480233,0.4860477745532989,0.7894991040229797,0.4860477745532989,0.914479672908783,0.1363223493099212,0.7894991040229797,0.3573132157325744,0.914479672908783,0.1363223493099212,0.6917506456375122,0.7894991040229797,0.3836506841122552,0.4204545454545454,0.03407330438494682
deltaprime_arbitrum_2024,deltaprime_arbitrum_2024__hn064,deltaprime_arbitrum_2024,hard_negative_mined,arbitrum,0,k_3,3,14,0.0719041278295605,0.0070796460176991,0.0902019819505292,0.3718879696334597,0.5797290205955505,0.1848943829536438,0.5797290205955505,0.7796685695648193,0.048783179372549,0.1848943829536438,0.0987449958920478,0.7796685695648193,0.048783179372549,0.154821515083313,0.1848943829536438,0.1416689666425133,0.0986842105263157,0.276547908782959
deltaprime_arbitrum_2024,deltaprime_arbitrum_2024__hn064,deltaprime_arbitrum_2024,hard_negative_mined,arbitrum,0,ratio_25,4,14,0.0719041278295605,0.0141592920353982,0.0902019819505292,0.3738592813650072,0.5314343571662903,0.3152531385421753,0.5314343571662903,0.9167868494987488,0.0423892103135585,0.3152531385421753,0.2324834465980529,0.9167868494987488,0.0423892103135585,0.1661376804113388,0.3152531385421753,0.1874648595837776,0.1333333333333333,0.06476221233606339
deltaprime_arbitrum_2024,deltaprime_arbitrum_2024__hn064,deltaprime_arbitrum_2024,hard_negative_mined,arbitrum,0,k_5,5,14,0.0719041278295605,0.0141592920353982,0.0902019819505292,0.4049384543474308,0.2246520966291427,0.3996249735355377,0.2246520966291427,0.9314656257629396,0.0076517118141055,0.3996249735355377,0.0743335261940956,0.9314656257629396,0.0076517118141055,0.1228897720575332,0.3996249735355377,0.2154907276600108,0.1333333333333333,0.006376772187650204
deltaprime_arbitrum_2024,deltaprime_arbitrum_2024__hn064,deltaprime_arbitrum_2024,hard_negative_mined,arbitrum,0,ratio_50,7,14,0.0719041278295605,0.0212389380530973,0.0902019819505292,0.3860174407915695,0.8911182880401611,0.4021251201629638,0.8911182880401611,0.9117302894592284,0.2065283805131912,0.4021251201629638,0.3125765919685364,0.9117302894592284,0.2065283805131912,0.2695087790489197,0.4021251201629638,0.2163245634368892,0.1333333333333333,0.032609302550554276
deltaprime_arbitrum_2024,deltaprime_arbitrum_2024__hn064,deltaprime_arbitrum_2024,hard_negative_mined,arbitrum,0,ratio_75,11,14,0.0719041278295605,0.0283185840707964,0.0902019819505292,0.1548786446198752,0.0007792458054609,0.003131897188723,0.0007792458054609,0.0095357988029718,8.363596862182021e-05,0.003131897188723,0.1307666152715683,0.0095357988029718,8.363596862182021e-05,0.0010145367123186,0.003131897188723,0.0213244005166316,0.0152439024390243,0.0012468879576772451
deltaprime_arbitrum_2024,deltaprime_arbitrum_2024__hn064,deltaprime_arbitrum_2024,hard_negative_mined,arbitrum,0,ratio_100,14,14,0.0719041278295605,0.0283185840707964,0.0902019819505292,0.3203964561693306,0.4137832522392273,0.103526659309864,0.4137832522392273,0.3552566170692444,0.0724363252520561,0.103526659309864,0.1561878323554992,0.3552566170692444,0.0724363252520561,0.0166694782674312,0.103526659309864,0.1070792802519655,0.0986842105263157,0.00011357479525031522
deltaprime_arbitrum_2024,deltaprime_arbitrum_2024__hn065,deltaprime_arbitrum_2024,hard_negative_mined,arbitrum,0,ratio_25,1,4,0.0719041278295605,0.0,0.0902019819505292,0.0,0.000102451267594,0.0001015696689137,0.000102451267594,0.0001246320898644,5.1217681175330654e-05,0.0001015696689137,0.0007684657466597,0.0001246320898644,5.1217681175330654e-05,8.04945666459389e-05,0.0001015696689137,0.0042776062631847,0.004040404040404,0.1290685087442398
deltaprime_arbitrum_2024,deltaprime_arbitrum_2024__hn065,deltaprime_arbitrum_2024,hard_negative_mined,arbitrum,0,ratio_50,2,4,0.0719041278295605,0.0053097345132743,0.0360885439758395,0.1830556700827174,0.0016038891626521,0.0378434024751186,0.0016038891626521,0.0108304116874933,0.0042285625822842,0.0378434024751186,0.0405373722314834,0.0108304116874933,0.0042285625822842,0.0399488061666488,0.0378434024751186,0.0671975189650456,0.0986842105263157,0.05296995863318443
deltaprime_arbitrum_2024,deltaprime_arbitrum_2024__hn065,deltaprime_arbitrum_2024,hard_negative_mined,arbitrum,0,ratio_75,3,4,0.0719041278295605,0.0141592920353982,0.0492469750442717,0.0469776957242459,0.0018553202971816,0.0018798448145389,0.0018553202971816,0.0013187113218009,0.0053859008476138,0.0018798448145389,0.0077868704684078,0.0013187113218009,0.0053859008476138,0.0018300784286111,0.0018798448145389,0.0168160047743631,0.0152439024390243,0.27855706214904785
deltaprime_arbitrum_2024,deltaprime_arbitrum_2024__hn065,deltaprime_arbitrum_2024,hard_negative_mined,arbitrum,0,ratio_100,4,4,0.0719041278295605,0.0141592920353982,0.0574270650787461,0.0009042553191489,0.0008406669949181,0.0015283717075362,0.0008406669949181,0.0013169089797884,0.0012982905609533,0.0015283717075362,0.0022835722193121,0.0013169089797884,0.0012982905609533,0.0009272214956581,0.0015283717075362,0.0152686244699682,0.0152439024390243,0.28002023696899414
deltaprime_arbitrum_2024,deltaprime_arbitrum_2024__hn066,deltaprime_arbitrum_2024,hard_negative_mined,arbitrum,0,ratio_25,1,3,0.0719041278295605,0.0,0.0902019819505292,0.0,7.922404620330781e-05,9.402370051248e-05,7.922404620330781e-05,0.0001246320898644,5.1217681175330654e-05,9.402370051248e-05,0.0006785124423913,0.0001246320898644,5.1217681175330654e-05,8.04945666459389e-05,9.402370051248e-05,0.0041247962260867,0.004040404040404,0.1290685087442398
deltaprime_arbitrum_2024,deltaprime_arbitrum_2024__hn066,deltaprime_arbitrum_2024,hard_negative_mined,arbitrum,0,ratio_50,2,3,0.0719041278295605,0.0,0.0902019819505292,0.1833668153175179,0.0049656932242214,0.0114910854026675,0.0049656932242214,0.0120162293314933,0.0063170907087624,0.0114910854026675,0.0033911818172782,0.0120162293314933,0.0063170907087624,0.0074988501146435,0.0114910854026675,0.0388922605117303,0.05,0.4613494873046875
deltaprime_arbitrum_2024,deltaprime_arbitrum_2024__hn066,deltaprime_arbitrum_2024,hard_negative_mined,arbitrum,0,ratio_75,3,3,0.0719041278295605,0.0070796460176991,0.0902019819505292,0.2329128154109335,0.0015457819681614,0.0040253885090351,0.0015457819681614,0.0126299913972616,0.000913233438041,0.0040253885090351,0.0015327170258387,0.0126299913972616,0.000913233438041,0.0021109478548169,0.0040253885090351,0.0239587846281727,0.0152439024390243,0.7593814730644226
deltaprime_arbitrum_2024,deltaprime_arbitrum_2024__hn067,deltaprime_arbitrum_2024,hard_negative_mined,arbitrum,0,k_2,2,38,0.0719041278295605,0.0123893805309734,0.0360885439758395,0.6058643278753796,0.5979142785072327,0.7860617637634277,0.5979142785072327,0.6899689435958862,0.7750599384307861,0.7860617637634277,0.8324442505836487,0.6899689435958862,0.7750599384307861,0.469753086566925,0.7860617637634277,0.3813528785092149,0.4204545454545454,0.059380318969488144
deltaprime_arbitrum_2024,deltaprime_arbitrum_2024__hn067,deltaprime_arbitrum_2024,hard_negative_mined,arbitrum,0,k_3,3,38,0.0719041278295605,0.0141592920353982,0.0492469750442717,0.767021422777872,0.925256609916687,0.9057844281196594,0.925256609916687,0.8707696199417114,0.8559163808822632,0.9057844281196594,0.7177323698997498,0.8707696199417114,0.8559163808822632,0.6369670629501343,0.9057844281196594,0.4928267248655579,0.4204545454545454,0.0659705325961113
deltaprime_arbitrum_2024,deltaprime_arbitrum_2024__hn067,deltaprime_arbitrum_2024,hard_negative_mined,arbitrum,0,k_5,5,38,0.0719041278295605,0.0230088495575221,0.0629313369607529,0.8530068804346327,0.9558037519454956,0.9786760210990906,0.9558037519454956,0.9621005654335022,0.944507896900177,0.9786760210990906,0.6737828254699707,0.9621005654335022,0.944507896900177,0.9032055139541626,0.9786760210990906,0.6706048636655499,0.5882352941176471,0.01189196016639471
deltaprime_arbitrum_2024,deltaprime_arbitrum_2024__hn067,deltaprime_arbitrum_2024,hard_negative_mined,arbitrum,0,k_7,7,38,0.0719041278295605,0.0247787610619469,0.0868667161402732,0.7184832063070768,0.9778335094451904,0.9770044684410096,0.9778335094451904,0.9793805480003356,0.9460535645484924,0.9770044684410096,0.5134789347648621,0.9793805480003356,0.9460535645484924,0.7621094584465027,0.9770044684410096,0.66248883289398,0.5882352941176471,0.0028781755827367306
deltaprime_arbitrum_2024,deltaprime_arbitrum_2024__hn067,deltaprime_arbitrum_2024,hard_negative_mined,arbitrum,0,ratio_25,10,38,0.0719041278295605,0.0336283185840707,0.0982774403220981,0.7227628082440084,0.9412370920181274,0.9783893823623656,0.9412370920181274,0.992416262626648,0.9274736642837524,0.9783893823623656,0.8792264461517334,0.992416262626648,0.9274736642837524,0.9630754590034484,0.9783893823623656,0.6691771042124547,0.5882352941176471,0.0004211856285110116
deltaprime_arbitrum_2024,deltaprime_arbitrum_2024__hn067,deltaprime_arbitrum_2024,hard_negative_mined,arbitrum,0,ratio_50,19,38,0.0719041278295605,0.0619469026548672,0.1152568142803191,0.70703837895087,0.964756190776825,0.9871199131011964,0.964756190776825,0.9930251836776732,0.963485836982727,0.9871199131011964,0.9352407455444336,0.9930251836776732,0.963485836982727,0.969215214252472,0.9871199131011964,0.7218243365597543,0.875,0.006968257948756218
deltaprime_arbitrum_2024,deltaprime_arbitrum_2024__hn067,deltaprime_arbitrum_2024,hard_negative_mined,arbitrum,0,ratio_75,29,38,0.0719041278295605,0.0849557522123893,0.0998001216556329,0.7153827249647619,0.9733560085296632,0.9641903042793274,0.9733560085296632,0.9405209422111512,0.9664360880851746,0.9641903042793274,0.8756576180458069,0.9405209422111512,0.9664360880851746,0.9430280327796936,0.9641903042793274,0.6126791483612674,0.5882352941176471,0.13986922800540924
deltaprime_arbitrum_2024,deltaprime_arbitrum_2024__hn067,deltaprime_arbitrum_2024,hard_negative_mined,arbitrum,0,ratio_100,38,38,0.0719041278295605,0.1097345132743362,0.0974479192589938,0.6172269198595969,0.7860237956047058,0.9377139210700988,0.7860237956047058,0.925100326538086,0.8750289082527161,0.9377139210700988,0.8441708087921143,0.925100326538086,0.8750289082527161,0.91454017162323,0.9377139210700988,0.5457496267032589,0.4204545454545454,0.0003789473557844758
deltaprime_arbitrum_2024,deltaprime_arbitrum_2024__hn068,deltaprime_arbitrum_2024,hard_negative_mined,arbitrum,0,k_2,2,33,0.0719041278295605,0.0088495575221238,0.0902019819505292,0.4314195047909006,0.024630207568407,0.1648794561624527,0.024630207568407,0.1747426092624664,0.0529357008635997,0.1648794561624527,0.122953675687313,0.1747426092624664,0.0529357008635997,0.213482528924942,0.1648794561624527,0.1338678410000726,0.0986842105263157,0.35394877195358276
deltaprime_arbitrum_2024,deltaprime_arbitrum_2024__hn068,deltaprime_arbitrum_2024,hard_negative_mined,arbitrum,0,k_3,3,33,0.0719041278295605,0.0141592920353982,0.0492469750442717,0.1704409425350428,0.0029892411548644,0.1399636417627334,0.0029892411548644,0.3003349602222442,0.0039466889575123,0.1399636417627334,0.0035176640376448,0.3003349602222442,0.0039466889575123,0.0102858152240514,0.1399636417627334,0.1236172421406479,0.0986842105263157,0.016620168462395668
deltaprime_arbitrum_2024,deltaprime_arbitrum_2024__hn068,deltaprime_arbitrum_2024,hard_negative_mined,arbitrum,0,k_5,5,33,0.0719041278295605,0.0247787610619469,0.0629313369607529,0.159130567997814,0.0036775965709239,0.0614465922117233,0.0036775965709239,0.14180389046669,0.0044016214087605,0.0614465922117233,0.0097552249208092,0.14180389046669,0.0044016214087605,0.0192560255527496,0.0614465922117233,0.0839799464474765,0.0986842105263157,0.003404655260965228
deltaprime_arbitrum_2024,deltaprime_arbitrum_2024__hn068,deltaprime_arbitrum_2024,hard_negative_mined,arbitrum,0,k_7,7,33,0.0719041278295605,0.0336283185840707,0.0698227767483915,0.1100591399786495,0.0051172990351915,0.0370888337492942,0.0051172990351915,0.0500579178333282,0.0121521139517426,0.0370888337492942,0.011189647950232,0.0500579178333282,0.0121521139517426,0.0043731480836868,0.0370888337492942,0.0665795791301888,0.0986842105263157,0.019410300999879837
deltaprime_arbitrum_2024,deltaprime_arbitrum_2024__hn068,deltaprime_arbitrum_2024,hard_negative_mined,arbitrum,0,ratio_25,9,33,0.0719041278295605,0.0353982300884955,0.0739469937676089,0.0988822941730145,0.001203226391226,0.0302807334810495,0.001203226391226,0.0276583153754472,0.0062335655093193,0.0302807334810495,0.0070208283141255,0.0276583153754472,0.0062335655093193,0.002244153060019,0.0302807334810495,0.060668163040817,0.0986842105263157,0.013278959318995476
deltaprime_arbitrum_2024,deltaprime_arbitrum_2024__hn068,deltaprime_arbitrum_2024,hard_negative_mined,arbitrum,0,ratio_50,17,33,0.0719041278295605,0.0371681415929203,0.0529488989330421,0.1947396155674609,0.0035241518635302,0.0406826436519622,0.0035241518635302,0.0636061057448387,0.0073346351273357,0.0406826436519622,0.0012883327435702,0.0636061057448387,0.0073346351273357,0.008096870034933,0.0406826436519622,0.0694655392091025,0.0986842105263157,0.012196465395390987
deltaprime_arbitrum_2024,deltaprime_arbitrum_2024__hn068,deltaprime_arbitrum_2024,hard_negative_mined,arbitrum,0,ratio_75,25,33,0.0719041278295605,0.0495575221238938,0.05047723915439,0.1282502163337228,0.0013770228251814,0.0331205949187278,0.0013770228251814,0.053804013878107,0.0036760279908776,0.0331205949187278,0.0031286086887121,0.053804013878107,0.0036760279908776,0.0057047521695494,0.0331205949187278,0.063212967449981,0.0986842105263157,0.0002564654569141567
deltaprime_arbitrum_2024,deltaprime_arbitrum_2024__hn068,deltaprime_arbitrum_2024,hard_negative_mined,arbitrum,0,ratio_100,33,33,0.0719041278295605,0.063716814159292,0.046555868670535,0.264409991834408,0.0066512590274214,0.0606229081749916,0.0066512590274214,0.6475399136543274,0.0010728804627433,0.0606229081749916,0.009953724220395,0.6475399136543274,0.0010728804627433,0.0181193444877862,0.0606229081749916,0.083458274280178,0.0986842105263157,0.0005217046709731221
deltaprime_arbitrum_2024,deltaprime_arbitrum_2024__hn069,deltaprime_arbitrum_2024,hard_negative_mined,arbitrum,0,ratio_25,1,3,0.0719041278295605,0.0,0.0902019819505292,0.0,7.922404620330781e-05,9.402370051248e-05,7.922404620330781e-05,0.0001246320898644,5.1217681175330654e-05,9.402370051248e-05,0.0006785124423913,0.0001246320898644,5.1217681175330654e-05,8.04945666459389e-05,9.402370051248e-05,0.0041247962260867,0.004040404040404,0.1290685087442398
deltaprime_arbitrum_2024,deltaprime_arbitrum_2024__hn069,deltaprime_arbitrum_2024,hard_negative_mined,arbitrum,0,ratio_50,2,3,0.0719041278295605,0.0,0.0902019819505292,0.1833668153175179,0.0049656932242214,0.0114910854026675,0.0049656932242214,0.0120162293314933,0.0063170907087624,0.0114910854026675,0.0033911818172782,0.0120162293314933,0.0063170907087624,0.0074988501146435,0.0114910854026675,0.0388922605117303,0.05,0.4613494873046875
deltaprime_arbitrum_2024,deltaprime_arbitrum_2024__hn069,deltaprime_arbitrum_2024,hard_negative_mined,arbitrum,0,ratio_75,3,3,0.0719041278295605,0.0070796460176991,0.0902019819505292,0.2329128154109335,0.0015457819681614,0.0040253885090351,0.0015457819681614,0.0126299913972616,0.000913233438041,0.0040253885090351,0.0015327170258387,0.0126299913972616,0.000913233438041,0.0021109478548169,0.0040253885090351,0.0239587846281727,0.0152439024390243,0.7593814730644226
bsc_token_hub_2022,bsc_token_hub_2022__hn000,bsc_token_hub_2022,hard_negative_mined,bsc,0,ratio_25,1,1,0.0621403912543153,0.0035398230088495,0.0120344311742435,0.0004711871043529,0.0001067699995473,5.947167664999142e-05,0.0001067699995473,3.396166721358895e-05,0.0001230114721693,5.947167664999142e-05,8.629047079011798e-05,3.396166721358895e-05,0.0001230114721693,2.7019912522519007e-05,2.7019912522519007e-05,0.0045780103032576,0.005181347150259,0.01067161001265049
bsc_token_hub_2022,bsc_token_hub_2022__hn001,bsc_token_hub_2022,hard_negative_mined,bsc,0,ratio_25,1,1,0.0621403912543153,0.0035398230088495,0.0120344311742435,0.0004711871043529,7.179861859185621e-05,5.322511060512625e-05,7.179861859185621e-05,2.666044565557968e-05,9.032370144268498e-05,5.322511060512625e-05,3.8760997995268553e-05,2.666044565557968e-05,9.032370144268498e-05,2.363239946134854e-05,2.363239946134854e-05,0.0043720110030007,0.005181347150259,0.01067161001265049
bsc_token_hub_2022,bsc_token_hub_2022__hn002,bsc_token_hub_2022,hard_negative_mined,bsc,0,ratio_25,1,3,0.0621403912543153,0.0035398230088495,0.0120344311742435,0.0004711871043529,9.21089667826891e-05,5.947167664999142e-05,9.21089667826891e-05,3.396166721358895e-05,0.0001025387464324,5.947167664999142e-05,5.837270509800874e-05,3.396166721358895e-05,0.0001025387464324,2.7019912522519007e-05,2.7019912522519007e-05,0.0045780103032576,0.005181347150259,0.01067161001265049
bsc_token_hub_2022,bsc_token_hub_2022__hn002,bsc_token_hub_2022,hard_negative_mined,bsc,0,ratio_50,2,3,0.0621403912543153,0.0123893805309734,0.0120344311742435,0.0916352129113361,0.0013798854779452,0.0047986889258027,0.0013798854779452,0.0007763451430946,0.0034418520517647,0.0047986889258027,0.0010182107798755,0.0007763451430946,0.0034418520517647,0.0018872234504669,0.0018872234504669,0.0279176855298112,0.0259740259740259,0.0012662700610235333
bsc_token_hub_2022,bsc_token_hub_2022__hn002,bsc_token_hub_2022,hard_negative_mined,bsc,0,ratio_75,3,3,0.0621403912543153,0.0123893805309734,0.0120344311742435,0.0850683239616853,0.0013450261903926,6.611490971408784e-05,0.0013450261903926,2.6318684831494465e-05,0.001260487595573,6.611490971408784e-05,0.0004402065824251,2.6318684831494465e-05,0.001260487595573,0.0003136329178232,0.0003136329178232,0.0047835890714994,0.005181347150259,0.0020139655098319054
bsc_token_hub_2022,bsc_token_hub_2022__hn003,bsc_token_hub_2022,hard_negative_mined,bsc,0,ratio_25,1,1,0.0621403912543153,0.0,0.0757662649132641,0.0004711871043529,7.179861859185621e-05,0.0001697928964858,7.179861859185621e-05,0.0001766196364769,9.032370144268498e-05,0.0001697928964858,0.0003874888643622,0.0001766196364769,9.032370144268498e-05,0.0001906813122332,0.0001906813122332,0.007070967230181,0.005181347150259,0.22074741125106812
bsc_token_hub_2022,bsc_token_hub_2022__hn004,bsc_token_hub_2022,hard_negative_mined,bsc,0,ratio_25,1,1,0.0621403912543153,0.0,0.0757662649132641,0.0004711871043529,7.179861859185621e-05,0.0001697928964858,7.179861859185621e-05,0.0001766196364769,9.032370144268498e-05,0.0001697928964858,0.0003874888643622,0.0001766196364769,9.032370144268498e-05,0.0002180087176384,0.0002180087176384,0.007070967230181,0.005181347150259,0.22074741125106812
bsc_token_hub_2022,bsc_token_hub_2022__hn005,bsc_token_hub_2022,hard_negative_mined,bsc,0,ratio_25,2,6,0.0621403912543153,0.0,0.0757662649132641,0.5116643837357356,0.004440507851541,0.0060861720703542,0.004440507851541,0.0129922274500131,0.005027764942497,0.0060861720703542,0.0121883396059274,0.0129922274500131,0.005027764942497,0.0019646352156996,0.0019646352156996,0.0307512382561016,0.0259740259740259,0.009793031960725784
bsc_token_hub_2022,bsc_token_hub_2022__hn005,bsc_token_hub_2022,hard_negative_mined,bsc,0,ratio_50,3,6,0.0621403912543153,0.0070796460176991,0.0757662649132641,0.0536774100451519,0.0010252783540636,0.0001754789991537,0.0010252783540636,0.0003044251934625,0.0004905664245598,0.0001754789991537,0.003162411507219,0.0003044251934625,0.0004905664245598,4.707096741185524e-05,4.707096741185524e-05,0.0071680189782889,0.005181347150259,0.00024605353246442974
bsc_token_hub_2022,bsc_token_hub_2022__hn005,bsc_token_hub_2022,hard_negative_mined,bsc,0,ratio_75,5,6,0.0621403912543153,0.0176991150442477,0.0757662649132641,0.0234867454022566,0.0003513501433189,0.0003308326704427,0.0003513501433189,0.0002305652014911,0.0005114141386002,0.0003308326704427,0.009979598224163,0.0002305652014911,0.0005114141386002,6.81979363434948e-05,6.81979363434948e-05,0.0093164395248815,0.0076335877862595,0.0012580406619235873
bsc_token_hub_2022,bsc_token_hub_2022__hn005,bsc_token_hub_2022,hard_negative_mined,bsc,0,ratio_100,6,6,0.0621403912543153,0.0194690265486725,0.0757662649132641,0.042613590001385,0.000239303917624,0.0001227931352332,0.000239303917624,0.0001412200072081,0.0001692751102382,0.0001227931352332,0.0051249442622065,0.0001412200072081,0.0001692751102382,0.0001009058760246,0.0001009058760246,0.0061830691195678,0.005181347150259,0.0002308557741343975
bsc_token_hub_2022,bsc_token_hub_2022__hn010,bsc_token_hub_2022,hard_negative_mined,bsc,0,ratio_25,1,4,0.0621403912543153,0.0,0.0757662649132641,0.0004711871043529,9.21089667826891e-05,0.0001897174224723,9.21089667826891e-05,0.000224979390623,0.0001025387464324,0.0001897174224723,0.0005834411131218,0.000224979390623,0.0001025387464324,0.0002180087176384,0.0002180087176384,0.0074031898883211,0.005181347150259,0.22074741125106812
bsc_token_hub_2022,bsc_token_hub_2022__hn010,bsc_token_hub_2022,hard_negative_mined,bsc,0,ratio_50,2,4,0.0621403912543153,0.0070796460176991,0.0757662649132641,0.051820896481258,0.0012662942754104,0.001083557261154,0.0012662942754104,0.0008757998002693,0.0007097032503224,0.001083557261154,0.0048651336692273,0.0008757998002693,0.0007097032503224,0.0009027064079418,0.0009027064079418,0.015188936545978,0.0100502512562814,0.0008652423857711256
bsc_token_hub_2022,bsc_token_hub_2022__hn010,bsc_token_hub_2022,hard_negative_mined,bsc,0,ratio_75,3,4,0.0621403912543153,0.0070796460176991,0.0757662649132641,0.0089354838709677,0.0003194952732883,8.042973058763891e-05,0.0003194952732883,0.0001380757021252,0.0002838852524291,8.042973058763891e-05,0.00232640421018,0.0001380757021252,0.0002838852524291,0.0001274847600143,0.0001274847600143,0.0051886157150569,0.005181347150259,0.01594957709312439
bsc_token_hub_2022,bsc_token_hub_2022__hn010,bsc_token_hub_2022,hard_negative_mined,bsc,0,ratio_100,4,4,0.0621403912543153,0.0070796460176991,0.0757662649132641,0.0052120796156485,0.0003127827949356,0.0001359665766358,0.0003127827949356,0.000196976456209,0.0002227276563644,0.0001359665766358,0.0017198043642565,0.000196976456209,0.0002227276563644,0.0004071950679644,0.0004071950679644,0.0064496202571868,0.005181347150259,0.0015703703975304961
bsc_token_hub_2022,bsc_token_hub_2022__hn011,bsc_token_hub_2022,hard_negative_mined,bsc,0,ratio_25,1,2,0.0621403912543153,0.0,0.0757662649132641,0.0004711871043529,7.179861859185621e-05,0.0001697928964858,7.179861859185621e-05,0.0001766196364769,9.032370144268498e-05,0.0001697928964858,0.0003874888643622,0.0001766196364769,9.032370144268498e-05,0.0001906813122332,0.0001906813122332,0.007070967230181,0.005181347150259,0.22074741125106812
bsc_token_hub_2022,bsc_token_hub_2022__hn011,bsc_token_hub_2022,hard_negative_mined,bsc,0,ratio_75,2,2,0.0621403912543153,0.0,0.0909540552896622,0.1862836493306559,0.007639592513442,0.0136043168604373,0.007639592513442,0.034674547612667,0.0059993802569806,0.0136043168604373,0.0108476299792528,0.034674547612667,0.0059993802569806,0.0093687251210212,0.0093687251210212,0.0426062555502864,0.037037037037037,0.11218659579753876
bsc_token_hub_2022,bsc_token_hub_2022__hn012,bsc_token_hub_2022,hard_negative_mined,bsc,0,ratio_25,1,2,0.0621403912543153,0.0035398230088495,0.0120344311742435,0.0004711871043529,7.179861859185621e-05,5.322511060512625e-05,7.179861859185621e-05,2.666044565557968e-05,9.032370144268498e-05,5.322511060512625e-05,3.8760997995268553e-05,2.666044565557968e-05,9.032370144268498e-05,2.363239946134854e-05,2.363239946134854e-05,0.0043720110030007,0.005181347150259,0.01067161001265049
bsc_token_hub_2022,bsc_token_hub_2022__hn012,bsc_token_hub_2022,hard_negative_mined,bsc,0,ratio_75,2,2,0.0621403912543153,0.0106194690265486,0.0120344311742435,0.078183433757915,0.0002139989082934,2.2256304873735644e-05,0.0002139989082934,2.172988752136007e-05,0.0002811194572132,2.2256304873735644e-05,0.0001738745777402,2.172988752136007e-05,0.0002811194572132,4.464401717996225e-05,4.464401717996225e-05,0.0030440367547161,0.005181347150259,0.0020954501815140247
bsc_token_hub_2022,bsc_token_hub_2022__hn013,bsc_token_hub_2022,hard_negative_mined,bsc,0,ratio_25,1,1,0.0621403912543153,0.0035398230088495,0.0120344311742435,0.0004711871043529,7.179861859185621e-05,5.322511060512625e-05,7.179861859185621e-05,2.666044565557968e-05,9.032370144268498e-05,5.322511060512625e-05,3.8760997995268553e-05,2.666044565557968e-05,9.032370144268498e-05,2.363239946134854e-05,2.363239946134854e-05,0.0043720110030007,0.005181347150259,0.01067161001265049
bsc_token_hub_2022,bsc_token_hub_2022__hn014,bsc_token_hub_2022,hard_negative_mined,bsc,0,ratio_25,1,1,0.0621403912543153,0.0035398230088495,0.0120344311742435,0.0004711871043529,0.0001067699995473,5.947167664999142e-05,0.0001067699995473,3.396166721358895e-05,0.0001230114721693,5.947167664999142e-05,8.629047079011798e-05,3.396166721358895e-05,0.0001230114721693,2.7019912522519007e-05,2.7019912522519007e-05,0.0045780103032576,0.005181347150259,0.01067161001265049
bsc_token_hub_2022,bsc_token_hub_2022__hn015,bsc_token_hub_2022,hard_negative_mined,bsc,0,ratio_25,1,2,0.0621403912543153,0.0,0.1088278415333748,0.0597877209359621,0.047429010272026,0.0059528350830078,0.047429010272026,0.0054790773428976,0.036904752254486,0.0059528350830078,0.0011184243485331,0.0054790773428976,0.036904752254486,0.0059457938186824,0.0059457938186824,0.0304756236764276,0.0259740259740259,0.20210912823677063
bsc_token_hub_2022,bsc_token_hub_2022__hn015,bsc_token_hub_2022,hard_negative_mined,bsc,0,ratio_75,2,2,0.0621403912543153,0.0070796460176991,0.1088278415333748,0.7407882992646462,0.0811118185520172,0.028119882568717,0.0811118185520172,0.0354809686541557,0.0379159823060035,0.028119882568717,0.0234099403023719,0.0354809686541557,0.0379159823060035,0.027893217280507,0.027893217280507,0.0571383505897018,0.0416666666666666,0.5935576558113098
bsc_token_hub_2022,bsc_token_hub_2022__hn016,bsc_token_hub_2022,hard_negative_mined,bsc,0,ratio_25,2,8,0.0621403912543153,0.0053097345132743,0.0306321528512702,0.1912934932003311,0.3947198987007141,0.0155852483585476,0.3947198987007141,0.0070727136917412,0.3827059268951416,0.0155852483585476,0.0003630419669207,0.0070727136917412,0.3827059268951416,0.0193422902375459,0.0193422902375459,0.0450139161516439,0.037037037037037,0.03416428714990616
bsc_token_hub_2022,bsc_token_hub_2022__hn016,bsc_token_hub_2022,hard_negative_mined,bsc,0,k_3,3,8,0.0621403912543153,0.0141592920353982,0.0224808367880189,0.0659054968826886,0.0033415027428418,0.0001797662407625,0.0033415027428418,0.0002037272497545,0.0035711708478629,0.0001797662407625,0.0002465295256115,0.0002037272497545,0.0035711708478629,0.0001773053663782,0.0001773053663782,0.0072399761668938,0.005181347150259,0.0006541773327626288
bsc_token_hub_2022,bsc_token_hub_2022__hn016,bsc_token_hub_2022,hard_negative_mined,bsc,0,ratio_50,4,8,0.0621403912543153,0.0212389380530973,0.0306321528512702,0.049947188911513,0.0002418988733552,0.0003942047187592,0.0002418988733552,0.0001686566101852,0.0002454733767081,0.0003942047187592,0.0001548383588669,0.0001686566101852,0.0002454733767081,0.0002930960617959,0.0002930960617959,0.0100155419167614,0.0076335877862595,0.015113165602087975
bsc_token_hub_2022,bsc_token_hub_2022__hn016,bsc_token_hub_2022,hard_negative_mined,bsc,0,k_5,5,8,0.0621403912543153,0.0230088495575221,0.0254502409260408,0.0926049398306544,0.0041767228394746,0.001287157065235,0.0041767228394746,0.0004996743518859,0.0051584900356829,0.001287157065235,0.0001538913347758,0.0004996743518859,0.0051584900356829,0.0016618628287687,0.0016618628287687,0.0163018524020935,0.0100502512562814,0.0017030449816957116
bsc_token_hub_2022,bsc_token_hub_2022__hn016,bsc_token_hub_2022,hard_negative_mined,bsc,0,ratio_75,6,8,0.0621403912543153,0.0247787610619469,0.0224808367880189,0.0624471044838937,0.0002605411573313,0.0001236851967405,0.0002605411573313,0.0001597665250301,0.000537316838745,0.0001236851967405,0.0001876027090474,0.0001597665250301,0.000537316838745,0.0001055034881574,0.0001055034881574,0.0062016354217133,0.005181347150259,0.0006402138969860971
bsc_token_hub_2022,bsc_token_hub_2022__hn016,bsc_token_hub_2022,hard_negative_mined,bsc,0,k_7,7,8,0.0621403912543153,0.0247787610619469,0.0268368159309718,0.0770114704175979,9.971899271477014e-05,0.0002919679391197,9.971899271477014e-05,0.0001430117408744,0.0002719326002988,0.0002919679391197,0.0001779018057277,0.0001430117408744,0.0002719326002988,0.0002588599454611,0.0002588599454611,0.0088477020225285,0.0076335877862595,0.000289427291136235
bsc_token_hub_2022,bsc_token_hub_2022__hn016,bsc_token_hub_2022,hard_negative_mined,bsc,0,ratio_100,8,8,0.0621403912543153,0.0247787610619469,0.0306321528512702,0.0456377227121254,0.0001113999824156,0.0002336220495635,0.0001113999824156,0.0001349914819002,0.0002540459390729,0.0002336220495635,8.83185857674107e-05,0.0001349914819002,0.0002540459390729,0.0001106803902075,0.0001106803902075,0.0080688499150979,0.005181347150259,0.0002066997840302065
bsc_token_hub_2022,bsc_token_hub_2022__hn017,bsc_token_hub_2022,hard_negative_mined,bsc,0,ratio_25,1,1,0.0621403912543153,0.0,0.0757662649132641,0.0052153576624769,0.000859645253513,0.0011291890405118,0.000859645253513,0.0013068283442407,0.0012822613352909,0.0011291890405118,0.0013968459097668,0.0013068283442407,0.0012822613352909,0.0010518447961658,0.0010518447961658,0.0154485232966983,0.0100502512562814,0.22074741125106812
bsc_token_hub_2022,bsc_token_hub_2022__hn019,bsc_token_hub_2022,hard_negative_mined,bsc,0,ratio_25,1,1,0.0621403912543153,0.0035398230088495,0.0120344311742435,0.0004711871043529,0.0001067699995473,5.947167664999142e-05,0.0001067699995473,3.396166721358895e-05,0.0001230114721693,5.947167664999142e-05,8.629047079011798e-05,3.396166721358895e-05,0.0001230114721693,2.7019912522519007e-05,2.7019912522519007e-05,0.0045780103032576,0.005181347150259,0.01067161001265049
bsc_token_hub_2022,bsc_token_hub_2022__hn022,bsc_token_hub_2022,hard_negative_mined,bsc,0,ratio_25,1,1,0.0621403912543153,0.0035398230088495,0.0120344311742435,0.0004711871043529,0.0004889742122031,0.0003014256653841,0.0004889742122031,0.0001394048595102,0.0006811500061303,0.0003014256653841,0.0001100382505683,0.0001394048595102,0.0006811500061303,0.0001408141833962,0.0001408141833962,0.0089650064017452,0.0076335877862595,0.01067161001265049
bsc_token_hub_2022,bsc_token_hub_2022__hn023,bsc_token_hub_2022,hard_negative_mined,bsc,0,ratio_25,1,2,0.0621403912543153,0.0,0.1088278415333748,0.0447877209359621,0.047429010272026,0.0052795703522861,0.047429010272026,0.0048526991158723,0.036904752254486,0.0052795703522861,0.0008823675452731,0.0048526991158723,0.036904752254486,0.0051150466315448,0.0051150466315448,0.0290239882311003,0.0259740259740259,0.20210912823677063
bsc_token_hub_2022,bsc_token_hub_2022__hn023,bsc_token_hub_2022,hard_negative_mined,bsc,0,ratio_75,2,2,0.0621403912543153,0.0070796460176991,0.1088278415333748,0.4165310593453925,0.0108649423345923,0.0162416528910398,0.0108649423345923,0.0209291242063045,0.012820110656321,0.0162416528910398,0.0234099403023719,0.0209291242063045,0.012820110656321,0.0151614556089043,0.0151614556089043,0.0457709222857009,0.037037037037037,0.08403512835502625
bsc_token_hub_2022,bsc_token_hub_2022__hn028,bsc_token_hub_2022,hard_negative_mined,bsc,0,ratio_25,2,8,0.0621403912543153,0.0017699115044247,0.0757662649132641,0.0978897620133206,0.0007252212963066,0.0066503547132015,0.0007252212963066,0.0021371596958488,0.000693779264111,0.0066503547132015,0.4134882390499115,0.0021371596958488,0.000693779264111,0.0056998077780008,0.0056998077780008,0.0318789888145159,0.0259740259740259,0.0008652423857711256
bsc_token_hub_2022,bsc_token_hub_2022__hn028,bsc_token_hub_2022,hard_negative_mined,bsc,0,k_3,3,8,0.0621403912543153,0.0035398230088495,0.0757662649132641,0.0015000585960389,2.333929114683997e-05,0.0001990388409467,2.333929114683997e-05,8.95292978384532e-05,4.377860022941604e-05,0.0001990388409467,0.0024764048866927,8.95292978384532e-05,4.377860022941604e-05,0.0002430230815662,0.0002430230815662,0.00755155915299,0.005181347150259,0.0026758115272969007
bsc_token_hub_2022,bsc_token_hub_2022__hn028,bsc_token_hub_2022,hard_negative_mined,bsc,0,ratio_50,4,8,0.0621403912543153,0.0053097345132743,0.0757662649132641,0.0275539801646663,9.22908729990013e-05,0.0018503080355003,9.22908729990013e-05,0.0005804904503747,0.0001854236616054,0.0018503080355003,0.0835092663764953,0.0005804904503747,0.0001854236616054,0.0016807848587632,0.0016807848587632,0.0189176097188739,0.0241545893719806,0.00413336930796504
bsc_token_hub_2022,bsc_token_hub_2022__hn028,bsc_token_hub_2022,hard_negative_mined,bsc,0,k_5,5,8,0.0621403912543153,0.0141592920353982,0.0757662649132641,0.0128833452440314,6.750869943061844e-05,0.0008645254420116,6.750869943061844e-05,0.0002720949414651,7.019862096058205e-05,0.0008645254420116,0.0689647495746612,0.0002720949414651,7.019862096058205e-05,0.0002932629431597,0.0002932629431597,0.0138423434612844,0.0100502512562814,0.00027758043142966926
bsc_token_hub_2022,bsc_token_hub_2022__hn028,bsc_token_hub_2022,hard_negative_mined,bsc,0,ratio_75,6,8,0.0621403912543153,0.015929203539823,0.0805506863466464,0.0023572014531817,5.696036168956198e-05,0.0009759876411408,5.696036168956198e-05,0.0009085001074708,0.0001261525030713,0.0009759876411408,0.0416066460311412,0.0009085001074708,0.0001261525030713,0.0010507020633667,0.0010507020633667,0.014550111303059,0.0100502512562814,0.0014845477417111397
bsc_token_hub_2022,bsc_token_hub_2022__hn028,bsc_token_hub_2022,hard_negative_mined,bsc,0,k_7,7,8,0.0621403912543153,0.0247787610619469,0.0798506947383169,0.0373204789921274,0.0006218013586476,0.0039665875956416,0.0006218013586476,0.0021134123671799,0.0012527556391432,0.0039665875956416,0.8571646809577942,0.0021134123671799,0.0012527556391432,0.0052902293391525,0.0052902293391525,0.0258339780626387,0.0241545893719806,0.0035118870437145233
bsc_token_hub_2022,bsc_token_hub_2022__hn028,bsc_token_hub_2022,hard_negative_mined,bsc,0,ratio_100,8,8,0.0621403912543153,0.0265486725663716,0.0793293512357898,0.0085621534036282,7.081179501255974e-05,0.0005923933931626,7.081179501255974e-05,0.0003519576275721,0.000232241989579,0.0005923933931626,0.0537234060466289,0.0003519576275721,0.000232241989579,0.00040799198905,0.00040799198905,0.011847388720655,0.0100502512562814,0.0020612902007997036
bsc_token_hub_2022,bsc_token_hub_2022__hn029,bsc_token_hub_2022,hard_negative_mined,bsc,0,ratio_25,1,1,0.0621403912543153,0.0,0.1088278415333748,0.0447877209359621,0.0683654993772506,0.0034347625914961,0.0683654993772506,0.0089104790240526,0.0237422995269298,0.0034347625914961,0.0013823484769091,0.0089104790240526,0.0237422995269298,0.0033544700127094,0.0033544700127094,0.0243610521019734,0.0241545893719806,0.20210912823677063
bsc_token_hub_2022,bsc_token_hub_2022__hn030,bsc_token_hub_2022,hard_negative_mined,bsc,0,ratio_25,1,1,0.0621403912543153,0.0,0.1088278415333748,0.0447877209359621,0.047429010272026,0.0052795703522861,0.047429010272026,0.0048526991158723,0.036904752254486,0.0052795703522861,0.0008823675452731,0.0048526991158723,0.036904752254486,0.0051150466315448,0.0051150466315448,0.0290239882311003,0.0259740259740259,0.20210912823677063
bsc_token_hub_2022,bsc_token_hub_2022__hn034,bsc_token_hub_2022,hard_negative_mined,bsc,0,ratio_25,1,3,0.0621403912543153,0.0035398230088495,0.0120344311742435,0.0004711871043529,9.21089667826891e-05,5.947167664999142e-05,9.21089667826891e-05,3.396166721358895e-05,0.0001025387464324,5.947167664999142e-05,5.837270509800874e-05,3.396166721358895e-05,0.0001025387464324,2.7019912522519007e-05,2.7019912522519007e-05,0.0045780103032576,0.005181347150259,0.01067161001265049
bsc_token_hub_2022,bsc_token_hub_2022__hn034,bsc_token_hub_2022,hard_negative_mined,bsc,0,ratio_50,2,3,0.0621403912543153,0.0106194690265486,0.0306321528512702,0.0397550049577757,0.0005527620669454,0.000114515372843,0.0005527620669454,0.0001403764763381,0.0009821216808632,0.000114515372843,0.0036487751640379,0.0001403764763381,0.0009821216808632,0.0003333785571157,0.0003333785571157,0.0060068674808629,0.005181347150259,0.0009446811745874584
bsc_token_hub_2022,bsc_token_hub_2022__hn034,bsc_token_hub_2022,hard_negative_mined,bsc,0,ratio_75,3,3,0.0621403912543153,0.0106194690265486,0.0416132309352024,0.0212880942706217,0.0069709410890936,2.855345155694522e-05,0.0069709410890936,8.757896284805611e-05,0.0017435969784855,2.855345155694522e-05,0.0009308427688665,8.757896284805611e-05,0.0017435969784855,0.0001558495860081,0.0001558495860081,0.0033759818284534,0.005181347150259,0.00019845063798129559
bsc_token_hub_2022,bsc_token_hub_2022__hn035,bsc_token_hub_2022,hard_negative_mined,bsc,0,ratio_25,1,1,0.0621403912543153,0.0035398230088495,0.0120344311742435,0.0004711871043529,7.179861859185621e-05,5.322511060512625e-05,7.179861859185621e-05,2.666044565557968e-05,9.032370144268498e-05,5.322511060512625e-05,3.8760997995268553e-05,2.666044565557968e-05,9.032370144268498e-05,2.363239946134854e-05,2.363239946134854e-05,0.0043720110030007,0.005181347150259,0.01067161001265049
bsc_token_hub_2022,bsc_token_hub_2022__hn036,bsc_token_hub_2022,hard_negative_mined,bsc,0,ratio_25,1,1,0.0621403912543153,0.0035398230088495,0.0120344311742435,0.0004711871043529,7.179861859185621e-05,5.322511060512625e-05,7.179861859185621e-05,2.666044565557968e-05,9.032370144268498e-05,5.322511060512625e-05,3.8760997995268553e-05,2.666044565557968e-05,9.032370144268498e-05,2.363239946134854e-05,2.363239946134854e-05,0.0043720110030007,0.005181347150259,0.01067161001265049
bsc_token_hub_2022,bsc_token_hub_2022__hn037,bsc_token_hub_2022,hard_negative_mined,bsc,0,ratio_25,1,1,0.0621403912543153,0.0035398230088495,0.0120344311742435,0.0004711871043529,0.0004889742122031,0.0003014256653841,0.0004889742122031,0.0001394048595102,0.0006811500061303,0.0003014256653841,0.0001100382505683,0.0001394048595102,0.0006811500061303,0.0001408141833962,0.0001408141833962,0.0089650064017452,0.0076335877862595,0.01067161001265049
bsc_token_hub_2022,bsc_token_hub_2022__hn038,bsc_token_hub_2022,hard_negative_mined,bsc,0,ratio_25,1,3,0.0621403912543153,0.0,0.0757662649132641,0.0080536555348174,0.0008602188318036,0.0011089736362919,0.0008602188318036,0.0013068283442407,0.001158990082331,0.0011089736362919,0.0018905524630099,0.0013068283442407,0.001158990082331,0.0010518447961658,0.0010518447961658,0.0153343077160779,0.0100502512562814,0.22074741125106812
bsc_token_hub_2022,bsc_token_hub_2022__hn038,bsc_token_hub_2022,hard_negative_mined,bsc,0,ratio_50,2,3,0.0621403912543153,0.0070796460176991,0.0757662649132641,0.0422780111982726,0.0059313643723726,0.003855706192553,0.0059313643723726,0.0051601002924144,0.0034085777588188,0.003855706192553,0.0233835130929946,0.0051601002924144,0.0034085777588188,0.0021423590369522,0.0021423590369522,0.025537129381265,0.0241545893719806,0.009793031960725784
bsc_token_hub_2022,bsc_token_hub_2022__hn038,bsc_token_hub_2022,hard_negative_mined,bsc,0,ratio_75,3,3,0.0621403912543153,0.0070796460176991,0.0757662649132641,0.0163404881501953,6.488934741355479e-05,0.0002327607362531,6.488934741355479e-05,0.0002080611448036,8.035168866626918e-05,0.0002327607362531,0.0027257059700787,0.0002080611448036,8.035168866626918e-05,0.0001735868281684,0.0001735868281684,0.008056536430474,0.005181347150259,0.0008129629422910511
bsc_token_hub_2022,bsc_token_hub_2022__hn040,bsc_token_hub_2022,hard_negative_mined,bsc,0,k_2,2,17,0.0621403912543153,0.0070796460176991,0.1088278415333748,0.2971460095724852,0.0061650583520531,0.0161229986697435,0.0061650583520531,0.0163472574204206,0.007588792592287,0.0161229986697435,0.0145941153168678,0.0163472574204206,0.007588792592287,0.0114947911351919,0.0114947911351919,0.0456354577827492,0.037037037037037,0.04706041142344475
bsc_token_hub_2022,bsc_token_hub_2022__hn040,bsc_token_hub_2022,hard_negative_mined,bsc,0,k_3,3,17,0.0621403912543153,0.0088495575221238,0.096597304191191,0.0319222926943857,0.0086297690868377,0.0283507965505123,0.0086297690868377,0.0216867122799158,0.016673270612955,0.0283507965505123,0.926761031150818,0.0216867122799158,0.016673270612955,0.0566268973052501,0.0566268973052501,0.0573275915083505,0.0416666666666666,0.0005705084186047316
bsc_token_hub_2022,bsc_token_hub_2022__hn040,bsc_token_hub_2022,hard_negative_mined,bsc,0,ratio_25,5,17,0.0621403912543153,0.0106194690265486,0.0877121377548594,0.0811397887241468,0.0386217199265956,0.2268314957618713,0.0386217199265956,0.1748441755771637,0.0406398251652717,0.2268314957618713,0.9865583777427672,0.1748441755771637,0.0406398251652717,0.2042887210845947,0.2042887210845947,0.1372788138329076,0.0825242718446602,0.004744342062622309
bsc_token_hub_2022,bsc_token_hub_2022__hn040,bsc_token_hub_2022,hard_negative_mined,bsc,0,k_7,7,17,0.0621403912543153,0.0123893805309734,0.0933353351822554,0.0194447674418604,0.0025118337944149,0.0879127532243728,0.0025118337944149,0.0686611384153366,0.009283784776926,0.0879127532243728,0.962207555770874,0.0686611384153366,0.009283784776926,0.0534979030489921,0.0534979030489921,0.0909613830039342,0.0825242718446602,0.0006814493099227548
bsc_token_hub_2022,bsc_token_hub_2022__hn040,bsc_token_hub_2022,hard_negative_mined,bsc,0,ratio_50,9,17,0.0621403912543153,0.0212389380530973,0.0891398948582506,0.0862740744384325,0.0214566607028245,0.2652487456798553,0.0214566607028245,0.1247989162802696,0.0574220567941665,0.2652487456798553,0.7778313755989075,0.1247989162802696,0.0574220567941665,0.0255500841885805,0.0255500841885805,0.1478411205456226,0.0825242718446602,0.00466009508818388
bsc_token_hub_2022,bsc_token_hub_2022__hn040,bsc_token_hub_2022,hard_negative_mined,bsc,0,ratio_75,13,17,0.0621403912543153,0.0300884955752212,0.0848126782907999,0.2401822580570603,0.0060782739892601,0.0111462892964482,0.0060782739892601,0.0077932504937052,0.0082074692472815,0.0111462892964482,0.2512131035327911,0.0077932504937052,0.0082074692472815,0.0033054873347282,0.0033054873347282,0.0393052273066027,0.037037037037037,0.16555212438106537
bsc_token_hub_2022,bsc_token_hub_2022__hn040,bsc_token_hub_2022,hard_negative_mined,bsc,0,ratio_100,17,17,0.0621403912543153,0.0336283185840707,0.0825997344552791,0.3194651620081143,0.0094937672838568,0.0148634053766727,0.0094937672838568,0.0083557507023215,0.0164129212498664,0.0148634053766727,0.9169840812683104,0.0083557507023215,0.0164129212498664,0.0056694941595196,0.0056694941595196,0.0441590548569221,0.037037037037037,0.7483367323875427
bsc_token_hub_2022,bsc_token_hub_2022__hn041,bsc_token_hub_2022,hard_negative_mined,bsc,0,ratio_25,1,1,0.0621403912543153,0.0,0.0757662649132641,0.0004711871043529,7.179861859185621e-05,0.0001697928964858,7.179861859185621e-05,0.0001766196364769,9.032370144268498e-05,0.0001697928964858,0.0003874888643622,0.0001766196364769,9.032370144268498e-05,0.0001906813122332,0.0001906813122332,0.007070967230181,0.005181347150259,0.22074741125106812
bsc_token_hub_2022,bsc_token_hub_2022__hn046,bsc_token_hub_2022,hard_negative_mined,bsc,0,ratio_25,1,1,0.0621403912543153,0.0035398230088495,0.0120344311742435,0.0004711871043529,0.0001067699995473,5.947167664999142e-05,0.0001067699995473,3.396166721358895e-05,0.0001230114721693,5.947167664999142e-05,8.629047079011798e-05,3.396166721358895e-05,0.0001230114721693,2.7019912522519007e-05,2.7019912522519007e-05,0.0045780103032576,0.005181347150259,0.01067161001265049
bsc_token_hub_2022,bsc_token_hub_2022__hn047,bsc_token_hub_2022,hard_negative_mined,bsc,0,ratio_25,1,1,0.0621403912543153,0.0035398230088495,0.0120344311742435,0.0004711871043529,7.179861859185621e-05,5.322511060512625e-05,7.179861859185621e-05,2.666044565557968e-05,9.032370144268498e-05,5.322511060512625e-05,3.8760997995268553e-05,2.666044565557968e-05,9.032370144268498e-05,2.363239946134854e-05,2.363239946134854e-05,0.0043720110030007,0.005181347150259,0.01067161001265049
bsc_token_hub_2022,bsc_token_hub_2022__hn048,bsc_token_hub_2022,hard_negative_mined,bsc,0,ratio_25,2,7,0.0621403912543153,0.0088495575221238,0.0757662649132641,0.3151126332490441,0.0388958491384983,0.040663406252861,0.0388958491384983,0.042419895529747,0.0153289167210459,0.040663406252861,0.1615297943353653,0.042419895529747,0.0153289167210459,0.033877182751894,0.033877182751894,0.0663402838018156,0.0825242718446602,0.37399306893348694
bsc_token_hub_2022,bsc_token_hub_2022__hn048,bsc_token_hub_2022,hard_negative_mined,bsc,0,k_3,3,7,0.0621403912543153,0.0106194690265486,0.0757662649132641,0.5013117491929748,0.9811949133872986,0.9874650239944458,0.9811949133872986,0.94563627243042,0.9244041442871094,0.9874650239944458,0.9014347791671752,0.94563627243042,0.9244041442871094,0.9775537848472596,0.9775537848472596,0.620746207072414,0.5365853658536586,0.470991313457489
bsc_token_hub_2022,bsc_token_hub_2022__hn048,bsc_token_hub_2022,hard_negative_mined,bsc,0,ratio_50,4,7,0.0621403912543153,0.0106194690265486,0.0757662649132641,0.0534536347108254,0.0042814170010387,0.0059560551308095,0.0042814170010387,0.0073527693748474,0.0037271953187882,0.0059560551308095,0.5019749402999878,0.0073527693748474,0.0037271953187882,0.0159093625843524,0.0159093625843524,0.0304823231177677,0.0259740259740259,0.0071776257827878
bsc_token_hub_2022,bsc_token_hub_2022__hn048,bsc_token_hub_2022,hard_negative_mined,bsc,0,k_5,5,7,0.0621403912543153,0.0123893805309734,0.0757662649132641,0.0105360552081224,0.0001792416442185,0.0008455849601887,0.0001792416442185,0.0003617928014136,0.0002838265208993,0.0008455849601887,0.0113490913063287,0.0003617928014136,0.0002838265208993,0.0002818854118231,0.0002818854118231,0.0137167812790223,0.0100502512562814,0.001122386078350246
bsc_token_hub_2022,bsc_token_hub_2022__hn048,bsc_token_hub_2022,hard_negative_mined,bsc,0,ratio_75,6,7,0.0621403912543153,0.0123893805309734,0.0757662649132641,0.0126136949596752,0.0001548321451991,0.0008557599503546,0.0001548321451991,0.000371414469555,0.0003025952319148,0.0008557599503546,0.0165243800729513,0.000371414469555,0.0003025952319148,0.0003640516952145,0.0003640516952145,0.0137844394943992,0.0100502512562814,0.004205859266221523
bsc_token_hub_2022,bsc_token_hub_2022__hn048,bsc_token_hub_2022,hard_negative_mined,bsc,0,ratio_100,7,7,0.0621403912543153,0.0265486725663716,0.0757662649132641,0.0050000585960389,0.000235705054365,0.000948806584347,0.000235705054365,0.0004451727727428,0.0004271934449207,0.000948806584347,0.013849495910108,0.0004451727727428,0.0004271934449207,0.0006704019615426,0.0006704019615426,0.0143821364614427,0.0100502512562814,0.0032299445010721684
bsc_token_hub_2022,bsc_token_hub_2022__hn050,bsc_token_hub_2022,hard_negative_mined,bsc,0,ratio_25,1,2,0.0621403912543153,0.0,0.1088278415333748,0.0447877209359621,0.0683654993772506,0.0034347625914961,0.0683654993772506,0.0089104790240526,0.0237422995269298,0.0034347625914961,0.0013823484769091,0.0089104790240526,0.0237422995269298,0.0033544700127094,0.0033544700127094,0.0243610521019734,0.0241545893719806,0.20210912823677063
bsc_token_hub_2022,bsc_token_hub_2022__hn050,bsc_token_hub_2022,hard_negative_mined,bsc,0,ratio_75,2,2,0.0621403912543153,0.0070796460176991,0.1088278415333748,0.1771914250829399,0.0051970812492072,0.0053196582011878,0.0051970812492072,0.016549514606595,0.0024444528389722,0.0053196582011878,0.0833509936928749,0.016549514606595,0.0024444528389722,0.0074468748643994,0.0074468748643994,0.029113433727852,0.0259740259740259,0.046395689249038696
bsc_token_hub_2022,bsc_token_hub_2022__hn051,bsc_token_hub_2022,hard_negative_mined,bsc,0,ratio_25,1,1,0.0621403912543153,0.0,0.0757662649132641,0.0004711871043529,7.179861859185621e-05,0.0001697928964858,7.179861859185621e-05,0.0001766196364769,9.032370144268498e-05,0.0001697928964858,0.0003874888643622,0.0001766196364769,9.032370144268498e-05,0.0001906813122332,0.0001906813122332,0.007070967230181,0.005181347150259,0.22074741125106812
bsc_token_hub_2022,bsc_token_hub_2022__hn053,bsc_token_hub_2022,hard_negative_mined,bsc,0,ratio_25,1,1,0.0621403912543153,0.0,0.0757662649132641,0.0004711871043529,7.179861859185621e-05,0.0001697928964858,7.179861859185621e-05,0.0001766196364769,9.032370144268498e-05,0.0001697928964858,0.0003874888643622,0.0001766196364769,9.032370144268498e-05,0.0001906813122332,0.0001906813122332,0.007070967230181,0.005181347150259,0.22074741125106812
bsc_token_hub_2022,bsc_token_hub_2022__hn054,bsc_token_hub_2022,hard_negative_mined,bsc,0,ratio_25,1,1,0.0621403912543153,0.0,0.1088278415333748,0.012247258804173,0.0010654157958924,0.000110827932076,0.0010654157958924,0.0002013323537539,0.0008088077884167,0.000110827932076,0.0001792073016986,0.0002013323537539,0.0008088077884167,0.0001022658179863,0.0001022658179863,0.0059259630539773,0.005181347150259,0.20210912823677063
bsc_token_hub_2022,bsc_token_hub_2022__hn056,bsc_token_hub_2022,hard_negative_mined,bsc,0,ratio_25,1,1,0.0621403912543153,0.0035398230088495,0.0120344311742435,0.0004711871043529,9.21089667826891e-05,5.947167664999142e-05,9.21089667826891e-05,3.396166721358895e-05,0.0001025387464324,5.947167664999142e-05,5.837270509800874e-05,3.396166721358895e-05,0.0001025387464324,2.7019912522519007e-05,2.7019912522519007e-05,0.0045780103032576,0.005181347150259,0.01067161001265049
bsc_token_hub_2022,bsc_token_hub_2022__hn057,bsc_token_hub_2022,hard_negative_mined,bsc,0,ratio_25,1,1,0.0621403912543153,0.0035398230088495,0.0120344311742435,0.0080536555348174,0.0008602188318036,0.0002681111800484,0.0008602188318036,0.0001294345565838,0.001158990082331,0.0002681111800484,0.000151358108269,0.0001294345565838,0.001158990082331,0.0001231762726092,0.0001231762726092,0.0085414672050285,0.0076335877862595,0.01067161001265049
bsc_token_hub_2022,bsc_token_hub_2022__hn058,bsc_token_hub_2022,hard_negative_mined,bsc,0,ratio_25,1,1,0.0621403912543153,0.0035398230088495,0.0120344311742435,0.0004711871043529,7.179861859185621e-05,5.322511060512625e-05,7.179861859185621e-05,2.666044565557968e-05,9.032370144268498e-05,5.322511060512625e-05,3.8760997995268553e-05,2.666044565557968e-05,9.032370144268498e-05,2.363239946134854e-05,2.363239946134854e-05,0.0043720110030007,0.005181347150259,0.01067161001265049
bsc_token_hub_2022,bsc_token_hub_2022__hn059,bsc_token_hub_2022,hard_negative_mined,bsc,0,ratio_25,2,8,0.0621403912543153,0.0070796460176991,0.0757662649132641,0.0446844722366359,0.0002105932944687,0.0009327044244855,0.0002105932944687,0.0005424904520623,0.0002732614520937,0.0009327044244855,0.0044846874661743,0.0005424904520623,0.0002732614520937,0.0003176971222274,0.0003176971222274,0.0142812762406125,0.0100502512562814,0.009793031960725784
bsc_token_hub_2022,bsc_token_hub_2022__hn059,bsc_token_hub_2022,hard_negative_mined,bsc,0,k_3,3,8,0.0621403912543153,0.0070796460176991,0.0757662649132641,0.0193243259935429,0.0006279713124968,0.0037092310376465,0.0006279713124968,0.0026442862581461,0.0008220513700507,0.0037092310376465,0.0008930830517783,0.0026442862581461,0.0008220513700507,0.0020642420276999,0.0020642420276999,0.0251370399355659,0.0241545893719806,0.020254435017704964
bsc_token_hub_2022,bsc_token_hub_2022__hn059,bsc_token_hub_2022,hard_negative_mined,bsc,0,ratio_50,4,8,0.0621403912543153,0.0070796460176991,0.0757662649132641,0.0018133189085226,0.0001196636076201,0.0002988808555528,0.0001196636076201,0.0001763187756296,9.138230234384535e-05,0.0002988808555528,0.0008930830517783,0.0001763187756296,9.138230234384535e-05,0.0001613721397006,0.0001613721397006,0.0089336592850894,0.0076335877862595,0.0004352082032710314
bsc_token_hub_2022,bsc_token_hub_2022__hn059,bsc_token_hub_2022,hard_negative_mined,bsc,0,k_5,5,8,0.0621403912543153,0.0106194690265486,0.0530192004975639,0.0102034834730486,0.0007367928046733,0.0002386741107329,0.0007367928046733,0.000596837431658,0.0003737186780199,0.0002386741107329,0.0006357626989483,0.000596837431658,0.0003737186780199,0.0002347617264604,0.0002347617264604,0.0081405416902221,0.005181347150259,0.000602541898842901
bsc_token_hub_2022,bsc_token_hub_2022__hn059,bsc_token_hub_2022,hard_negative_mined,bsc,0,ratio_75,6,8,0.0621403912543153,0.0106194690265486,0.0563021904359554,0.0117252226034834,0.0007367928046733,0.0002386741107329,0.0007367928046733,0.0006237032939679,0.0003737186780199,0.0002386741107329,0.0006240535294637,0.0006237032939679,0.0003737186780199,0.0002781961520668,0.0002781961520668,0.0081405416902221,0.005181347150259,0.0003030378429684788
bsc_token_hub_2022,bsc_token_hub_2022__hn059,bsc_token_hub_2022,hard_negative_mined,bsc,0,k_7,7,8,0.0621403912543153,0.0106194690265486,0.0587632428507115,0.0274429527899636,0.0069633270613849,0.0029142503626644,0.0069633270613849,0.0052772923372685,0.0023717009462416,0.0029142503626644,0.000676226161886,0.0052772923372685,0.0023717009462416,0.0009022983140312,0.0009022983140312,0.0227804243969649,0.0241545893719806,0.00022117521439213306
bsc_token_hub_2022,bsc_token_hub_2022__hn059,bsc_token_hub_2022,hard_negative_mined,bsc,0,ratio_100,8,8,0.0621403912543153,0.0106194690265486,0.0606748516929236,0.0228596194566303,0.003145110560581,0.003343594726175,0.003145110560581,0.0059408186934888,0.0017825363902375,0.003343594726175,0.0009028220665641,0.0059408186934888,0.0017825363902375,0.0009704391704872,0.0009704391704872,0.024095116039331,0.0241545893719806,0.002427857369184494
bsc_token_hub_2022,bsc_token_hub_2022__hn060,bsc_token_hub_2022,hard_negative_mined,bsc,0,k_2,2,16,0.0621403912543153,0.0,0.0757662649132641,0.1539689701902041,0.0023273238912224,0.0014051420148462,0.0023273238912224,0.0016038479516282,0.002631009556353,0.0014051420148462,0.0039793960750103,0.0016038479516282,0.002631009556353,0.0007012094720266,0.0007012094720266,0.0168992575230058,0.0241545893719806,0.407831072807312
bsc_token_hub_2022,bsc_token_hub_2022__hn060,bsc_token_hub_2022,hard_negative_mined,bsc,0,k_3,3,16,0.0621403912543153,0.0017699115044247,0.0757662649132641,0.003788440503986,0.0005051427870057,0.0003557866148184,0.0005051427870057,0.0005523585714399,0.0007698712870478,0.0003557866148184,0.0006654619355686,0.0005523585714399,0.0007698712870478,0.0028216829523444,0.0028216829523444,0.0096004404440728,0.0076335877862595,0.442131370306015
bsc_token_hub_2022,bsc_token_hub_2022__hn060,bsc_token_hub_2022,hard_negative_mined,bsc,0,ratio_25,4,16,0.0621403912543153,0.0088495575221238,0.0757662649132641,0.011865762886028,0.0006532917032018,0.0007454302976839,0.0006532917032018,0.0011253553675487,0.000706203689333,0.0007454302976839,0.0014945717994123,0.0011253553675487,0.000706203689333,0.0022453302517533,0.0022453302517533,0.013023348074872,0.0100502512562814,0.3016186058521271
bsc_token_hub_2022,bsc_token_hub_2022__hn060,bsc_token_hub_2022,hard_negative_mined,bsc,0,k_5,5,16,0.0621403912543153,0.0106194690265486,0.0757662649132641,0.0177871999908832,0.0026001562364399,0.0011315596057102,0.0026001562364399,0.0008958580438047,0.0006693814066238,0.0011315596057102,0.0007503011147491,0.0008958580438047,0.0006693814066238,0.001021359115839,0.001021359115839,0.0154618369359732,0.0100502512562814,0.41489526629447937
bsc_token_hub_2022,bsc_token_hub_2022__hn060,bsc_token_hub_2022,hard_negative_mined,bsc,0,k_7,7,16,0.0621403912543153,0.0123893805309734,0.0757662649132641,0.0025417252627055,6.672670133411884e-05,5.361404691939242e-05,6.672670133411884e-05,6.866969488328323e-05,6.78129872540012e-05,5.361404691939242e-05,0.0003537033626344,6.866969488328323e-05,6.78129872540012e-05,4.241712667862885e-05,4.241712667862885e-05,0.0043852392129032,0.005181347150259,0.3451981544494629
bsc_token_hub_2022,bsc_token_hub_2022__hn060,bsc_token_hub_2022,hard_negative_mined,bsc,0,ratio_50,8,16,0.0621403912543153,0.0141592920353982,0.0757662649132641,0.0054487020068916,0.0005867907893843,9.901411976898088e-05,0.0005867907893843,0.0001558922522235,0.000938790210057,9.901411976898088e-05,0.0001483570085838,0.0001558922522235,0.000938790210057,0.0001259994605788,0.0001259994605788,0.0056555464889476,0.005181347150259,0.24503721296787262
bsc_token_hub_2022,bsc_token_hub_2022__hn060,bsc_token_hub_2022,hard_negative_mined,bsc,0,ratio_75,12,16,0.0621403912543153,0.0194690265486725,0.0757662649132641,0.0054487020068916,0.0001477753248764,3.635989560279995e-05,0.0001477753248764,6.057597420294769e-05,0.0002183865290135,3.635989560279995e-05,6.0877449868712574e-05,6.057597420294769e-05,0.0002183865290135,6.308681622613221e-05,6.308681622613221e-05,0.0037324068749621,0.005181347150259,0.12905927002429962
bsc_token_hub_2022,bsc_token_hub_2022__hn060,bsc_token_hub_2022,hard_negative_mined,bsc,0,ratio_100,16,16,0.0621403912543153,0.0212389380530973,0.0757662649132641,0.0165000585960389,9.4387614808511e-05,2.4109622245305214e-05,9.4387614808511e-05,2.795884938677773e-05,4.519695721683093e-05,2.4109622245305214e-05,6.0877449868712574e-05,2.795884938677773e-05,4.519695721683093e-05,1.8167271264246665e-05,1.8167271264246665e-05,0.0031468924184637,0.005181347150259,0.0054993839003145695
bsc_token_hub_2022,bsc_token_hub_2022__hn065,bsc_token_hub_2022,hard_negative_mined,bsc,0,ratio_25,2,8,0.0621403912543153,0.0070796460176991,0.1088278415333748,0.5140890196986184,0.0562870576977729,0.0299765355885028,0.0562870576977729,0.0420747809112072,0.0694225430488586,0.0299765355885028,0.0695468038320541,0.0420747809112072,0.0694225430488586,0.0195556841790676,0.0195556841790676,0.0586348691885073,0.0825242718446602,0.10818719863891602
bsc_token_hub_2022,bsc_token_hub_2022__hn065,bsc_token_hub_2022,hard_negative_mined,bsc,0,k_3,3,8,0.0621403912543153,0.0070796460176991,0.1088278415333748,0.512300969351097,0.6796309947967529,0.9430528879165648,0.6796309947967529,0.9164993762969972,0.8124937415122986,0.9430528879165648,0.3916280269622803,0.9164993762969972,0.8124937415122986,0.9135428071022034,0.9135428071022034,0.4607706676675561,0.5365853658536586,0.014607870951294899
bsc_token_hub_2022,bsc_token_hub_2022__hn065,bsc_token_hub_2022,hard_negative_mined,bsc,0,ratio_50,4,8,0.0621403912543153,0.0070796460176991,0.1088278415333748,0.4866379646767047,0.6248739361763,0.5244079828262329,0.6248739361763,0.5216859579086304,0.6565035581588745,0.5244079828262329,0.0132169313728809,0.5216859579086304,0.6565035581588745,0.5903152227401733,0.5903152227401733,0.2164775670051746,0.2727272727272727,0.024463791400194168
bsc_token_hub_2022,bsc_token_hub_2022__hn065,bsc_token_hub_2022,hard_negative_mined,bsc,0,k_5,5,8,0.0621403912543153,0.0070796460176991,0.1088278415333748,0.0070782427192601,0.0015702462987974,0.0043199332430958,0.0015702462987974,0.0024162726476788,0.002201214665547,0.0043199332430958,0.0307580456137657,0.0024162726476788,0.002201214665547,0.0040528899990022,0.0040528899990022,0.0267480559869837,0.0241545893719806,0.003275117604061961
bsc_token_hub_2022,bsc_token_hub_2022__hn065,bsc_token_hub_2022,hard_negative_mined,bsc,0,ratio_75,6,8,0.0621403912543153,0.0070796460176991,0.1088278415333748,0.0107449093859268,6.102747283875942e-05,0.0003369569894857,6.102747283875942e-05,0.0006043055327609,0.0001292305823881,0.0003369569894857,0.0177014078944921,0.0006043055327609,0.0001292305823881,0.0010411503026261,0.0010411503026261,0.0093872808983389,0.0076335877862595,0.009337364695966244
bsc_token_hub_2022,bsc_token_hub_2022__hn065,bsc_token_hub_2022,hard_negative_mined,bsc,0,k_7,7,8,0.0621403912543153,0.0070796460176991,0.1088278415333748,0.0107449093859268,0.0001783566403901,0.0005167702911421,0.0001783566403901,0.0014982632128521,0.0001699291024124,0.0005167702911421,0.2700283527374267,0.0014982632128521,0.0001699291024124,0.0013924589147791,0.0013924589147791,0.011198912034596,0.0076335877862595,0.003386485856026411
bsc_token_hub_2022,bsc_token_hub_2022__hn065,bsc_token_hub_2022,hard_negative_mined,bsc,0,ratio_100,8,8,0.0621403912543153,0.0070796460176991,0.1088278415333748,0.0070782427192601,0.0009600880439393,0.007114237640053,0.0009600880439393,0.0063980412669479,0.00219263182953,0.007114237640053,0.3693812787532806,0.0063980412669479,0.00219263182953,0.0054149222560226,0.0054149222560226,0.0327638997743123,0.0259740259740259,0.0013825517380610108
bsc_token_hub_2022,bsc_token_hub_2022__hn066,bsc_token_hub_2022,hard_negative_mined,bsc,0,ratio_25,2,5,0.0621403912543153,0.0070796460176991,0.0757662649132641,0.0362943887359467,0.0004501850926317,0.0018534280825406,0.0004501850926317,0.0015655674505978,0.0005010663298889,0.0018534280825406,0.0082953236997127,0.0015655674505978,0.0005010663298889,0.0008818241767585,0.0008818241767585,0.018930669659442,0.0241545893719806,0.009793031960725784
bsc_token_hub_2022,bsc_token_hub_2022__hn066,bsc_token_hub_2022,hard_negative_mined,bsc,0,ratio_50,3,5,0.0621403912543153,0.0070796460176991,0.0757662649132641,0.0153970524728361,4.8986174078891054e-05,0.0008680343162268,4.8986174078891054e-05,0.0004700568970292,5.266748848953284e-05,0.0008680343162268,0.0022979511413723,0.0004700568970292,5.266748848953284e-05,0.000212421597098,0.000212421597098,0.0138654250421961,0.0100502512562814,0.03737403824925423
bsc_token_hub_2022,bsc_token_hub_2022__hn066,bsc_token_hub_2022,hard_negative_mined,bsc,0,ratio_75,4,5,0.0621403912543153,0.0070796460176991,0.0757662649132641,0.0062765957446808,0.0001489918358856,0.0002718037867452,0.0001489918358856,0.0001482327206758,7.474159792764112e-05,0.0002718037867452,0.0008930830517783,0.0001482327206758,7.474159792764112e-05,0.0001482491206843,0.0001482491206843,0.0085898903030331,0.0076335877862595,0.0006838118424639106
bsc_token_hub_2022,bsc_token_hub_2022__hn066,bsc_token_hub_2022,hard_negative_mined,bsc,0,ratio_100,5,5,0.0621403912543153,0.0070796460176991,0.0757662649132641,0.0062765957446808,0.0001062314477167,0.0002718037867452,0.0001062314477167,0.0001482327206758,8.192682435037568e-05,0.0002718037867452,0.0008930830517783,0.0001482327206758,8.192682435037568e-05,0.0001482491206843,0.0001482491206843,0.0085898903030331,0.0076335877862595,0.022954342886805534
qbridge_qubit_2022,qbridge_qubit_2022__hn000,qbridge_qubit_2022,hard_negative_mined,bsc,0,ratio_25,1,1,0.0642474717430101,0.0,0.1198644023283595,0.0899873138020686,0.0164987798780202,0.006236623506993,0.0164987798780202,0.0085273487493395,0.0277028549462556,0.006236623506993,0.0022274749353528,0.0085273487493395,0.0277028549462556,0.004359804559499,0.004359804559499,0.0345098409109772,0.0473933649289099,0.1629801243543625
qbridge_qubit_2022,qbridge_qubit_2022__hn001,qbridge_qubit_2022,hard_negative_mined,bsc,0,k_2,2,663,0.0642474717430101,0.0082135523613963,0.0829956378830961,0.0767329237195935,0.0020017665810883,0.0180290378630161,0.0020017665810883,0.0124900648370385,0.0030640722252428,0.0180290378630161,0.0102784782648086,0.0124900648370385,0.0030640722252428,0.0030441656708717,0.0030441656708717,0.0504539966988652,0.0473933649289099,0.5612783432006836
qbridge_qubit_2022,qbridge_qubit_2022__hn001,qbridge_qubit_2022,hard_negative_mined,bsc,0,k_3,3,663,0.0642474717430101,0.0082135523613963,0.0829956378830961,0.0438404189876826,0.0007892671274021,0.0008106800960376,0.0007892671274021,0.0016510165296494,0.0009434641106054,0.0008106800960376,0.0047464971430599,0.0016510165296494,0.0009434641106054,0.0002542058355174,0.0002542058355174,0.0165130322799434,0.0077519379844961,0.07722780853509903
qbridge_qubit_2022,qbridge_qubit_2022__hn001,qbridge_qubit_2022,hard_negative_mined,bsc,0,k_5,5,663,0.0642474717430101,0.0082135523613963,0.0829956378830961,0.0839186740987123,0.0034920454490929,0.000512946571689,0.0034920454490929,0.0015355041250586,0.0023449822328984,0.000512946571689,0.0040287910960614,0.0015355041250586,0.0023449822328984,0.0004669183981604,0.0004669183981604,0.0139791905533714,0.0077519379844961,0.03073936328291893
qbridge_qubit_2022,qbridge_qubit_2022__hn001,qbridge_qubit_2022,hard_negative_mined,bsc,0,k_7,7,663,0.0642474717430101,0.0082135523613963,0.0829956378830961,0.0660250075046685,0.0029472736641764,0.0009021474979817,0.0029472736641764,0.002108454471454,0.0029668163042515,0.0009021474979817,0.0040287910960614,0.002108454471454,0.0029668163042515,0.0003865309408865,0.0003865309408865,0.0171672138276057,0.0077519379844961,0.3907012343406677
qbridge_qubit_2022,qbridge_qubit_2022__hn001,qbridge_qubit_2022,hard_negative_mined,bsc,0,ratio_25,166,663,0.0642474717430101,0.0739219712525667,0.0829956378830961,0.143247476698683,0.0036194252315908,0.0328959561884403,0.0036194252315908,0.0375022441148757,0.0107769342139363,0.0328959561884403,0.0044080265797674,0.0375022441148757,0.0107769342139363,0.0134586999192833,0.0134586999192833,0.0625507149881387,0.0473933649289099,0.01791434921324253
qbridge_qubit_2022,qbridge_qubit_2022__hn001,qbridge_qubit_2022,hard_negative_mined,bsc,0,ratio_50,332,663,0.0642474717430101,0.1149897330595482,0.0829956378830961,0.0977213874409298,0.0033245568629354,0.0083685228601098,0.0033245568629354,0.0147184934467077,0.0078826863318681,0.0083685228601098,0.0044080265797674,0.0147184934467077,0.0078826863318681,0.005254290997982,0.005254290997982,0.0383461314824246,0.0473933649289099,0.24597245454788208
qbridge_qubit_2022,qbridge_qubit_2022__hn001,qbridge_qubit_2022,hard_negative_mined,bsc,0,ratio_75,498,663,0.0642474717430101,0.2012320328542094,0.0829956378830961,0.0809035703587001,0.0012595256557688,0.0069367880932986,0.0012595256557688,0.0106142600998282,0.0028353633824735,0.0069367880932986,0.0047752633690834,0.0106142600998282,0.0028353633824735,0.0042623919434845,0.0042623919434845,0.0358523832142494,0.0473933649289099,0.7474035024642944
qbridge_qubit_2022,qbridge_qubit_2022__hn001,qbridge_qubit_2022,hard_negative_mined,bsc,0,ratio_100,663,663,0.0642474717430101,0.4948665297741273,0.0829956378830961,0.2492227504841904,0.0093124583363533,0.0218641497194767,0.0093124583363533,0.0295010674744844,0.0229161493480205,0.0218641497194767,0.0109073165804147,0.0295010674744844,0.0229161493480205,0.01448589656502,0.01448589656502,0.0540517454000517,0.0473933649289099,0.0001993163168663159
qbridge_qubit_2022,qbridge_qubit_2022__hn002,qbridge_qubit_2022,hard_negative_mined,bsc,0,ratio_25,1,3,0.0642474717430101,0.0,0.0829956378830961,0.0013289864667817,7.653974171262234e-05,0.0001634483342058,7.653974171262234e-05,0.0001871376443887,8.573044033255428e-05,0.0001634483342058,0.0007441058987751,0.0001871376443887,8.573044033255428e-05,0.0001372903498122,0.0001372903498122,0.0092061899653005,0.0033444816053511,0.2482450157403946
qbridge_qubit_2022,qbridge_qubit_2022__hn002,qbridge_qubit_2022,hard_negative_mined,bsc,0,ratio_50,2,3,0.0642474717430101,0.0102669404517453,0.0999284779519375,0.1199002261023494,0.0129893356934189,0.0198020655661821,0.0129893356934189,0.0401274338364601,0.0115422252565622,0.0198020655661821,0.5051204562187195,0.0401274338364601,0.0115422252565622,0.0093881990760564,0.0093881990760564,0.0521728242536769,0.0473933649289099,0.028862932696938515
qbridge_qubit_2022,qbridge_qubit_2022__hn002,qbridge_qubit_2022,hard_negative_mined,bsc,0,ratio_75,3,3,0.0642474717430101,0.0123203285420944,0.1062227796406883,0.07562959263382,0.0122180851176381,0.0066384049132466,0.0122180851176381,0.0221414510160684,0.0070676421746611,0.0066384049132466,0.3720769584178924,0.0221414510160684,0.0070676421746611,0.0070128580555319,0.0070128580555319,0.0352915041390646,0.0473933649289099,0.0033578036818653345
qbridge_qubit_2022,qbridge_qubit_2022__hn003,qbridge_qubit_2022,hard_negative_mined,bsc,0,ratio_25,1,1,0.0642474717430101,0.0,0.0829956378830961,0.0013289864667817,7.653974171262234e-05,0.0001743892789818,7.653974171262234e-05,0.000201925256988,8.573044033255428e-05,0.0001743892789818,0.0006442493177019,0.000201925256988,8.573044033255428e-05,0.0001372903498122,0.0001372903498122,0.0094270874888526,0.0033444816053511,0.2482450157403946
qbridge_qubit_2022,qbridge_qubit_2022__hn006,qbridge_qubit_2022,hard_negative_mined,bsc,0,ratio_25,1,2,0.0642474717430101,0.0,0.0829956378830961,0.0125113002861475,0.001063325908035,0.0009463441674597,0.001063325908035,0.0010179737582802,0.0007915741298347,0.0009463441674597,0.0033246597740799,0.0010179737582802,0.0007915741298347,0.0011190462391823,0.0011190462391823,0.0174680933349404,0.0077519379844961,0.2482450157403946
qbridge_qubit_2022,qbridge_qubit_2022__hn006,qbridge_qubit_2022,hard_negative_mined,bsc,0,ratio_75,2,2,0.0642474717430101,0.0082135523613963,0.0829956378830961,0.0217473173406018,0.0019533154554665,0.0012372165219858,0.0019533154554665,0.000872419506777,0.0003535934374667,0.0012372165219858,0.0107741896063089,0.000872419506777,0.0003535934374667,0.0003306157304905,0.0003306157304905,0.0192526915196452,0.018348623853211,0.0009133770363405347
qbridge_qubit_2022,qbridge_qubit_2022__hn007,qbridge_qubit_2022,hard_negative_mined,bsc,0,ratio_25,1,2,0.0642474717430101,0.0,0.0829956378830961,0.0013289864667817,7.653974171262234e-05,0.0001743892789818,7.653974171262234e-05,0.000201925256988,8.573044033255428e-05,0.0001743892789818,0.0006442493177019,0.000201925256988,8.573044033255428e-05,0.0001372903498122,0.0001372903498122,0.0094270874888526,0.0033444816053511,0.2482450157403946
qbridge_qubit_2022,qbridge_qubit_2022__hn007,qbridge_qubit_2022,hard_negative_mined,bsc,0,ratio_75,2,2,0.0642474717430101,0.0082135523613963,0.0829956378830961,0.0559342256748488,0.00168232107535,0.0034656096249818,0.00168232107535,0.0013776794075965,0.0015715453773736,0.0034656096249818,0.0799621790647506,0.0013776794075965,0.0015715453773736,0.0013850729446858,0.0013850729446858,0.027938324033039,0.0473933649289099,0.0009133770363405347
qbridge_qubit_2022,qbridge_qubit_2022__hn008,qbridge_qubit_2022,hard_negative_mined,bsc,0,ratio_25,2,7,0.0642474717430101,0.0082135523613963,0.0829956378830961,0.058694666721287,0.0017299040919169,0.0031032485421746,0.0017299040919169,0.0032704651821404,0.0014227118808776,0.0031032485421746,0.0098064877092838,0.0032704651821404,0.0014227118808776,0.0021585843060165,0.0021585843060165,0.0268481649287463,0.0473933649289099,0.5612783432006836
qbridge_qubit_2022,qbridge_qubit_2022__hn008,qbridge_qubit_2022,hard_negative_mined,bsc,0,k_3,3,7,0.0642474717430101,0.0082135523613963,0.0829956378830961,0.0801756052845033,0.0007866514497436,0.002613560995087,0.0007866514497436,0.002654091687873,0.0011266532819718,0.002613560995087,0.0024902189616113,0.002654091687873,0.0011266532819718,0.001192630501464,0.001192630501464,0.0252353259615418,0.0473933649289099,0.39872369170188904
qbridge_qubit_2022,qbridge_qubit_2022__hn008,qbridge_qubit_2022,hard_negative_mined,bsc,0,ratio_50,4,7,0.0642474717430101,0.0082135523613963,0.0829956378830961,0.0792004860425562,0.0005138497217558,0.0020733568817377,0.0005138497217558,0.002654091687873,0.0005909255123697,0.0020733568817377,0.0027390629984438,0.002654091687873,0.0005909255123697,0.0012788305757567,0.0012788305757567,0.0232104714394825,0.0473933649289099,0.27401408553123474
qbridge_qubit_2022,qbridge_qubit_2022__hn008,qbridge_qubit_2022,hard_negative_mined,bsc,0,k_5,5,7,0.0642474717430101,0.0082135523613963,0.0829956378830961,0.0823473391894094,0.0008263060008175,0.0022157286293804,0.0008263060008175,0.002654091687873,0.0005766757531091,0.0022157286293804,0.0009255126933567,0.002654091687873,0.0005766757531091,0.0012788305757567,0.0012788305757567,0.0237743405337241,0.0473933649289099,0.2086368352174759
qbridge_qubit_2022,qbridge_qubit_2022__hn008,qbridge_qubit_2022,hard_negative_mined,bsc,0,ratio_75,6,7,0.0642474717430101,0.0082135523613963,0.0829956378830961,0.0823473391894094,0.0008263060008175,0.0022942863870412,0.0008263060008175,0.002654091687873,0.0005766757531091,0.0022942863870412,0.0030797091312706,0.002654091687873,0.0005766757531091,0.0012788305757567,0.0012788305757567,0.0240755082227051,0.0473933649289099,0.1813444197177887
qbridge_qubit_2022,qbridge_qubit_2022__hn008,qbridge_qubit_2022,hard_negative_mined,bsc,0,ratio_100,7,7,0.0642474717430101,0.0082135523613963,0.0829956378830961,0.0527312515992385,0.0027245017699897,0.0025971888098865,0.0027245017699897,0.0040535926818847,0.0031080332119017,0.0025971888098865,0.0038426772225648,0.0040535926818847,0.0031080332119017,0.0011582882143557,0.0011582882143557,0.0251781498485983,0.0473933649289099,0.17138805985450745
qbridge_qubit_2022,qbridge_qubit_2022__hn009,qbridge_qubit_2022,hard_negative_mined,bsc,0,k_2,2,858,0.0642474717430101,0.0082135523613963,0.0829956378830961,0.1137804362698413,0.0014557940885424,0.0024537970311939,0.0014557940885424,0.0036957927513867,0.0007249166374094,0.0024537970311939,0.003423182060942,0.0036957927513867,0.0007249166374094,0.0037279692478477,0.0037279692478477,0.024667143937396,0.0473933649289099,0.5612783432006836
qbridge_qubit_2022,qbridge_qubit_2022__hn009,qbridge_qubit_2022,hard_negative_mined,bsc,0,k_3,3,858,0.0642474717430101,0.0082135523613963,0.0829956378830961,0.1143707768074318,0.0030187931843101,0.0021290925797075,0.0030187931843101,0.0023881657980382,0.0012913456885144,0.0021290925797075,0.0017105946317315,0.0023881657980382,0.0012913456885144,0.00196408550255,0.00196408550255,0.0234341033903863,0.0473933649289099,0.07722780853509903
qbridge_qubit_2022,qbridge_qubit_2022__hn009,qbridge_qubit_2022,hard_negative_mined,bsc,0,k_5,5,858,0.0642474717430101,0.0082135523613963,0.0829956378830961,0.1115694365380384,0.0050392276607453,0.0104412175714969,0.0050392276607453,0.0143636725842952,0.0027510395739227,0.0104412175714969,0.0069143930450081,0.0143636725842952,0.0027510395739227,0.0055359783582389,0.0055359783582389,0.0415069526465263,0.0473933649289099,0.021016636863350868
qbridge_qubit_2022,qbridge_qubit_2022__hn009,qbridge_qubit_2022,hard_negative_mined,bsc,0,k_7,7,858,0.0642474717430101,0.0082135523613963,0.0829956378830961,0.0580868619371667,0.0097912056371569,0.0077345827594399,0.0097912056371569,0.0117522133514285,0.0080693885684013,0.0077345827594399,0.0064928606152534,0.0117522133514285,0.0080693885684013,0.0050038252957165,0.0050038252957165,0.037279079617624,0.0473933649289099,0.018444964662194252
qbridge_qubit_2022,qbridge_qubit_2022__hn009,qbridge_qubit_2022,hard_negative_mined,bsc,0,ratio_25,215,858,0.0642474717430101,0.0082135523613963,0.0829956378830961,0.0085457356629981,0.000145717174746,0.0001566511491546,0.000145717174746,0.0008200973388738,0.0001254380622413,0.0001566511491546,0.0017105946317315,0.0008200973388738,0.0001254380622413,0.0001859058829722,0.0001859058829722,0.0090641709166654,0.0033444816053511,0.035071961581707
qbridge_qubit_2022,qbridge_qubit_2022__hn009,qbridge_qubit_2022,hard_negative_mined,bsc,0,ratio_50,429,858,0.0642474717430101,0.0082135523613963,0.0829956378830961,0.0095054363472377,0.0002440489188302,0.000173061620444,0.0002440489188302,0.0008200973388738,0.0001864067889982,0.000173061620444,0.0017105946317315,0.0008200973388738,0.0001864067889982,0.0002275921433465,0.0002275921433465,0.0094007619061219,0.0033444816053511,0.04632861167192459
qbridge_qubit_2022,qbridge_qubit_2022__hn009,qbridge_qubit_2022,hard_negative_mined,bsc,0,ratio_75,644,858,0.0642474717430101,0.0082135523613963,0.0829956378830961,0.0170335262348781,0.0003200528444722,0.0002461856638547,0.0003200528444722,0.0008845629054121,0.0002037431841017,0.0002461856638547,0.0104514015838503,0.0008845629054121,0.0002037431841017,0.00027806754224,0.00027806754224,0.010693943354759,0.0033444816053511,0.03298892825841904
qbridge_qubit_2022,qbridge_qubit_2022__hn009,qbridge_qubit_2022,hard_negative_mined,bsc,0,ratio_100,858,858,0.0642474717430101,0.0082135523613963,0.0829956378830961,0.0103090077758091,0.000102326979686,0.0001752870157361,0.000102326979686,0.0006259966758079,6.359371036523953e-05,0.0001752870157361,0.0017105946317315,0.0006259966758079,6.359371036523953e-05,0.000200025489903,0.000200025489903,0.0094448160164372,0.0033444816053511,0.03557989373803139
qbridge_qubit_2022,qbridge_qubit_2022__hn010,qbridge_qubit_2022,hard_negative_mined,bsc,0,k_2,2,176,0.0642474717430101,0.0082135523613963,0.0829956378830961,0.0852529636258778,0.0019174187909811,0.0152943357825279,0.0019174187909811,0.0134639423340559,0.0025649885646998,0.0152943357825279,0.0107219330966472,0.0134639423340559,0.0025649885646998,0.003329110564664,0.003329110564664,0.047574981034105,0.0473933649289099,0.5612783432006836
qbridge_qubit_2022,qbridge_qubit_2022__hn010,qbridge_qubit_2022,hard_negative_mined,bsc,0,k_3,3,176,0.0642474717430101,0.0082135523613963,0.0829956378830961,0.0273855300680524,0.0001106450363295,0.0003793894429691,0.0001106450363295,0.0008398299105465,6.320200918707997e-05,0.0003793894429691,0.0048642796464264,0.0008398299105465,6.320200918707997e-05,5.463572961161845e-05,5.463572961161845e-05,0.0125234472495604,0.0077519379844961,0.017067477107048035
qbridge_qubit_2022,qbridge_qubit_2022__hn010,qbridge_qubit_2022,hard_negative_mined,bsc,0,k_5,5,176,0.0642474717430101,0.0082135523613963,0.0829956378830961,0.0778753306757878,0.0004372164257802,0.0019641350954771,0.0004372164257802,0.002136978553608,0.000261263543507,0.0019641350954771,0.0048642796464264,0.002136978553608,0.000261263543507,0.0002843872352968,0.0002843872352968,0.0227607236690269,0.0429911480602005,0.01879550889134407
qbridge_qubit_2022,qbridge_qubit_2022__hn010,qbridge_qubit_2022,hard_negative_mined,bsc,0,k_7,7,176,0.0642474717430101,0.0082135523613963,0.0829956378830961,0.0499349876177579,0.0003290548047516,0.0011207135394215,0.0003290548047516,0.0018428444163873,0.000210814498132,0.0011207135394215,0.0048642796464264,0.0018428444163873,0.000210814498132,0.0002145593316527,0.0002145593316527,0.0185741931214676,0.018348623853211,0.0018683437956497073
qbridge_qubit_2022,qbridge_qubit_2022__hn010,qbridge_qubit_2022,hard_negative_mined,bsc,0,ratio_25,44,176,0.0642474717430101,0.0082135523613963,0.0829956378830961,0.0099740761064625,0.000189852056792,0.0002026157017098,0.000189852056792,0.0004338485305197,9.24900741665624e-05,0.0002026157017098,0.0048642796464264,0.0004338485305197,9.24900741665624e-05,0.0001015499146888,0.0001015499146888,0.0099589126587267,0.0033444816053511,0.7678689956665039
qbridge_qubit_2022,qbridge_qubit_2022__hn010,qbridge_qubit_2022,hard_negative_mined,bsc,0,ratio_50,88,176,0.0642474717430101,0.0082135523613963,0.0829956378830961,0.0032466434849801,4.636730955098756e-05,0.0001957484200829,4.636730955098756e-05,0.0003721962275449,3.136991654173471e-05,0.0001957484200829,0.0048642796464264,0.0003721962275449,3.136991654173471e-05,8.016976789804175e-05,8.016976789804175e-05,0.009834106525698,0.0033444816053511,0.7503474354743958
qbridge_qubit_2022,qbridge_qubit_2022__hn010,qbridge_qubit_2022,hard_negative_mined,bsc,0,ratio_75,132,176,0.0642474717430101,0.0082135523613963,0.0829956378830961,0.0032466434849801,4.636730955098756e-05,0.0001957484200829,4.636730955098756e-05,0.0003721962275449,3.136991654173471e-05,0.0001957484200829,0.0048642796464264,0.0003721962275449,3.136991654173471e-05,6.047658098395914e-05,6.047658098395914e-05,0.009834106525698,0.0033444816053511,0.39282292127609253
qbridge_qubit_2022,qbridge_qubit_2022__hn010,qbridge_qubit_2022,hard_negative_mined,bsc,0,ratio_100,176,176,0.0642474717430101,0.0082135523613963,0.0829956378830961,0.0128299768183135,4.728624480776489e-05,0.0001957484200829,4.728624480776489e-05,0.0003721962275449,3.136991654173471e-05,0.0001957484200829,0.0048642796464264,0.0003721962275449,3.136991654173471e-05,7.92173232184723e-05,7.92173232184723e-05,0.009834106525698,0.0033444816053511,0.8675796985626221
qbridge_qubit_2022,qbridge_qubit_2022__hn011,qbridge_qubit_2022,hard_negative_mined,bsc,0,k_2,2,773,0.0642474717430101,0.0082135523613963,0.0829956378830961,0.0622300963226087,0.0026302488986402,0.0036660539917647,0.0026302488986402,0.0053424048237502,0.0042190002277493,0.0036660539917647,0.0025205428246408,0.0053424048237502,0.0042190002277493,0.0038240570574998,0.0038240570574998,0.0285099149124825,0.0473933649289099,0.3845978379249573
qbridge_qubit_2022,qbridge_qubit_2022__hn011,qbridge_qubit_2022,hard_negative_mined,bsc,0,k_3,3,773,0.0642474717430101,0.0082135523613963,0.0829956378830961,0.1194853827760068,0.0040592160075902,0.0019206894794479,0.0040592160075902,0.0026417972985655,0.0048762182705104,0.0019206894794479,0.0009690948645584,0.0026417972985655,0.0048762182705104,0.0020148013718426,0.0020148013718426,0.0225773427368982,0.018348623853211,0.5162416100502014
qbridge_qubit_2022,qbridge_qubit_2022__hn011,qbridge_qubit_2022,hard_negative_mined,bsc,0,k_5,5,773,0.0642474717430101,0.0082135523613963,0.0829956378830961,0.1163305404872333,0.0278933718800544,0.008403118699789,0.0278933718800544,0.0117522133514285,0.0113986665382981,0.008403118699789,0.0071011907421052,0.0117522133514285,0.0113986665382981,0.0050452225841581,0.0050452225841581,0.038402833620657,0.0473933649289099,0.6750664710998535
qbridge_qubit_2022,qbridge_qubit_2022__hn011,qbridge_qubit_2022,hard_negative_mined,bsc,0,k_7,7,773,0.0642474717430101,0.0082135523613963,0.0829956378830961,0.0570351884345334,0.0153682418167591,0.0057497723028063,0.0153682418167591,0.0113182989880442,0.0069515262730419,0.0057497723028063,0.0056124390102922,0.0113182989880442,0.0069515262730419,0.0041214390657842,0.0041214390657842,0.0335176476055947,0.0473933649289099,0.109185129404068
qbridge_qubit_2022,qbridge_qubit_2022__hn011,qbridge_qubit_2022,hard_negative_mined,bsc,0,ratio_25,194,773,0.0642474717430101,0.0082135523613963,0.0829956378830961,0.032041387390978,0.0007202588603831,0.0001741166342981,0.0007202588603831,0.0009697366622276,0.0004472574219107,0.0001741166342981,0.0071011907421052,0.0009697366622276,0.0004472574219107,0.000178321453859,0.000178321453859,0.0094216917823151,0.0033444816053511,0.5987185835838318
qbridge_qubit_2022,qbridge_qubit_2022__hn011,qbridge_qubit_2022,hard_negative_mined,bsc,0,ratio_50,387,773,0.0642474717430101,0.0082135523613963,0.0829956378830961,0.0249675939813253,0.000201637041755,0.0001484620152041,0.000201637041755,0.0006884108879603,0.0001291712105739,0.0001484620152041,0.0056124390102922,0.0006884108879603,0.0001291712105739,0.000146527934703,0.000146527934703,0.0088877525773388,0.0033444816053511,0.5758900046348572
qbridge_qubit_2022,qbridge_qubit_2022__hn011,qbridge_qubit_2022,hard_negative_mined,bsc,0,ratio_75,580,773,0.0642474717430101,0.0082135523613963,0.0829956378830961,0.0257693303987334,0.0001840630575316,0.0001552431349409,0.0001840630575316,0.0005955657106824,8.486484148306772e-05,0.0001552431349409,0.0056124390102922,0.0005955657106824,8.486484148306772e-05,0.0001257380499737,0.0001257380499737,0.0090342635739382,0.0033444816053511,0.06064775958657265
qbridge_qubit_2022,qbridge_qubit_2022__hn011,qbridge_qubit_2022,hard_negative_mined,bsc,0,ratio_100,773,773,0.0642474717430101,0.0082135523613963,0.0829956378830961,0.0258695919510646,0.0020424090325832,0.0003659455105662,0.0020424090325832,0.0011377512710168,0.0009554888238199,0.0003659455105662,0.0012589673278853,0.0011377512710168,0.0009554888238199,0.0002619509468786,0.0002619509468786,0.0123596675867926,0.0077519379844961,0.640049397945404
qbridge_qubit_2022,qbridge_qubit_2022__hn013,qbridge_qubit_2022,hard_negative_mined,bsc,0,k_2,2,521,0.0642474717430101,0.0082135523613963,0.0829956378830961,0.0788738198521304,0.0004700656281784,0.0087303956970572,0.0004700656281784,0.0058001009747385,0.0006290441378951,0.0087303956970572,0.0064519252628088,0.0058001009747385,0.0006290441378951,0.0020194500684738,0.0020194500684738,0.0389319053306352,0.0473933649289099,0.5612783432006836
qbridge_qubit_2022,qbridge_qubit_2022__hn013,qbridge_qubit_2022,hard_negative_mined,bsc,0,k_3,3,521,0.0642474717430101,0.0082135523613963,0.0829956378830961,0.0759557703760688,0.0002582803426776,0.0035838817711919,0.0002582803426776,0.00350385135971,0.000418770709075,0.0035838817711919,0.0012265624245628,0.00350385135971,0.000418770709075,0.0009809233015403,0.0009809233015403,0.028278097588242,0.0473933649289099,0.39872369170188904
qbridge_qubit_2022,qbridge_qubit_2022__hn013,qbridge_qubit_2022,hard_negative_mined,bsc,0,k_5,5,521,0.0642474717430101,0.0082135523613963,0.0894309988413178,0.1121978344700785,0.0042398734949529,0.0045781345106661,0.0042398734949529,0.0103839030489325,0.0033979199361056,0.0045781345106661,0.0017011766321957,0.0103839030489325,0.0033979199361056,0.0038787906523793,0.0038787906523793,0.0308828440839378,0.0473933649289099,0.9520073533058167
qbridge_qubit_2022,qbridge_qubit_2022__hn013,qbridge_qubit_2022,hard_negative_mined,bsc,0,k_7,7,521,0.0642474717430101,0.0082135523613963,0.0875477482272098,0.0599280450734114,0.0038113985210657,0.0043656243942677,0.0038113985210657,0.0071714310906827,0.0036088081542402,0.0043656243942677,0.0024584901984781,0.0071714310906827,0.0036088081542402,0.0017308200476691,0.0017308200476691,0.030359440283668,0.0473933649289099,0.9354352355003357
qbridge_qubit_2022,qbridge_qubit_2022__hn013,qbridge_qubit_2022,hard_negative_mined,bsc,0,ratio_25,131,521,0.0642474717430101,0.0082135523613963,0.0837105944993893,0.0116955107189914,0.0002028418675763,0.0001363736373605,0.0002028418675763,0.0006704594707116,0.0001113137477659,0.0001363736373605,0.0012683499371632,0.0006704594707116,0.0001113137477659,0.0002402714744675,0.0002402714744675,0.0086156198556222,0.0033444816053511,0.4992773234844208
qbridge_qubit_2022,qbridge_qubit_2022__hn013,qbridge_qubit_2022,hard_negative_mined,bsc,0,ratio_50,261,521,0.0642474717430101,0.0082135523613963,0.0833537889867204,0.0149227948410169,0.000966600026004,0.0002531696518417,0.000966600026004,0.0008999003912322,0.0005551120848394,0.0002531696518417,0.0035685384646058,0.0008999003912322,0.0005551120848394,0.0003293268964625,0.0003293268964625,0.0108038291749999,0.0033444816053511,0.5633341670036316
qbridge_qubit_2022,qbridge_qubit_2022__hn013,qbridge_qubit_2022,hard_negative_mined,bsc,0,ratio_75,391,521,0.0642474717430101,0.0082135523613963,0.0832345549773305,0.0051632605799416,4.798956433660351e-05,0.0001162795815616,4.798956433660351e-05,0.0005444010603241,3.463732355157845e-05,0.0001162795815616,0.0014577187830582,0.0005444010603241,3.463732355157845e-05,0.0001892770960694,0.0001892770960694,0.0081269894818461,0.0033444816053511,0.006722721271216869
qbridge_qubit_2022,qbridge_qubit_2022__hn013,qbridge_qubit_2022,hard_negative_mined,bsc,0,ratio_100,521,521,0.0642474717430101,0.0082135523613963,0.0831748818635954,0.0051632605799416,5.185460759093985e-05,0.0001162795815616,5.185460759093985e-05,0.0005444010603241,3.638220005086623e-05,0.0001162795815616,0.0014577187830582,0.0005444010603241,3.638220005086623e-05,0.0001892770960694,0.0001892770960694,0.0081269894818461,0.0033444816053511,0.05977160483598709
qbridge_qubit_2022,qbridge_qubit_2022__hn014,qbridge_qubit_2022,hard_negative_mined,bsc,0,k_2,2,11,0.0642474717430101,0.0082135523613963,0.1198644023283595,0.6311514411308753,0.1494119465351104,0.2733581960201263,0.1494119465351104,0.3088400661945343,0.1501085460186004,0.2733581960201263,0.0421924144029617,0.3088400661945343,0.1501085460186004,0.2491142004728317,0.2491142004728317,0.1394852828813331,0.1666666666666666,0.6656940579414368
qbridge_qubit_2022,qbridge_qubit_2022__hn014,qbridge_qubit_2022,hard_negative_mined,bsc,0,ratio_25,3,11,0.0642474717430101,0.0082135523613963,0.1198644023283595,0.6520497002840746,0.8419049382209778,0.3964415490627289,0.8419049382209778,0.6204039454460144,0.5332269668579102,0.3964415490627289,0.0310055445879697,0.6204039454460144,0.5332269668579102,0.2647789716720581,0.2647789716720581,0.166071330727247,0.1764705882352941,0.550706684589386
qbridge_qubit_2022,qbridge_qubit_2022__hn014,qbridge_qubit_2022,hard_negative_mined,bsc,0,k_5,5,11,0.0642474717430101,0.0082135523613963,0.1198644023283595,0.0152447735191637,0.0004261989088263,0.0003700887027662,0.0004261989088263,0.0002827402786351,0.000136722708703,0.0003700887027662,0.0310055445879697,0.0002827402786351,0.000136722708703,0.000420633732574,0.000420633732574,0.0124105459483746,0.0077519379844961,0.021370528265833855
qbridge_qubit_2022,qbridge_qubit_2022__hn014,qbridge_qubit_2022,hard_negative_mined,bsc,0,ratio_50,6,11,0.0642474717430101,0.0082135523613963,0.1198644023283595,0.0132289915966386,9.215386671712622e-05,0.0006364298169501,9.215386671712622e-05,0.0003331571060698,0.0002853916666936,0.0006364298169501,0.0518470145761966,0.0003331571060698,0.0002853916666936,0.0007453177240677,0.0007453177240677,0.0151215618063576,0.0077519379844961,0.004871063400059938
qbridge_qubit_2022,qbridge_qubit_2022__hn014,qbridge_qubit_2022,hard_negative_mined,bsc,0,k_7,7,11,0.0642474717430101,0.0082135523613963,0.1198644023283595,0.0082289915966386,9.05777997104451e-05,0.0004477302718441,9.05777997104451e-05,0.0003331571060698,0.0002399539225734,0.0004477302718441,0.0518470145761966,0.0003331571060698,0.0002399539225734,0.0005202234024181,0.0005202234024181,0.0133032615010581,0.0077519379844961,0.016871271654963493
qbridge_qubit_2022,qbridge_qubit_2022__hn014,qbridge_qubit_2022,hard_negative_mined,bsc,0,ratio_75,9,11,0.0642474717430101,0.0082135523613963,0.1198644023283595,0.0102447735191637,0.0003434473183006,0.0009145165095105,0.0003434473183006,0.0002895882062148,0.0004931591683998,0.0009145165095105,0.0657233968377113,0.0002895882062148,0.0004931591683998,0.0010837445734068,0.0010837445734068,0.0172523554563651,0.0077519379844961,0.00851748138666153
qbridge_qubit_2022,qbridge_qubit_2022__hn014,qbridge_qubit_2022,hard_negative_mined,bsc,0,ratio_100,11,11,0.0642474717430101,0.0102669404517453,0.1160005854580829,0.0188581187737245,0.0005864724516868,0.0032666807528585,0.0005864724516868,0.0007499775965698,0.0056430646218359,0.0032666807528585,0.0534640252590179,0.0007499775965698,0.0056430646218359,0.0090930983424186,0.0090930983424186,0.027349508691768,0.0473933649289099,0.0003150158445350826
qbridge_qubit_2022,qbridge_qubit_2022__hn015,qbridge_qubit_2022,hard_negative_mined,bsc,0,k_2,2,23,0.0642474717430101,0.0082135523613963,0.0829956378830961,0.047938329641332,0.0023459922522306,0.0077478531748056,0.0023459922522306,0.0029802192002534,0.0006990149850025,0.0077478531748056,0.004173616413027,0.0029802192002534,0.0006990149850025,0.0017335393931716,0.0017335393931716,0.0373019861321979,0.0473933649289099,0.7437244653701782
qbridge_qubit_2022,qbridge_qubit_2022__hn015,qbridge_qubit_2022,hard_negative_mined,bsc,0,k_3,3,23,0.0642474717430101,0.0082135523613963,0.0829956378830961,0.1102210758561633,0.0071036722511053,0.00799011439085,0.0071036722511053,0.0041528367437422,0.0026204949244856,0.00799011439085,0.0064394599758088,0.0041528367437422,0.0026204949244856,0.0011419262737035,0.0011419262737035,0.0377157681641743,0.0473933649289099,0.528314471244812
qbridge_qubit_2022,qbridge_qubit_2022__hn015,qbridge_qubit_2022,hard_negative_mined,bsc,0,k_5,5,23,0.0642474717430101,0.0082135523613963,0.0829956378830961,0.0073756423110763,0.0083408057689666,0.0130371125414967,0.0083408057689666,0.027529576793313,0.0046897884458303,0.0130371125414967,0.0012589673278853,0.027529576793313,0.0046897884458303,0.0071746059693396,0.0071746059693396,0.0449365810581676,0.0473933649289099,0.021502889692783356
qbridge_qubit_2022,qbridge_qubit_2022__hn015,qbridge_qubit_2022,hard_negative_mined,bsc,0,ratio_25,6,23,0.0642474717430101,0.0082135523613963,0.0829956378830961,0.0023531366846697,0.0037708624731749,0.0019942151848226,0.0037708624731749,0.0073355487547814,0.0021813709754496,0.0019942151848226,0.0010559688089415,0.0073355487547814,0.0021813709754496,0.0018975168932229,0.0018975168932229,0.0228861623807295,0.0473933649289099,0.07676902413368225
qbridge_qubit_2022,qbridge_qubit_2022__hn015,qbridge_qubit_2022,hard_negative_mined,bsc,0,k_7,7,23,0.0642474717430101,0.0082135523613963,0.0829956378830961,0.0023531366846697,0.0075650666840374,0.0019261735724285,0.0075650666840374,0.0071928179822862,0.0022473253775388,0.0019261735724285,0.0012589673278853,0.0071928179822862,0.0022473253775388,0.0016790783265605,0.0016790783265605,0.0226006372337338,0.018348623853211,0.029855210334062576
qbridge_qubit_2022,qbridge_qubit_2022__hn015,qbridge_qubit_2022,hard_negative_mined,bsc,0,ratio_50,12,23,0.0642474717430101,0.0082135523613963,0.0829956378830961,0.0003531366846697,0.0005023417179472,0.0003030678781215,0.0005023417179472,0.0003356739762239,0.000311240699375,0.0003030678781215,0.0012589673278853,0.0003356739762239,0.000311240699375,6.751636101398617e-05,6.751636101398617e-05,0.0115376811654876,0.0077519379844961,0.00010444672807352617
qbridge_qubit_2022,qbridge_qubit_2022__hn015,qbridge_qubit_2022,hard_negative_mined,bsc,0,ratio_75,18,23,0.0642474717430101,0.0082135523613963,0.0829956378830961,0.0003531366846697,0.0005023417179472,0.0003030678781215,0.0005023417179472,0.0003356739762239,0.000311240699375,0.0003030678781215,0.0012589673278853,0.0003356739762239,0.000311240699375,6.751636101398617e-05,6.751636101398617e-05,0.0115376811654876,0.0077519379844961,0.002556936116889119
qbridge_qubit_2022,qbridge_qubit_2022__hn015,qbridge_qubit_2022,hard_negative_mined,bsc,0,ratio_100,23,23,0.0642474717430101,0.0082135523613963,0.0829956378830961,0.0003531366846697,0.0005023417179472,0.0003030678781215,0.0005023417179472,0.0003356739762239,0.000311240699375,0.0003030678781215,0.0012589673278853,0.0003356739762239,0.000311240699375,6.751636101398617e-05,6.751636101398617e-05,0.0115376811654876,0.0077519379844961,0.0036811926402151585
qbridge_qubit_2022,qbridge_qubit_2022__hn016,qbridge_qubit_2022,hard_negative_mined,bsc,0,ratio_25,1,4,0.0642474717430101,0.0,0.1198644023283595,0.0366343509661914,0.0027284291572868,0.000667113228701,0.0027284291572868,0.0004895959282293,0.0044080703519284,0.000667113228701,0.0007906178943812,0.0004895959282293,0.0044080703519284,0.0005029178573749,0.0005029178573749,0.015382919081277,0.0077519379844961,0.1629801243543625
qbridge_qubit_2022,qbridge_qubit_2022__hn016,qbridge_qubit_2022,hard_negative_mined,bsc,0,ratio_50,2,4,0.0642474717430101,0.0082135523613963,0.1198644023283595,0.292421089127137,0.0136611526831984,0.0129453754052519,0.0136611526831984,0.0098012331873178,0.0384807102382183,0.0129453754052519,0.312328964471817,0.0098012331873178,0.0384807102382183,0.0163514297455549,0.0163514297455549,0.0448233149125383,0.0473933649289099,0.06037246435880661
qbridge_qubit_2022,qbridge_qubit_2022__hn016,qbridge_qubit_2022,hard_negative_mined,bsc,0,ratio_75,3,4,0.0642474717430101,0.0082135523613963,0.1198644023283595,0.4312525813738184,0.0164594575762748,0.0067942775785923,0.0164594575762748,0.0067104646004736,0.0176950171589851,0.0067942775785923,0.0329905860126018,0.0067104646004736,0.0176950171589851,0.0093186236917972,0.0093186236917972,0.035586493820734,0.0473933649289099,0.008964342065155506
qbridge_qubit_2022,qbridge_qubit_2022__hn016,qbridge_qubit_2022,hard_negative_mined,bsc,0,ratio_100,4,4,0.0642474717430101,0.0082135523613963,0.1198644023283595,0.4644177368572653,0.0140019599348306,0.0057307570241391,0.0140019599348306,0.0062617943622171,0.0137881133705377,0.0057307570241391,0.0077505479566752,0.0062617943622171,0.0137881133705377,0.0076294625177979,0.0076294625177979,0.0334778089820702,0.0473933649289099,0.0028385792393237352
qbridge_qubit_2022,qbridge_qubit_2022__hn018,qbridge_qubit_2022,hard_negative_mined,bsc,0,ratio_25,1,2,0.0642474717430101,0.0,0.1198644023283595,0.0366343509661914,0.0340548381209373,0.0006192024447955,0.0340548381209373,0.0005367839476093,0.0302066672593355,0.0006192024447955,0.0011708930833265,0.0005367839476093,0.0302066672593355,0.0005935893277637,0.0005935893277637,0.0149712660986853,0.0077519379844961,0.1629801243543625
qbridge_qubit_2022,qbridge_qubit_2022__hn018,qbridge_qubit_2022,hard_negative_mined,bsc,0,ratio_75,2,2,0.0642474717430101,0.0082135523613963,0.1198644023283595,0.447563169027128,0.0499148517847061,0.019853975623846,0.0499148517847061,0.0176082570105791,0.0258769840002059,0.019853975623846,0.0243696514517068,0.0176082570105791,0.0258769840002059,0.0120162116363644,0.0120162116363644,0.0522216276781974,0.0473933649289099,0.08446025103330612
qbridge_qubit_2022,qbridge_qubit_2022__hn019,qbridge_qubit_2022,hard_negative_mined,bsc,0,ratio_25,1,1,0.0642474717430101,0.0,0.0829956378830961,0.0013289864667817,7.653974171262234e-05,0.0001743892789818,7.653974171262234e-05,0.000201925256988,8.573044033255428e-05,0.0001743892789818,0.0009774449281394,0.000201925256988,8.573044033255428e-05,0.0001372903498122,0.0001372903498122,0.0094270874888526,0.0033444816053511,0.2482450157403946
qbridge_qubit_2022,qbridge_qubit_2022__hn020,qbridge_qubit_2022,hard_negative_mined,bsc,0,ratio_25,1,3,0.0642474717430101,0.0,0.1198644023283595,0.0366343509661914,0.029119074344635,0.0006919298321008,0.029119074344635,0.0004999018274247,0.0200407542288303,0.0006919298321008,0.0009385268203914,0.0004999018274247,0.0200407542288303,0.0005935893277637,0.0005935893277637,0.0155887199820413,0.0077519379844961,0.1629801243543625
qbridge_qubit_2022,qbridge_qubit_2022__hn020,qbridge_qubit_2022,hard_negative_mined,bsc,0,ratio_50,2,3,0.0642474717430101,0.0082135523613963,0.1198644023283595,0.4444228133974473,0.3879265487194061,0.2042336910963058,0.3879265487194061,0.1482196152210235,0.4053519666194916,0.2042336910963058,0.0119135063141584,0.1482196152210235,0.4053519666194916,0.0404661484062671,0.0404661484062671,0.123380515937122,0.15,0.021842824295163155
qbridge_qubit_2022,qbridge_qubit_2022__hn020,qbridge_qubit_2022,hard_negative_mined,bsc,0,ratio_75,3,3,0.0642474717430101,0.0082135523613963,0.1198644023283595,0.2976502324194252,0.0898607224225997,0.0163374599069356,0.0898607224225997,0.0110407155007123,0.0769567340612411,0.0163374599069356,0.0077678463421761,0.0110407155007123,0.0769567340612411,0.0302794277667999,0.0302794277667999,0.0487095081449783,0.0473933649289099,0.005706916097551584
qbridge_qubit_2022,qbridge_qubit_2022__hn021,qbridge_qubit_2022,hard_negative_mined,bsc,0,k_2,2,12,0.0642474717430101,0.0082135523613963,0.1198644023283595,0.6194073405301423,0.0049536423757672,0.0713883265852928,0.0049536423757672,0.0333552509546279,0.0189952719956636,0.0713883265852928,0.0233886148780584,0.0333552509546279,0.0189952719956636,0.049219325184822,0.049219325184822,0.0827137958678137,0.0638297872340425,0.6656940579414368
qbridge_qubit_2022,qbridge_qubit_2022__hn021,qbridge_qubit_2022,hard_negative_mined,bsc,0,ratio_25,3,12,0.0642474717430101,0.0082135523613963,0.1198644023283595,0.438580753039029,0.0112934187054634,0.0124191818758845,0.0112934187054634,0.0054410193115472,0.007786298636347,0.0124191818758845,0.0104015143588185,0.0054410193115472,0.007786298636347,0.0086986944079399,0.0086986944079399,0.0441633985502031,0.0473933649289099,0.3991868495941162
qbridge_qubit_2022,qbridge_qubit_2022__hn021,qbridge_qubit_2022,hard_negative_mined,bsc,0,k_5,5,12,0.0642474717430101,0.0082135523613963,0.1198644023283595,0.2901501864677975,0.0797141790390014,0.0268385130912065,0.0797141790390014,0.0182324443012475,0.0363485626876354,0.0268385130912065,0.0060709007084369,0.0182324443012475,0.0363485626876354,0.0213911104947328,0.0213911104947328,0.0581590928571451,0.0473933649289099,0.18723119795322418
qbridge_qubit_2022,qbridge_qubit_2022__hn021,qbridge_qubit_2022,hard_negative_mined,bsc,0,ratio_50,6,12,0.0642474717430101,0.0082135523613963,0.1198644023283595,0.3269250804990608,0.0763014480471611,0.0323150642216205,0.0763014480471611,0.0162596125155687,0.0454157143831253,0.0323150642216205,0.0060709007084369,0.0162596125155687,0.0454157143831253,0.01785359531641,0.01785359531641,0.0621530523620543,0.0473933649289099,0.317952960729599
qbridge_qubit_2022,qbridge_qubit_2022__hn021,qbridge_qubit_2022,hard_negative_mined,bsc,0,k_7,7,12,0.0642474717430101,0.0082135523613963,0.1198644023283595,0.3289427625220953,0.0476612895727157,0.0090755857527256,0.0476612895727157,0.0105548752471804,0.0178640261292457,0.0090755857527256,0.0019727535545825,0.0105548752471804,0.0178640261292457,0.0154029373079538,0.0154029373079538,0.0394761953081489,0.0473933649289099,0.5766273736953735
qbridge_qubit_2022,qbridge_qubit_2022__hn021,qbridge_qubit_2022,hard_negative_mined,bsc,0,ratio_75,9,12,0.0642474717430101,0.0082135523613963,0.1198644023283595,0.049035440379561,0.0065068989060819,0.0013470222475007,0.0065068989060819,0.0050365701317787,0.0142987463623285,0.0013470222475007,0.0048187035135924,0.0050365701317787,0.0142987463623285,0.0030001611448824,0.0030001611448824,0.0198555115733832,0.018348623853211,0.029030675068497658
qbridge_qubit_2022,qbridge_qubit_2022__hn021,qbridge_qubit_2022,hard_negative_mined,bsc,0,ratio_100,12,12,0.0642474717430101,0.0082135523613963,0.1198644023283595,0.0574850981713556,0.0263300724327564,0.0047628446482121,0.0263300724327564,0.0175795350223779,0.0589276924729347,0.0047628446482121,0.0088035035878419,0.0175795350223779,0.0589276924729347,0.0055382130667567,0.0055382130667567,0.0313251460418033,0.0473933649289099,0.012715780176222324
qbridge_qubit_2022,qbridge_qubit_2022__hn023,qbridge_qubit_2022,hard_negative_mined,bsc,0,k_2,2,253,0.0642474717430101,0.0082135523613963,0.0829956378830961,0.2176299485874079,0.0093089491128921,0.0470831915736198,0.0093089491128921,0.0468061156570911,0.0127287479117512,0.0470831915736198,0.0268672741949558,0.0468061156570911,0.0127287479117512,0.0160394087433815,0.0160394087433815,0.0711407124291241,0.0473933649289099,0.5612783432006836
qbridge_qubit_2022,qbridge_qubit_2022__hn023,qbridge_qubit_2022,hard_negative_mined,bsc,0,k_3,3,253,0.0642474717430101,0.0082135523613963,0.0829956378830961,0.1006484239859938,0.0149721577763557,0.0142321027815341,0.0149721577763557,0.0167642310261726,0.0065738554112613,0.0142321027815341,0.0131243905052542,0.0167642310261726,0.0065738554112613,0.0019656892400234,0.0019656892400234,0.0463671359200408,0.0473933649289099,0.017067477107048035
qbridge_qubit_2022,qbridge_qubit_2022__hn023,qbridge_qubit_2022,hard_negative_mined,bsc,0,k_5,5,253,0.0642474717430101,0.0082135523613963,0.0829956378830961,0.0570900687548349,0.0072640050202608,0.0065270708873867,0.0072640050202608,0.0081082638353109,0.0035487536806613,0.0065270708873867,0.0054038981907069,0.0081082638353109,0.0035487536806613,0.0016197607619687,0.0016197607619687,0.0350780461596311,0.0473933649289099,0.019886823371052742
qbridge_qubit_2022,qbridge_qubit_2022__hn023,qbridge_qubit_2022,hard_negative_mined,bsc,0,k_7,7,253,0.0642474717430101,0.0082135523613963,0.0829956378830961,0.041596188471798,0.0057744947262108,0.006955586373806,0.0057744947262108,0.008619837462902,0.0035064960829913,0.006955586373806,0.0054038981907069,0.008619837462902,0.0035064960829913,0.0016997826751321,0.0016997826751321,0.0358871911604406,0.0473933649289099,0.0015551791293546557
qbridge_qubit_2022,qbridge_qubit_2022__hn023,qbridge_qubit_2022,hard_negative_mined,bsc,0,ratio_25,64,253,0.0642474717430101,0.0082135523613963,0.0829956378830961,0.008493353248693,0.0008833425235934,0.0011698729358613,0.0008833425235934,0.0018722080858424,0.0008480827091261,0.0011698729358613,0.0144305825233459,0.0018722080858424,0.0008480827091261,0.0001912153238663,0.0001912153238663,0.0188657738108026,0.018348623853211,0.7342746257781982
qbridge_qubit_2022,qbridge_qubit_2022__hn023,qbridge_qubit_2022,hard_negative_mined,bsc,0,ratio_50,127,253,0.0642474717430101,0.0082135523613963,0.0829956378830961,0.008493353248693,0.0008730053086765,0.0011931605404242,0.0008730053086765,0.0024069531355053,0.0008480827091261,0.0011931605404242,0.0177961699664592,0.0024069531355053,0.0008480827091261,0.0003134574217256,0.0003134574217256,0.0190011536364188,0.018348623853211,0.09133768826723099
qbridge_qubit_2022,qbridge_qubit_2022__hn023,qbridge_qubit_2022,hard_negative_mined,bsc,0,ratio_75,190,253,0.0642474717430101,0.0082135523613963,0.0829956378830961,0.008493353248693,0.0009799344697967,0.0011931605404242,0.0009799344697967,0.0024069531355053,0.0009089157101698,0.0011931605404242,0.0177961699664592,0.0024069531355053,0.0009089157101698,0.0003097343142144,0.0003097343142144,0.0190011536364188,0.018348623853211,0.0058667538687586784
qbridge_qubit_2022,qbridge_qubit_2022__hn023,qbridge_qubit_2022,hard_negative_mined,bsc,0,ratio_100,253,253,0.0642474717430101,0.0082135523613963,0.0829956378830961,0.0094605439766107,0.0009799344697967,0.0011931605404242,0.0009799344697967,0.0024069531355053,0.0009089157101698,0.0011931605404242,0.0177961699664592,0.0024069531355053,0.0009089157101698,0.0003097343142144,0.0003097343142144,0.0190011536364188,0.018348623853211,0.5284162759780884
qbridge_qubit_2022,qbridge_qubit_2022__hn025,qbridge_qubit_2022,hard_negative_mined,bsc,0,k_2,2,358,0.0642474717430101,0.0082135523613963,0.0829956378830961,0.0235579976309899,0.0004014087317045,0.0032875014003366,0.0004014087317045,0.0035888950806111,0.0006628455594182,0.0032875014003366,0.0102784782648086,0.0035888950806111,0.0006628455594182,0.0020430125296115,0.0020430125296115,0.027412204313309,0.0473933649289099,0.3845978379249573
qbridge_qubit_2022,qbridge_qubit_2022__hn025,qbridge_qubit_2022,hard_negative_mined,bsc,0,k_3,3,358,0.0642474717430101,0.0082135523613963,0.0829956378830961,0.0331556123710466,0.0005752015858888,0.0013067126274108,0.0005752015858888,0.001772764371708,0.0006842163857072,0.0013067126274108,0.0046619530767202,0.001772764371708,0.0006842163857072,0.0010755038820207,0.0010755038820207,0.0196380232365203,0.018348623853211,0.10184746980667114
qbridge_qubit_2022,qbridge_qubit_2022__hn025,qbridge_qubit_2022,hard_negative_mined,bsc,0,k_5,5,358,0.0642474717430101,0.0082135523613963,0.0829956378830961,0.0331556123710466,0.0005752015858888,0.0013067126274108,0.0005752015858888,0.001772764371708,0.0006842163857072,0.0013067126274108,0.0046619530767202,0.001772764371708,0.0006842163857072,0.0010755038820207,0.0010755038820207,0.0196380232365203,0.018348623853211,0.043137166649103165
qbridge_qubit_2022,qbridge_qubit_2022__hn025,qbridge_qubit_2022,hard_negative_mined,bsc,0,k_7,7,358,0.0642474717430101,0.0082135523613963,0.0829956378830961,0.022901883602298,0.0005758752231486,0.0012197428150102,0.0005758752231486,0.001772764371708,0.0006678756326436,0.0012197428150102,0.0040287910960614,0.001772764371708,0.0006678756326436,0.0008674281998537,0.0008674281998537,0.0191536256992903,0.018348623853211,0.03362971171736717
qbridge_qubit_2022,qbridge_qubit_2022__hn025,qbridge_qubit_2022,hard_negative_mined,bsc,0,ratio_25,90,358,0.0642474717430101,0.1170431211498973,0.085802118585384,0.1499131966345986,0.0026767421513795,0.2341552972793579,0.0026767421513795,0.1229872480034828,0.0036888762842863,0.2341552972793579,0.1513700485229492,0.1229872480034828,0.0036888762842863,0.2386451810598373,0.2386451810598373,0.1305448279315219,0.1666666666666666,0.9643592238426208
qbridge_qubit_2022,qbridge_qubit_2022__hn025,qbridge_qubit_2022,hard_negative_mined,bsc,0,ratio_50,179,358,0.0642474717430101,0.1211498973305954,0.0859972935712914,0.1184827275877691,0.0014488891465589,0.0830009505152702,0.0014488891465589,0.0362755320966243,0.0051113837398588,0.0830009505152702,0.1126759126782417,0.0362755320966243,0.0051113837398588,0.1399631053209304,0.1399631053209304,0.0874065075668336,0.087719298245614,0.9971035122871399
qbridge_qubit_2022,qbridge_qubit_2022__hn025,qbridge_qubit_2022,hard_negative_mined,bsc,0,ratio_75,269,358,0.0642474717430101,0.1211498973305954,0.0859319486602783,0.1064825464544503,0.00134106609039,0.0591674521565437,0.00134106609039,0.0311175193637609,0.0047407364472746,0.0591674521565437,0.1120043769478797,0.0311175193637609,0.0047407364472746,0.1123773530125618,0.1123773530125618,0.0772573440251526,0.0638297872340425,0.8980720639228821
qbridge_qubit_2022,qbridge_qubit_2022__hn025,qbridge_qubit_2022,hard_negative_mined,bsc,0,ratio_100,358,358,0.0642474717430101,0.1232032854209445,0.0933447805365861,0.1230493366081269,0.0021893938537687,0.1003174781799316,0.0021893938537687,0.0940165147185325,0.0105644213035702,0.1003174781799316,0.1859050244092941,0.0940165147185325,0.0105644213035702,0.1294168680906295,0.1294168680906295,0.09374893186865,0.087719298245614,0.00032147823367267847
qbridge_qubit_2022,qbridge_qubit_2022__hn026,qbridge_qubit_2022,hard_negative_mined,bsc,0,ratio_25,1,1,0.0642474717430101,0.0,0.0829956378830961,0.0013289864667817,7.653974171262234e-05,0.0001634483342058,7.653974171262234e-05,0.0001871376443887,8.573044033255428e-05,0.0001634483342058,0.0007441058987751,0.0001871376443887,8.573044033255428e-05,0.0001372903498122,0.0001372903498122,0.0092061899653005,0.0033444816053511,0.2482450157403946
qbridge_qubit_2022,qbridge_qubit_2022__hn028,qbridge_qubit_2022,hard_negative_mined,bsc,0,ratio_25,2,8,0.0642474717430101,0.0102669404517453,0.0999284779519375,0.3971611765659639,0.0359752513468265,0.1837975084781646,0.0359752513468265,0.1194059774279594,0.0934799164533615,0.1837975084781646,0.2844586670398712,0.1194059774279594,0.0934799164533615,0.0373558737337589,0.0373558737337589,0.1182504265703116,0.1447918499891387,0.560528039932251
qbridge_qubit_2022,qbridge_qubit_2022__hn028,qbridge_qubit_2022,hard_negative_mined,bsc,0,k_3,3,8,0.0642474717430101,0.0123203285420944,0.0939679365096578,0.0724392444074435,0.0118467500433325,0.0138286259025335,0.0118467500433325,0.0096970126032829,0.0023865099065005,0.0138286259025335,0.2870969474315643,0.0096970126032829,0.0023865099065005,0.002139872405678,0.002139872405678,0.0458931116232112,0.0473933649289099,0.013317588716745377
qbridge_qubit_2022,qbridge_qubit_2022__hn028,qbridge_qubit_2022,hard_negative_mined,bsc,0,ratio_50,4,8,0.0642474717430101,0.0143737166324435,0.0999284779519375,0.0398977788850643,0.0015887107001617,0.0051201255992054,0.0015887107001617,0.0046629821881651,0.0009438404813408,0.0051201255992054,0.1787711083889007,0.0046629821881651,0.0009438404813408,0.0010060243075713,0.0010060243075713,0.0321501403933177,0.0473933649289099,0.0013847654918208718
qbridge_qubit_2022,qbridge_qubit_2022__hn028,qbridge_qubit_2022,hard_negative_mined,bsc,0,k_5,5,8,0.0642474717430101,0.0164271047227926,0.0963129395724414,0.0921527095345884,0.0084159933030605,0.0074269701726734,0.0084159933030605,0.0025574881583452,0.0082431426271796,0.0074269701726734,0.0667707324028015,0.0025574881583452,0.0082431426271796,0.0021615894511342,0.0021615894511342,0.0367408072775086,0.0473933649289099,0.0241115503013134
qbridge_qubit_2022,qbridge_qubit_2022__hn028,qbridge_qubit_2022,hard_negative_mined,bsc,0,ratio_75,6,8,0.0642474717430101,0.0164271047227926,0.0939679365096578,0.0922362369955813,0.0016191994072869,0.004775745794177,0.0016191994072869,0.0018255572067573,0.0006558600580319,0.004775745794177,0.3551950454711914,0.0018255572067573,0.0006558600580319,0.0011480334214866,0.0011480334214866,0.0313556208419043,0.0473933649289099,0.00011110262130387127
qbridge_qubit_2022,qbridge_qubit_2022__hn028,qbridge_qubit_2022,hard_negative_mined,bsc,0,k_7,7,8,0.0642474717430101,0.0184804928131416,0.0973338545549403,0.0323977788850643,0.0009953005937859,0.0026632384397089,0.0009953005937859,0.001870205043815,0.0006828063633292,0.0026632384397089,0.0210441388189792,0.001870205043815,0.0006828063633292,8.275338768726215e-05,8.275338768726215e-05,0.0254074100078304,0.0473933649289099,0.0008320667548105121
qbridge_qubit_2022,qbridge_qubit_2022__hn028,qbridge_qubit_2022,hard_negative_mined,bsc,0,ratio_100,8,8,0.0642474717430101,0.0205338809034907,0.0954274978688582,0.078289073170952,0.0091053685173392,0.0047860778868198,0.0091053685173392,0.0021758563816547,0.0086106657981872,0.0047860778868198,0.0030027679167687,0.0021758563816547,0.0086106657981872,0.0001606816513231,0.0001606816513231,0.0313799886716159,0.0473933649289099,0.005244246684014797
qbridge_qubit_2022,qbridge_qubit_2022__hn030,qbridge_qubit_2022,hard_negative_mined,bsc,0,ratio_25,1,1,0.0642474717430101,0.0,0.1198644023283595,0.0251268826436018,0.0158419627696275,0.0001894670422188,0.0158419627696275,0.0002164936740882,0.004945239983499,0.0001894670422188,0.0002327227703062,0.0002164936740882,0.004945239983499,0.0005093594081699,0.0005093594081699,0.0097174796591895,0.0033444816053511,0.1629801243543625
qbridge_qubit_2022,qbridge_qubit_2022__hn031,qbridge_qubit_2022,hard_negative_mined,bsc,0,ratio_25,1,2,0.0642474717430101,0.0,0.1198644023283595,0.0356343509661913,0.0271749980747699,0.0006919298321008,0.0271749980747699,0.0004999018274247,0.0200407542288303,0.0006919298321008,0.0009385268203914,0.0004999018274247,0.0200407542288303,0.0005935893277637,0.0005935893277637,0.0155887199820413,0.0077519379844961,0.1629801243543625
qbridge_qubit_2022,qbridge_qubit_2022__hn031,qbridge_qubit_2022,hard_negative_mined,bsc,0,ratio_75,2,2,0.0642474717430101,0.0102669404517453,0.0999284779519375,0.1281826461735613,0.0139477718621492,0.0838875621557235,0.0139477718621492,0.1436704248189926,0.0119011476635932,0.0838875621557235,0.974930226802826,0.1436704248189926,0.0119011476635932,0.0822320282459259,0.0822320282459259,0.0877486327190185,0.087719298245614,0.001486317371018231
qbridge_qubit_2022,qbridge_qubit_2022__hn032,qbridge_qubit_2022,hard_negative_mined,bsc,0,k_2,2,167,0.0642474717430101,0.0082135523613963,0.0829956378830961,0.0605256871085702,0.0020374718587845,0.0189061816781759,0.0020374718587845,0.0126819424331188,0.0029980337712913,0.0189061816781759,0.0098064877092838,0.0126819424331188,0.0029980337712913,0.0029508194420486,0.0029508194420486,0.0513172820024404,0.0473933649289099,0.010807080194354057
qbridge_qubit_2022,qbridge_qubit_2022__hn032,qbridge_qubit_2022,hard_negative_mined,bsc,0,k_3,3,167,0.0642474717430101,0.0082135523613963,0.0829956378830961,0.0585227852916051,0.00173725921195,0.0120724020525813,0.00173725921195,0.011183344759047,0.0026502485852688,0.0120724020525813,0.004527376499027,0.011183344759047,0.0026502485852688,0.0024828966706991,0.0024828966706991,0.0437185497904802,0.0473933649289099,0.0012459078570827842
qbridge_qubit_2022,qbridge_qubit_2022__hn032,qbridge_qubit_2022,hard_negative_mined,bsc,0,k_5,5,167,0.0642474717430101,0.0082135523613963,0.0829956378830961,0.0352824516236348,0.0002271498960908,0.0012001422001048,0.0002271498960908,0.0021512142848223,0.000162457479746,0.0012001422001048,0.0044467179104685,0.0021512142848223,0.000162457479746,0.0002078933903248,0.0002078933903248,0.019041409235184,0.018348623853211,0.02998228184878826
qbridge_qubit_2022,qbridge_qubit_2022__hn032,qbridge_qubit_2022,hard_negative_mined,bsc,0,k_7,7,167,0.0642474717430101,0.0082135523613963,0.0829956378830961,0.0333623127347459,0.0002080887352349,0.0012001422001048,0.0002080887352349,0.0021512142848223,0.0001249324122909,0.0012001422001048,0.0044467179104685,0.0021512142848223,0.0001249324122909,0.0003132229321636,0.0003132229321636,0.019041409235184,0.018348623853211,0.00970655120909214
qbridge_qubit_2022,qbridge_qubit_2022__hn032,qbridge_qubit_2022,hard_negative_mined,bsc,0,ratio_25,42,167,0.0642474717430101,0.028747433264887,0.083739080921736,0.0723964528353392,0.0014313433784991,0.0256301406770944,0.0014313433784991,0.0120759736746549,0.0107668582350015,0.0256301406770944,0.1933491080999374,0.0120759736746549,0.0107668582350015,0.0239233337342739,0.0239233337342739,0.0572093408049965,0.0473933649289099,0.5203010439872742
qbridge_qubit_2022,qbridge_qubit_2022__hn032,qbridge_qubit_2022,hard_negative_mined,bsc,0,ratio_50,84,167,0.0642474717430101,0.0369609856262833,0.0883280396748759,0.0724534451460851,0.002922898158431,0.0278878975659608,0.002922898158431,0.0369990319013595,0.0048919729888439,0.0278878975659608,0.092090331017971,0.0369990319013595,0.0048919729888439,0.0389364026486873,0.0389364026486873,0.0589620174107317,0.0473933649289099,0.9942029118537903
qbridge_qubit_2022,qbridge_qubit_2022__hn032,qbridge_qubit_2022,hard_negative_mined,bsc,0,ratio_75,126,167,0.0642474717430101,0.0472279260780287,0.0950781545849315,0.2250970207053647,0.011148439720273,0.3545151352882385,0.011148439720273,0.2707367241382599,0.0439011305570602,0.3545151352882385,0.4863682389259338,0.2707367241382599,0.0439011305570602,0.3581175506114959,0.3581175506114959,0.1571196888103877,0.1666666666666666,0.9979052543640137
qbridge_qubit_2022,qbridge_qubit_2022__hn032,qbridge_qubit_2022,hard_negative_mined,bsc,0,ratio_100,167,167,0.0642474717430101,0.108829568788501,0.0964991229598909,0.225705862280808,0.0039509236812591,0.0599437579512596,0.0039509236812591,0.1102755144238472,0.0027838144451379,0.0599437579512596,0.1314058154821396,0.1102755144238472,0.0027838144451379,0.059216596186161,0.059216596186161,0.0776230718102493,0.0638297872340425,0.9990890026092529
qbridge_qubit_2022,qbridge_qubit_2022__hn034,qbridge_qubit_2022,hard_negative_mined,bsc,0,ratio_25,1,1,0.0642474717430101,0.0,0.1198644023283595,0.0169094484342956,0.0012088571675121,0.0001903693919302,0.0012088571675121,0.0002180211740778,0.0010325772454962,0.0001903693919302,0.0002433300542179,0.0002180211740778,0.0010325772454962,0.0003416500403545,0.0003416500403545,0.0097343837920741,0.0033444816053511,0.1629801243543625
feg_bridge_2024,feg_bridge_2024__hn000,feg_bridge_2024,hard_negative_mined,eth,0,ratio_25,1,1,0.0618040089086859,0.0,0.7046860951129743,0.0003247276315524,5.484427674673498e-05,0.0411596521735191,5.484427674673498e-05,0.0055859158746898,0.0001883064687717,0.0411596521735191,0.0353788286447525,0.0055859158746898,0.0001883064687717,0.0510440804064273,0.0510440804064273,0.0729158575170041,0.0921052631578947,0.6986902356147766
feg_bridge_2024,feg_bridge_2024__hn001,feg_bridge_2024,hard_negative_mined,eth,0,ratio_25,1,1,0.0618040089086859,0.0,0.7046860951129743,0.0086325849659584,0.0042129266075789,0.5400545597076416,0.0042129266075789,0.1123524978756904,0.0035527991130948,0.5400545597076416,0.5446788668632507,0.1123524978756904,0.0035527991130948,0.802558422088623,0.802558422088623,0.21284673177695,0.2121212121212121,0.6986902356147766
feg_bridge_2024,feg_bridge_2024__hn002,feg_bridge_2024,hard_negative_mined,eth,0,ratio_25,1,1,0.0618040089086859,0.0,0.7046860951129743,0.0086325849659584,0.0042129266075789,0.5400545597076416,0.0042129266075789,0.1123524978756904,0.0035527991130948,0.5400545597076416,0.5446788668632507,0.1123524978756904,0.0035527991130948,0.802558422088623,0.802558422088623,0.21284673177695,0.2121212121212121,0.6986902356147766
feg_bridge_2024,feg_bridge_2024__hn003,feg_bridge_2024,hard_negative_mined,eth,0,ratio_25,1,2,0.0618040089086859,0.0,0.7046860951129743,0.0003247276315524,5.484427674673498e-05,0.0411596521735191,5.484427674673498e-05,0.0055859158746898,0.0001883064687717,0.0411596521735191,0.0353788286447525,0.0055859158746898,0.0001883064687717,0.0510440804064273,0.0510440804064273,0.0729158575170041,0.0921052631578947,0.6986902356147766
feg_bridge_2024,feg_bridge_2024__hn003,feg_bridge_2024,hard_negative_mined,eth,0,ratio_75,2,2,0.0618040089086859,0.0070796460176991,0.3089654721280804,0.0668215926494533,0.000249092845479,0.1824088394641876,0.000249092845479,0.0660967379808425,0.0003334748616907,0.1824088394641876,0.2325790226459503,0.0660967379808425,0.0003334748616907,0.0430616103112697,0.0430616103112697,0.1270130584643441,0.0921052631578947,0.417802631855011
feg_bridge_2024,feg_bridge_2024__hn004,feg_bridge_2024,hard_negative_mined,eth,0,ratio_25,1,1,0.0618040089086859,0.0,0.7046860951129743,0.0003247276315524,5.484427674673498e-05,0.0411596521735191,5.484427674673498e-05,0.0055859158746898,0.0001883064687717,0.0411596521735191,0.0353788286447525,0.0055859158746898,0.0001883064687717,0.0510440804064273,0.0510440804064273,0.0729158575170041,0.0921052631578947,0.6986902356147766
feg_bridge_2024,feg_bridge_2024__hn005,feg_bridge_2024,hard_negative_mined,eth,0,ratio_25,1,1,0.0618040089086859,0.0,0.7046860951129743,0.0851961613058505,0.2089075148105621,0.8640623688697815,0.2089075148105621,0.6465111970901489,0.2805377840995788,0.8640623688697815,0.8607113361358643,0.6465111970901489,0.2805377840995788,0.9101796746253968,0.9101796746253968,0.3368102398172752,0.3055555555555556,0.6986902356147766
feg_bridge_2024,feg_bridge_2024__hn006,feg_bridge_2024,hard_negative_mined,eth,0,ratio_25,1,1,0.0618040089086859,0.0,0.7046860951129743,0.0851961613058505,0.2089075148105621,0.8640623688697815,0.2089075148105621,0.6465111970901489,0.2805377840995788,0.8640623688697815,0.8607113361358643,0.6465111970901489,0.2805377840995788,0.9101796746253968,0.9101796746253968,0.3368102398172752,0.3055555555555556,0.6986902356147766
feg_bridge_2024,feg_bridge_2024__hn007,feg_bridge_2024,hard_negative_mined,eth,0,ratio_25,1,1,0.0618040089086859,0.0,0.7046860951129743,0.0076587927267397,0.0028860606253147,0.4718173146247864,0.0028860606253147,0.0961124673485755,0.0017854805337265,0.4718173146247864,0.4492408633232116,0.0961124673485755,0.0017854805337265,0.400018960237503,0.400018960237503,0.1962512567133401,0.2121212121212121,0.6986902356147766
feg_bridge_2024,feg_bridge_2024__hn008,feg_bridge_2024,hard_negative_mined,eth,0,ratio_25,1,1,0.0618040089086859,0.0,0.7046860951129743,0.0851961613058505,0.2089075148105621,0.8640623688697815,0.2089075148105621,0.6465111970901489,0.2805377840995788,0.8640623688697815,0.8607113361358643,0.6465111970901489,0.2805377840995788,0.9101796746253968,0.9101796746253968,0.3368102398172752,0.3055555555555556,0.6986902356147766
feg_bridge_2024,feg_bridge_2024__hn009,feg_bridge_2024,hard_negative_mined,eth,0,ratio_25,1,1,0.0618040089086859,0.0,0.7046860951129743,0.0003247276315524,5.484427674673498e-05,0.0411596521735191,5.484427674673498e-05,0.0055859158746898,0.0001883064687717,0.0411596521735191,0.0353788286447525,0.0055859158746898,0.0001883064687717,0.0510440804064273,0.0510440804064273,0.0729158575170041,0.0921052631578947,0.6986902356147766
feg_bridge_2024,feg_bridge_2024__hn010,feg_bridge_2024,hard_negative_mined,eth,0,ratio_25,1,1,0.0618040089086859,0.0,0.7046860951129743,0.0076587927267397,0.0028860606253147,0.4718173146247864,0.0028860606253147,0.0961124673485755,0.0017854805337265,0.4718173146247864,0.4492408633232116,0.0961124673485755,0.0017854805337265,0.400018960237503,0.400018960237503,0.1962512567133401,0.2121212121212121,0.6986902356147766
feg_bridge_2024,feg_bridge_2024__hn011,feg_bridge_2024,hard_negative_mined,eth,0,ratio_25,1,1,0.0618040089086859,0.0,0.7046860951129743,0.0086325849659584,0.0042129266075789,0.5400545597076416,0.0042129266075789,0.1123524978756904,0.0035527991130948,0.5400545597076416,0.5446788668632507,0.1123524978756904,0.0035527991130948,0.802558422088623,0.802558422088623,0.21284673177695,0.2121212121212121,0.6986902356147766
feg_bridge_2024,feg_bridge_2024__hn012,feg_bridge_2024,hard_negative_mined,eth,0,ratio_25,1,1,0.0618040089086859,0.0,0.7046860951129743,0.0851961613058505,0.2089075148105621,0.8640623688697815,0.2089075148105621,0.6465111970901489,0.2805377840995788,0.8640623688697815,0.8607113361358643,0.6465111970901489,0.2805377840995788,0.9101796746253968,0.9101796746253968,0.3368102398172752,0.3055555555555556,0.6986902356147766
feg_bridge_2024,feg_bridge_2024__hn013,feg_bridge_2024,hard_negative_mined,eth,0,ratio_25,1,1,0.0618040089086859,0.0,0.7046860951129743,0.0086325849659584,0.0042129266075789,0.5400545597076416,0.0042129266075789,0.1123524978756904,0.0035527991130948,0.5400545597076416,0.5446788668632507,0.1123524978756904,0.0035527991130948,0.802558422088623,0.802558422088623,0.21284673177695,0.2121212121212121,0.6986902356147766
feg_bridge_2024,feg_bridge_2024__hn014,feg_bridge_2024,hard_negative_mined,eth,0,ratio_25,1,1,0.0618040089086859,0.0,0.7046860951129743,0.0003247276315524,5.484427674673498e-05,0.0411596521735191,5.484427674673498e-05,0.0055859158746898,0.0001883064687717,0.0411596521735191,0.0353788286447525,0.0055859158746898,0.0001883064687717,0.0510440804064273,0.0510440804064273,0.0729158575170041,0.0921052631578947,0.6986902356147766
feg_bridge_2024,feg_bridge_2024__hn015,feg_bridge_2024,hard_negative_mined,eth,0,ratio_25,1,1,0.0618040089086859,0.0,0.7046860951129743,0.0086325849659584,0.0042129266075789,0.5400545597076416,0.0042129266075789,0.1123524978756904,0.0035527991130948,0.5400545597076416,0.5446788668632507,0.1123524978756904,0.0035527991130948,0.802558422088623,0.802558422088623,0.21284673177695,0.2121212121212121,0.6986902356147766
feg_bridge_2024,feg_bridge_2024__hn016,feg_bridge_2024,hard_negative_mined,eth,0,ratio_25,1,1,0.0618040089086859,0.0,0.7046860951129743,0.0003247276315524,5.484427674673498e-05,0.0411596521735191,5.484427674673498e-05,0.0055859158746898,0.0001883064687717,0.0411596521735191,0.0353788286447525,0.0055859158746898,0.0001883064687717,0.0510440804064273,0.0510440804064273,0.0729158575170041,0.0921052631578947,0.6986902356147766
feg_bridge_2024,feg_bridge_2024__hn017,feg_bridge_2024,hard_negative_mined,eth,0,ratio_25,1,1,0.0618040089086859,0.0,0.7046860951129743,0.0851961613058505,0.2089075148105621,0.8640623688697815,0.2089075148105621,0.6465111970901489,0.2805377840995788,0.8640623688697815,0.8607113361358643,0.6465111970901489,0.2805377840995788,0.9101796746253968,0.9101796746253968,0.3368102398172752,0.3055555555555556,0.6986902356147766
feg_bridge_2024,feg_bridge_2024__hn018,feg_bridge_2024,hard_negative_mined,eth,0,ratio_25,1,1,0.0618040089086859,0.0,0.7046860951129743,0.0851961613058505,0.2089075148105621,0.8640623688697815,0.2089075148105621,0.6465111970901489,0.2805377840995788,0.8640623688697815,0.8607113361358643,0.6465111970901489,0.2805377840995788,0.9101796746253968,0.9101796746253968,0.3368102398172752,0.3055555555555556,0.6986902356147766
feg_bridge_2024,feg_bridge_2024__hn019,feg_bridge_2024,hard_negative_mined,eth,0,ratio_25,1,1,0.0618040089086859,0.0,0.7046860951129743,0.0086325849659584,0.0042129266075789,0.5400545597076416,0.0042129266075789,0.1123524978756904,0.0035527991130948,0.5400545597076416,0.5446788668632507,0.1123524978756904,0.0035527991130948,0.802558422088623,0.802558422088623,0.21284673177695,0.2121212121212121,0.6986902356147766
feg_bridge_2024,feg_bridge_2024__hn020,feg_bridge_2024,hard_negative_mined,eth,0,ratio_25,1,1,0.0618040089086859,0.0,0.7046860951129743,0.0851961613058505,0.2089075148105621,0.8640623688697815,0.2089075148105621,0.6465111970901489,0.2805377840995788,0.8640623688697815,0.8607113361358643,0.6465111970901489,0.2805377840995788,0.9101796746253968,0.9101796746253968,0.3368102398172752,0.3055555555555556,0.6986902356147766
feg_bridge_2024,feg_bridge_2024__hn021,feg_bridge_2024,hard_negative_mined,eth,0,ratio_25,1,1,0.0618040089086859,0.0,0.7046860951129743,0.0086325849659584,0.0042129266075789,0.5400545597076416,0.0042129266075789,0.1123524978756904,0.0035527991130948,0.5400545597076416,0.5446788668632507,0.1123524978756904,0.0035527991130948,0.802558422088623,0.802558422088623,0.21284673177695,0.2121212121212121,0.6986902356147766
feg_bridge_2024,feg_bridge_2024__hn022,feg_bridge_2024,hard_negative_mined,eth,0,ratio_25,1,1,0.0618040089086859,0.0,0.7046860951129743,0.0076587927267397,0.0028860606253147,0.4718173146247864,0.0028860606253147,0.0961124673485755,0.0017854805337265,0.4718173146247864,0.4492408633232116,0.0961124673485755,0.0017854805337265,0.400018960237503,0.400018960237503,0.1962512567133401,0.2121212121212121,0.6986902356147766
feg_bridge_2024,feg_bridge_2024__hn023,feg_bridge_2024,hard_negative_mined,eth,0,ratio_25,1,1,0.0618040089086859,0.0,0.7046860951129743,0.0086325849659584,0.0042129266075789,0.5400545597076416,0.0042129266075789,0.1123524978756904,0.0035527991130948,0.5400545597076416,0.5446788668632507,0.1123524978756904,0.0035527991130948,0.802558422088623,0.802558422088623,0.21284673177695,0.2121212121212121,0.6986902356147766
feg_bridge_2024,feg_bridge_2024__hn024,feg_bridge_2024,hard_negative_mined,eth,0,ratio_25,1,1,0.0618040089086859,0.0,0.7046860951129743,0.0086325849659584,0.0042129266075789,0.5400545597076416,0.0042129266075789,0.1123524978756904,0.0035527991130948,0.5400545597076416,0.5446788668632507,0.1123524978756904,0.0035527991130948,0.802558422088623,0.802558422088623,0.21284673177695,0.2121212121212121,0.6986902356147766
feg_bridge_2024,feg_bridge_2024__hn025,feg_bridge_2024,hard_negative_mined,eth,0,ratio_25,1,1,0.0618040089086859,0.0,0.7046860951129743,0.0003247276315524,5.484427674673498e-05,0.0411596521735191,5.484427674673498e-05,0.0055859158746898,0.0001883064687717,0.0411596521735191,0.0353788286447525,0.0055859158746898,0.0001883064687717,0.0510440804064273,0.0510440804064273,0.0729158575170041,0.0921052631578947,0.6986902356147766
feg_bridge_2024,feg_bridge_2024__hn027,feg_bridge_2024,hard_negative_mined,eth,0,ratio_25,1,1,0.0618040089086859,0.0,0.7046860951129743,0.0086325849659584,0.0042129266075789,0.5400545597076416,0.0042129266075789,0.1123524978756904,0.0035527991130948,0.5400545597076416,0.5446788668632507,0.1123524978756904,0.0035527991130948,0.802558422088623,0.802558422088623,0.21284673177695,0.2121212121212121,0.6986902356147766
feg_bridge_2024,feg_bridge_2024__hn028,feg_bridge_2024,hard_negative_mined,eth,0,ratio_25,1,1,0.0618040089086859,0.0,0.7046860951129743,0.0003247276315524,5.484427674673498e-05,0.0411596521735191,5.484427674673498e-05,0.0055859158746898,0.0001883064687717,0.0411596521735191,0.0353788286447525,0.0055859158746898,0.0001883064687717,0.0510440804064273,0.0510440804064273,0.0729158575170041,0.0921052631578947,0.6986902356147766
feg_bridge_2024,feg_bridge_2024__hn029,feg_bridge_2024,hard_negative_mined,eth,0,ratio_25,1,1,0.0618040089086859,0.0,0.7046860951129743,0.0003247276315524,5.484427674673498e-05,0.0411596521735191,5.484427674673498e-05,0.0055859158746898,0.0001883064687717,0.0411596521735191,0.0353788286447525,0.0055859158746898,0.0001883064687717,0.0510440804064273,0.0510440804064273,0.0729158575170041,0.0921052631578947,0.6986902356147766
feg_bridge_2024,feg_bridge_2024__hn030,feg_bridge_2024,hard_negative_mined,eth,0,ratio_25,1,1,0.0618040089086859,0.0,0.7046860951129743,0.0076587927267397,0.0028860606253147,0.4718173146247864,0.0028860606253147,0.0961124673485755,0.0017854805337265,0.4718173146247864,0.4492408633232116,0.0961124673485755,0.0017854805337265,0.400018960237503,0.400018960237503,0.1962512567133401,0.2121212121212121,0.6986902356147766
feg_bridge_2024,feg_bridge_2024__hn031,feg_bridge_2024,hard_negative_mined,eth,0,ratio_25,1,1,0.0618040089086859,0.0,0.7046860951129743,0.0003247276315524,5.484427674673498e-05,0.0411596521735191,5.484427674673498e-05,0.0055859158746898,0.0001883064687717,0.0411596521735191,0.0353788286447525,0.0055859158746898,0.0001883064687717,0.0510440804064273,0.0510440804064273,0.0729158575170041,0.0921052631578947,0.6986902356147766
chibi_finance_2023,chibi_finance_2023__hn000,chibi_finance_2023,hard_negative_mined,arbitrum,0,ratio_25,1,1,0.0610859728506787,0.0035398230088495,0.0134404720908434,0.0002374022374022,6.620083877351135e-05,9.410765778739004e-05,6.620083877351135e-05,3.334068969707005e-05,0.0002103924052789,9.410765778739004e-05,5.956970562692732e-05,3.334068969707005e-05,0.0002103924052789,4.383311534184031e-05,4.383311534184031e-05,0.0060900629134919,0.0041095890410958,0.012479188852012157
chibi_finance_2023,chibi_finance_2023__hn002,chibi_finance_2023,hard_negative_mined,arbitrum,0,k_2,2,13,0.0610859728506787,0.0106194690265486,0.0314502252694659,0.1139607229017596,0.0021053787786513,0.0005026135477237,0.0021053787786513,0.0007347507053054,0.0046093948185443,0.0005026135477237,0.0019805035553872,0.0007347507053054,0.0046093948185443,0.001302168588154,0.001302168588154,0.0117916876141448,0.0041095890410958,0.07758383452892303
chibi_finance_2023,chibi_finance_2023__hn002,chibi_finance_2023,hard_negative_mined,arbitrum,0,k_3,3,13,0.0610859728506787,0.0123893805309734,0.0415717479832416,0.1885472653646439,0.00067298108479,0.0002149039210053,0.00067298108479,0.0003541612240951,0.0025322660803794,0.0002149039210053,0.0121494932100176,0.0003541612240951,0.0025322660803794,0.0006963915657252,0.0006963915657252,0.0084380921173163,0.0041095890410958,0.6309120655059814
chibi_finance_2023,chibi_finance_2023__hn002,chibi_finance_2023,hard_negative_mined,arbitrum,0,ratio_25,4,13,0.0610859728506787,0.0123893805309734,0.0477379313401423,0.3118123940216142,0.0723220333456993,0.0122229196131229,0.0723220333456993,0.0223785880953073,0.0972148478031158,0.0122229196131229,0.0500993356108665,0.0223785880953073,0.0972148478031158,0.0237150490283966,0.0237150490283966,0.0409105540360996,0.0380116959064327,0.6996104717254639
chibi_finance_2023,chibi_finance_2023__hn002,chibi_finance_2023,hard_negative_mined,arbitrum,0,k_5,5,13,0.0610859728506787,0.0123893805309734,0.0518450712639125,0.2298563430022812,0.0411996990442276,0.0023930191528052,0.0411996990442276,0.0029388961847871,0.0204753335565328,0.0023930191528052,0.0639865919947624,0.0029388961847871,0.0204753335565328,0.0100201619789004,0.0100201619789004,0.0217295423769863,0.0380116959064327,0.0032835493329912424
chibi_finance_2023,chibi_finance_2023__hn002,chibi_finance_2023,hard_negative_mined,arbitrum,0,ratio_50,7,13,0.0610859728506787,0.0230088495575221,0.079659016938309,0.2355763013978432,0.0248599108308553,0.0068932375870645,0.0248599108308553,0.0061520040035247,0.0328331254422664,0.0068932375870645,0.0119336461648345,0.0061520040035247,0.0328331254422664,0.0040182834491133,0.0040182834491133,0.0327822244198854,0.0380116959064327,0.12396229803562164
chibi_finance_2023,chibi_finance_2023__hn002,chibi_finance_2023,hard_negative_mined,arbitrum,0,ratio_75,10,13,0.0610859728506787,0.0389380530973451,0.0772335247901072,0.3919286745607649,0.1200514137744903,0.0531657077372074,0.1200514137744903,0.116332933306694,0.0959834232926368,0.0531657077372074,0.0714695453643798,0.116332933306694,0.0959834232926368,0.0637522563338279,0.0637522563338279,0.0722200715941934,0.0674157303370786,0.1517116129398346
chibi_finance_2023,chibi_finance_2023__hn002,chibi_finance_2023,hard_negative_mined,arbitrum,0,ratio_100,13,13,0.0610859728506787,0.0513274336283185,0.0772703850359114,0.3978382153596602,0.0246039479970932,0.0803472846746444,0.0246039479970932,0.1322686523199081,0.050143614411354,0.0803472846746444,0.1966427564620971,0.1322686523199081,0.050143614411354,0.1345180720090866,0.1345180720090866,0.0849234867388211,0.0674157303370786,0.005584432743489742
chibi_finance_2023,chibi_finance_2023__hn003,chibi_finance_2023,hard_negative_mined,arbitrum,0,ratio_25,1,1,0.0610859728506787,0.0035398230088495,0.0134404720908434,0.0002374022374022,6.620083877351135e-05,0.0001067102639353,6.620083877351135e-05,3.918539732694626e-05,0.0002200416638515,0.0001067102639353,6.101373583078384e-05,3.918539732694626e-05,0.0002200416638515,5.75832455069758e-05,5.75832455069758e-05,0.0064002398947542,0.0041095890410958,0.012479188852012157
chibi_finance_2023,chibi_finance_2023__hn004,chibi_finance_2023,hard_negative_mined,arbitrum,0,ratio_25,2,5,0.0610859728506787,0.0106194690265486,0.0314502252694659,0.0898068083290065,0.0529572069644928,0.0017739317845553,0.0529572069644928,0.0075116544030606,0.0432506166398525,0.0017739317845553,0.0297272745519876,0.0075116544030606,0.0432506166398525,0.0164498034864664,0.0164498034864664,0.0193329990896834,0.009090909090909,0.0002411102323094383
chibi_finance_2023,chibi_finance_2023__hn004,chibi_finance_2023,hard_negative_mined,arbitrum,0,ratio_50,3,5,0.0610859728506787,0.0106194690265486,0.0415717479832416,0.0305128050010082,0.0037600977811962,0.0002129884524038,0.0037600977811962,0.0007053181761875,0.001809365930967,0.0002129884524038,0.0180073250085115,0.0007053181761875,0.001809365930967,0.0011816825717687,0.0011816825717687,0.0084083450739984,0.0041095890410958,0.005105349700897932
chibi_finance_2023,chibi_finance_2023__hn004,chibi_finance_2023,hard_negative_mined,arbitrum,0,ratio_75,4,5,0.0610859728506787,0.0106194690265486,0.0477379313401423,0.0323921153458358,0.0018143532797694,0.0002606403140816,0.0018143532797694,0.0011114759836345,0.0013166305143386,0.0002606403140816,0.0402085818350315,0.0011114759836345,0.0013166305143386,0.0011816825717687,0.0011816825717687,0.0091051570303845,0.0041095890410958,0.01972951367497444
chibi_finance_2023,chibi_finance_2023__hn004,chibi_finance_2023,hard_negative_mined,arbitrum,0,ratio_100,5,5,0.0610859728506787,0.0106194690265486,0.0518450712639125,0.0362810042347247,0.002212215680629,0.0002606403140816,0.002212215680629,0.0010533073218539,0.001434356207028,0.0002606403140816,0.0402085818350315,0.0010533073218539,0.001434356207028,0.0013153231702744,0.0013153231702744,0.0091051570303845,0.0041095890410958,0.0396132729947567
chibi_finance_2023,chibi_finance_2023__hn005,chibi_finance_2023,hard_negative_mined,arbitrum,0,ratio_25,1,1,0.0610859728506787,0.0035398230088495,0.0134404720908434,0.0002374022374022,6.620083877351135e-05,0.0001067102639353,6.620083877351135e-05,3.918539732694626e-05,0.0002200416638515,0.0001067102639353,6.101373583078384e-05,3.918539732694626e-05,0.0002200416638515,5.75832455069758e-05,5.75832455069758e-05,0.0064002398947542,0.0041095890410958,0.012479188852012157
chibi_finance_2023,chibi_finance_2023__hn006,chibi_finance_2023,hard_negative_mined,arbitrum,0,ratio_25,2,7,0.0610859728506787,0.0106194690265486,0.0314502252694659,0.2379882351231808,0.0055306912399828,0.000992170185782,0.0055306912399828,0.001993280602619,0.0127965062856674,0.000992170185782,0.0009665586403571,0.001993280602619,0.0127965062856674,0.0017188149504363,0.0017188149504363,0.0154006119855142,0.0041095890410958,0.07758383452892303
chibi_finance_2023,chibi_finance_2023__hn006,chibi_finance_2023,hard_negative_mined,arbitrum,0,k_3,3,7,0.0610859728506787,0.0106194690265486,0.0415717479832416,0.1363415379994955,0.0110582336783409,0.0031796712428331,0.0110582336783409,0.0042381728999316,0.0130427470430731,0.0031796712428331,0.0005541454884223,0.0042381728999316,0.0130427470430731,0.0061862501315772,0.0061862501315772,0.0242743800214187,0.0380116959064327,0.6309120655059814
chibi_finance_2023,chibi_finance_2023__hn006,chibi_finance_2023,hard_negative_mined,arbitrum,0,ratio_50,4,7,0.0610859728506787,0.0106194690265486,0.0477379313401423,0.1645011838377978,0.001648943638429,0.000791534606833,0.001648943638429,0.0018513588001951,0.0020477918442338,0.000791534606833,0.000207509016036,0.0018513588001951,0.0020477918442338,0.0015041693113744,0.0015041693113744,0.0140947206971051,0.0041095890410958,0.6996104717254639
chibi_finance_2023,chibi_finance_2023__hn006,chibi_finance_2023,hard_negative_mined,arbitrum,0,k_5,5,7,0.0610859728506787,0.0176991150442477,0.0518450712639125,0.1686490735038198,0.0009719034424051,0.0019764080643653,0.0009719034424051,0.0029420559294521,0.0026351469568908,0.0019764080643653,0.0002403979597147,0.0029420559294521,0.0026351469568908,0.0052228947170078,0.0052228947170078,0.020166643346937,0.0227272727272727,0.4873162806034088
chibi_finance_2023,chibi_finance_2023__hn006,chibi_finance_2023,hard_negative_mined,arbitrum,0,ratio_75,6,7,0.0610859728506787,0.0176991150442477,0.0547664593938079,0.1002146327896998,0.002114892238751,0.0008791955769993,0.002114892238751,0.0017752883723005,0.0020630045328289,0.0008791955769993,0.0002403979597147,0.0017752883723005,0.0020630045328289,0.0013412251137197,0.0013412251137197,0.0146876538450479,0.0041095890410958,0.022500483319163322
chibi_finance_2023,chibi_finance_2023__hn006,chibi_finance_2023,hard_negative_mined,arbitrum,0,ratio_100,7,7,0.0610859728506787,0.0176991150442477,0.0569473958460193,0.1107556403352191,0.0091402269899845,0.0020201518200337,0.0091402269899845,0.0044528394937515,0.0092941056936979,0.0020201518200337,0.0001616639929125,0.0044528394937515,0.0092941056936979,0.0024775241035968,0.0024775241035968,0.0203397541478086,0.0227272727272727,0.1354224979877472
chibi_finance_2023,chibi_finance_2023__hn007,chibi_finance_2023,hard_negative_mined,arbitrum,0,ratio_25,1,2,0.0610859728506787,0.0035398230088495,0.0134404720908434,0.0002374022374022,6.620083877351135e-05,9.410765778739004e-05,6.620083877351135e-05,3.334068969707005e-05,0.0002103924052789,9.410765778739004e-05,5.956970562692732e-05,3.334068969707005e-05,0.0002103924052789,4.383311534184031e-05,4.383311534184031e-05,0.0060900629134919,0.0041095890410958,0.012479188852012157
chibi_finance_2023,chibi_finance_2023__hn007,chibi_finance_2023,hard_negative_mined,arbitrum,0,ratio_75,2,2,0.0610859728506787,0.0106194690265486,0.0134404720908434,0.0696594957041056,0.0006264120456762,0.0002809656434692,0.0006264120456762,0.0001187046436825,0.001622594660148,0.0002809656434692,0.0001906840479932,0.0001187046436825,0.001622594660148,0.0003310797037556,0.0003310797037556,0.0093786696420123,0.0041095890410958,0.05824791267514229
chibi_finance_2023,chibi_finance_2023__hn008,chibi_finance_2023,hard_negative_mined,arbitrum,0,ratio_25,1,1,0.0610859728506787,0.0035398230088495,0.0134404720908434,0.0002374022374022,6.620083877351135e-05,0.0001067102639353,6.620083877351135e-05,3.918539732694626e-05,0.0002200416638515,0.0001067102639353,6.101373583078384e-05,3.918539732694626e-05,0.0002200416638515,5.75832455069758e-05,5.75832455069758e-05,0.0064002398947542,0.0041095890410958,0.012479188852012157
chibi_finance_2023,chibi_finance_2023__hn009,chibi_finance_2023,hard_negative_mined,arbitrum,0,ratio_25,2,7,0.0610859728506787,0.0106194690265486,0.0314502252694659,0.2556436381522547,0.0333743840456008,0.0078135821968317,0.0333743840456008,0.009152059443295,0.0221730954945087,0.0078135821968317,0.0086076585575938,0.009152059443295,0.0221730954945087,0.0498963557183742,0.0498963557183742,0.034412208652522,0.0380116959064327,0.07758383452892303
chibi_finance_2023,chibi_finance_2023__hn009,chibi_finance_2023,hard_negative_mined,arbitrum,0,k_3,3,7,0.0610859728506787,0.0106194690265486,0.0415717479832416,0.1612838838910184,0.0114224888384342,0.0037961704656481,0.0114224888384342,0.0032234294340014,0.0045742052607238,0.0037961704656481,0.0003580360498744,0.0032234294340014,0.0045742052607238,0.0068632191978394,0.0068632191978394,0.0260071467854922,0.0380116959064327,0.012470963411033154
chibi_finance_2023,chibi_finance_2023__hn009,chibi_finance_2023,hard_negative_mined,arbitrum,0,ratio_50,4,7,0.0610859728506787,0.0106194690265486,0.0477379313401423,0.1448376649338302,0.0013613830087706,0.0008604278555139,0.0013613830087706,0.0019274316728115,0.0016839883755892,0.0008604278555139,0.0016452050767838,0.0019274316728115,0.0016839883755892,0.0021614886354655,0.0021614886354655,0.0145638678000345,0.0041095890410958,0.11040718108415604
chibi_finance_2023,chibi_finance_2023__hn009,chibi_finance_2023,hard_negative_mined,arbitrum,0,k_5,5,7,0.0610859728506787,0.0176991150442477,0.0518450712639125,0.1426429190038973,0.0006051478558219,0.0003622956573963,0.0006051478558219,0.0007372040417976,0.0015001205028966,0.0003622956573963,0.0008372766315005,0.0007372040417976,0.0015001205028966,0.0009156033047474,0.0009156033047474,0.010366539828451,0.0041095890410958,0.16086561977863312
chibi_finance_2023,chibi_finance_2023__hn009,chibi_finance_2023,hard_negative_mined,arbitrum,0,ratio_75,6,7,0.0610859728506787,0.0176991150442477,0.0547664593938079,0.0719573936514979,0.0057895402424037,0.0013714723754674,0.0057895402424037,0.0046401410363614,0.0052869231440126,0.0013714723754674,0.0011472830083221,0.0046401410363614,0.0052869231440126,0.0031453331466764,0.0031453331466764,0.0174825020241849,0.009090909090909,0.007917971350252628
chibi_finance_2023,chibi_finance_2023__hn009,chibi_finance_2023,hard_negative_mined,arbitrum,0,ratio_100,7,7,0.0610859728506787,0.0176991150442477,0.0569473958460193,0.0819756540742882,0.0029978684615343,0.0006800103583373,0.0029978684615343,0.0016429956303909,0.0024582610931247,0.0006800103583373,0.0006952499970793,0.0016429956303909,0.0024582610931247,0.0009770538890734,0.0009770538890734,0.0132789959438401,0.0041095890410958,0.06491713225841522
chibi_finance_2023,chibi_finance_2023__hn010,chibi_finance_2023,hard_negative_mined,arbitrum,0,ratio_25,1,2,0.0610859728506787,0.0035398230088495,0.0134404720908434,0.0002374022374022,0.0001259266718989,9.410765778739004e-05,0.0001259266718989,3.334068969707005e-05,0.0004390482499729,9.410765778739004e-05,5.956970562692732e-05,3.334068969707005e-05,0.0004390482499729,4.383311534184031e-05,4.383311534184031e-05,0.0060900629134919,0.0041095890410958,0.012479188852012157
chibi_finance_2023,chibi_finance_2023__hn010,chibi_finance_2023,hard_negative_mined,arbitrum,0,ratio_75,2,2,0.0610859728506787,0.0106194690265486,0.0134404720908434,0.0592026362020867,0.0041712070815265,0.0003758858947549,0.0041712070815265,0.0003759360406547,0.0073923878371715,0.0003758858947549,0.0010523800738155,0.0003759360406547,0.0073923878371715,0.0023889623116701,0.0023889623116701,0.0105179321596906,0.0041095890410958,0.004121037665754557
chibi_finance_2023,chibi_finance_2023__hn011,chibi_finance_2023,hard_negative_mined,arbitrum,0,ratio_25,1,2,0.0610859728506787,0.0035398230088495,0.0134404720908434,0.0002374022374022,0.0001259266718989,9.410765778739004e-05,0.0001259266718989,3.334068969707005e-05,0.0004390482499729,9.410765778739004e-05,5.956970562692732e-05,3.334068969707005e-05,0.0004390482499729,4.383311534184031e-05,4.383311534184031e-05,0.0060900629134919,0.0041095890410958,0.012479188852012157
chibi_finance_2023,chibi_finance_2023__hn011,chibi_finance_2023,hard_negative_mined,arbitrum,0,ratio_75,2,2,0.0610859728506787,0.0106194690265486,0.0134404720908434,0.0392383549217117,0.002302263630554,0.0006731558823958,0.002302263630554,0.000387981213862,0.0022080419585108,0.0006731558823958,0.0004215628141537,0.000387981213862,0.0022080419585108,0.0005551920039579,0.0005551920039579,0.0132262690931334,0.0041095890410958,0.000954093353357166
chibi_finance_2023,chibi_finance_2023__hn012,chibi_finance_2023,hard_negative_mined,arbitrum,0,ratio_25,1,1,0.0610859728506787,0.0035398230088495,0.0134404720908434,0.0002374022374022,6.620083877351135e-05,0.0001067102639353,6.620083877351135e-05,3.918539732694626e-05,0.0002200416638515,0.0001067102639353,6.101373583078384e-05,3.918539732694626e-05,0.0002200416638515,5.75832455069758e-05,5.75832455069758e-05,0.0064002398947542,0.0041095890410958,0.012479188852012157
chibi_finance_2023,chibi_finance_2023__hn013,chibi_finance_2023,hard_negative_mined,arbitrum,0,ratio_25,1,2,0.0610859728506787,0.0035398230088495,0.0134404720908434,0.0002374022374022,0.0001259266718989,9.410765778739004e-05,0.0001259266718989,3.334068969707005e-05,0.0004390482499729,9.410765778739004e-05,5.956970562692732e-05,3.334068969707005e-05,0.0004390482499729,4.383311534184031e-05,4.383311534184031e-05,0.0060900629134919,0.0041095890410958,0.012479188852012157
chibi_finance_2023,chibi_finance_2023__hn013,chibi_finance_2023,hard_negative_mined,arbitrum,0,ratio_75,2,2,0.0610859728506787,0.0106194690265486,0.0134404720908434,0.0620312482317262,0.0046050194650888,0.0007804700871929,0.0046050194650888,0.000387981213862,0.0031871537212282,0.0007804700871929,0.0004215628141537,0.000387981213862,0.0031871537212282,0.0005551920039579,0.0005551920039579,0.0140170708452555,0.0041095890410958,0.000954093353357166
chibi_finance_2023,chibi_finance_2023__hn014,chibi_finance_2023,hard_negative_mined,arbitrum,0,ratio_25,1,1,0.0610859728506787,0.0035398230088495,0.0134404720908434,0.0002374022374022,6.620083877351135e-05,0.0001067102639353,6.620083877351135e-05,3.918539732694626e-05,0.0002200416638515,0.0001067102639353,6.101373583078384e-05,3.918539732694626e-05,0.0002200416638515,5.75832455069758e-05,5.75832455069758e-05,0.0064002398947542,0.0041095890410958,0.012479188852012157
chibi_finance_2023,chibi_finance_2023__hn015,chibi_finance_2023,hard_negative_mined,arbitrum,0,ratio_25,2,7,0.0610859728506787,0.0106194690265486,0.0134404720908434,0.2297382446404593,0.1031270176172256,0.0035425454843789,0.1031270176172256,0.0082162655889987,0.046352420002222,0.0035425454843789,0.0101198209449648,0.0082162655889987,0.046352420002222,0.0094147017225623,0.0094147017225623,0.0253170333869473,0.0380116959064327,0.0014935517683625221
chibi_finance_2023,chibi_finance_2023__hn015,chibi_finance_2023,hard_negative_mined,arbitrum,0,k_3,3,7,0.0610859728506787,0.0106194690265486,0.0134404720908434,0.1945817505373189,0.0204092413187026,0.0009794221259653,0.0204092413187026,0.0029497756622731,0.0108758369460701,0.0009794221259653,0.0037296237424016,0.0029497756622731,0.0108758369460701,0.0042316778562963,0.0042316778562963,0.0153227403491431,0.0041095890410958,0.0005012064939364791
chibi_finance_2023,chibi_finance_2023__hn015,chibi_finance_2023,hard_negative_mined,arbitrum,0,ratio_50,4,7,0.0610859728506787,0.0106194690265486,0.0134404720908434,0.0694017017465293,0.0008614766993559,0.0001588031445862,0.0008614766993559,0.0004913896555081,0.0004507158300839,0.0001588031445862,0.0037296237424016,0.0004913896555081,0.0004507158300839,0.000241679183091,0.000241679183091,0.0074885236444725,0.0041095890410958,0.00025818482390604913
chibi_finance_2023,chibi_finance_2023__hn015,chibi_finance_2023,hard_negative_mined,arbitrum,0,k_5,5,7,0.0610859728506787,0.0106194690265486,0.0134404720908434,0.062115987460815,0.0009382102871313,0.0001588031445862,0.0009382102871313,0.0004913896555081,0.0004755296686198,0.0001588031445862,0.0037296237424016,0.0004913896555081,0.0004755296686198,0.000241679183091,0.000241679183091,0.0074885236444725,0.0041095890410958,0.0002601539308670908
chibi_finance_2023,chibi_finance_2023__hn015,chibi_finance_2023,hard_negative_mined,arbitrum,0,ratio_75,6,7,0.0610859728506787,0.0106194690265486,0.017872930722235,0.0245760233918128,0.0009236615151166,0.0001281347067561,0.0009236615151166,0.0003963363415095,0.0004872046411037,0.0001281347067561,0.0133796744048595,0.0003963363415095,0.0004872046411037,0.0002063101128442,0.0002063101128442,0.0068800715025286,0.0041095890410958,0.002838842337951064
chibi_finance_2023,chibi_finance_2023__hn015,chibi_finance_2023,hard_negative_mined,arbitrum,0,ratio_100,7,7,0.0610859728506787,0.0106194690265486,0.02188911621395,0.0026315789473684,0.0005159468855708,0.0001026829704642,0.0005159468855708,0.0001568851002957,0.0003055265697184,0.0001026829704642,0.0023624314926564,0.0001568851002957,0.0003055265697184,0.0001541233505122,0.0001541233505122,0.0063036604891679,0.0041095890410958,0.012463550083339214
chibi_finance_2023,chibi_finance_2023__hn016,chibi_finance_2023,hard_negative_mined,arbitrum,0,ratio_25,1,1,0.0610859728506787,0.0035398230088495,0.0134404720908434,0.0002374022374022,6.620083877351135e-05,9.410765778739004e-05,6.620083877351135e-05,3.918539732694626e-05,0.0002103924052789,9.410765778739004e-05,5.950151535216719e-05,3.918539732694626e-05,0.0002103924052789,4.383311534184031e-05,4.383311534184031e-05,0.0060900629134919,0.0041095890410958,0.012479188852012157
chibi_finance_2023,chibi_finance_2023__hn017,chibi_finance_2023,hard_negative_mined,arbitrum,0,ratio_25,1,1,0.0610859728506787,0.0035398230088495,0.0134404720908434,0.0002374022374022,6.620083877351135e-05,0.0001067102639353,6.620083877351135e-05,3.918539732694626e-05,0.0002200416638515,0.0001067102639353,6.101373583078384e-05,3.918539732694626e-05,0.0002200416638515,5.75832455069758e-05,5.75832455069758e-05,0.0064002398947542,0.0041095890410958,0.012479188852012157
chibi_finance_2023,chibi_finance_2023__hn018,chibi_finance_2023,hard_negative_mined,arbitrum,0,ratio_25,1,2,0.0610859728506787,0.0035398230088495,0.0134404720908434,0.0002374022374022,0.0001259266718989,9.410765778739004e-05,0.0001259266718989,3.334068969707005e-05,0.0004390482499729,9.410765778739004e-05,5.956970562692732e-05,3.334068969707005e-05,0.0004390482499729,4.383311534184031e-05,4.383311534184031e-05,0.0060900629134919,0.0041095890410958,0.012479188852012157
chibi_finance_2023,chibi_finance_2023__hn018,chibi_finance_2023,hard_negative_mined,arbitrum,0,ratio_75,2,2,0.0610859728506787,0.0106194690265486,0.0134404720908434,0.0427550215883784,0.0041227820329368,0.0008898560772649,0.0041227820329368,0.0005017914227209,0.0038366492372006,0.0008898560772649,0.0009454388637095,0.0005017914227209,0.0038366492372006,0.0010422037448734,0.0010422037448734,0.0147572472440713,0.0041095890410958,0.000954093353357166
chibi_finance_2023,chibi_finance_2023__hn019,chibi_finance_2023,hard_negative_mined,arbitrum,0,ratio_25,1,1,0.0610859728506787,0.0035398230088495,0.0134404720908434,0.0002374022374022,0.0001259266718989,9.410765778739004e-05,0.0001259266718989,3.334068969707005e-05,0.0004390482499729,9.410765778739004e-05,5.956970562692732e-05,3.334068969707005e-05,0.0004390482499729,4.383311534184031e-05,4.383311534184031e-05,0.0060900629134919,0.0041095890410958,0.012479188852012157
chibi_finance_2023,chibi_finance_2023__hn020,chibi_finance_2023,hard_negative_mined,arbitrum,0,ratio_25,1,1,0.0610859728506787,0.0035398230088495,0.0134404720908434,0.0002374022374022,6.620083877351135e-05,9.410765778739004e-05,6.620083877351135e-05,3.604256562539376e-05,0.0002103924052789,9.410765778739004e-05,5.950151535216719e-05,3.604256562539376e-05,0.0002103924052789,4.383311534184031e-05,4.383311534184031e-05,0.0060900629134919,0.0041095890410958,0.012479188852012157
chibi_finance_2023,chibi_finance_2023__hn021,chibi_finance_2023,hard_negative_mined,arbitrum,0,ratio_25,1,1,0.0610859728506787,0.0035398230088495,0.0134404720908434,0.0002374022374022,6.620083877351135e-05,0.0001067102639353,6.620083877351135e-05,3.918539732694626e-05,0.0002200416638515,0.0001067102639353,6.101373583078384e-05,3.918539732694626e-05,0.0002200416638515,5.75832455069758e-05,5.75832455069758e-05,0.0064002398947542,0.0041095890410958,0.012479188852012157
chibi_finance_2023,chibi_finance_2023__hn022,chibi_finance_2023,hard_negative_mined,arbitrum,0,ratio_25,1,1,0.0610859728506787,0.0035398230088495,0.0134404720908434,0.0002374022374022,6.620083877351135e-05,0.0001067102639353,6.620083877351135e-05,3.918539732694626e-05,0.0002200416638515,0.0001067102639353,6.101373583078384e-05,3.918539732694626e-05,0.0002200416638515,5.75832455069758e-05,5.75832455069758e-05,0.0064002398947542,0.0041095890410958,0.012479188852012157
chibi_finance_2023,chibi_finance_2023__hn023,chibi_finance_2023,hard_negative_mined,arbitrum,0,ratio_25,1,1,0.0610859728506787,0.0035398230088495,0.0134404720908434,0.0002374022374022,6.620083877351135e-05,9.410765778739004e-05,6.620083877351135e-05,3.604256562539376e-05,0.0002103924052789,9.410765778739004e-05,5.950151535216719e-05,3.604256562539376e-05,0.0002103924052789,4.383311534184031e-05,4.383311534184031e-05,0.0060900629134919,0.0041095890410958,0.012479188852012157
chibi_finance_2023,chibi_finance_2023__hn024,chibi_finance_2023,hard_negative_mined,arbitrum,0,ratio_25,1,1,0.0610859728506787,0.0035398230088495,0.0134404720908434,0.0002374022374022,6.620083877351135e-05,9.410765778739004e-05,6.620083877351135e-05,3.918539732694626e-05,0.0002103924052789,9.410765778739004e-05,5.950151535216719e-05,3.918539732694626e-05,0.0002103924052789,4.383311534184031e-05,4.383311534184031e-05,0.0060900629134919,0.0041095890410958,0.012479188852012157
wooppv2_2024,wooppv2_2024__hn000,wooppv2_2024,hard_negative_mined,arbitrum,0,ratio_25,1,1,0.0606400898371701,0.0035398230088495,0.0112618975871424,0.0020186280968088,7.519814244005829e-05,3.8092028262326494e-05,7.519814244005829e-05,3.109331373707391e-05,8.849873847793788e-05,3.8092028262326494e-05,4.6925037167966366e-05,3.109331373707391e-05,8.849873847793788e-05,4.9913578550331295e-05,4.9913578550331295e-05,0.003594028537017,0.0051194539249146,0.00938875786960125
wooppv2_2024,wooppv2_2024__hn001,wooppv2_2024,hard_negative_mined,arbitrum,0,ratio_25,2,8,0.0606400898371701,0.0070796460176991,0.077049943408344,0.0279709637894307,0.0013694904046133,0.003063557902351,0.0013694904046133,0.0019993295427411,0.0029209600761532,0.003063557902351,0.0105567229911684,0.0019993295427411,0.0029209600761532,0.0009038635180331,0.0009038635180331,0.0214173312686185,0.0179028132992327,0.006497159134596586
wooppv2_2024,wooppv2_2024__hn001,wooppv2_2024,hard_negative_mined,arbitrum,0,k_3,3,8,0.0606400898371701,0.0070796460176991,0.077049943408344,0.1611349939906564,0.2190596759319305,0.1062663942575454,0.2190596759319305,0.2539490759372711,0.1743636727333068,0.1062663942575454,0.1292480230331421,0.2539490759372711,0.1743636727333068,0.1151720136404037,0.1151720136404037,0.0894272561464029,0.0941176470588235,0.023465169593691826
wooppv2_2024,wooppv2_2024__hn001,wooppv2_2024,hard_negative_mined,arbitrum,0,ratio_50,4,8,0.0606400898371701,0.0070796460176991,0.077049943408344,0.096888807437291,0.0193893741816282,0.0124788293614983,0.0193893741816282,0.0219211503863334,0.0305114742368459,0.0124788293614983,0.0985786914825439,0.0219211503863334,0.0305114742368459,0.007844490930438,0.007844490930438,0.0376428166217459,0.046875,0.009704351425170898
wooppv2_2024,wooppv2_2024__hn001,wooppv2_2024,hard_negative_mined,arbitrum,0,k_5,5,8,0.0606400898371701,0.0070796460176991,0.077049943408344,0.0616899438009274,0.0149649642407894,0.0084225218743085,0.0149649642407894,0.0200592242181301,0.0156957507133483,0.0084225218743085,0.057880412787199,0.0200592242181301,0.0156957507133483,0.0075420313514769,0.0075420313514769,0.0321591638815958,0.0179028132992327,0.004880016669631004
wooppv2_2024,wooppv2_2024__hn001,wooppv2_2024,hard_negative_mined,arbitrum,0,ratio_75,6,8,0.0606400898371701,0.0070796460176991,0.077049943408344,0.0681009615384615,0.0221829917281866,0.0124788293614983,0.0221829917281866,0.021972719579935,0.0333589129149913,0.0124788293614983,0.0885690003633499,0.021972719579935,0.0333589129149913,0.0070900777354836,0.0070900777354836,0.0376428166217459,0.046875,0.03383250534534454
wooppv2_2024,wooppv2_2024__hn001,wooppv2_2024,hard_negative_mined,arbitrum,0,k_7,7,8,0.0606400898371701,0.0070796460176991,0.077049943408344,0.0681009615384615,0.0134968347847461,0.0155303953215479,0.0134968347847461,0.0224474295973777,0.0321971327066421,0.0155303953215479,0.0885690003633499,0.0224474295973777,0.0321971327066421,0.0078989882022142,0.0078989882022142,0.0410860497920073,0.046875,0.03703970089554787
wooppv2_2024,wooppv2_2024__hn001,wooppv2_2024,hard_negative_mined,arbitrum,0,ratio_100,8,8,0.0606400898371701,0.0070796460176991,0.077049943408344,0.0581009615384615,0.0134968347847461,0.0130027066916227,0.0134968347847461,0.0168443862348794,0.0321971327066421,0.0130027066916227,0.0885690003633499,0.0168443862348794,0.0321971327066421,0.007179002277553,0.007179002277553,0.0382674276394773,0.046875,0.04473797604441643
wooppv2_2024,wooppv2_2024__hn002,wooppv2_2024,hard_negative_mined,arbitrum,0,ratio_25,2,6,0.0606400898371701,0.0106194690265486,0.0112618975871424,0.049960417896006,0.0008807614212855,0.0002116828254656,0.0008807614212855,0.0001947971613844,0.0011365088867023,0.0002116828254656,0.0001797275035642,0.0001947971613844,0.0011365088867023,0.0001874010340543,0.0001874010340543,0.0072427815802945,0.0051194539249146,0.00182860076893121
wooppv2_2024,wooppv2_2024__hn002,wooppv2_2024,hard_negative_mined,arbitrum,0,ratio_50,3,6,0.0606400898371701,0.0106194690265486,0.0216461599739232,0.2035647204683765,0.0295081194490194,0.0009244547109119,0.0295081194490194,0.0011175776598975,0.0348023548722267,0.0009244547109119,0.0008908066665753,0.0011175776598975,0.0348023548722267,0.0012788560707122,0.0012788560707122,0.0131926225077033,0.0163934426229508,0.02357250079512596
wooppv2_2024,wooppv2_2024__hn002,wooppv2_2024,hard_negative_mined,arbitrum,0,ratio_75,5,6,0.0606400898371701,0.0106194690265486,0.0362681020330081,0.086404536247606,0.0136100957170128,0.0007811483228579,0.0136100957170128,0.0017132055945694,0.0129824299365282,0.0007811483228579,0.0020802468061447,0.0017132055945694,0.0129824299365282,0.0055247382260859,0.0055247382260859,0.0123210515394119,0.0163934426229508,0.002662770915776491
wooppv2_2024,wooppv2_2024__hn002,wooppv2_2024,hard_negative_mined,arbitrum,0,ratio_100,6,6,0.0606400898371701,0.0176991150442477,0.0412063971764115,0.1973756965611938,0.0311613213270902,0.0021232601720839,0.0311613213270902,0.0061433389782905,0.0115495892241597,0.0021232601720839,0.0037788602057844,0.0061433389782905,0.0115495892241597,0.0279267858713865,0.0279267858713865,0.0184720349575388,0.0179028132992327,0.002135766902938485
wooppv2_2024,wooppv2_2024__hn003,wooppv2_2024,hard_negative_mined,arbitrum,0,ratio_25,2,6,0.0606400898371701,0.0106194690265486,0.0112618975871424,0.0478175607531488,0.0003627171099651,0.0001018158800434,0.0003627171099651,0.0001304035831708,0.0006310377502813,0.0001018158800434,0.0002951227943412,0.0001304035831708,0.0006310377502813,0.0001586334983585,0.0001586334983585,0.0053723513093899,0.0051194539249146,0.00182860076893121
wooppv2_2024,wooppv2_2024__hn003,wooppv2_2024,hard_negative_mined,arbitrum,0,ratio_50,3,6,0.0606400898371701,0.0106194690265486,0.0216461599739232,0.2034794174577323,0.0353902876377105,0.0009134706342592,0.0353902876377105,0.0010501646902412,0.0408978946506977,0.0009134706342592,0.0007092137238942,0.0010501646902412,0.0408978946506977,0.0013510391581803,0.0013510391581803,0.0131288129947015,0.0163934426229508,0.02357250079512596
wooppv2_2024,wooppv2_2024__hn003,wooppv2_2024,hard_negative_mined,arbitrum,0,ratio_75,5,6,0.0606400898371701,0.0106194690265486,0.0362681020330081,0.1332671910779405,0.0123116774484515,0.0005179216968826,0.0123116774484515,0.0010020463960245,0.011583530344069,0.0005179216968826,0.002628254238516,0.0010020463960245,0.011583530344069,0.0048891045153141,0.0048891045153141,0.0104265703454326,0.0051194539249146,0.008517756126821041
wooppv2_2024,wooppv2_2024__hn003,wooppv2_2024,hard_negative_mined,arbitrum,0,ratio_100,6,6,0.0606400898371701,0.0176991150442477,0.0412063971764115,0.204998646447922,0.0282364152371883,0.0014084115391597,0.0282364152371883,0.0035998434759676,0.0094157112762331,0.0014084115391597,0.0047722049057483,0.0035998434759676,0.0094157112762331,0.0247779712080955,0.0247779712080955,0.0156467509002003,0.0179028132992327,0.0023615045938640833
wooppv2_2024,wooppv2_2024__hn004,wooppv2_2024,hard_negative_mined,arbitrum,0,ratio_25,1,1,0.0606400898371701,0.0035398230088495,0.0112618975871424,0.0020186280968088,8.64801841089502e-05,5.42915404366795e-05,8.64801841089502e-05,5.390539445215836e-05,0.0001077958877431,5.42915404366795e-05,4.555012492346577e-05,5.390539445215836e-05,0.0001077958877431,5.977164983050898e-05,5.977164983050898e-05,0.0041547114475342,0.0051194539249146,0.00938875786960125
wooppv2_2024,wooppv2_2024__hn005,wooppv2_2024,hard_negative_mined,arbitrum,0,ratio_25,2,7,0.0606400898371701,0.0106194690265486,0.0299138637472248,0.2617482338298181,0.0218148976564407,0.0052199647761881,0.0218148976564407,0.0064145703800022,0.0157987158745527,0.0052199647761881,0.0075794039294123,0.0064145703800022,0.0157987158745527,0.0197164230048656,0.0197164230048656,0.0265409918136079,0.0179028132992327,0.1257222592830658
wooppv2_2024,wooppv2_2024__hn005,wooppv2_2024,hard_negative_mined,arbitrum,0,k_3,3,7,0.0606400898371701,0.0106194690265486,0.0412063971764115,0.1391541488793654,0.0031154854223132,0.0033008656464517,0.0031154854223132,0.0043164934031665,0.0046996525488793,0.0033008656464517,0.001431034062989,0.0043164934031665,0.0046996525488793,0.0031160213984549,0.0031160213984549,0.0220710968658279,0.0179028132992327,0.7529574036598206
wooppv2_2024,wooppv2_2024__hn005,wooppv2_2024,hard_negative_mined,arbitrum,0,ratio_50,4,7,0.0606400898371701,0.0106194690265486,0.0482874175206788,0.1398486388917865,0.0153530249372124,0.0010816333815455,0.0153530249372124,0.0022319369018077,0.0185271743685007,0.0010816333815455,0.0036138715222477,0.0022319369018077,0.0185271743685007,0.0069662723690271,0.0069662723690271,0.0140599107213806,0.0163934426229508,0.03320622816681862
wooppv2_2024,wooppv2_2024__hn005,wooppv2_2024,hard_negative_mined,arbitrum,0,k_5,5,7,0.0606400898371701,0.0176991150442477,0.0530758030137953,0.2014696452503796,0.0238983873277902,0.0016008361708372,0.0238983873277902,0.0035921481903642,0.0090515296906232,0.0016008361708372,0.0073326705023646,0.0035921481903642,0.0090515296906232,0.0126431863754987,0.0126431863754987,0.0164790207660385,0.0179028132992327,0.007876389659941196
wooppv2_2024,wooppv2_2024__hn005,wooppv2_2024,hard_negative_mined,arbitrum,0,ratio_75,6,7,0.0606400898371701,0.0176991150442477,0.0565135374957484,0.1818413541985225,0.0051150806248188,0.0021813698112964,0.0051150806248188,0.0069891395978629,0.0033316984772682,0.0021813698112964,0.0024754744954407,0.0069891395978629,0.0033316984772682,0.0081874495372176,0.0081874495372176,0.0186745874199106,0.0179028132992327,0.004135427065193653
wooppv2_2024,wooppv2_2024__hn005,wooppv2_2024,hard_negative_mined,arbitrum,0,ratio_100,7,7,0.0606400898371701,0.0247787610619469,0.0590961032398024,0.1684970151950383,0.0049975020810961,0.00222665281035,0.0049975020810961,0.0084856366738677,0.0056473333388566,0.00222665281035,0.0041746068745851,0.0084856366738677,0.0056473333388566,0.0092146573588252,0.0092146573588252,0.0188301903439349,0.0179028132992327,0.007324684876948595
wooppv2_2024,wooppv2_2024__hn006,wooppv2_2024,hard_negative_mined,arbitrum,0,ratio_25,1,1,0.0606400898371701,0.0035398230088495,0.0112618975871424,0.0020186280968088,8.64801841089502e-05,3.8092028262326494e-05,8.64801841089502e-05,3.1257128284778446e-05,8.849873847793788e-05,3.8092028262326494e-05,5.20833236805629e-05,3.1257128284778446e-05,8.849873847793788e-05,5.489388058776967e-05,5.489388058776967e-05,0.003594028537017,0.0051194539249146,0.00938875786960125
wooppv2_2024,wooppv2_2024__hn007,wooppv2_2024,hard_negative_mined,arbitrum,0,ratio_25,1,1,0.0606400898371701,0.0035398230088495,0.0112618975871424,0.0020186280968088,7.519814244005829e-05,3.8092028262326494e-05,7.519814244005829e-05,3.109331373707391e-05,8.849873847793788e-05,3.8092028262326494e-05,4.6925037167966366e-05,3.109331373707391e-05,8.849873847793788e-05,4.9913578550331295e-05,4.9913578550331295e-05,0.003594028537017,0.0051194539249146,0.00938875786960125
wooppv2_2024,wooppv2_2024__hn008,wooppv2_2024,hard_negative_mined,arbitrum,0,ratio_25,1,1,0.0606400898371701,0.0035398230088495,0.0112618975871424,0.009770071670043,0.0010375011479482,0.0001918985944939,0.0010375011479482,0.0002020198007812,0.0012308235745877,0.0001918985944939,0.0001635259686736,0.0002020198007812,0.0012308235745877,0.0002728646795731,0.0002728646795731,0.0069586665216903,0.0051194539249146,0.00938875786960125
wooppv2_2024,wooppv2_2024__hn009,wooppv2_2024,hard_negative_mined,arbitrum,0,ratio_25,1,1,0.0606400898371701,0.0035398230088495,0.0112618975871424,0.0020186280968088,7.519814244005829e-05,3.8092028262326494e-05,7.519814244005829e-05,3.109331373707391e-05,8.849873847793788e-05,3.8092028262326494e-05,4.6925037167966366e-05,3.109331373707391e-05,8.849873847793788e-05,4.624764187610708e-05,4.624764187610708e-05,0.003594028537017,0.0051194539249146,0.00938875786960125
wooppv2_2024,wooppv2_2024__hn010,wooppv2_2024,hard_negative_mined,arbitrum,0,ratio_25,1,1,0.0606400898371701,0.0035398230088495,0.0112618975871424,0.0020186280968088,8.64801841089502e-05,3.8092028262326494e-05,8.64801841089502e-05,3.1257128284778446e-05,8.849873847793788e-05,3.8092028262326494e-05,5.20833236805629e-05,3.1257128284778446e-05,8.849873847793788e-05,5.489388058776967e-05,5.489388058776967e-05,0.003594028537017,0.0051194539249146,0.00938875786960125
wooppv2_2024,wooppv2_2024__hn011,wooppv2_2024,hard_negative_mined,arbitrum,0,ratio_25,1,1,0.0606400898371701,0.0035398230088495,0.0112618975871424,0.009770071670043,0.0010375011479482,0.0001918985944939,0.0010375011479482,0.0002020198007812,0.0012308235745877,0.0001918985944939,0.0001635259686736,0.0002020198007812,0.0012308235745877,0.0002728646795731,0.0002728646795731,0.0069586665216903,0.0051194539249146,0.00938875786960125
wooppv2_2024,wooppv2_2024__hn012,wooppv2_2024,hard_negative_mined,arbitrum,0,ratio_25,1,1,0.0606400898371701,0.0035398230088495,0.0112618975871424,0.0139199675329623,0.000974164053332,0.0003338031237944,0.000974164053332,0.0004234982479829,0.0014500417746603,0.0003338031237944,0.0004577136714942,0.0004234982479829,0.0014500417746603,0.000417123461375,0.000417123461375,0.0087199190693528,0.0051194539249146,0.00938875786960125
wooppv2_2024,wooppv2_2024__hn013,wooppv2_2024,hard_negative_mined,arbitrum,0,ratio_25,1,1,0.0606400898371701,0.0035398230088495,0.0112618975871424,0.0020186280968088,7.519814244005829e-05,3.8092028262326494e-05,7.519814244005829e-05,3.109331373707391e-05,8.849873847793788e-05,3.8092028262326494e-05,4.6925037167966366e-05,3.109331373707391e-05,8.849873847793788e-05,4.9913578550331295e-05,4.9913578550331295e-05,0.003594028537017,0.0051194539249146,0.00938875786960125
wooppv2_2024,wooppv2_2024__hn014,wooppv2_2024,hard_negative_mined,arbitrum,0,ratio_25,1,1,0.0606400898371701,0.0035398230088495,0.0112618975871424,0.0020186280968088,8.64801841089502e-05,3.8092028262326494e-05,8.64801841089502e-05,3.1257128284778446e-05,8.849873847793788e-05,3.8092028262326494e-05,6.38748679193668e-05,3.1257128284778446e-05,8.849873847793788e-05,5.489388058776967e-05,5.489388058776967e-05,0.003594028537017,0.0051194539249146,0.00938875786960125
wooppv2_2024,wooppv2_2024__hn015,wooppv2_2024,hard_negative_mined,arbitrum,0,k_2,2,9,0.0606400898371701,0.0106194690265486,0.0112618975871424,0.0571126100867129,0.0009194503654725,0.0001288422645302,0.0009194503654725,0.0002487992460373,0.0003240917867515,0.0001288422645302,0.0001797275035642,0.0002487992460373,0.0003240917867515,0.0002528729382902,0.0002528729382902,0.0059145296250921,0.0051194539249146,0.00182860076893121
wooppv2_2024,wooppv2_2024__hn015,wooppv2_2024,hard_negative_mined,arbitrum,0,ratio_25,3,9,0.0606400898371701,0.0106194690265486,0.0112618975871424,0.0598311389872585,0.0040848599746823,7.385546632576734e-05,0.0040848599746823,9.682589006843044e-05,0.0021298706997185,7.385546632576734e-05,6.443668098654598e-05,9.682589006843044e-05,0.0021298706997185,0.0001682353176875,0.0001682353176875,0.0047118040327304,0.0051194539249146,0.0005977465771138668
wooppv2_2024,wooppv2_2024__hn015,wooppv2_2024,hard_negative_mined,arbitrum,0,ratio_50,5,9,0.0606400898371701,0.0106194690265486,0.0112618975871424,0.0335976245855035,0.001338418573141,6.992689304752275e-05,0.001338418573141,7.939095667097718e-05,0.0009918243158608,6.992689304752275e-05,6.443668098654598e-05,7.939095667097718e-05,0.0009918243158608,0.0001682353176875,0.0001682353176875,0.0046076911003815,0.0051194539249146,0.00027774745831266046
wooppv2_2024,wooppv2_2024__hn015,wooppv2_2024,hard_negative_mined,arbitrum,0,ratio_75,7,9,0.0606400898371701,0.0106194690265486,0.0197259933062344,0.163120056303547,0.0422724932432174,0.0009244547109119,0.0422724932432174,0.0014194308314472,0.0415222086012363,0.0009244547109119,0.0004314272373449,0.0014194308314472,0.0415222086012363,0.0019198149675503,0.0019198149675503,0.0131926225077033,0.0163934426229508,0.21401859819889069
wooppv2_2024,wooppv2_2024__hn015,wooppv2_2024,hard_negative_mined,arbitrum,0,ratio_100,9,9,0.0606400898371701,0.0176991150442477,0.026864359504746,0.1237742185252331,0.011673342436552,0.0009466954506933,0.011673342436552,0.0013889300171285,0.0078491913154721,0.0009466954506933,0.001593466149643,0.0013889300171285,0.0078491913154721,0.0054897041991353,0.0054897041991353,0.0133204483401988,0.0163934426229508,0.0013378015719354153
wooppv2_2024,wooppv2_2024__hn016,wooppv2_2024,hard_negative_mined,arbitrum,0,ratio_25,1,1,0.0606400898371701,0.0035398230088495,0.0112618975871424,0.0020186280968088,7.519814244005829e-05,3.8092028262326494e-05,7.519814244005829e-05,3.109331373707391e-05,8.849873847793788e-05,3.8092028262326494e-05,4.6925037167966366e-05,3.109331373707391e-05,8.849873847793788e-05,4.9913578550331295e-05,4.9913578550331295e-05,0.003594028537017,0.0051194539249146,0.00938875786960125
wooppv2_2024,wooppv2_2024__hn017,wooppv2_2024,hard_negative_mined,arbitrum,0,ratio_25,1,1,0.0606400898371701,0.0035398230088495,0.0112618975871424,0.009770071670043,0.0010375011479482,0.0001918985944939,0.0010375011479482,0.0002020198007812,0.0012308235745877,0.0001918985944939,0.0001635259686736,0.0002020198007812,0.0012308235745877,0.0002728646795731,0.0002728646795731,0.0069586665216903,0.0051194539249146,0.00938875786960125
wooppv2_2024,wooppv2_2024__hn018,wooppv2_2024,hard_negative_mined,arbitrum,0,ratio_25,1,1,0.0606400898371701,0.0035398230088495,0.0112618975871424,0.0020186280968088,8.64801841089502e-05,3.8092028262326494e-05,8.64801841089502e-05,3.1257128284778446e-05,8.849873847793788e-05,3.8092028262326494e-05,5.20833236805629e-05,3.1257128284778446e-05,8.849873847793788e-05,5.489388058776967e-05,5.489388058776967e-05,0.003594028537017,0.0051194539249146,0.00938875786960125
wooppv2_2024,wooppv2_2024__hn019,wooppv2_2024,hard_negative_mined,arbitrum,0,ratio_25,1,1,0.0606400898371701,0.0035398230088495,0.0112618975871424,0.0120186280968088,0.0002849392476491,4.052839358337224e-05,0.0002849392476491,3.7607816921081394e-05,0.0004578408552333,4.052839358337224e-05,9.52749905991368e-05,3.7607816921081394e-05,0.0004578408552333,7.441736670443788e-05,7.441736670443788e-05,0.0036863710143411,0.0051194539249146,0.00938875786960125
wooppv2_2024,wooppv2_2024__hn020,wooppv2_2024,hard_negative_mined,arbitrum,0,ratio_25,1,1,0.0606400898371701,0.0035398230088495,0.0112618975871424,0.009770071670043,0.0010375011479482,0.0001918985944939,0.0010375011479482,0.0002020198007812,0.0012308235745877,0.0001918985944939,0.0001635259686736,0.0002020198007812,0.0012308235745877,0.0002728646795731,0.0002728646795731,0.0069586665216903,0.0051194539249146,0.00938875786960125
wooppv2_2024,wooppv2_2024__hn021,wooppv2_2024,hard_negative_mined,arbitrum,0,ratio_25,1,1,0.0606400898371701,0.0035398230088495,0.0112618975871424,0.0020186280968088,7.519814244005829e-05,3.8092028262326494e-05,7.519814244005829e-05,3.109331373707391e-05,8.849873847793788e-05,3.8092028262326494e-05,4.6925037167966366e-05,3.109331373707391e-05,8.849873847793788e-05,4.9913578550331295e-05,4.9913578550331295e-05,0.003594028537017,0.0051194539249146,0.00938875786960125
wooppv2_2024,wooppv2_2024__hn022,wooppv2_2024,hard_negative_mined,arbitrum,0,ratio_25,1,1,0.0606400898371701,0.0035398230088495,0.0112618975871424,0.0020186280968088,8.64801841089502e-05,3.8092028262326494e-05,8.64801841089502e-05,3.1257128284778446e-05,8.849873847793788e-05,3.8092028262326494e-05,5.20833236805629e-05,3.1257128284778446e-05,8.849873847793788e-05,5.489388058776967e-05,5.489388058776967e-05,0.003594028537017,0.0051194539249146,0.00938875786960125
wooppv2_2024,wooppv2_2024__hn023,wooppv2_2024,hard_negative_mined,arbitrum,0,ratio_25,1,1,0.0606400898371701,0.0035398230088495,0.0112618975871424,0.012270071670043,0.0014850985025987,0.0002933504583779,0.0014850985025987,0.0003126751398667,0.0024825660511851,0.0002933504583779,0.0004715473041869,0.0003126751398667,0.0024825660511851,0.0004812947299797,0.0004812947299797,0.0082729630809351,0.0051194539249146,0.00938875786960125
wooppv2_2024,wooppv2_2024__hn024,wooppv2_2024,hard_negative_mined,arbitrum,0,ratio_25,1,1,0.0606400898371701,0.0035398230088495,0.0112618975871424,0.009770071670043,0.0010375011479482,0.0001918985944939,0.0010375011479482,0.0002020198007812,0.0012308235745877,0.0001918985944939,0.0001635259686736,0.0002020198007812,0.0012308235745877,0.0002728646795731,0.0002728646795731,0.0069586665216903,0.0051194539249146,0.00938875786960125
utopiasphere_2024,utopiasphere_2024__hn000,utopiasphere_2024,hard_negative_mined,bsc,0,ratio_25,1,3,0.0611205432937181,0.0035398230088495,0.0099793422042526,0.0002369668246445,0.0001540576777188,8.042973058763891e-05,0.0001540576777188,7.092580199241638e-05,0.0002743338118307,8.042973058763891e-05,6.502004544017836e-05,7.092580199241638e-05,0.0002743338118307,4.129867738811299e-05,4.129867738811299e-05,0.0057493552452102,0.0069565217391304,0.008858535438776016
utopiasphere_2024,utopiasphere_2024__hn000,utopiasphere_2024,hard_negative_mined,bsc,0,ratio_50,2,3,0.0611205432937181,0.0123893805309734,0.0275893229669515,0.2416026779204133,0.0341131351888179,0.0029566050507128,0.0341131351888179,0.0027131035458296,0.0343913324177265,0.0029566050507128,0.0269150584936141,0.0027131035458296,0.0343913324177265,0.0219337232410907,0.0219337232410907,0.0233435723473988,0.0289855072463768,0.14307375252246857
utopiasphere_2024,utopiasphere_2024__hn000,utopiasphere_2024,hard_negative_mined,bsc,0,ratio_75,3,3,0.0611205432937181,0.0141592920353982,0.0385162924680235,0.1616901752777966,0.0260776691138744,0.0086504202336072,0.0260776691138744,0.0037823836319148,0.0180542785674333,0.0086504202336072,0.0082207852974534,0.0037823836319148,0.0180542785674333,0.0422280132770538,0.0422280132770538,0.0352560514797733,0.0289855072463768,0.6492864489555359
utopiasphere_2024,utopiasphere_2024__hn001,utopiasphere_2024,hard_negative_mined,bsc,0,k_2,2,229,0.0611205432937181,0.0106194690265486,0.0099793422042526,0.1086796966387502,0.0046950778923928,0.0002034987410297,0.0046950778923928,0.000185420300113,0.0030780213419348,0.0002034987410297,0.0248576961457729,0.000185420300113,0.0030780213419348,0.0004551585880108,0.0004551585880108,0.0082629622952983,0.0069565217391304,0.0016261643031612039
utopiasphere_2024,utopiasphere_2024__hn001,utopiasphere_2024,hard_negative_mined,bsc,0,k_3,3,229,0.0611205432937181,0.0106194690265486,0.0099793422042526,0.1199893329301161,0.0072328969836235,0.0003168459516018,0.0072328969836235,0.0002861889079213,0.0070688407868146,0.0003168459516018,0.0035247628111392,0.0002861889079213,0.0070688407868146,0.0012336047366261,0.0012336047366261,0.0098201262311533,0.0069565217391304,0.00030159068410284817
utopiasphere_2024,utopiasphere_2024__hn001,utopiasphere_2024,hard_negative_mined,bsc,0,k_5,5,229,0.0611205432937181,0.0106194690265486,0.0099793422042526,0.0749629930342994,0.0011396484915167,5.8847388572758064e-05,0.0011396484915167,6.043772373232059e-05,0.0004408774839248,5.8847388572758064e-05,0.0001357955334242,6.043772373232059e-05,0.0004408774839248,0.0001537440693937,0.0001537440693937,0.0050877402207291,0.0069565217391304,0.00012489179789554328
utopiasphere_2024,utopiasphere_2024__hn001,utopiasphere_2024,hard_negative_mined,bsc,0,k_7,7,229,0.0611205432937181,0.0106194690265486,0.0099793422042526,0.0866147325683616,0.0003114184946753,8.953202632255852e-05,0.0003114184946753,2.423543992335908e-05,0.0002164924371754,8.953202632255852e-05,0.0011545687448233,2.423543992335908e-05,0.0002164924371754,0.0002262183552375,0.0002262183552375,0.0059955672780303,0.0069565217391304,0.0008046807488426566
utopiasphere_2024,utopiasphere_2024__hn001,utopiasphere_2024,hard_negative_mined,bsc,0,ratio_25,58,229,0.0611205432937181,0.0106194690265486,0.0099793422042526,0.0236191033904053,0.0006369659677147,0.0001220467456732,0.0006369659677147,8.040442480705678e-05,0.000348526664311,0.0001220467456732,0.0040490464307367,8.040442480705678e-05,0.000348526664311,0.0002314718003617,0.0002314718003617,0.0067675076135062,0.0069565217391304,0.0003389889607205987
utopiasphere_2024,utopiasphere_2024__hn001,utopiasphere_2024,hard_negative_mined,bsc,0,ratio_50,115,229,0.0611205432937181,0.0106194690265486,0.0099793422042526,0.0244709552422572,0.0001873443980002,0.0001137596045737,0.0001873443980002,7.480655767722055e-05,0.0001150661701103,0.0001137596045737,0.0040490464307367,7.480655767722055e-05,0.0001150661701103,0.0002127067564288,0.0002127067564288,0.0065840636126985,0.0069565217391304,0.0007798215374350548
utopiasphere_2024,utopiasphere_2024__hn001,utopiasphere_2024,hard_negative_mined,bsc,0,ratio_75,172,229,0.0611205432937181,0.0106194690265486,0.0099793422042526,0.0021516897820044,7.844091669539921e-06,8.443549631920177e-06,7.844091669539921e-06,9.427350050827954e-06,4.469567556952825e-06,8.443549631920177e-06,0.0001433169818483,9.427350050827954e-06,4.469567556952825e-06,1.433881789125735e-05,1.433881789125735e-05,0.0023767705831069,0.0,9.031664376379922e-05
utopiasphere_2024,utopiasphere_2024__hn001,utopiasphere_2024,hard_negative_mined,bsc,0,ratio_100,229,229,0.0611205432937181,0.0106194690265486,0.0099793422042526,0.0214415434775513,0.0002328115369891,0.0001137596045737,0.0002328115369891,7.480655767722055e-05,0.0001352521358057,0.0001137596045737,0.0040490464307367,7.480655767722055e-05,0.0001352521358057,0.0002127067564288,0.0002127067564288,0.0065840636126985,0.0069565217391304,0.0006629854906350374
utopiasphere_2024,utopiasphere_2024__hn002,utopiasphere_2024,hard_negative_mined,bsc,0,ratio_25,2,5,0.0611205432937181,0.0,0.073953350529613,0.0352831982810628,0.0018680229550227,0.0016653061611577,0.0018680229550227,0.000657339405734,0.0010416370350867,0.0016653061611577,0.0033362917602062,0.000657339405734,0.0010416370350867,0.000953093112912,0.000953093112912,0.0187038751038351,0.0289855072463768,0.0010701820719987154
utopiasphere_2024,utopiasphere_2024__hn002,utopiasphere_2024,hard_negative_mined,bsc,0,ratio_50,3,5,0.0611205432937181,0.0,0.073953350529613,0.0100247560332848,0.0003096882428508,0.000765050179325,0.0003096882428508,0.0005328437546268,5.8375433582114056e-05,0.000765050179325,0.0465534143149852,0.0005328437546268,5.8375433582114056e-05,0.0005947624449618,0.0005947624449618,0.0138368140058901,0.0069565217391304,0.026346441358327866
utopiasphere_2024,utopiasphere_2024__hn002,utopiasphere_2024,hard_negative_mined,bsc,0,ratio_75,4,5,0.0611205432937181,0.0070796460176991,0.073953350529613,0.0,7.4508952820906416e-06,2.218142253695987e-05,7.4508952820906416e-06,2.621990643092431e-05,9.071282875083853e-06,2.218142253695987e-05,0.0002435085334582,2.621990643092431e-05,9.071282875083853e-06,4.3891341192647815e-05,4.3891341192647815e-05,0.0034715832039723,0.0,0.03790285065770149
utopiasphere_2024,utopiasphere_2024__hn002,utopiasphere_2024,hard_negative_mined,bsc,0,ratio_100,5,5,0.0611205432937181,0.0141592920353982,0.073953350529613,0.0,0.0001417387247784,0.0001694915408734,0.0001417387247784,0.0001583664416102,7.693342922721058e-05,0.0001694915408734,0.0030829547904431,0.0001583664416102,7.693342922721058e-05,8.876523497747257e-05,8.876523497747257e-05,0.0076937534374849,0.0069565217391304,0.05165731906890869
utopiasphere_2024,utopiasphere_2024__hn003,utopiasphere_2024,hard_negative_mined,bsc,0,ratio_25,1,1,0.0611205432937181,0.0035398230088495,0.0099793422042526,0.0002369668246445,0.0001540576777188,8.042973058763891e-05,0.0001540576777188,7.092580199241638e-05,0.0002743338118307,8.042973058763891e-05,6.502004544017836e-05,7.092580199241638e-05,0.0002743338118307,4.129867738811299e-05,4.129867738811299e-05,0.0057493552452102,0.0069565217391304,0.008858535438776016
utopiasphere_2024,utopiasphere_2024__hn005,utopiasphere_2024,hard_negative_mined,bsc,0,ratio_25,2,5,0.0611205432937181,0.0,0.073953350529613,0.0374706982810628,0.0018680229550227,0.0016653061611577,0.0018680229550227,0.000657339405734,0.0010416370350867,0.0016653061611577,0.0033362917602062,0.000657339405734,0.0010416370350867,0.000953093112912,0.000953093112912,0.0187038751038351,0.0289855072463768,0.0010701820719987154
utopiasphere_2024,utopiasphere_2024__hn005,utopiasphere_2024,hard_negative_mined,bsc,0,ratio_50,3,5,0.0611205432937181,0.0,0.073953350529613,0.0100247560332848,0.0003096882428508,0.000765050179325,0.0003096882428508,0.0005328437546268,5.8375433582114056e-05,0.000765050179325,0.0465534143149852,0.0005328437546268,5.8375433582114056e-05,0.0005947624449618,0.0005947624449618,0.0138368140058901,0.0069565217391304,0.026346441358327866
utopiasphere_2024,utopiasphere_2024__hn005,utopiasphere_2024,hard_negative_mined,bsc,0,ratio_75,4,5,0.0611205432937181,0.0070796460176991,0.073953350529613,0.0,2.106666579493321e-05,4.383077612146735e-05,2.106666579493321e-05,3.093835766776465e-05,3.454304896877147e-05,4.383077612146735e-05,0.0002435085334582,3.093835766776465e-05,3.454304896877147e-05,5.753768346039578e-05,5.753768346039578e-05,0.0045334646244874,0.0,0.03790285065770149
utopiasphere_2024,utopiasphere_2024__hn005,utopiasphere_2024,hard_negative_mined,bsc,0,ratio_100,5,5,0.0611205432937181,0.0141592920353982,0.073953350529613,0.0,0.0001417387247784,0.0001694915408734,0.0001417387247784,0.0001583664416102,7.693342922721058e-05,0.0001694915408734,0.0030829547904431,0.0001583664416102,7.693342922721058e-05,8.876523497747257e-05,8.876523497747257e-05,0.0076937534374849,0.0069565217391304,0.05165731906890869
utopiasphere_2024,utopiasphere_2024__hn006,utopiasphere_2024,hard_negative_mined,bsc,0,ratio_25,2,5,0.0611205432937181,0.0,0.073953350529613,0.0374706982810628,0.0018680229550227,0.0016653061611577,0.0018680229550227,0.000657339405734,0.0010416370350867,0.0016653061611577,0.0033362917602062,0.000657339405734,0.0010416370350867,0.000953093112912,0.000953093112912,0.0187038751038351,0.0289855072463768,0.0010701820719987154
utopiasphere_2024,utopiasphere_2024__hn006,utopiasphere_2024,hard_negative_mined,bsc,0,ratio_50,3,5,0.0611205432937181,0.0,0.073953350529613,0.0100247560332848,0.0003096882428508,0.000765050179325,0.0003096882428508,0.0005328437546268,5.8375433582114056e-05,0.000765050179325,0.0465534143149852,0.0005328437546268,5.8375433582114056e-05,0.0005947624449618,0.0005947624449618,0.0138368140058901,0.0069565217391304,0.026346441358327866
utopiasphere_2024,utopiasphere_2024__hn006,utopiasphere_2024,hard_negative_mined,bsc,0,ratio_75,4,5,0.0611205432937181,0.0070796460176991,0.073953350529613,0.0,2.106666579493321e-05,4.383077612146735e-05,2.106666579493321e-05,3.093835766776465e-05,3.454304896877147e-05,4.383077612146735e-05,0.0002435085334582,3.093835766776465e-05,3.454304896877147e-05,5.753768346039578e-05,5.753768346039578e-05,0.0045334646244874,0.0,0.03790285065770149
utopiasphere_2024,utopiasphere_2024__hn006,utopiasphere_2024,hard_negative_mined,bsc,0,ratio_100,5,5,0.0611205432937181,0.0141592920353982,0.073953350529613,0.0,0.0001417387247784,0.0001694915408734,0.0001417387247784,0.0001583664416102,7.693342922721058e-05,0.0001694915408734,0.0030829547904431,0.0001583664416102,7.693342922721058e-05,8.876523497747257e-05,8.876523497747257e-05,0.0076937534374849,0.0069565217391304,0.05165731906890869
utopiasphere_2024,utopiasphere_2024__hn007,utopiasphere_2024,hard_negative_mined,bsc,0,ratio_25,2,5,0.0611205432937181,0.0,0.073953350529613,0.0374706982810628,0.0018680229550227,0.0016653061611577,0.0018680229550227,0.000657339405734,0.0010416370350867,0.0016653061611577,0.0033362917602062,0.000657339405734,0.0010416370350867,0.000953093112912,0.000953093112912,0.0187038751038351,0.0289855072463768,0.0010701820719987154
utopiasphere_2024,utopiasphere_2024__hn007,utopiasphere_2024,hard_negative_mined,bsc,0,ratio_50,3,5,0.0611205432937181,0.0,0.073953350529613,0.0100247560332848,0.0003096882428508,0.000765050179325,0.0003096882428508,0.0005328437546268,5.8375433582114056e-05,0.000765050179325,0.0465534143149852,0.0005328437546268,5.8375433582114056e-05,0.0005947624449618,0.0005947624449618,0.0138368140058901,0.0069565217391304,0.026346441358327866
utopiasphere_2024,utopiasphere_2024__hn007,utopiasphere_2024,hard_negative_mined,bsc,0,ratio_75,4,5,0.0611205432937181,0.0070796460176991,0.073953350529613,0.0,2.106666579493321e-05,4.383077612146735e-05,2.106666579493321e-05,3.093835766776465e-05,3.454304896877147e-05,4.383077612146735e-05,0.0002435085334582,3.093835766776465e-05,3.454304896877147e-05,5.753768346039578e-05,5.753768346039578e-05,0.0045334646244874,0.0,0.03790285065770149
utopiasphere_2024,utopiasphere_2024__hn007,utopiasphere_2024,hard_negative_mined,bsc,0,ratio_100,5,5,0.0611205432937181,0.0141592920353982,0.073953350529613,0.0,0.0001417387247784,0.0001694915408734,0.0001417387247784,0.0001583664416102,7.693342922721058e-05,0.0001694915408734,0.0030829547904431,0.0001583664416102,7.693342922721058e-05,8.876523497747257e-05,8.876523497747257e-05,0.0076937534374849,0.0069565217391304,0.05165731906890869
utopiasphere_2024,utopiasphere_2024__hn008,utopiasphere_2024,hard_negative_mined,bsc,0,ratio_25,1,2,0.0611205432937181,0.0035398230088495,0.0099793422042526,0.0002369668246445,0.0001540576777188,8.042973058763891e-05,0.0001540576777188,7.092580199241638e-05,0.0002743338118307,8.042973058763891e-05,6.191572902025655e-05,7.092580199241638e-05,0.0002743338118307,4.129867738811299e-05,4.129867738811299e-05,0.0057493552452102,0.0069565217391304,0.008858535438776016
utopiasphere_2024,utopiasphere_2024__hn008,utopiasphere_2024,hard_negative_mined,bsc,0,ratio_75,2,2,0.0611205432937181,0.0106194690265486,0.0099793422042526,0.0868033995181575,0.0007308156928047,2.831599340424873e-05,0.0007308156928047,3.16578516503796e-05,0.0001573165063746,2.831599340424873e-05,0.0007891023997217,3.16578516503796e-05,0.0001573165063746,5.071764826425351e-05,5.071764826425351e-05,0.0038202616673972,0.0,0.0018121411558240652
utopiasphere_2024,utopiasphere_2024__hn009,utopiasphere_2024,hard_negative_mined,bsc,0,ratio_25,1,1,0.0611205432937181,0.0035398230088495,0.0099793422042526,0.0002369668246445,0.0001540576777188,8.042973058763891e-05,0.0001540576777188,7.092580199241638e-05,0.0002743338118307,8.042973058763891e-05,6.502004544017836e-05,7.092580199241638e-05,0.0002743338118307,4.129867738811299e-05,4.129867738811299e-05,0.0057493552452102,0.0069565217391304,0.008858535438776016
utopiasphere_2024,utopiasphere_2024__hn010,utopiasphere_2024,hard_negative_mined,bsc,0,ratio_25,2,5,0.0611205432937181,0.0,0.073953350529613,0.0374706982810628,0.0018680229550227,0.0016653061611577,0.0018680229550227,0.000657339405734,0.0010416370350867,0.0016653061611577,0.0033362917602062,0.000657339405734,0.0010416370350867,0.000953093112912,0.000953093112912,0.0187038751038351,0.0289855072463768,0.0010701820719987154
utopiasphere_2024,utopiasphere_2024__hn010,utopiasphere_2024,hard_negative_mined,bsc,0,ratio_50,3,5,0.0611205432937181,0.0,0.073953350529613,0.0100247560332848,0.0003096882428508,0.000765050179325,0.0003096882428508,0.0005328437546268,5.8375433582114056e-05,0.000765050179325,0.0465534143149852,0.0005328437546268,5.8375433582114056e-05,0.0005947624449618,0.0005947624449618,0.0138368140058901,0.0069565217391304,0.026346441358327866
utopiasphere_2024,utopiasphere_2024__hn010,utopiasphere_2024,hard_negative_mined,bsc,0,ratio_75,4,5,0.0611205432937181,0.0070796460176991,0.073953350529613,0.0,2.106666579493321e-05,4.383077612146735e-05,2.106666579493321e-05,3.093835766776465e-05,3.454304896877147e-05,4.383077612146735e-05,0.0002435085334582,3.093835766776465e-05,3.454304896877147e-05,5.753768346039578e-05,5.753768346039578e-05,0.0045334646244874,0.0,0.03790285065770149
utopiasphere_2024,utopiasphere_2024__hn010,utopiasphere_2024,hard_negative_mined,bsc,0,ratio_100,5,5,0.0611205432937181,0.0141592920353982,0.073953350529613,0.0,0.0001417387247784,0.0001694915408734,0.0001417387247784,0.0001583664416102,7.693342922721058e-05,0.0001694915408734,0.0030829547904431,0.0001583664416102,7.693342922721058e-05,8.876523497747257e-05,8.876523497747257e-05,0.0076937534374849,0.0069565217391304,0.05165731906890869
utopiasphere_2024,utopiasphere_2024__hn011,utopiasphere_2024,hard_negative_mined,bsc,0,ratio_25,2,5,0.0611205432937181,0.0,0.073953350529613,0.0374706982810628,0.0018680229550227,0.0016653061611577,0.0018680229550227,0.000657339405734,0.0010416370350867,0.0016653061611577,0.0033362917602062,0.000657339405734,0.0010416370350867,0.000953093112912,0.000953093112912,0.0187038751038351,0.0289855072463768,0.0010701820719987154
utopiasphere_2024,utopiasphere_2024__hn011,utopiasphere_2024,hard_negative_mined,bsc,0,ratio_50,3,5,0.0611205432937181,0.0,0.073953350529613,0.0100247560332848,0.0003096882428508,0.000765050179325,0.0003096882428508,0.0005328437546268,5.8375433582114056e-05,0.000765050179325,0.0465534143149852,0.0005328437546268,5.8375433582114056e-05,0.0005947624449618,0.0005947624449618,0.0138368140058901,0.0069565217391304,0.026346441358327866
utopiasphere_2024,utopiasphere_2024__hn011,utopiasphere_2024,hard_negative_mined,bsc,0,ratio_75,4,5,0.0611205432937181,0.0070796460176991,0.073953350529613,0.0,2.106666579493321e-05,4.383077612146735e-05,2.106666579493321e-05,3.093835766776465e-05,3.454304896877147e-05,4.383077612146735e-05,0.0002435085334582,3.093835766776465e-05,3.454304896877147e-05,5.753768346039578e-05,5.753768346039578e-05,0.0045334646244874,0.0,0.03790285065770149
utopiasphere_2024,utopiasphere_2024__hn011,utopiasphere_2024,hard_negative_mined,bsc,0,ratio_100,5,5,0.0611205432937181,0.0141592920353982,0.073953350529613,0.0,0.00039852183545,0.0003348709142301,0.00039852183545,0.000212874772842,0.0002644677006173,0.0003348709142301,0.0030829547904431,0.000212874772842,0.0002644677006173,0.0001325384946539,0.0001325384946539,0.0100341192156702,0.0069565217391304,0.05165731906890869
utopiasphere_2024,utopiasphere_2024__hn012,utopiasphere_2024,hard_negative_mined,bsc,0,ratio_25,2,5,0.0611205432937181,0.0,0.073953350529613,0.0374706982810628,0.0018680229550227,0.0016653061611577,0.0018680229550227,0.000657339405734,0.0010416370350867,0.0016653061611577,0.0033362917602062,0.000657339405734,0.0010416370350867,0.000953093112912,0.000953093112912,0.0187038751038351,0.0289855072463768,0.0010701820719987154
utopiasphere_2024,utopiasphere_2024__hn012,utopiasphere_2024,hard_negative_mined,bsc,0,ratio_50,3,5,0.0611205432937181,0.0,0.073953350529613,0.0100247560332848,0.0003096882428508,0.000765050179325,0.0003096882428508,0.0005328437546268,5.8375433582114056e-05,0.000765050179325,0.0465534143149852,0.0005328437546268,5.8375433582114056e-05,0.0005947624449618,0.0005947624449618,0.0138368140058901,0.0069565217391304,0.026346441358327866
utopiasphere_2024,utopiasphere_2024__hn012,utopiasphere_2024,hard_negative_mined,bsc,0,ratio_75,4,5,0.0611205432937181,0.0070796460176991,0.073953350529613,0.0,2.106666579493321e-05,4.383077612146735e-05,2.106666579493321e-05,3.093835766776465e-05,3.454304896877147e-05,4.383077612146735e-05,0.0002435085334582,3.093835766776465e-05,3.454304896877147e-05,5.753768346039578e-05,5.753768346039578e-05,0.0045334646244874,0.0,0.03790285065770149
utopiasphere_2024,utopiasphere_2024__hn012,utopiasphere_2024,hard_negative_mined,bsc,0,ratio_100,5,5,0.0611205432937181,0.0141592920353982,0.073953350529613,0.0,0.00039852183545,0.0003348709142301,0.00039852183545,0.000212874772842,0.0002644677006173,0.0003348709142301,0.0030829547904431,0.000212874772842,0.0002644677006173,0.0001325384946539,0.0001325384946539,0.0100341192156702,0.0069565217391304,0.05165731906890869
utopiasphere_2024,utopiasphere_2024__hn014,utopiasphere_2024,hard_negative_mined,bsc,0,ratio_25,1,1,0.0611205432937181,0.0035398230088495,0.0099793422042526,0.0002369668246445,0.0001540576777188,8.042973058763891e-05,0.0001540576777188,7.092580199241638e-05,0.0002743338118307,8.042973058763891e-05,6.502004544017836e-05,7.092580199241638e-05,0.0002743338118307,4.129867738811299e-05,4.129867738811299e-05,0.0057493552452102,0.0069565217391304,0.008858535438776016
utopiasphere_2024,utopiasphere_2024__hn015,utopiasphere_2024,hard_negative_mined,bsc,0,ratio_25,2,5,0.0611205432937181,0.0,0.073953350529613,0.0374706982810628,0.0018680229550227,0.0016653061611577,0.0018680229550227,0.000657339405734,0.0010416370350867,0.0016653061611577,0.0033362917602062,0.000657339405734,0.0010416370350867,0.000953093112912,0.000953093112912,0.0187038751038351,0.0289855072463768,0.0010701820719987154
utopiasphere_2024,utopiasphere_2024__hn015,utopiasphere_2024,hard_negative_mined,bsc,0,ratio_50,3,5,0.0611205432937181,0.0,0.073953350529613,0.0100247560332848,0.0003096882428508,0.000765050179325,0.0003096882428508,0.0005328437546268,5.8375433582114056e-05,0.000765050179325,0.0465534143149852,0.0005328437546268,5.8375433582114056e-05,0.0005947624449618,0.0005947624449618,0.0138368140058901,0.0069565217391304,0.026346441358327866
utopiasphere_2024,utopiasphere_2024__hn015,utopiasphere_2024,hard_negative_mined,bsc,0,ratio_75,4,5,0.0611205432937181,0.0070796460176991,0.073953350529613,0.0,2.106666579493321e-05,4.383077612146735e-05,2.106666579493321e-05,3.093835766776465e-05,3.454304896877147e-05,4.383077612146735e-05,0.0002435085334582,3.093835766776465e-05,3.454304896877147e-05,5.753768346039578e-05,5.753768346039578e-05,0.0045334646244874,0.0,0.03790285065770149
utopiasphere_2024,utopiasphere_2024__hn015,utopiasphere_2024,hard_negative_mined,bsc,0,ratio_100,5,5,0.0611205432937181,0.0141592920353982,0.073953350529613,0.0,0.00039852183545,0.0003348709142301,0.00039852183545,0.000212874772842,0.0002644677006173,0.0003348709142301,0.0030829547904431,0.000212874772842,0.0002644677006173,0.0001325384946539,0.0001325384946539,0.0100341192156702,0.0069565217391304,0.05165731906890869
utopiasphere_2024,utopiasphere_2024__hn016,utopiasphere_2024,hard_negative_mined,bsc,0,ratio_25,2,5,0.0611205432937181,0.0,0.073953350529613,0.0374706982810628,0.0018680229550227,0.0016653061611577,0.0018680229550227,0.000657339405734,0.0010416370350867,0.0016653061611577,0.0033362917602062,0.000657339405734,0.0010416370350867,0.000953093112912,0.000953093112912,0.0187038751038351,0.0289855072463768,0.0010701820719987154
utopiasphere_2024,utopiasphere_2024__hn016,utopiasphere_2024,hard_negative_mined,bsc,0,ratio_50,3,5,0.0611205432937181,0.0,0.073953350529613,0.0100247560332848,0.0003096882428508,0.000765050179325,0.0003096882428508,0.0005328437546268,5.8375433582114056e-05,0.000765050179325,0.0465534143149852,0.0005328437546268,5.8375433582114056e-05,0.0005947624449618,0.0005947624449618,0.0138368140058901,0.0069565217391304,0.026346441358327866
utopiasphere_2024,utopiasphere_2024__hn016,utopiasphere_2024,hard_negative_mined,bsc,0,ratio_75,4,5,0.0611205432937181,0.0070796460176991,0.073953350529613,0.0,2.106666579493321e-05,4.383077612146735e-05,2.106666579493321e-05,3.093835766776465e-05,3.454304896877147e-05,4.383077612146735e-05,0.0002435085334582,3.093835766776465e-05,3.454304896877147e-05,5.753768346039578e-05,5.753768346039578e-05,0.0045334646244874,0.0,0.03790285065770149
utopiasphere_2024,utopiasphere_2024__hn016,utopiasphere_2024,hard_negative_mined,bsc,0,ratio_100,5,5,0.0611205432937181,0.0141592920353982,0.073953350529613,0.0,0.00039852183545,0.0003348709142301,0.00039852183545,0.000212874772842,0.0002644677006173,0.0003348709142301,0.0030829547904431,0.000212874772842,0.0002644677006173,0.0001325384946539,0.0001325384946539,0.0100341192156702,0.0069565217391304,0.05165731906890869
utopiasphere_2024,utopiasphere_2024__hn017,utopiasphere_2024,hard_negative_mined,bsc,0,ratio_25,2,6,0.0611205432937181,0.0123893805309734,0.0099793422042526,0.129502242596417,0.0188082586973905,5.83086111873854e-05,0.0188082586973905,0.0002010099124163,0.0179778654128313,5.83086111873854e-05,0.0003487481735646,0.0002010099124163,0.0179778654128313,0.000321848958265,0.000321848958265,0.0050694565478162,0.0069565217391304,0.0018121411558240652
utopiasphere_2024,utopiasphere_2024__hn017,utopiasphere_2024,hard_negative_mined,bsc,0,ratio_50,3,6,0.0611205432937181,0.0141592920353982,0.0099793422042526,0.1498237593065433,0.0053686304017901,4.002100104116835e-05,0.0053686304017901,0.0001712663797661,0.0066537829115986,4.002100104116835e-05,0.0001144356792792,0.0001712663797661,0.0066537829115986,0.000425576523412,0.000425576523412,0.0043748499284138,0.0,0.00036844328860752285
utopiasphere_2024,utopiasphere_2024__hn017,utopiasphere_2024,hard_negative_mined,bsc,0,ratio_75,5,6,0.0611205432937181,0.0176991150442477,0.0099793422042526,0.1149256348782574,0.0250933039933443,0.0002002277615247,0.0250933039933443,0.0005233671981841,0.0355665609240531,0.0002002277615247,5.973620864097029e-05,0.0005233671981841,0.0355665609240531,0.0006759949028491,0.0006759949028491,0.0082108767749305,0.0069565217391304,0.0001792409602785483
utopiasphere_2024,utopiasphere_2024__hn017,utopiasphere_2024,hard_negative_mined,bsc,0,ratio_100,6,6,0.0611205432937181,0.0194690265486725,0.0099793422042526,0.0592992234519254,0.0027141154278069,2.9581118724308908e-05,0.0027141154278069,8.028689626371488e-05,0.0148456171154975,2.9581118724308908e-05,2.0208131900290027e-05,8.028689626371488e-05,0.0148456171154975,9.124758798861876e-05,9.124758798861876e-05,0.0038862637518773,0.0,0.00012468475324567407
utopiasphere_2024,utopiasphere_2024__hn018,utopiasphere_2024,hard_negative_mined,bsc,0,ratio_25,1,2,0.0611205432937181,0.0035398230088495,0.0099793422042526,0.0002369668246445,0.0003042696334887,8.042973058763891e-05,0.0003042696334887,4.6747671149205416e-05,0.0004630275361705,8.042973058763891e-05,6.534525891765952e-05,4.6747671149205416e-05,0.0004630275361705,3.787292371271178e-05,3.787292371271178e-05,0.0057493552452102,0.0069565217391304,0.008858535438776016
utopiasphere_2024,utopiasphere_2024__hn018,utopiasphere_2024,hard_negative_mined,bsc,0,ratio_75,2,2,0.0611205432937181,0.0123893805309734,0.0099793422042526,0.199787007223572,0.0110469292849302,0.0002573489909991,0.0110469292849302,0.0002602370514068,0.0330956354737281,0.0002573489909991,0.001093044062145,0.0002602370514068,0.0330956354737281,0.0009047841886058,0.0009047841886058,0.0090554194482532,0.0069565217391304,0.0016261643031612039
utopiasphere_2024,utopiasphere_2024__hn019,utopiasphere_2024,hard_negative_mined,bsc,0,ratio_25,2,5,0.0611205432937181,0.0,0.073953350529613,0.0374706982810628,0.0018680229550227,0.0016653061611577,0.0018680229550227,0.000657339405734,0.0010416370350867,0.0016653061611577,0.0033362917602062,0.000657339405734,0.0010416370350867,0.000953093112912,0.000953093112912,0.0187038751038351,0.0289855072463768,0.0010701820719987154
utopiasphere_2024,utopiasphere_2024__hn019,utopiasphere_2024,hard_negative_mined,bsc,0,ratio_50,3,5,0.0611205432937181,0.0,0.073953350529613,0.0100247560332848,0.0003096882428508,0.000765050179325,0.0003096882428508,0.0005328437546268,5.8375433582114056e-05,0.000765050179325,0.0465534143149852,0.0005328437546268,5.8375433582114056e-05,0.0005947624449618,0.0005947624449618,0.0138368140058901,0.0069565217391304,0.026346441358327866
utopiasphere_2024,utopiasphere_2024__hn019,utopiasphere_2024,hard_negative_mined,bsc,0,ratio_75,4,5,0.0611205432937181,0.0070796460176991,0.073953350529613,0.0,2.106666579493321e-05,4.383077612146735e-05,2.106666579493321e-05,3.093835766776465e-05,3.454304896877147e-05,4.383077612146735e-05,0.0002435085334582,3.093835766776465e-05,3.454304896877147e-05,5.753768346039578e-05,5.753768346039578e-05,0.0045334646244874,0.0,0.03790285065770149
utopiasphere_2024,utopiasphere_2024__hn019,utopiasphere_2024,hard_negative_mined,bsc,0,ratio_100,5,5,0.0611205432937181,0.0141592920353982,0.073953350529613,0.0,0.00039852183545,0.0003348709142301,0.00039852183545,0.000212874772842,0.0002644677006173,0.0003348709142301,0.0030829547904431,0.000212874772842,0.0002644677006173,0.0001325384946539,0.0001325384946539,0.0100341192156702,0.0069565217391304,0.05165731906890869
utopiasphere_2024,utopiasphere_2024__hn020,utopiasphere_2024,hard_negative_mined,bsc,0,ratio_25,1,1,0.0611205432937181,0.0035398230088495,0.0099793422042526,0.0002369668246445,0.0001540576777188,8.042973058763891e-05,0.0001540576777188,7.092580199241638e-05,0.0002743338118307,8.042973058763891e-05,6.502004544017836e-05,7.092580199241638e-05,0.0002743338118307,4.129867738811299e-05,4.129867738811299e-05,0.0057493552452102,0.0069565217391304,0.008858535438776016
utopiasphere_2024,utopiasphere_2024__hn021,utopiasphere_2024,hard_negative_mined,bsc,0,ratio_25,1,1,0.0611205432937181,0.0035398230088495,0.0099793422042526,0.0002369668246445,0.0003042696334887,8.042973058763891e-05,0.0003042696334887,4.6747671149205416e-05,0.0004630275361705,8.042973058763891e-05,6.534525891765952e-05,4.6747671149205416e-05,0.0004630275361705,3.787292371271178e-05,3.787292371271178e-05,0.0057493552452102,0.0069565217391304,0.008858535438776016
utopiasphere_2024,utopiasphere_2024__hn022,utopiasphere_2024,hard_negative_mined,bsc,0,ratio_25,1,2,0.0611205432937181,0.0035398230088495,0.0099793422042526,0.0002369668246445,0.0001540576777188,8.042973058763891e-05,0.0001540576777188,7.092580199241638e-05,0.0002743338118307,8.042973058763891e-05,6.191572902025655e-05,7.092580199241638e-05,0.0002743338118307,4.129867738811299e-05,4.129867738811299e-05,0.0057493552452102,0.0069565217391304,0.008858535438776016
utopiasphere_2024,utopiasphere_2024__hn022,utopiasphere_2024,hard_negative_mined,bsc,0,ratio_75,2,2,0.0611205432937181,0.0106194690265486,0.0099793422042526,0.0866725042325141,0.0921162739396095,0.0005879469099454,0.0921162739396095,0.0003676123160403,0.1024684980511665,0.0005879469099454,0.0029923222027719,0.0003676123160403,0.1024684980511665,0.0025338577106595,0.0025338577106595,0.0124914418103664,0.0069565217391304,0.0018121411558240652
utopiasphere_2024,utopiasphere_2024__hn024,utopiasphere_2024,hard_negative_mined,bsc,0,ratio_25,1,2,0.0611205432937181,0.0035398230088495,0.0099793422042526,0.0002369668246445,0.0001339200389338,8.042973058763891e-05,0.0001339200389338,4.6747671149205416e-05,0.0002743338118307,8.042973058763891e-05,6.534525891765952e-05,4.6747671149205416e-05,0.0002743338118307,3.787292371271178e-05,3.787292371271178e-05,0.0057493552452102,0.0069565217391304,0.008858535438776016
utopiasphere_2024,utopiasphere_2024__hn024,utopiasphere_2024,hard_negative_mined,bsc,0,ratio_75,2,2,0.0611205432937181,0.0123893805309734,0.0099793422042526,0.1644132440819518,0.0111174611374735,0.0010164905106648,0.0111174611374735,0.0011374023742973,0.017593465745449,0.0010164905106648,0.001093044062145,0.0011374023742973,0.017593465745449,0.0012112286640331,0.0012112286640331,0.0154496400959012,0.0069565217391304,0.0016261643031612039
xkingdom_2024,xkingdom_2024__hn000,xkingdom_2024,hard_negative_mined,arbitrum,0,ratio_25,1,2,0.0619977037887485,0.0035398230088495,0.0098888298275665,0.0005386475121148,5.3222873248159885e-05,1.623507523618173e-05,5.3222873248159885e-05,9.611168934497982e-06,5.041487020207569e-05,1.623507523618173e-05,3.300076423329301e-05,9.611168934497982e-06,5.041487020207569e-05,4.3163290683878586e-05,1.623507523618173e-05,0.0032997602732093,0.0,0.004820917267352343
xkingdom_2024,xkingdom_2024__hn000,xkingdom_2024,hard_negative_mined,arbitrum,0,ratio_75,2,2,0.0619977037887485,0.0123893805309734,0.0274759082994858,0.1565731405465293,0.0039260406047105,0.0001211482522194,0.0039260406047105,0.0001192463605548,0.0070791160687804,0.0001211482522194,0.0009810316842049,0.0001192463605548,0.0070791160687804,0.0014762065839022,0.0001211482522194,0.0071645918975958,0.0052356020942408,0.0011271315161138773
xkingdom_2024,xkingdom_2024__hn001,xkingdom_2024,hard_negative_mined,arbitrum,0,ratio_25,1,3,0.0619977037887485,0.0035398230088495,0.0098888298275665,0.0005386475121148,4.716905823443085e-05,1.588045597600285e-05,4.716905823443085e-05,8.927904673328158e-06,5.041487020207569e-05,1.588045597600285e-05,3.3571170206414536e-05,8.927904673328158e-06,5.041487020207569e-05,4.3163290683878586e-05,1.588045597600285e-05,0.0032717214228988,0.0,0.004820917267352343
xkingdom_2024,xkingdom_2024__hn001,xkingdom_2024,hard_negative_mined,arbitrum,0,ratio_50,2,3,0.0619977037887485,0.0106194690265486,0.0274759082994858,0.0343357763015793,0.0010180051904171,6.01250612817239e-05,0.0010180051904171,0.0001474146120017,0.0004476698813959,6.01250612817239e-05,0.000521145761013,0.0001474146120017,0.0004476698813959,0.0002237858279841,6.01250612817239e-05,0.0054697844255571,0.0052356020942408,0.0011271315161138773
xkingdom_2024,xkingdom_2024__hn001,xkingdom_2024,hard_negative_mined,arbitrum,0,ratio_75,3,3,0.0619977037887485,0.0106194690265486,0.03842085065,0.0035140673280208,0.0005913864006288,2.618542202981189e-05,0.0005913864006288,8.252832049038261e-05,0.0001869191910373,2.618542202981189e-05,0.000164262499311,8.252832049038261e-05,0.0001869191910373,0.0001829561660997,2.618542202981189e-05,0.0039689329665735,0.0,0.0007268018671311438
xkingdom_2024,xkingdom_2024__hn002,xkingdom_2024,hard_negative_mined,arbitrum,0,k_2,2,11,0.0619977037887485,0.0106194690265486,0.0274759082994858,0.1576028898729812,0.0097171999514102,0.0002074118820019,0.0097171999514102,0.000296613870887,0.0120615558698773,0.0002074118820019,0.0012315495405346,0.000296613870887,0.0120615558698773,0.0025035038124769,0.0002074118820019,0.0088107235730114,0.0052356020942408,0.0014305836521089077
xkingdom_2024,xkingdom_2024__hn002,xkingdom_2024,hard_negative_mined,arbitrum,0,ratio_25,3,11,0.0619977037887485,0.0106194690265486,0.03842085065,0.1328267033879838,0.022323140874505,0.0008727628737688,0.022323140874505,0.0006318002124316,0.0492096059024333,0.0008727628737688,0.0007394975400529,0.0006318002124316,0.0492096059024333,0.0044734650291502,0.0008727628737688,0.0152829085671738,0.0052356020942408,0.001035918015986681
xkingdom_2024,xkingdom_2024__hn002,xkingdom_2024,hard_negative_mined,arbitrum,0,k_5,5,11,0.0619977037887485,0.0123893805309734,0.0500831601554044,0.1582232641346381,0.0034071072004735,0.0008247319492511,0.0034071072004735,0.0003530957328621,0.00647186441347,0.0008247319492511,0.0016669615870341,0.0003530957328621,0.00647186441347,0.0085371881723403,0.0008247319492511,0.0149558802090103,0.0052356020942408,0.006408358458429575
xkingdom_2024,xkingdom_2024__hn002,xkingdom_2024,hard_negative_mined,arbitrum,0,ratio_50,6,11,0.0619977037887485,0.0194690265486725,0.0534858961694969,0.1105390848990684,0.0016142290551215,0.0011986591853201,0.0016142290551215,0.0003684793191496,0.0048672719858586,0.0011986591853201,0.0022932486608624,0.0003684793191496,0.0048672719858586,0.0096401963382959,0.0011986591853201,0.0172509171422828,0.032258064516129,0.0037665783893316984
xkingdom_2024,xkingdom_2024__hn002,xkingdom_2024,hard_negative_mined,arbitrum,0,k_7,7,11,0.0619977037887485,0.0194690265486725,0.0560487674193722,0.1104271533168425,0.0012372926576063,0.0010887535754591,0.0012372926576063,0.0004536817141342,0.0029281040187925,0.0010887535754591,0.0013773200334981,0.0004536817141342,0.0029281040187925,0.0042080646380782,0.0010887535754591,0.0166294141930671,0.032258064516129,0.0032527742441743612
xkingdom_2024,xkingdom_2024__hn002,xkingdom_2024,hard_negative_mined,arbitrum,0,ratio_75,9,11,0.0619977037887485,0.0230088495575221,0.0617660389397948,0.0607097100629415,0.0026550474576652,0.0008085423032753,0.0026550474576652,0.0003401501744519,0.0056259180419147,0.0008085423032753,0.00362942321226,0.0003401501744519,0.0056259180419147,0.0011749078985303,0.0008085423032753,0.0148429831841176,0.0052356020942408,0.014185243286192417
xkingdom_2024,xkingdom_2024__hn002,xkingdom_2024,hard_negative_mined,arbitrum,0,ratio_100,11,11,0.0619977037887485,0.0265486725663716,0.0638407695861468,0.0332091492683575,8.678559970576316e-05,3.523907798808068e-05,8.678559970576316e-05,1.623094067326747e-05,9.222498192684724e-05,3.523907798808068e-05,0.0021898669656366,1.623094067326747e-05,9.222498192684724e-05,9.130216494668276e-05,3.523907798808068e-05,0.0044510275472108,0.0,0.004338227678090334
xkingdom_2024,xkingdom_2024__hn003,xkingdom_2024,hard_negative_mined,arbitrum,0,ratio_25,1,1,0.0619977037887485,0.0035398230088495,0.0098888298275665,0.0005386475121148,5.3222873248159885e-05,1.623507523618173e-05,5.3222873248159885e-05,9.611168934497982e-06,5.041487020207569e-05,1.623507523618173e-05,3.300076423329301e-05,9.611168934497982e-06,5.041487020207569e-05,4.3163290683878586e-05,1.623507523618173e-05,0.0032997602732093,0.0,0.004820917267352343
xkingdom_2024,xkingdom_2024__hn004,xkingdom_2024,hard_negative_mined,arbitrum,0,ratio_25,1,1,0.0619977037887485,0.0035398230088495,0.0098888298275665,0.0014617244351917,0.0003657979541458,3.506325447233394e-05,0.0003657979541458,4.081354200025089e-05,0.0004520225338637,3.506325447233394e-05,8.247175719588995e-05,4.081354200025089e-05,0.0004520225338637,0.0001751384988892,3.506325447233394e-05,0.0044424430264168,0.0,0.004820917267352343
xkingdom_2024,xkingdom_2024__hn005,xkingdom_2024,hard_negative_mined,arbitrum,0,k_2,2,11,0.0619977037887485,0.0106194690265486,0.0274759082994858,0.1576028898729812,0.0097171999514102,0.0002074118820019,0.0097171999514102,0.000296613870887,0.0120615558698773,0.0002074118820019,0.0012315495405346,0.000296613870887,0.0120615558698773,0.0025035038124769,0.0002074118820019,0.0088107235730114,0.0052356020942408,0.0014305836521089077
xkingdom_2024,xkingdom_2024__hn005,xkingdom_2024,hard_negative_mined,arbitrum,0,ratio_25,3,11,0.0619977037887485,0.0106194690265486,0.03842085065,0.1350236730849535,0.022323140874505,0.0008727628737688,0.022323140874505,0.0006318002124316,0.0541113764047622,0.0008727628737688,0.0007394975400529,0.0006318002124316,0.0541113764047622,0.0044734650291502,0.0008727628737688,0.0152829085671738,0.0052356020942408,0.001035918015986681
xkingdom_2024,xkingdom_2024__hn005,xkingdom_2024,hard_negative_mined,arbitrum,0,k_5,5,11,0.0619977037887485,0.0123893805309734,0.0500831601554044,0.1549681724113967,0.0034071072004735,0.0008247319492511,0.0034071072004735,0.0003530957328621,0.00647186441347,0.0008247319492511,0.0016669615870341,0.0003530957328621,0.00647186441347,0.0085371881723403,0.0008247319492511,0.0149558802090103,0.0052356020942408,0.006408358458429575
xkingdom_2024,xkingdom_2024__hn005,xkingdom_2024,hard_negative_mined,arbitrum,0,ratio_50,6,11,0.0619977037887485,0.0194690265486725,0.0534858961694969,0.1105390848990684,0.0016142290551215,0.0011986591853201,0.0016142290551215,0.0003684793191496,0.0048672719858586,0.0011986591853201,0.0022932486608624,0.0003684793191496,0.0048672719858586,0.0096401963382959,0.0011986591853201,0.0172509171422828,0.032258064516129,0.0037665783893316984
xkingdom_2024,xkingdom_2024__hn005,xkingdom_2024,hard_negative_mined,arbitrum,0,k_7,7,11,0.0619977037887485,0.0194690265486725,0.0560487674193722,0.1054271533168425,0.0012372926576063,0.0010887535754591,0.0012372926576063,0.0004536817141342,0.0029281040187925,0.0010887535754591,0.0013773200334981,0.0004536817141342,0.0029281040187925,0.0042080646380782,0.0010887535754591,0.0166294141930671,0.032258064516129,0.0032527742441743612
xkingdom_2024,xkingdom_2024__hn005,xkingdom_2024,hard_negative_mined,arbitrum,0,ratio_75,9,11,0.0619977037887485,0.0230088495575221,0.0617660389397948,0.0607097100629415,0.0026550474576652,0.0008085423032753,0.0026550474576652,0.0003401501744519,0.0056259180419147,0.0008085423032753,0.00362942321226,0.0003401501744519,0.0056259180419147,0.0011749078985303,0.0008085423032753,0.0148429831841176,0.0052356020942408,0.014185243286192417
xkingdom_2024,xkingdom_2024__hn005,xkingdom_2024,hard_negative_mined,arbitrum,0,ratio_100,11,11,0.0619977037887485,0.0265486725663716,0.0638407695861468,0.0332091492683575,8.678559970576316e-05,3.523907798808068e-05,8.678559970576316e-05,1.623094067326747e-05,9.222498192684724e-05,3.523907798808068e-05,0.0021898669656366,1.623094067326747e-05,9.222498192684724e-05,9.130216494668276e-05,3.523907798808068e-05,0.0044510275472108,0.0,0.004338227678090334
xkingdom_2024,xkingdom_2024__hn006,xkingdom_2024,hard_negative_mined,arbitrum,0,ratio_25,1,1,0.0619977037887485,0.0035398230088495,0.0098888298275665,0.0005386475121148,8.806049299892038e-05,1.588045597600285e-05,8.806049299892038e-05,8.927904673328158e-06,9.262104867957532e-05,1.588045597600285e-05,3.1106985261430964e-05,8.927904673328158e-06,9.262104867957532e-05,4.3163290683878586e-05,1.588045597600285e-05,0.0032717214228988,0.0,0.004820917267352343
xkingdom_2024,xkingdom_2024__hn007,xkingdom_2024,hard_negative_mined,arbitrum,0,ratio_25,1,1,0.0619977037887485,0.0035398230088495,0.0098888298275665,0.0005386475121148,5.3222873248159885e-05,1.623507523618173e-05,5.3222873248159885e-05,9.611168934497982e-06,5.041487020207569e-05,1.623507523618173e-05,3.300076423329301e-05,9.611168934497982e-06,5.041487020207569e-05,4.3163290683878586e-05,1.623507523618173e-05,0.0032997602732093,0.0,0.004820917267352343
xkingdom_2024,xkingdom_2024__hn008,xkingdom_2024,hard_negative_mined,arbitrum,0,ratio_25,1,1,0.0619977037887485,0.0035398230088495,0.0098888298275665,0.0005386475121148,5.3222873248159885e-05,1.623507523618173e-05,5.3222873248159885e-05,9.611168934497982e-06,5.041487020207569e-05,1.623507523618173e-05,2.576000042608939e-05,9.611168934497982e-06,5.041487020207569e-05,4.3163290683878586e-05,1.623507523618173e-05,0.0032997602732093,0.0,0.004820917267352343
xkingdom_2024,xkingdom_2024__hn009,xkingdom_2024,hard_negative_mined,arbitrum,0,ratio_25,1,3,0.0619977037887485,0.0035398230088495,0.0098888298275665,0.0005386475121148,4.716905823443085e-05,1.588045597600285e-05,4.716905823443085e-05,8.927904673328158e-06,5.041487020207569e-05,1.588045597600285e-05,3.3571170206414536e-05,8.927904673328158e-06,5.041487020207569e-05,4.3163290683878586e-05,1.588045597600285e-05,0.0032717214228988,0.0,0.004820917267352343
xkingdom_2024,xkingdom_2024__hn009,xkingdom_2024,hard_negative_mined,arbitrum,0,ratio_50,2,3,0.0619977037887485,0.0106194690265486,0.0274759082994858,0.0343357763015793,0.0010180051904171,6.01250612817239e-05,0.0010180051904171,0.0001474146120017,0.0004476698813959,6.01250612817239e-05,0.000521145761013,0.0001474146120017,0.0004476698813959,0.0002237858279841,6.01250612817239e-05,0.0054697844255571,0.0052356020942408,0.0011271315161138773
xkingdom_2024,xkingdom_2024__hn009,xkingdom_2024,hard_negative_mined,arbitrum,0,ratio_75,3,3,0.0619977037887485,0.0106194690265486,0.03842085065,0.0035140673280208,0.0006499158916994,5.3321018640417606e-05,0.0006499158916994,8.409710426349193e-05,0.0001795500575099,5.3321018640417606e-05,0.0002477770322002,8.409710426349193e-05,0.0001795500575099,0.000265042472165,5.3321018640417606e-05,0.0052222498426162,0.0052356020942408,0.0023646510671824217
xkingdom_2024,xkingdom_2024__hn010,xkingdom_2024,hard_negative_mined,arbitrum,0,k_2,2,11,0.0619977037887485,0.0106194690265486,0.0274759082994858,0.1630574353275266,0.0097171999514102,0.0002074118820019,0.0097171999514102,0.000296613870887,0.0120615558698773,0.0002074118820019,0.0012315495405346,0.000296613870887,0.0120615558698773,0.0025035038124769,0.0002074118820019,0.0088107235730114,0.0052356020942408,0.0014305836521089077
xkingdom_2024,xkingdom_2024__hn010,xkingdom_2024,hard_negative_mined,arbitrum,0,ratio_25,3,11,0.0619977037887485,0.0106194690265486,0.03842085065,0.1446903397516202,0.022323140874505,0.0008727628737688,0.022323140874505,0.0006318002124316,0.0541113764047622,0.0008727628737688,0.0007394975400529,0.0006318002124316,0.0541113764047622,0.0044734650291502,0.0008727628737688,0.0152829085671738,0.0052356020942408,0.001035918015986681
xkingdom_2024,xkingdom_2024__hn010,xkingdom_2024,hard_negative_mined,arbitrum,0,k_5,5,11,0.0619977037887485,0.0123893805309734,0.0500831601554044,0.1549681724113967,0.0031553693115711,0.0006411648937501,0.0031553693115711,0.0002631088427733,0.00647186441347,0.0006411648937501,0.0016669615870341,0.0002631088427733,0.00647186441347,0.0086821522563695,0.0006411648937501,0.0135830520210306,0.0052356020942408,0.006408358458429575
xkingdom_2024,xkingdom_2024__hn010,xkingdom_2024,hard_negative_mined,arbitrum,0,ratio_50,6,11,0.0619977037887485,0.0194690265486725,0.0534858961694969,0.1105390848990684,0.0016142290551215,0.0011986591853201,0.0016142290551215,0.0003684793191496,0.0048672719858586,0.0011986591853201,0.0022932486608624,0.0003684793191496,0.0048672719858586,0.0096401963382959,0.0011986591853201,0.0172509171422828,0.032258064516129,0.0037665783893316984
xkingdom_2024,xkingdom_2024__hn010,xkingdom_2024,hard_negative_mined,arbitrum,0,k_7,7,11,0.0619977037887485,0.0194690265486725,0.0560487674193722,0.1169152485549377,0.0012372926576063,0.0010887535754591,0.0012372926576063,0.0004536817141342,0.0029281040187925,0.0010887535754591,0.0013773200334981,0.0004536817141342,0.0029281040187925,0.0042080646380782,0.0010887535754591,0.0166294141930671,0.032258064516129,0.0032527742441743612
xkingdom_2024,xkingdom_2024__hn010,xkingdom_2024,hard_negative_mined,arbitrum,0,ratio_75,9,11,0.0619977037887485,0.0230088495575221,0.0617660389397948,0.0607097100629415,0.0026550474576652,0.0008085423032753,0.0026550474576652,0.0003401501744519,0.0056259180419147,0.0008085423032753,0.00362942321226,0.0003401501744519,0.0056259180419147,0.0011749078985303,0.0008085423032753,0.0148429831841176,0.0052356020942408,0.014185243286192417
xkingdom_2024,xkingdom_2024__hn010,xkingdom_2024,hard_negative_mined,arbitrum,0,ratio_100,11,11,0.0619977037887485,0.0265486725663716,0.0638407695861468,0.0332091492683575,8.678559970576316e-05,3.523907798808068e-05,8.678559970576316e-05,1.623094067326747e-05,9.222498192684724e-05,3.523907798808068e-05,0.0021898669656366,1.623094067326747e-05,9.222498192684724e-05,9.130216494668276e-05,3.523907798808068e-05,0.0044510275472108,0.0,0.004338227678090334
xkingdom_2024,xkingdom_2024__hn011,xkingdom_2024,hard_negative_mined,arbitrum,0,ratio_25,1,1,0.0619977037887485,0.0035398230088495,0.0098888298275665,0.0169123176496509,0.0010762914316728,5.6779008446028456e-05,0.0010762914316728,8.541261195205152e-05,0.001867180224508,5.6779008446028456e-05,0.000151817468577,8.541261195205152e-05,0.001867180224508,0.0001638254616409,5.6779008446028456e-05,0.00535034079298,0.0052356020942408,0.004820917267352343
xkingdom_2024,xkingdom_2024__hn012,xkingdom_2024,hard_negative_mined,arbitrum,0,ratio_25,1,3,0.0619977037887485,0.0035398230088495,0.0098888298275665,0.0005386475121148,4.716905823443085e-05,1.588045597600285e-05,4.716905823443085e-05,8.927904673328158e-06,5.041487020207569e-05,1.588045597600285e-05,3.3571170206414536e-05,8.927904673328158e-06,5.041487020207569e-05,4.3163290683878586e-05,1.588045597600285e-05,0.0032717214228988,0.0,0.004820917267352343
xkingdom_2024,xkingdom_2024__hn012,xkingdom_2024,hard_negative_mined,arbitrum,0,ratio_50,2,3,0.0619977037887485,0.0106194690265486,0.0274759082994858,0.0343357763015793,0.0010180051904171,6.01250612817239e-05,0.0010180051904171,0.0001474146120017,0.0004476698813959,6.01250612817239e-05,0.000521145761013,0.0001474146120017,0.0004476698813959,0.0002237858279841,6.01250612817239e-05,0.0054697844255571,0.0052356020942408,0.0011271315161138773
xkingdom_2024,xkingdom_2024__hn012,xkingdom_2024,hard_negative_mined,arbitrum,0,ratio_75,3,3,0.0619977037887485,0.0106194690265486,0.03842085065,0.0035140673280208,0.0006499158916994,5.3321018640417606e-05,0.0006499158916994,8.409710426349193e-05,0.0001795500575099,5.3321018640417606e-05,0.0002477770322002,8.409710426349193e-05,0.0001795500575099,0.000265042472165,5.3321018640417606e-05,0.0052222498426162,0.0052356020942408,0.0023646510671824217
xkingdom_2024,xkingdom_2024__hn013,xkingdom_2024,hard_negative_mined,arbitrum,0,k_2,2,11,0.0619977037887485,0.0106194690265486,0.0274759082994858,0.1630574353275266,0.0097171999514102,0.0002074118820019,0.0097171999514102,0.000296613870887,0.0120615558698773,0.0002074118820019,0.0012315495405346,0.000296613870887,0.0120615558698773,0.0025035038124769,0.0002074118820019,0.0088107235730114,0.0052356020942408,0.0014305836521089077
xkingdom_2024,xkingdom_2024__hn013,xkingdom_2024,hard_negative_mined,arbitrum,0,ratio_25,3,11,0.0619977037887485,0.0106194690265486,0.03842085065,0.1532617683230488,0.0246503315865993,0.0008257955196313,0.0246503315865993,0.0006332820048555,0.0562429912388324,0.0008257955196313,0.0007394975400529,0.0006332820048555,0.0562429912388324,0.0047190231271088,0.0008257955196313,0.0149632484208624,0.0052356020942408,0.001035918015986681
xkingdom_2024,xkingdom_2024__hn013,xkingdom_2024,hard_negative_mined,arbitrum,0,k_5,5,11,0.0619977037887485,0.0123893805309734,0.0500831601554044,0.1549681724113967,0.0031553693115711,0.0006411648937501,0.0031553693115711,0.0002631088427733,0.00647186441347,0.0006411648937501,0.0016669615870341,0.0002631088427733,0.00647186441347,0.0086821522563695,0.0006411648937501,0.0135830520210306,0.0052356020942408,0.006408358458429575
xkingdom_2024,xkingdom_2024__hn013,xkingdom_2024,hard_negative_mined,arbitrum,0,ratio_50,6,11,0.0619977037887485,0.0194690265486725,0.0534858961694969,0.1105390848990684,0.0016142290551215,0.0011986591853201,0.0016142290551215,0.0003684793191496,0.0048672719858586,0.0011986591853201,0.0022932486608624,0.0003684793191496,0.0048672719858586,0.0086440062150359,0.0011986591853201,0.0172509171422828,0.032258064516129,0.0037665783893316984
xkingdom_2024,xkingdom_2024__hn013,xkingdom_2024,hard_negative_mined,arbitrum,0,k_7,7,11,0.0619977037887485,0.0194690265486725,0.0560487674193722,0.1119152485549377,0.0012372926576063,0.0011618066346272,0.0012372926576063,0.0004536817141342,0.0029281040187925,0.0011618066346272,0.0013773200334981,0.0004536817141342,0.0029281040187925,0.0039575700648128,0.0011618066346272,0.0170466394739733,0.032258064516129,0.0032527742441743612
xkingdom_2024,xkingdom_2024__hn013,xkingdom_2024,hard_negative_mined,arbitrum,0,ratio_75,9,11,0.0619977037887485,0.0230088495575221,0.0617660389397948,0.0607097100629415,0.0026550474576652,0.0008085423032753,0.0026550474576652,0.0003401501744519,0.0056259180419147,0.0008085423032753,0.00362942321226,0.0003401501744519,0.0056259180419147,0.0011749078985303,0.0008085423032753,0.0148429831841176,0.0052356020942408,0.014185243286192417
xkingdom_2024,xkingdom_2024__hn013,xkingdom_2024,hard_negative_mined,arbitrum,0,ratio_100,11,11,0.0619977037887485,0.0265486725663716,0.0638407695861468,0.0332091492683575,8.678559970576316e-05,3.523907798808068e-05,8.678559970576316e-05,1.623094067326747e-05,9.222498192684724e-05,3.523907798808068e-05,0.0021898669656366,1.623094067326747e-05,9.222498192684724e-05,9.130216494668276e-05,3.523907798808068e-05,0.0044510275472108,0.0,0.004338227678090334
xkingdom_2024,xkingdom_2024__hn014,xkingdom_2024,hard_negative_mined,arbitrum,0,ratio_25,1,1,0.0619977037887485,0.0035398230088495,0.0098888298275665,0.0005386475121148,4.716905823443085e-05,1.588045597600285e-05,4.716905823443085e-05,8.927904673328158e-06,5.041487020207569e-05,1.588045597600285e-05,3.3571170206414536e-05,8.927904673328158e-06,5.041487020207569e-05,4.3163290683878586e-05,1.588045597600285e-05,0.0032717214228988,0.0,0.004820917267352343
xkingdom_2024,xkingdom_2024__hn015,xkingdom_2024,hard_negative_mined,arbitrum,0,ratio_25,1,1,0.0619977037887485,0.0035398230088495,0.0098888298275665,0.0005386475121148,9.388697799295188e-05,1.588045597600285e-05,9.388697799295188e-05,8.927904673328158e-06,0.0001001904238364,1.588045597600285e-05,3.3571170206414536e-05,8.927904673328158e-06,0.0001001904238364,4.3163290683878586e-05,1.588045597600285e-05,0.0032717214228988,0.0,0.004820917267352343
xkingdom_2024,xkingdom_2024__hn016,xkingdom_2024,hard_negative_mined,arbitrum,0,ratio_25,1,1,0.0619977037887485,0.0035398230088495,0.0098888298275665,0.0005386475121148,4.716905823443085e-05,1.588045597600285e-05,4.716905823443085e-05,8.927904673328158e-06,5.041487020207569e-05,1.588045597600285e-05,3.3571170206414536e-05,8.927904673328158e-06,5.041487020207569e-05,4.3163290683878586e-05,1.588045597600285e-05,0.0032717214228988,0.0,0.004820917267352343
xkingdom_2024,xkingdom_2024__hn017,xkingdom_2024,hard_negative_mined,arbitrum,0,k_2,2,11,0.0619977037887485,0.0106194690265486,0.0274759082994858,0.1630574353275266,0.0097171999514102,0.0002074118820019,0.0097171999514102,0.000296613870887,0.0120615558698773,0.0002074118820019,0.0012315495405346,0.000296613870887,0.0120615558698773,0.0025035038124769,0.0002074118820019,0.0088107235730114,0.0052356020942408,0.0014305836521089077
xkingdom_2024,xkingdom_2024__hn017,xkingdom_2024,hard_negative_mined,arbitrum,0,ratio_25,3,11,0.0619977037887485,0.0106194690265486,0.03842085065,0.1301203209546278,0.0246503315865993,0.0008257955196313,0.0246503315865993,0.0006332820048555,0.049135748296976,0.0008257955196313,0.0007394975400529,0.0006332820048555,0.049135748296976,0.0047190231271088,0.0008257955196313,0.0149632484208624,0.0052356020942408,0.001035918015986681
xkingdom_2024,xkingdom_2024__hn017,xkingdom_2024,hard_negative_mined,arbitrum,0,k_5,5,11,0.0619977037887485,0.0123893805309734,0.0500831601554044,0.1543549071052743,0.0031553693115711,0.0006411648937501,0.0031553693115711,0.0002631088427733,0.00647186441347,0.0006411648937501,0.0016669615870341,0.0002631088427733,0.00647186441347,0.0077841845341026,0.0006411648937501,0.0135830520210306,0.0052356020942408,0.006408358458429575
xkingdom_2024,xkingdom_2024__hn017,xkingdom_2024,hard_negative_mined,arbitrum,0,ratio_50,6,11,0.0619977037887485,0.0194690265486725,0.0534858961694969,0.1105390848990684,0.0011604456230998,0.0010376692516729,0.0011604456230998,0.0003684793191496,0.0033325583208352,0.0010376692516729,0.0022932486608624,0.0003684793191496,0.0033325583208352,0.0075737675651907,0.0010376692516729,0.0163271722635084,0.032258064516129,0.0037665783893316984
xkingdom_2024,xkingdom_2024__hn017,xkingdom_2024,hard_negative_mined,arbitrum,0,k_7,7,11,0.0619977037887485,0.0194690265486725,0.0560487674193722,0.1119152485549377,0.0012372926576063,0.0011618066346272,0.0012372926576063,0.0004536817141342,0.0029281040187925,0.0011618066346272,0.0013773200334981,0.0004536817141342,0.0029281040187925,0.0039575700648128,0.0011618066346272,0.0170466394739733,0.032258064516129,0.0032527742441743612
xkingdom_2024,xkingdom_2024__hn017,xkingdom_2024,hard_negative_mined,arbitrum,0,ratio_75,9,11,0.0619977037887485,0.0230088495575221,0.0617660389397948,0.0607097100629415,0.0026550474576652,0.0008085423032753,0.0026550474576652,0.0003401501744519,0.0056259180419147,0.0008085423032753,0.00362942321226,0.0003401501744519,0.0056259180419147,0.0011749078985303,0.0008085423032753,0.0148429831841176,0.0052356020942408,0.014185243286192417
xkingdom_2024,xkingdom_2024__hn017,xkingdom_2024,hard_negative_mined,arbitrum,0,ratio_100,11,11,0.0619977037887485,0.0265486725663716,0.0638407695861468,0.0332091492683575,8.678559970576316e-05,3.523907798808068e-05,8.678559970576316e-05,1.623094067326747e-05,9.222498192684724e-05,3.523907798808068e-05,0.0021898669656366,1.623094067326747e-05,9.222498192684724e-05,9.130216494668276e-05,3.523907798808068e-05,0.0044510275472108,0.0,0.004338227678090334
xkingdom_2024,xkingdom_2024__hn018,xkingdom_2024,hard_negative_mined,arbitrum,0,ratio_25,1,1,0.0619977037887485,0.0035398230088495,0.0098888298275665,0.0005386475121148,4.716905823443085e-05,1.588045597600285e-05,4.716905823443085e-05,8.927904673328158e-06,5.041487020207569e-05,1.588045597600285e-05,3.3571170206414536e-05,8.927904673328158e-06,5.041487020207569e-05,4.3163290683878586e-05,1.588045597600285e-05,0.0032717214228988,0.0,0.004820917267352343
xkingdom_2024,xkingdom_2024__hn019,xkingdom_2024,hard_negative_mined,arbitrum,0,ratio_25,1,1,0.0619977037887485,0.0035398230088495,0.0098888298275665,0.0005386475121148,5.3222873248159885e-05,1.623507523618173e-05,5.3222873248159885e-05,9.611168934497982e-06,5.041487020207569e-05,1.623507523618173e-05,3.300076423329301e-05,9.611168934497982e-06,5.041487020207569e-05,4.3163290683878586e-05,1.623507523618173e-05,0.0032997602732093,0.0,0.004820917267352343
xkingdom_2024,xkingdom_2024__hn020,xkingdom_2024,hard_negative_mined,arbitrum,0,ratio_25,2,5,0.0619977037887485,0.0106194690265486,0.0098888298275665,0.1044176719112265,0.0135100148618221,0.0003927991492673,0.0135100148618221,0.0005342458025552,0.0075689014047384,0.0003927991492673,0.0011819978244602,0.0005342458025552,0.0075689014047384,0.0043377066031098,0.0003927991492673,0.0112585602587892,0.0052356020942408,0.0018775423523038626
xkingdom_2024,xkingdom_2024__hn020,xkingdom_2024,hard_negative_mined,arbitrum,0,ratio_50,3,5,0.0619977037887485,0.0106194690265486,0.0195853454001911,0.3905082114983439,0.2960731387138366,0.0011662318138405,0.2960731387138366,0.0016190329333767,0.29532390832901,0.0011662318138405,0.0018531695241108,0.0016190329333767,0.29532390832901,0.0283314809203147,0.0011662318138405,0.0170713803611166,0.032258064516129,0.0043284655548632145
xkingdom_2024,xkingdom_2024__hn020,xkingdom_2024,hard_negative_mined,arbitrum,0,ratio_75,4,5,0.0619977037887485,0.0106194690265486,0.0274759082994858,0.2541063132606743,0.1309433728456497,0.000727055768948,0.1309433728456497,0.0015330702299252,0.0748757347464561,0.000727055768948,0.0008001144742593,0.0015330702299252,0.0748757347464561,0.0131598310545086,0.000727055768948,0.0142522313139908,0.0052356020942408,0.00385655602440238
xkingdom_2024,xkingdom_2024__hn020,xkingdom_2024,hard_negative_mined,arbitrum,0,ratio_100,5,5,0.0619977037887485,0.0106194690265486,0.0336140204112857,0.2672557258937371,0.0030905145686119,0.0002687950618565,0.0030905145686119,0.0007701871218159,0.0015410240739583,0.0002687950618565,7.147058931877837e-05,0.0007701871218159,0.0015410240739583,0.005148593802005,0.0002687950618565,0.0097333825510594,0.0052356020942408,0.00988065730780363
xkingdom_2024,xkingdom_2024__hn021,xkingdom_2024,hard_negative_mined,arbitrum,0,ratio_25,2,5,0.0619977037887485,0.0106194690265486,0.0098888298275665,0.1044176719112265,0.0135100148618221,0.0003927991492673,0.0135100148618221,0.0005342458025552,0.0075689014047384,0.0003927991492673,0.0011819978244602,0.0005342458025552,0.0075689014047384,0.0043377066031098,0.0003927991492673,0.0112585602587892,0.0052356020942408,0.0018775423523038626
xkingdom_2024,xkingdom_2024__hn021,xkingdom_2024,hard_negative_mined,arbitrum,0,ratio_50,3,5,0.0619977037887485,0.0106194690265486,0.0195853454001911,0.3953140367410623,0.2960731387138366,0.0011662318138405,0.2960731387138366,0.0016190329333767,0.29532390832901,0.0011662318138405,0.0018531695241108,0.0016190329333767,0.29532390832901,0.0283314809203147,0.0011662318138405,0.0170713803611166,0.032258064516129,0.0043284655548632145
xkingdom_2024,xkingdom_2024__hn021,xkingdom_2024,hard_negative_mined,arbitrum,0,ratio_75,4,5,0.0619977037887485,0.0106194690265486,0.0274759082994858,0.2589121385033927,0.1309433728456497,0.000727055768948,0.1309433728456497,0.0015330702299252,0.0748757347464561,0.000727055768948,0.0008001144742593,0.0015330702299252,0.0748757347464561,0.0131598310545086,0.000727055768948,0.0142522313139908,0.0052356020942408,0.00385655602440238
xkingdom_2024,xkingdom_2024__hn021,xkingdom_2024,hard_negative_mined,arbitrum,0,ratio_100,5,5,0.0619977037887485,0.0106194690265486,0.0336140204112857,0.2672557258937371,0.0030905145686119,0.0002687950618565,0.0030905145686119,0.0007701871218159,0.0015410240739583,0.0002687950618565,7.147058931877837e-05,0.0007701871218159,0.0015410240739583,0.005148593802005,0.0002687950618565,0.0097333825510594,0.0052356020942408,0.00988065730780363
wault_finance_2021,wault_finance_2021__hn001,wault_finance_2021,hard_negative_mined,bsc,0,k_2,2,353,0.0626086956521739,0.0070796460176991,0.0822543143287332,0.3698592520349818,0.2028867155313491,0.1204073950648307,0.2028867155313491,0.2813488841056824,0.2387971580028534,0.1204073950648307,0.0798177793622016,0.2813488841056824,0.2387971580028534,0.3646274209022522,0.1204073950648307,0.1013339504948023,0.0397923875432525,0.592311680316925
wault_finance_2021,wault_finance_2021__hn001,wault_finance_2021,hard_negative_mined,bsc,0,k_3,3,353,0.0626086956521739,0.0070796460176991,0.0822543143287332,0.3445666264168254,0.3887031674385071,0.1567526161670684,0.3887031674385071,0.2043173164129257,0.3392522037029266,0.1567526161670684,0.0259301364421844,0.2043173164129257,0.3392522037029266,0.3350156247615814,0.1567526161670684,0.1140858035704525,0.0909090909090909,0.31674715876579285
wault_finance_2021,wault_finance_2021__hn001,wault_finance_2021,hard_negative_mined,bsc,0,k_5,5,353,0.0626086956521739,0.0070796460176991,0.0822543143287332,0.17150325971405,0.0034607616253197,0.0118592493236064,0.0034607616253197,0.0290562976151704,0.0020009721629321,0.0118592493236064,0.0259301364421844,0.0290562976151704,0.0020009721629321,0.0111145945265889,0.0118592493236064,0.0377210402367868,0.0397923875432525,0.012560234405100346
wault_finance_2021,wault_finance_2021__hn001,wault_finance_2021,hard_negative_mined,bsc,0,k_7,7,353,0.0626086956521739,0.0070796460176991,0.0822543143287332,0.3015023403809608,0.0121667552739381,0.0179021898657083,0.0121667552739381,0.058899100869894,0.0043247416615486,0.0179021898657083,0.0347726456820964,0.058899100869894,0.0043247416615486,0.0126223815605044,0.0179021898657083,0.0448876831338252,0.0397923875432525,0.16935127973556519
wault_finance_2021,wault_finance_2021__hn001,wault_finance_2021,hard_negative_mined,bsc,0,ratio_25,89,353,0.0626086956521739,0.0070796460176991,0.0822543143287332,0.299016639691023,0.1840613633394241,0.0562101230025291,0.1840613633394241,0.0941043421626091,0.3045319616794586,0.0562101230025291,0.0259301364421844,0.0941043421626091,0.3045319616794586,0.0707505866885185,0.0562101230025291,0.0728482448423066,0.0397923875432525,0.30822619795799255
wault_finance_2021,wault_finance_2021__hn001,wault_finance_2021,hard_negative_mined,bsc,0,ratio_50,177,353,0.0626086956521739,0.0070796460176991,0.0822543143287332,0.2849636754600378,0.1238899752497673,0.0401862934231758,0.1238899752497673,0.0437494851648807,0.1245532557368278,0.0401862934231758,0.0259301364421844,0.0437494851648807,0.1245532557368278,0.0501288771629333,0.0401862934231758,0.0631678114220016,0.0397923875432525,0.931148111820221
wault_finance_2021,wault_finance_2021__hn001,wault_finance_2021,hard_negative_mined,bsc,0,ratio_75,265,353,0.0626086956521739,0.0070796460176991,0.0822543143287332,0.2741547010647138,0.1813748627901077,0.0401862934231758,0.1813748627901077,0.0514960177242755,0.1510367393493652,0.0401862934231758,0.0259301364421844,0.0514960177242755,0.1510367393493652,0.0531560964882373,0.0401862934231758,0.0631678114220016,0.0397923875432525,0.11130224168300629
wault_finance_2021,wault_finance_2021__hn001,wault_finance_2021,hard_negative_mined,bsc,0,ratio_100,353,353,0.0626086956521739,0.0070796460176991,0.0822543143287332,0.2743327789385425,0.0181963071227073,0.0063282144255936,0.0181963071227073,0.0059115006588399,0.0147424731403589,0.0063282144255936,0.0259301364421844,0.0059115006588399,0.0147424731403589,0.0068208272568881,0.0063282144255936,0.0289123818063842,0.0397923875432525,0.7795921564102173
wault_finance_2021,wault_finance_2021__hn002,wault_finance_2021,hard_negative_mined,bsc,0,ratio_25,1,1,0.0626086956521739,0.0,0.0845560462931843,0.0562432424470097,0.0062799346633255,0.0025156419724226,0.0062799346633255,0.0024740209337323,0.0089281145483255,0.0025156419724226,0.0022468089591711,0.0024740209337323,0.0089281145483255,0.0014201555168256,0.0025156419724226,0.0195269814846787,0.0397923875432525,0.10553807765245438
wault_finance_2021,wault_finance_2021__hn003,wault_finance_2021,hard_negative_mined,bsc,0,k_2,2,850,0.0626086956521739,0.0070796460176991,0.0822543143287332,0.0378849088723153,0.0008601929876022,0.0021207935642451,0.0008601929876022,0.0030600982718169,0.0013671324122697,0.0021207935642451,0.0065941056236624,0.0030600982718169,0.0013671324122697,0.0023433887399733,0.0021207935642451,0.0181543748123941,0.0397923875432525,0.4099004566669464
wault_finance_2021,wault_finance_2021__hn003,wault_finance_2021,hard_negative_mined,bsc,0,k_3,3,850,0.0626086956521739,0.0070796460176991,0.0822543143287332,0.0706487071991657,0.0010398859158158,0.00450597750023,0.0010398859158158,0.0078264344483613,0.0005587722407653,0.00450597750023,0.1013768762350082,0.0078264344483613,0.0005587722407653,0.0047187656164169,0.00450597750023,0.0250293234328542,0.0397923875432525,0.18651486933231354
wault_finance_2021,wault_finance_2021__hn003,wault_finance_2021,hard_negative_mined,bsc,0,k_5,5,850,0.0626086956521739,0.0070796460176991,0.0822543143287332,0.0389667456067646,0.0014566433383151,0.0033317774068564,0.0014566433383151,0.0040559843182563,0.0019105277024209,0.0033317774068564,0.0021720787044614,0.0040559843182563,0.0019105277024209,0.0027472472283989,0.0033317774068564,0.0220118314077312,0.0397923875432525,0.05372179299592972
wault_finance_2021,wault_finance_2021__hn003,wault_finance_2021,hard_negative_mined,bsc,0,k_7,7,850,0.0626086956521739,0.0070796460176991,0.0822543143287332,0.0466887584773266,0.0026562132406979,0.0034219962544739,0.0026562132406979,0.0032702754251658,0.0050925631076097,0.0034219962544739,0.0021702731028199,0.0032702754251658,0.0050925631076097,0.0021550252567976,0.0034219962544739,0.0222637420704612,0.0397923875432525,0.02534239925444126
wault_finance_2021,wault_finance_2021__hn003,wault_finance_2021,hard_negative_mined,bsc,0,ratio_25,213,850,0.0626086956521739,0.0070796460176991,0.0822543143287332,0.0493743714264946,0.0026678626891225,0.0012065339833498,0.0026678626891225,0.0034875115379691,0.0021498820278793,0.0012065339833498,0.0015949310036376,0.0034875115379691,0.0021498820278793,0.0013231333578005,0.0012065339833498,0.014262526641848,0.0204081632653061,0.9329293966293335
wault_finance_2021,wault_finance_2021__hn003,wault_finance_2021,hard_negative_mined,bsc,0,ratio_50,425,850,0.0626086956521739,0.0070796460176991,0.0822543143287332,0.0353798419823726,0.0001901049254229,0.0007370864623226,0.0001901049254229,0.0010011800331994,0.0003658302011899,0.0007370864623226,0.0021720787044614,0.0010011800331994,0.0003658302011899,0.0007848690147511,0.0007370864623226,0.0115452257535291,0.0082872928176795,0.4357575476169586
wault_finance_2021,wault_finance_2021__hn003,wault_finance_2021,hard_negative_mined,bsc,0,ratio_75,638,850,0.0626086956521739,0.0070796460176991,0.0822543143287332,0.0218812687293166,0.0001904981472762,0.0005433807964436,0.0001904981472762,0.0005225320346653,0.0002848707954399,0.0005433807964436,0.0021702731028199,0.0005225320346653,0.0002848707954399,0.0005084779695607,0.0005433807964436,0.0101276976586297,0.0082872928176795,0.008261960931122303
wault_finance_2021,wault_finance_2021__hn003,wault_finance_2021,hard_negative_mined,bsc,0,ratio_100,850,850,0.0626086956521739,0.0070796460176991,0.0822543143287332,0.0137916526460891,8.98225189303048e-05,0.0001897262845886,8.98225189303048e-05,0.0001512842281954,8.31167126307264e-05,0.0001897262845886,0.0021702731028199,0.0001512842281954,8.31167126307264e-05,8.177563722711056e-05,0.0001897262845886,0.0064372216630151,0.0082872928176795,0.008187146857380867
wault_finance_2021,wault_finance_2021__hn004,wault_finance_2021,hard_negative_mined,bsc,0,k_2,2,439,0.0626086956521739,0.0070796460176991,0.0822543143287332,0.0819324402058339,0.0018769947346299,0.0370470583438873,0.0018769947346299,0.0981091037392616,0.0010349591029807,0.0370470583438873,0.1120795458555221,0.0981091037392616,0.0010349591029807,0.0263673048466444,0.0370470583438873,0.0610291398771016,0.0397923875432525,0.5369319915771484
wault_finance_2021,wault_finance_2021__hn004,wault_finance_2021,hard_negative_mined,bsc,0,k_3,3,439,0.0626086956521739,0.0070796460176991,0.0822543143287332,0.0819324402058339,0.0034671761095523,0.0236894153058528,0.0034671761095523,0.087648682296276,0.0022054591681808,0.0236894153058528,0.0257565304636955,0.087648682296276,0.0022054591681808,0.0093411896377801,0.0236894153058528,0.0505215116411451,0.0397923875432525,0.8125285506248474
wault_finance_2021,wault_finance_2021__hn004,wault_finance_2021,hard_negative_mined,bsc,0,k_5,5,439,0.0626086956521739,0.0070796460176991,0.0822543143287332,0.0727117896863448,0.0035968432202935,0.0211571529507637,0.0035968432202935,0.0567097254097461,0.0021660465281456,0.0211571529507637,0.0257565304636955,0.0567097254097461,0.0021660465281456,0.0071839522570371,0.0211571529507637,0.0481672392660106,0.0397923875432525,0.8090827465057373
wault_finance_2021,wault_finance_2021__hn004,wault_finance_2021,hard_negative_mined,bsc,0,k_7,7,439,0.0626086956521739,0.0070796460176991,0.0822543143287332,0.0555204599126351,0.0025310306809842,0.0211571529507637,0.0025310306809842,0.0705341026186943,0.0017073049675673,0.0211571529507637,0.0257565304636955,0.0705341026186943,0.0017073049675673,0.0084724593907594,0.0211571529507637,0.0481672392660106,0.0397923875432525,0.8941007852554321
wault_finance_2021,wault_finance_2021__hn004,wault_finance_2021,hard_negative_mined,bsc,0,ratio_25,110,439,0.0626086956521739,0.0070796460176991,0.0822543143287332,0.0109107107152199,0.0001073650200851,0.0005316520691849,0.0001073650200851,0.0004660790436901,6.52309536235407e-05,0.0005316520691849,0.0079523362219333,0.0004660790436901,6.52309536235407e-05,0.0002615688717924,0.0005316520691849,0.0100331286855748,0.0082872928176795,0.6179690361022949
wault_finance_2021,wault_finance_2021__hn004,wault_finance_2021,hard_negative_mined,bsc,0,ratio_50,220,439,0.0626086956521739,0.0070796460176991,0.0822543143287332,0.0183744788311619,0.0001316708221565,0.0006103764753788,0.0001316708221565,0.0004864739894401,7.971001468831673e-05,0.0006103764753788,0.0079523362219333,0.0004864739894401,7.971001468831673e-05,0.000405742204748,0.0006103764753788,0.0106466635007102,0.0082872928176795,0.4684578776359558
wault_finance_2021,wault_finance_2021__hn004,wault_finance_2021,hard_negative_mined,bsc,0,ratio_75,330,439,0.0626086956521739,0.0070796460176991,0.0822543143287332,0.0159107107152199,0.0001714211102807,0.0006852656370028,0.0001714211102807,0.0005125609459355,0.0001045959288603,0.0006852656370028,0.0079523362219333,0.0005125609459355,0.0001045959288603,0.0004509926075115,0.0006852656370028,0.0111893900361795,0.0082872928176795,0.9343093037605286
wault_finance_2021,wault_finance_2021__hn004,wault_finance_2021,hard_negative_mined,bsc,0,ratio_100,439,439,0.0626086956521739,0.0070796460176991,0.0822543143287332,0.0159107107152199,0.0002860350650735,0.0007200262043625,0.0002860350650735,0.0004784258781,0.0001413174031767,0.0007200262043625,0.0125035047531127,0.0004784258781,0.0001413174031767,0.0002076018135994,0.0007200262043625,0.0114297141882258,0.0082872928176795,0.2586565613746643
wault_finance_2021,wault_finance_2021__hn005,wault_finance_2021,hard_negative_mined,bsc,0,ratio_25,1,1,0.0626086956521739,0.0,0.0822543143287332,0.0001449275362318,8.044315472943708e-05,0.0001693973463261,8.044315472943708e-05,0.0002057324018096,7.101939991116524e-05,0.0001693973463261,0.0008771322318352,0.0002057324018096,7.101939991116524e-05,0.0001303184253629,0.0001693973463261,0.0061300408999722,0.0082872928176795,0.2746465504169464
wault_finance_2021,wault_finance_2021__hn006,wault_finance_2021,hard_negative_mined,bsc,0,k_2,2,1000,0.0626086956521739,0.0070796460176991,0.0822543143287332,0.0302986265198808,0.0001590885367477,0.0018614704022184,0.0001590885367477,0.0027244992088526,0.0001795153075363,0.0018614704022184,0.0217555984854698,0.0027244992088526,0.0001795153075363,0.0028228934388607,0.0018614704022184,0.0171703996082261,0.0397923875432525,0.5369319915771484
wault_finance_2021,wault_finance_2021__hn006,wault_finance_2021,hard_negative_mined,bsc,0,k_3,3,1000,0.0626086956521739,0.0070796460176991,0.0822543143287332,0.015627966135353,4.8554622480878606e-05,0.0010094547178596,4.8554622480878606e-05,0.0022470720577985,3.060409289901145e-05,0.0010094547178596,0.0047531109303236,0.0022470720577985,3.060409289901145e-05,0.0007081945659592,0.0010094547178596,0.0132129936064531,0.0204081632653061,0.5277770757675171
wault_finance_2021,wault_finance_2021__hn006,wault_finance_2021,hard_negative_mined,bsc,0,k_5,5,1000,0.0626086956521739,0.0070796460176991,0.0822543143287332,0.0169756196895283,4.1260769648943096e-05,0.0009644478559494,4.1260769648943096e-05,0.0022470720577985,3.086559445364401e-05,0.0009644478559494,0.0030237555038183,0.0022470720577985,3.086559445364401e-05,0.0007469662232324,0.0009644478559494,0.012957080929005,0.0093863087036895,0.6801231503486633
wault_finance_2021,wault_finance_2021__hn006,wault_finance_2021,hard_negative_mined,bsc,0,k_7,7,1000,0.0626086956521739,0.0070796460176991,0.0822543143287332,0.0259100459190365,0.0001231069909408,0.0006530663813464,0.0001231069909408,0.0020463003311306,0.0001121034001698,0.0006530663813464,0.0016086003743112,0.0020463003311306,0.0001121034001698,0.000260208005784,0.0006530663813464,0.0109604410829058,0.0082872928176795,0.17110122740268707
wault_finance_2021,wault_finance_2021__hn006,wault_finance_2021,hard_negative_mined,bsc,0,ratio_25,250,1000,0.0626086956521739,0.0070796460176991,0.0822543143287332,0.0233087505906503,0.0003413287340663,0.0011169826611876,0.0003413287340663,0.0027374601922929,0.0005754165467806,0.0011169826611876,0.0016086003743112,0.0027374601922929,0.0005754165467806,0.000395847542677,0.0011169826611876,0.013798925761905,0.0204081632653061,0.3910900354385376
wault_finance_2021,wault_finance_2021__hn006,wault_finance_2021,hard_negative_mined,bsc,0,ratio_50,500,1000,0.0626086956521739,0.0070796460176991,0.0822543143287332,0.0132256284988332,0.0002801521914079,0.0010229620384052,0.0002801521914079,0.0023892929311841,0.0004407148226164,0.0010229620384052,0.0016086003743112,0.0023892929311841,0.0004407148226164,0.0004689870402216,0.0010229620384052,0.0132885105251316,0.0204081632653061,0.9504859447479248
wault_finance_2021,wault_finance_2021__hn006,wault_finance_2021,hard_negative_mined,bsc,0,ratio_75,750,1000,0.0626086956521739,0.0070796460176991,0.0822543143287332,0.0122615762112515,0.0002785544493235,0.0009192861034534,0.0002785544493235,0.0015971792163327,0.000439619703684,0.0009192861034534,0.0016086003743112,0.0015971792163327,0.000439619703684,0.0004199952527415,0.0009192861034534,0.0126932779372567,0.0082872928176795,0.46252262592315674
wault_finance_2021,wault_finance_2021__hn006,wault_finance_2021,hard_negative_mined,bsc,0,ratio_100,1000,1000,0.0626086956521739,0.0070796460176991,0.0822543143287332,0.0613153980252637,0.0005306266248226,0.0003639852511696,0.0005306266248226,0.0012167680542916,0.0008134766831062,0.0003639852511696,0.0028643570840358,0.0012167680542916,0.0008134766831062,0.0002089645568048,0.0003639852511696,0.0085239751523476,0.0082872928176795,0.909265398979187
wault_finance_2021,wault_finance_2021__hn008,wault_finance_2021,hard_negative_mined,bsc,0,ratio_25,2,5,0.0626086956521739,0.0070796460176991,0.0822543143287332,0.0679739115482254,0.001312238862738,0.003192824544385,0.001312238862738,0.0087496722117066,0.0020508146844804,0.003192824544385,0.0153039824217557,0.0087496722117066,0.0020508146844804,0.0116794668138027,0.003192824544385,0.0216159774558532,0.0397923875432525,0.592311680316925
wault_finance_2021,wault_finance_2021__hn008,wault_finance_2021,hard_negative_mined,bsc,0,ratio_50,3,5,0.0626086956521739,0.0070796460176991,0.0822543143287332,0.0045132517838939,0.0002065634325845,0.0017258591251447,0.0002065634325845,0.0016108029522001,9.141803457168862e-05,0.0017258591251447,0.0013109178980812,0.0016108029522001,9.141803457168862e-05,0.0003827959008049,0.0017258591251447,0.0166240363610119,0.0204081632653061,0.000914738280698657
wault_finance_2021,wault_finance_2021__hn008,wault_finance_2021,hard_negative_mined,bsc,0,ratio_75,4,5,0.0626086956521739,0.0088495575221238,0.0828243426344273,0.0050745590539388,0.0012957403669133,0.0016287040198221,0.0012957403669133,0.0015419605188071,0.0010197301162406,0.0016287040198221,0.0175977032631635,0.0015419605188071,0.0010197301162406,0.0012729627778753,0.0016287040198221,0.0162171713300106,0.0204081632653061,0.0236648079007864
wault_finance_2021,wault_finance_2021__hn008,wault_finance_2021,hard_negative_mined,bsc,0,ratio_100,5,5,0.0626086956521739,0.0176991150442477,0.0831680823417581,0.0025207485651154,0.0008068106253631,0.0011179145658388,0.0008068106253631,0.001128771691583,0.0007400590693578,0.0011179145658388,0.0096162436529994,0.001128771691583,0.0007400590693578,0.000902161700651,0.0011179145658388,0.0138038584141584,0.0204081632653061,0.04960814118385315
wault_finance_2021,wault_finance_2021__hn009,wault_finance_2021,hard_negative_mined,bsc,0,ratio_25,2,8,0.0626086956521739,0.0070796460176991,0.0845560462931843,0.1223736830392179,0.0005629864172078,0.000303140404867,0.0005629864172078,0.0001047516416292,0.0003519608289934,0.000303140404867,0.0079317670315504,0.0001047516416292,0.0003519608289934,0.000367188360542,0.000303140404867,0.0078782658502818,0.0082872928176795,0.05610749498009682
wault_finance_2021,wault_finance_2021__hn009,wault_finance_2021,hard_negative_mined,bsc,0,k_3,3,8,0.0626086956521739,0.0070796460176991,0.0845560462931843,0.0139319230047896,3.21380102832336e-05,6.355351797537878e-05,3.21380102832336e-05,2.449190105835441e-05,2.1340147213777527e-05,6.355351797537878e-05,0.0039530280046164,2.449190105835441e-05,2.1340147213777527e-05,3.0840055842418224e-05,6.355351797537878e-05,0.0040137731707579,0.0,0.5258796215057373
wault_finance_2021,wault_finance_2021__hn009,wault_finance_2021,hard_negative_mined,bsc,0,ratio_50,4,8,0.0626086956521739,0.0088495575221238,0.083975190966383,0.0293899677973092,0.0003866998886223,0.0013528725830838,0.0003866998886223,0.0006483259494416,0.0005784271052107,0.0013528725830838,0.0246385596692562,0.0006483259494416,0.0005784271052107,0.0009939701994881,0.0013528725830838,0.0149792205952532,0.0204081632653061,0.0038050436414778233
wault_finance_2021,wault_finance_2021__hn009,wault_finance_2021,hard_negative_mined,bsc,0,k_5,5,8,0.0626086956521739,0.0106194690265486,0.0840910713335691,0.0362058797894996,0.0001537462812848,0.0005573015660047,0.0001537462812848,0.0002682244230527,0.0002269327815156,0.0005573015660047,0.0447056554257869,0.0002682244230527,0.0002269327815156,0.0002811861922964,0.0005573015660047,0.0102384330221501,0.0082872928176795,0.029657479375600815
wault_finance_2021,wault_finance_2021__hn009,wault_finance_2021,hard_negative_mined,bsc,0,ratio_75,6,8,0.0626086956521739,0.0123893805309734,0.0841684055739125,0.0362654035990234,0.0001537462812848,0.0006814402295276,0.0001537462812848,0.0002682244230527,0.0002269327815156,0.0006814402295276,0.0497591197490692,0.0002682244230527,0.0002269327815156,0.0002675815194379,0.0006814402295276,0.0111625181729694,0.0082872928176795,0.001161054358817637
wault_finance_2021,wault_finance_2021__hn009,wault_finance_2021,hard_negative_mined,bsc,0,k_7,7,8,0.0626086956521739,0.0141592920353982,0.083892508099912,0.0363881134705028,0.0002617998979985,0.0009748074226081,0.0002617998979985,0.0005197892314754,0.0004492666048463,0.0009748074226081,0.0261687096208333,0.0005197892314754,0.0004492666048463,0.0005062096752226,0.0009748074226081,0.0130165856204337,0.0204081632653061,0.020000923424959183
wault_finance_2021,wault_finance_2021__hn009,wault_finance_2021,hard_negative_mined,bsc,0,ratio_100,8,8,0.0626086956521739,0.0212389380530973,0.0940075984303248,0.037103860315135,0.0001512364979134,0.0005817589117214,0.0001512364979134,0.0003099369641859,0.0003635805624071,0.0005817589117214,0.0044903131201863,0.0003099369641859,0.0003635805624071,0.0003117102023679,0.0005817589117214,0.0104292019696766,0.0082872928176795,0.034211836755275726
wault_finance_2021,wault_finance_2021__hn010,wault_finance_2021,hard_negative_mined,bsc,0,ratio_25,2,7,0.0626086956521739,0.0070796460176991,0.0822543143287332,0.0264699228161771,0.0009395382949151,0.0021873728837817,0.0009395382949151,0.0032436007168143,0.0012673669261857,0.0021873728837817,0.0189047139137983,0.0032436007168143,0.0012673669261857,0.0030517524573951,0.0021873728837817,0.0183956166042316,0.0397923875432525,0.4099004566669464
wault_finance_2021,wault_finance_2021__hn010,wault_finance_2021,hard_negative_mined,bsc,0,k_3,3,7,0.0626086956521739,0.0070796460176991,0.0822543143287332,0.0555170463390169,0.0006385935121215,0.0011077541857957,0.0006385935121215,0.0054948115721344,0.0009516185964457,0.0011077541857957,0.0033264344092458,0.0054948115721344,0.0009516185964457,0.0018908971687778,0.0011077541857957,0.0137499500726765,0.0204081632653061,0.6597520709037781
wault_finance_2021,wault_finance_2021__hn010,wault_finance_2021,hard_negative_mined,bsc,0,ratio_50,4,7,0.0626086956521739,0.0070796460176991,0.0822543143287332,0.0623868898678222,0.0008170035434886,0.0011077541857957,0.0008170035434886,0.0052515030838549,0.0009364513680338,0.0011077541857957,0.0074081877246499,0.0052515030838549,0.0009364513680338,0.0018908971687778,0.0011077541857957,0.0137499500726765,0.0204081632653061,0.09587693214416504
wault_finance_2021,wault_finance_2021__hn010,wault_finance_2021,hard_negative_mined,bsc,0,k_5,5,7,0.0626086956521739,0.0070796460176991,0.0822543143287332,0.0551484215059061,0.0008343927329406,0.0016375717241317,0.0008343927329406,0.0052515030838549,0.0026078086812049,0.0016375717241317,0.004099360667169,0.0052515030838549,0.0026078086812049,0.0020024345722049,0.0016375717241317,0.0162548793224902,0.0204081632653061,0.05618104711174965
wault_finance_2021,wault_finance_2021__hn010,wault_finance_2021,hard_negative_mined,bsc,0,ratio_75,6,7,0.0626086956521739,0.0070796460176991,0.0822543143287332,0.033012049793876,0.000295199046377,0.0013212432386353,0.000295199046377,0.0025590662844479,0.0005988165503367,0.0013212432386353,0.004099360667169,0.0025590662844479,0.0005988165503367,0.0005018286756239,0.0013212432386353,0.014828255967109,0.0204081632653061,0.03649701178073883
wault_finance_2021,wault_finance_2021__hn010,wault_finance_2021,hard_negative_mined,bsc,0,ratio_100,7,7,0.0626086956521739,0.0070796460176991,0.0822543143287332,0.0282262059705348,0.0001770478993421,0.001213330659084,0.0001770478993421,0.0023946431465446,0.0004053793381899,0.001213330659084,0.004099360667169,0.0023946431465446,0.0004053793381899,0.0004721601435448,0.001213330659084,0.0142968902641277,0.0204081632653061,0.025961583480238914
wault_finance_2021,wault_finance_2021__hn011,wault_finance_2021,hard_negative_mined,bsc,0,k_2,2,46,0.0626086956521739,0.0070796460176991,0.083397962299705,0.2862265439312442,0.0018873751396313,0.0264794509857893,0.0018873751396313,0.0474926009774208,0.0012287696590647,0.0264794509857893,0.094331108033657,0.0474926009774208,0.0012287696590647,0.0089475736021995,0.0264794509857893,0.0529531334691334,0.0397923875432525,0.06436031311750412
wault_finance_2021,wault_finance_2021__hn011,wault_finance_2021,hard_negative_mined,bsc,0,k_3,3,46,0.0626086956521739,0.0070796460176991,0.0830151492787252,0.1060946612275282,0.0025737541727721,0.0227583926171064,0.0025737541727721,0.1147565990686416,0.0021332176402211,0.0227583926171064,0.0233002956956625,0.1147565990686416,0.0021332176402211,0.0076759839430451,0.0227583926171064,0.0496736278074635,0.0397923875432525,0.17938484251499176
wault_finance_2021,wault_finance_2021__hn011,wault_finance_2021,hard_negative_mined,bsc,0,k_5,5,46,0.0626086956521739,0.0070796460176991,0.0827100502287501,0.0667437984855722,0.0007969015859998,0.0083883982151746,0.0007969015859998,0.0229557603597641,0.0003505837812554,0.0083883982151746,0.003210935043171,0.0229557603597641,0.0003505837812554,0.001261358265765,0.0083883982151746,0.0325807554585117,0.0397923875432525,0.7494046092033386
wault_finance_2021,wault_finance_2021__hn011,wault_finance_2021,hard_negative_mined,bsc,0,k_7,7,46,0.0626086956521739,0.0070796460176991,0.0825796060588658,0.0284252309306579,0.0006149602704681,0.0012781827244907,0.0006149602704681,0.0020907509606331,0.0001894081651698,0.0012781827244907,0.0040552215650677,0.0020907509606331,0.0001894081651698,0.0004152170149609,0.0012781827244907,0.0146193404794445,0.0204081632653061,0.9544186592102051
wault_finance_2021,wault_finance_2021__hn011,wault_finance_2021,hard_negative_mined,bsc,0,ratio_25,12,46,0.0626086956521739,0.0070796460176991,0.0824439258122833,0.0262823737878007,0.0003400179266463,0.0008179456926882,0.0003400179266463,0.0010972290765494,0.0001583253761054,0.0008179456926882,0.0021781651303172,0.0010972290765494,0.0001583253761054,0.0002505765878595,0.0008179456926882,0.0120728159091838,0.0082872928176795,0.9664943814277649
wault_finance_2021,wault_finance_2021__hn011,wault_finance_2021,hard_negative_mined,bsc,0,ratio_50,23,46,0.0626086956521739,0.0070796460176991,0.0823531924766211,0.0340895660625264,0.0012952726101502,0.0009414271917194,0.0012952726101502,0.0027520810253918,0.000450242194347,0.0009414271917194,0.0021781651303172,0.0027520810253918,0.000450242194347,0.0005678547895513,0.0009414271917194,0.0128235207715951,0.0082872928176795,0.9454625248908997
wault_finance_2021,wault_finance_2021__hn011,wault_finance_2021,hard_negative_mined,bsc,0,ratio_75,35,46,0.0626086956521739,0.0070796460176991,0.0823192792148807,0.0290895660625264,0.0006991615518927,0.0009940809104591,0.0006991615518927,0.0036997157149016,0.000367846514564,0.0009940809104591,0.0029151635244488,0.0036997157149016,0.000367846514564,0.0011584388557821,0.0009940809104591,0.0131263298655244,0.0204081632653061,0.9458451271057129
wault_finance_2021,wault_finance_2021__hn011,wault_finance_2021,hard_negative_mined,bsc,0,ratio_100,46,46,0.0626086956521739,0.0070796460176991,0.0823037398856036,0.0129928192563107,0.0002621725725475,0.0009317274088971,0.0002621725725475,0.0011042030528187,0.0001376883737975,0.0009317274088971,0.0030667462851852,0.0011042030528187,0.0001376883737975,0.0002877388033084,0.0009317274088971,0.0127666821887108,0.0082872928176795,0.996641993522644
wault_finance_2021,wault_finance_2021__hn012,wault_finance_2021,hard_negative_mined,bsc,0,k_2,2,13,0.0626086956521739,0.0070796460176991,0.0822543143287332,0.126778755754773,0.0054518468677997,0.0039513683877885,0.0054518468677997,0.0107131972908973,0.0103420922532677,0.0039513683877885,0.0113244149833917,0.0107131972908973,0.0103420922532677,0.0103119006380438,0.0039513683877885,0.0236695055935386,0.0397923875432525,0.4099004566669464
wault_finance_2021,wault_finance_2021__hn012,wault_finance_2021,hard_negative_mined,bsc,0,k_3,3,13,0.0626086956521739,0.0070796460176991,0.0822543143287332,0.0913665088437566,0.0051382556557655,0.0036824729759246,0.0051382556557655,0.0084644434973597,0.00814607180655,0.0036824729759246,0.0018864817684516,0.0084644434973597,0.00814607180655,0.0090958876535296,0.0036824729759246,0.0229701155746417,0.0397923875432525,0.18651486933231354
wault_finance_2021,wault_finance_2021__hn012,wault_finance_2021,hard_negative_mined,bsc,0,ratio_25,4,13,0.0626086956521739,0.0070796460176991,0.0822543143287332,0.0709732726131606,0.0021621522027999,0.0025718000251799,0.0021621522027999,0.0050301440060138,0.0028971845749765,0.0025718000251799,0.0004666558525059,0.0050301440060138,0.0028971845749765,0.0008925870642997,0.0025718000251799,0.0197117835854565,0.0397923875432525,0.6413044333457947
wault_finance_2021,wault_finance_2021__hn012,wault_finance_2021,hard_negative_mined,bsc,0,k_5,5,13,0.0626086956521739,0.0070796460176991,0.0822543143287332,0.0800208916607796,0.0026454871986061,0.0025515409652143,0.0026454871986061,0.0055112596601247,0.0030868425965309,0.0025515409652143,0.0004666558525059,0.0055112596601247,0.0030868425965309,0.0008925870642997,0.0025515409652143,0.0196453881981641,0.0397923875432525,0.6968980431556702
wault_finance_2021,wault_finance_2021__hn012,wault_finance_2021,hard_negative_mined,bsc,0,ratio_50,7,13,0.0626086956521739,0.0070796460176991,0.0825796060588658,6.880733944954129e-05,9.614376722311135e-06,0.0001685963216004,9.614376722311135e-06,0.0001255545066669,8.801872354524676e-06,0.0001685963216004,0.0011246149661019,0.0001255545066669,8.801872354524676e-06,0.0001515936892246,0.0001685963216004,0.0061175165004633,0.0082872928176795,0.7659110426902771
wault_finance_2021,wault_finance_2021__hn012,wault_finance_2021,hard_negative_mined,bsc,0,ratio_75,10,13,0.0626086956521739,0.0070796460176991,0.0827100502287501,0.1166530232155232,0.0004165969148743,0.0086656445637345,0.0004165969148743,0.0046950844116508,0.0005038210656493,0.0086656445637345,0.0723429545760154,0.0046950844116508,0.0005038210656493,0.0057159117422997,0.0086656445637345,0.03303246293065,0.0397923875432525,0.16446542739868164
wault_finance_2021,wault_finance_2021__hn012,wault_finance_2021,hard_negative_mined,bsc,0,ratio_100,13,13,0.0626086956521739,0.0070796460176991,0.082604676928443,6.880733944954129e-05,8.862627510097809e-06,0.0001243423321284,8.862627510097809e-06,0.0001212631177622,6.108564775786363e-06,0.0001243423321284,0.0008981254650279,0.0001212631177622,6.108564775786363e-06,8.035989594645798e-05,0.0001243423321284,0.0053641225325573,0.0,0.029861804097890854
wault_finance_2021,wault_finance_2021__hn013,wault_finance_2021,hard_negative_mined,bsc,0,ratio_25,1,1,0.0626086956521739,0.0,0.0822543143287332,0.0001449275362318,8.044315472943708e-05,0.0001432229910278,8.044315472943708e-05,0.0001635021180845,7.101939991116524e-05,0.0001432229910278,0.0005085017182864,0.0001635021180845,7.101939991116524e-05,0.0001174055578303,0.0001432229910278,0.0057016984510099,0.0,0.2746465504169464
wault_finance_2021,wault_finance_2021__hn015,wault_finance_2021,hard_negative_mined,bsc,0,ratio_25,1,2,0.0626086956521739,0.0,0.0822543143287332,0.0001449275362318,0.000156482157763,0.0001432229910278,0.000156482157763,0.0001635021180845,0.0001044701275532,0.0001432229910278,0.0005085017182864,0.0001635021180845,0.0001044701275532,0.0001174055578303,0.0001432229910278,0.0057016984510099,0.0,0.2746465504169464
wault_finance_2021,wault_finance_2021__hn015,wault_finance_2021,hard_negative_mined,bsc,0,ratio_75,2,2,0.0626086956521739,0.0070796460176991,0.083397962299705,0.2027225893036998,0.1154365539550781,0.1171313002705574,0.1154365539550781,0.1913242489099502,0.0357037261128425,0.1171313002705574,0.0122033664956688,0.1913242489099502,0.0357037261128425,0.1183637008070945,0.1171313002705574,0.1001032540033372,0.0397923875432525,0.6823846101760864
wault_finance_2021,wault_finance_2021__hn016,wault_finance_2021,hard_negative_mined,bsc,0,k_2,2,997,0.0626086956521739,0.0070796460176991,0.0822543143287332,0.023643877553423,0.0019158425275236,0.0020417987834662,0.0019158425275236,0.0032436007168143,0.0018632545834407,0.0020417987834662,0.0110434181988239,0.0032436007168143,0.0018632545834407,0.0030517524573951,0.0020417987834662,0.0178623913525299,0.0397923875432525,0.4099004566669464
wault_finance_2021,wault_finance_2021__hn016,wault_finance_2021,hard_negative_mined,bsc,0,k_3,3,997,0.0626086956521739,0.0070796460176991,0.0822543143287332,0.0619340163684896,0.0016943379305303,0.0020834940951317,0.0016943379305303,0.0074721458368003,0.0040220865048468,0.0020834940951317,0.0020329849794507,0.0074721458368003,0.0040220865048468,0.001765941735357,0.0020834940951317,0.0180173057679379,0.0397923875432525,0.6597520709037781
wault_finance_2021,wault_finance_2021__hn016,wault_finance_2021,hard_negative_mined,bsc,0,k_5,5,997,0.0626086956521739,0.0070796460176991,0.0822543143287332,0.0732013188000837,0.0058321841061115,0.0020314345601946,0.0058321841061115,0.0049036536365747,0.0059929117560386,0.0020314345601946,0.0020329849794507,0.0049036536365747,0.0059929117560386,0.0013834863202646,0.0020314345601946,0.0178236007940629,0.0397923875432525,0.9416902661323547
wault_finance_2021,wault_finance_2021__hn016,wault_finance_2021,hard_negative_mined,bsc,0,k_7,7,997,0.0626086956521739,0.0070796460176991,0.0822543143287332,0.0642821698639135,0.0058321841061115,0.0018035895191133,0.0058321841061115,0.0045884568244218,0.0059929117560386,0.0018035895191133,0.0035843588411808,0.0045884568244218,0.0059929117560386,0.0015688415151089,0.0018035895191133,0.0169401169034312,0.0222504655727142,0.5165480971336365
wault_finance_2021,wault_finance_2021__hn016,wault_finance_2021,hard_negative_mined,bsc,0,ratio_25,250,997,0.0626086956521739,0.0070796460176991,0.0822543143287332,0.0438778133343993,0.000730492232833,0.0004275831161066,0.000730492232833,0.0005034464411437,0.0010027717798948,0.0004275831161066,0.0035843588411808,0.0005034464411437,0.0010027717798948,0.0003701036912389,0.0004275831161066,0.0091357422966551,0.0082872928176795,0.7242938280105591
wault_finance_2021,wault_finance_2021__hn016,wault_finance_2021,hard_negative_mined,bsc,0,ratio_50,499,997,0.0626086956521739,0.0070796460176991,0.0822543143287332,0.0116584744371872,0.0009872142691165,0.0003672308812383,0.0009872142691165,0.0004550052399281,0.0006186084938235,0.0003672308812383,0.0015949310036376,0.0004550052399281,0.0006186084938235,0.0001369485689792,0.0003672308812383,0.0085566155961061,0.0082872928176795,0.26038211584091187
wault_finance_2021,wault_finance_2021__hn016,wault_finance_2021,hard_negative_mined,bsc,0,ratio_75,748,997,0.0626086956521739,0.0070796460176991,0.0822543143287332,0.0209958238347775,0.0007253143121488,0.0003494759148452,0.0007253143121488,0.0004550052399281,0.0006267333519645,0.0003494759148452,0.0006465048645623,0.0004550052399281,0.0006267333519645,0.0001369485689792,0.0003494759148452,0.0083759808738711,0.0082872928176795,0.7506065964698792
wault_finance_2021,wault_finance_2021__hn016,wault_finance_2021,hard_negative_mined,bsc,0,ratio_100,997,997,0.0626086956521739,0.0070796460176991,0.0822543143287332,0.0241823799238216,0.0006637115729972,0.0003230568254366,0.0006637115729972,0.0004151004541199,0.0006765139987692,0.0003230568254366,0.0006465048645623,0.0004151004541199,0.0006765139987692,0.0001369485689792,0.0003230568254366,0.0080971879426287,0.0082872928176795,0.06883431226015091
wault_finance_2021,wault_finance_2021__hn018,wault_finance_2021,hard_negative_mined,bsc,0,ratio_25,2,7,0.0626086956521739,0.0070796460176991,0.0845560462931843,0.182300082105573,0.0057557425461709,0.0073820971883833,0.0057557425461709,0.0046751745976507,0.0103839822113513,0.0073820971883833,0.0725132673978805,0.0046751745976507,0.0103839822113513,0.0073617757298052,0.0073820971883833,0.0308637893329234,0.0397923875432525,0.05610749498009682
wault_finance_2021,wault_finance_2021__hn018,wault_finance_2021,hard_negative_mined,bsc,0,k_3,3,7,0.0626086956521739,0.0070796460176991,0.0845560462931843,0.0303102889681297,0.0007043619989417,0.0007122229435481,0.0007043619989417,0.0002759639173746,0.0005250532994978,0.0007122229435481,0.0311932396143674,0.0002759639173746,0.0005250532994978,0.0004335655539762,0.0007122229435481,0.0113763554429931,0.0082872928176795,0.5258796215057373
wault_finance_2021,wault_finance_2021__hn018,wault_finance_2021,hard_negative_mined,bsc,0,ratio_50,4,7,0.0626086956521739,0.0070796460176991,0.0845560462931843,0.0204715792907103,0.0004856596933677,0.0005524286534637,0.0004856596933677,0.0002858853840734,0.0002841509121935,0.0005524286534637,0.058487843722105,0.0002858853840734,0.0002841509121935,0.0005478094681166,0.0005524286534637,0.0101998530635771,0.0082872928176795,0.2386617660522461
wault_finance_2021,wault_finance_2021__hn018,wault_finance_2021,hard_negative_mined,bsc,0,k_5,5,7,0.0626086956521739,0.0070796460176991,0.0845560462931843,0.0194879807692307,0.0025207442231476,0.0002666504587978,0.0025207442231476,0.0001922683877637,0.0006575602455995,0.0002666504587978,0.0247788466513156,0.0001922683877637,0.0006575602455995,0.0008244561613537,0.0002666504587978,0.0074547066153505,0.0082872928176795,0.07212956249713898
wault_finance_2021,wault_finance_2021__hn018,wault_finance_2021,hard_negative_mined,bsc,0,ratio_75,6,7,0.0626086956521739,0.0070796460176991,0.0845560462931843,0.0218658100599411,0.0001897946785902,0.0002222448674729,0.0001897946785902,0.0002012455952353,5.238313679001294e-05,0.0002222448674729,0.0228275023400783,0.0002012455952353,5.238313679001294e-05,0.0003772752243094,0.0002222448674729,0.0068917354411522,0.0082872928176795,0.003624579170718789
wault_finance_2021,wault_finance_2021__hn018,wault_finance_2021,hard_negative_mined,bsc,0,ratio_100,7,7,0.0626086956521739,0.0070796460176991,0.0845560462931843,0.0176948256039825,0.0002729253028519,0.0002222448674729,0.0002729253028519,0.0001546486018924,5.985013558529317e-05,0.0002222448674729,0.0197812244296073,0.0001546486018924,5.985013558529317e-05,0.0003848565102089,0.0002222448674729,0.0068917354411522,0.0082872928176795,0.0007678051479160786
wault_finance_2021,wault_finance_2021__hn019,wault_finance_2021,hard_negative_mined,bsc,0,ratio_25,2,6,0.0626086956521739,0.0070796460176991,0.0845560462931843,0.628341166637512,0.048724465072155,0.0991389751434326,0.048724465072155,0.0945257470011711,0.092682808637619,0.0991389751434326,0.0250624809414148,0.0945257470011711,0.092682808637619,0.082744613289833,0.0991389751434326,0.09302666963396,0.0397923875432525,0.6942744851112366
wault_finance_2021,wault_finance_2021__hn019,wault_finance_2021,hard_negative_mined,bsc,0,ratio_50,3,6,0.0626086956521739,0.0070796460176991,0.0845560462931843,0.0265915389681297,0.0007529861177317,0.0009258466307073,0.0007529861177317,0.0003727034199982,0.0004956500488333,0.0009258466307073,0.0342999398708343,0.0003727034199982,0.0004956500488333,0.0007841292535886,0.0009258466307073,0.0127320561168259,0.0082872928176795,0.46603161096572876
wault_finance_2021,wault_finance_2021__hn019,wault_finance_2021,hard_negative_mined,bsc,0,ratio_75,5,6,0.0626086956521739,0.0070796460176991,0.0845560462931843,0.0126058135157876,0.000194138920051,0.0001614064531167,0.000194138920051,7.176315557444468e-05,8.394495671382174e-05,0.0001614064531167,0.019032659009099,7.176315557444468e-05,8.394495671382174e-05,0.0001290944928769,0.0001614064531167,0.0060035452463635,0.0082872928176795,0.20975570380687714
wault_finance_2021,wault_finance_2021__hn019,wault_finance_2021,hard_negative_mined,bsc,0,ratio_100,6,6,0.0626086956521739,0.0070796460176991,0.0845560462931843,0.0126058135157876,0.0007812261465005,0.0009258466307073,0.0007812261465005,0.0003727034199982,0.0004660746490117,0.0009258466307073,0.0515102930366992,0.0003727034199982,0.0004660746490117,0.0009431563084945,0.0009258466307073,0.0127320561168259,0.0082872928176795,0.010528981685638428
wault_finance_2021,wault_finance_2021__hn020,wault_finance_2021,hard_negative_mined,bsc,0,ratio_25,1,1,0.0626086956521739,0.0,0.0822543143287332,0.0001449275362318,8.044315472943708e-05,0.0001534550974611,8.044315472943708e-05,0.0001635021180845,7.101939991116524e-05,0.0001534550974611,0.0008771322318352,0.0001635021180845,7.101939991116524e-05,0.0001174055578303,0.0001534550974611,0.0058740745730176,0.0082872928176795,0.2746465504169464
wault_finance_2021,wault_finance_2021__hn021,wault_finance_2021,hard_negative_mined,bsc,0,ratio_25,1,3,0.0626086956521739,0.0,0.0822543143287332,0.0001449275362318,8.044315472943708e-05,0.0001432229910278,8.044315472943708e-05,0.0001635021180845,7.101939991116524e-05,0.0001432229910278,0.0005085017182864,0.0001635021180845,7.101939991116524e-05,0.0001174055578303,0.0001432229910278,0.0057016984510099,0.0,0.2746465504169464
wault_finance_2021,wault_finance_2021__hn021,wault_finance_2021,hard_negative_mined,bsc,0,ratio_50,2,3,0.0626086956521739,0.0070796460176991,0.083397962299705,0.0620353457992046,0.004282234236598,0.0073979003354907,0.004282234236598,0.012278189882636,0.0046926494687795,0.0073979003354907,0.0013407366350293,0.012278189882636,0.0046926494687795,0.0043871970847249,0.0073979003354907,0.0308917732852044,0.0397923875432525,0.6823846101760864
wault_finance_2021,wault_finance_2021__hn021,wault_finance_2021,hard_negative_mined,bsc,0,ratio_75,3,3,0.0626086956521739,0.0088495575221238,0.0830151492787252,0.2395282137571137,0.0409152582287788,0.2208574116230011,0.0409152582287788,0.3160956799983978,0.1054607480764389,0.2208574116230011,0.1068601384758949,0.3160956799983978,0.1054607480764389,0.106810063123703,0.2208574116230011,0.1339440791411891,0.1111111111111111,0.9199904203414917
paraluni_2022,paraluni_2022__hn001,paraluni_2022,hard_negative_mined,bsc,0,k_2,2,1000,0.0614334470989761,0.0070796460176991,0.0736729944820717,0.1095305348603285,0.0101705454289913,0.0190762095153331,0.0101705454289913,0.0554693043231964,0.0107196271419525,0.0190762095153331,0.0347055979073047,0.0554693043231964,0.0107196271419525,0.0157831907272338,0.0157831907272338,0.0553866582686582,0.04,0.5103480815887451
paraluni_2022,paraluni_2022__hn001,paraluni_2022,hard_negative_mined,bsc,0,k_3,3,1000,0.0614334470989761,0.0070796460176991,0.0736729944820717,0.1183278708274017,0.0103042144328355,0.0507452003657817,0.0103042144328355,0.1270823329687118,0.0107196271419525,0.0507452003657817,0.0450758375227451,0.1270823329687118,0.0107196271419525,0.0299605261534452,0.0299605261534452,0.0808200932874594,0.0510204081632653,0.8508126735687256
paraluni_2022,paraluni_2022__hn001,paraluni_2022,hard_negative_mined,bsc,0,k_5,5,1000,0.0614334470989761,0.0070796460176991,0.0736729944820717,0.1186652306473699,0.0016691888449713,0.0099669564515352,0.0016691888449713,0.0402177087962627,0.0022591925226151,0.0099669564515352,0.0450758375227451,0.0402177087962627,0.0022591925226151,0.0094925798475742,0.0094925798475742,0.0430965637174477,0.0358565737051792,0.9495270252227783
paraluni_2022,paraluni_2022__hn001,paraluni_2022,hard_negative_mined,bsc,0,k_7,7,1000,0.0614334470989761,0.0070796460176991,0.0736729944820717,0.1662885750573672,0.0051775583997368,0.0130639215931296,0.0051775583997368,0.0298574473708868,0.0054288017563521,0.0130639215931296,0.0409778915345668,0.0298574473708868,0.0054288017563521,0.0089150741696357,0.0089150741696357,0.0478530786750625,0.04,0.992276132106781
paraluni_2022,paraluni_2022__hn001,paraluni_2022,hard_negative_mined,bsc,0,ratio_25,250,1000,0.0614334470989761,0.0070796460176991,0.0736729944820717,0.1197973671649326,0.0045988615602254,0.0030187803786247,0.0045988615602254,0.0083018150180578,0.0046688197180628,0.0030187803786247,0.0205005872994661,0.0083018150180578,0.0046688197180628,0.0019206118304282,0.0019206118304282,0.0270759104933749,0.0358565737051792,0.07515041530132294
paraluni_2022,paraluni_2022__hn001,paraluni_2022,hard_negative_mined,bsc,0,ratio_50,500,1000,0.0614334470989761,0.0070796460176991,0.0736729944820717,0.13441887266527,0.1643566638231277,0.0068935505114495,0.1643566638231277,0.0191390868276357,0.0806199759244918,0.0068935505114495,0.0093744620680809,0.0191390868276357,0.0806199759244918,0.0041934992186725,0.0041934992186725,0.0373544455704601,0.0358565737051792,0.7684429883956909
paraluni_2022,paraluni_2022__hn001,paraluni_2022,hard_negative_mined,bsc,0,ratio_75,750,1000,0.0614334470989761,0.0070796460176991,0.0736729944820717,0.1089677322430034,0.0021322190295904,0.003502677893266,0.0021322190295904,0.0082561653107404,0.0032833013683557,0.003502677893266,0.0311405006796121,0.0082561653107404,0.0032833013683557,0.0017734110588207,0.0017734110588207,0.0286956672173293,0.0358565737051792,0.7366217970848083
paraluni_2022,paraluni_2022__hn001,paraluni_2022,hard_negative_mined,bsc,0,ratio_100,1000,1000,0.0614334470989761,0.0070796460176991,0.0736729944820717,0.1970828702835436,0.179074078798294,0.0068276040256023,0.179074078798294,0.0249029528349638,0.2612305879592895,0.0068276040256023,0.0297592207789421,0.0249029528349638,0.2612305879592895,0.0065223360434174,0.0065223360434174,0.0372152361631632,0.0358565737051792,0.7571354508399963
paraluni_2022,paraluni_2022__hn003,paraluni_2022,hard_negative_mined,bsc,0,ratio_25,1,1,0.0614334470989761,0.0,0.1162425187090555,0.0210612568233314,0.0048517435789108,0.0002368293789913,0.0048517435789108,0.0003502754261717,0.0036998915020376,0.0002368293789913,0.0004073876480106,0.0003502754261717,0.0036998915020376,0.000370279100025,0.000370279100025,0.009925660621933,0.0059790732436472,0.15690496563911438
paraluni_2022,paraluni_2022__hn005,paraluni_2022,hard_negative_mined,bsc,0,k_2,2,93,0.0614334470989761,0.0070796460176991,0.0736729944820717,0.0339242242678841,0.0004480340576265,0.0013543887762352,0.0004480340576265,0.0028062795754522,0.0002075202792184,0.0013543887762352,0.0042812973260879,0.0028062795754522,0.0002075202792184,0.0008850839803926,0.0008850839803926,0.0197725734221223,0.0246913580246913,0.5103480815887451
paraluni_2022,paraluni_2022__hn005,paraluni_2022,hard_negative_mined,bsc,0,k_3,3,93,0.0614334470989761,0.0070796460176991,0.0736729944820717,0.0367888109801184,0.0002790589642245,0.0004270892241038,0.0002790589642245,0.0010116435587406,0.0001520391087979,0.0004270892241038,0.0003514628915581,0.0010116435587406,0.0001520391087979,0.0002669063396751,0.0002669063396751,0.0125388062162442,0.0059790732436472,0.8041257262229919
paraluni_2022,paraluni_2022__hn005,paraluni_2022,hard_negative_mined,bsc,0,k_5,5,93,0.0614334470989761,0.0070796460176991,0.0736729944820717,0.079225692551376,0.0009861045982688,0.0009270475129596,0.0009861045982688,0.002425382612273,0.0019740439020097,0.0009270475129596,0.0018266575643792,0.002425382612273,0.0019740439020097,0.000592453579884,0.000592453579884,0.0170306321985877,0.0246913580246913,0.6681378483772278
paraluni_2022,paraluni_2022__hn005,paraluni_2022,hard_negative_mined,bsc,0,k_7,7,93,0.0614334470989761,0.0070796460176991,0.0736729944820717,0.0676483231115158,0.0005783562664873,0.000926288194023,0.0005783562664873,0.002425382612273,0.0024193802382797,0.000926288194023,0.0018266575643792,0.002425382612273,0.0024193802382797,0.000592453579884,0.000592453579884,0.0170251314792944,0.0246913580246913,0.6340389251708984
paraluni_2022,paraluni_2022__hn005,paraluni_2022,hard_negative_mined,bsc,0,ratio_25,24,93,0.0614334470989761,0.0070796460176991,0.0736729944820717,0.0,2.3859485736466013e-05,6.604565714951605e-05,2.3859485736466013e-05,8.712432463653386e-05,1.0289503734384198e-05,6.604565714951605e-05,0.0003514628915581,8.712432463653386e-05,1.0289503734384198e-05,2.168151331716217e-05,2.168151331716217e-05,0.005973616740503,0.0059790732436472,0.12809033691883087
paraluni_2022,paraluni_2022__hn005,paraluni_2022,hard_negative_mined,bsc,0,ratio_50,47,93,0.0614334470989761,0.0070796460176991,0.0736729944820717,0.0,0.0001323253236478,6.905140617163852e-05,0.0001323253236478,9.865297033684328e-05,5.976572356303223e-05,6.905140617163852e-05,0.0003863192687276,9.865297033684328e-05,5.976572356303223e-05,4.1101244278252125e-05,4.1101244278252125e-05,0.0060804532422078,0.0059790732436472,0.7208300232887268
paraluni_2022,paraluni_2022__hn005,paraluni_2022,hard_negative_mined,bsc,0,ratio_75,70,93,0.0614334470989761,0.0070796460176991,0.0736729944820717,0.0,8.683626219863072e-05,4.5909593609394506e-05,8.683626219863072e-05,9.7030344477389e-05,8.11544741736725e-05,4.5909593609394506e-05,0.0005520685808733,9.7030344477389e-05,8.11544741736725e-05,5.130498902872205e-05,5.130498902872205e-05,0.0051677271056265,0.0059790732436472,0.03201071918010712
paraluni_2022,paraluni_2022__hn005,paraluni_2022,hard_negative_mined,bsc,0,ratio_100,93,93,0.0614334470989761,0.0070796460176991,0.0736729944820717,0.0,0.0001063237723428,4.5909593609394506e-05,0.0001063237723428,0.0001055509783327,5.671747567248531e-05,4.5909593609394506e-05,0.0005520685808733,0.0001055509783327,5.671747567248531e-05,3.0322325983433984e-05,3.0322325983433984e-05,0.0051677271056265,0.0059790732436472,5.9076402976643294e-05
paraluni_2022,paraluni_2022__hn007,paraluni_2022,hard_negative_mined,bsc,0,k_2,2,13,0.0614334470989761,0.0070796460176991,0.1162425187090555,0.1578836809712794,5.028599116485566e-05,0.0009570705005899,5.028599116485566e-05,0.0007613468333147,0.0001654756342759,0.0009570705005899,0.0179082844406366,0.0007613468333147,0.0001654756342759,0.0013687674654647,0.0013687674654647,0.0172459555378278,0.0246913580246913,0.0669829249382019
paraluni_2022,paraluni_2022__hn007,paraluni_2022,hard_negative_mined,bsc,0,k_3,3,13,0.0614334470989761,0.0070796460176991,0.1162425187090555,0.0366662003127436,0.0021896252874284,0.0015597622841596,0.0021896252874284,0.0015782229602336,0.0053483368828892,0.0015597622841596,0.0186011996120214,0.0015782229602336,0.0053483368828892,0.0029238529969006,0.0029238529969006,0.020901017667332,0.0358565737051792,0.00704560149461031
paraluni_2022,paraluni_2022__hn007,paraluni_2022,hard_negative_mined,bsc,0,ratio_25,4,13,0.0614334470989761,0.0070796460176991,0.1162425187090555,0.0303338952725601,0.0004641818522941,0.001843734877184,0.0004641818522941,0.0044792811386287,0.0016600987873971,0.001843734877184,0.0186011996120214,0.0044792811386287,0.0016600987873971,0.0044648009352386,0.0044648009352386,0.0223199721610963,0.0358565737051792,0.004078624304383993
paraluni_2022,paraluni_2022__hn007,paraluni_2022,hard_negative_mined,bsc,0,k_5,5,13,0.0614334470989761,0.0070796460176991,0.1162425187090555,0.035091054545905,0.000501972681377,0.0029244227334856,0.000501972681377,0.0056580030359327,0.0011044350685551,0.0029244227334856,0.0350178480148315,0.0056580030359327,0.0011044350685551,0.0055333119817078,0.0055333119817078,0.026741736188722,0.0358565737051792,0.002219343325123191
paraluni_2022,paraluni_2022__hn007,paraluni_2022,hard_negative_mined,bsc,0,ratio_50,7,13,0.0614334470989761,0.0070796460176991,0.1162425187090555,0.0172470412332567,8.418753714067861e-05,0.0008305343799293,8.418753714067861e-05,0.0003167399554513,0.0001214299845742,0.0008305343799293,0.0179082844406366,0.0003167399554513,0.0001214299845742,0.0007547860732302,0.0007547860732302,0.0163080530803731,0.0246913580246913,0.003366482676938176
paraluni_2022,paraluni_2022__hn007,paraluni_2022,hard_negative_mined,bsc,0,ratio_75,10,13,0.0614334470989761,0.031858407079646,0.0939585311650143,0.0138636363636363,0.0017086683074012,0.0003671899321489,0.0017086683074012,0.0027260170318186,0.000375423755031,0.0003671899321489,0.0381174758076667,0.0027260170318186,0.000375423755031,0.0027491473592817,0.0027491473592817,0.0118105233333783,0.0059790732436472,0.01202149037271738
paraluni_2022,paraluni_2022__hn007,paraluni_2022,hard_negative_mined,bsc,0,ratio_100,13,13,0.0614334470989761,0.031858407079646,0.0953433972509151,0.0138636363636363,0.0018971168901771,0.0061070336960256,0.0018971168901771,0.0629473999142646,0.0006484047626145,0.0061070336960256,0.3725832104682922,0.0629473999142646,0.0006484047626145,0.0528454817831516,0.0528454817831516,0.0356366717817117,0.0358565737051792,0.022405676543712616
paraluni_2022,paraluni_2022__hn009,paraluni_2022,hard_negative_mined,bsc,0,k_2,2,334,0.0614334470989761,0.0070796460176991,0.0736729944820717,0.0526751899037724,0.0005056225927546,0.0002644089690875,0.0005056225927546,0.0024056115653365,0.0003231954469811,0.0002644089690875,0.0023360203485935,0.0024056115653365,0.0003231954469811,0.0008339995983988,0.0008339995983988,0.010369055947253,0.0059790732436472,0.5834370851516724
paraluni_2022,paraluni_2022__hn009,paraluni_2022,hard_negative_mined,bsc,0,k_3,3,334,0.0614334470989761,0.0070796460176991,0.0736729944820717,0.1074687558225308,0.0004520908405538,0.0004354194679763,0.0004520908405538,0.0005553840892389,0.0008458324009552,0.0004354194679763,0.0022949271369725,0.0005553840892389,0.0008458324009552,0.0002570637734606,0.0002570637734606,0.0126350463910451,0.0059790732436472,0.41045087575912476
paraluni_2022,paraluni_2022__hn009,paraluni_2022,hard_negative_mined,bsc,0,k_5,5,334,0.0614334470989761,0.0070796460176991,0.0736729944820717,0.0990878034415784,0.0016033441061154,0.0003253129834774,0.0016033441061154,0.0003968060482293,0.0004075313627254,0.0003253129834774,0.0022949271369725,0.0003968060482293,0.0004075313627254,0.0001408997486578,0.0001408997486578,0.0112572573182904,0.0059790732436472,0.22668741643428802
paraluni_2022,paraluni_2022__hn009,paraluni_2022,hard_negative_mined,bsc,0,k_7,7,334,0.0614334470989761,0.0070796460176991,0.0736729944820717,0.0396215309215095,0.0010092768352478,0.0002503036812413,0.0010092768352478,0.00151386577636,0.0004103066166862,0.0002503036812413,0.0022949271369725,0.00151386577636,0.0004103066166862,0.0003634667082224,0.0003634667082224,0.0101459915382849,0.0059790732436472,0.19927345216274261
paraluni_2022,paraluni_2022__hn009,paraluni_2022,hard_negative_mined,bsc,0,ratio_25,84,334,0.0614334470989761,0.0070796460176991,0.0736729944820717,0.0042970073404856,2.2568761778529733e-05,6.35942560620606e-05,2.2568761778529733e-05,0.0001288842759095,2.5114284653682265e-05,6.35942560620606e-05,0.0022949271369725,0.0001288842759095,2.5114284653682265e-05,4.421047924552113e-05,4.421047924552113e-05,0.0058842887277866,0.0059790732436472,0.5662893056869507
paraluni_2022,paraluni_2022__hn009,paraluni_2022,hard_negative_mined,bsc,0,ratio_50,167,334,0.0614334470989761,0.0070796460176991,0.0736729944820717,0.0042970073404856,5.9930942370556295e-05,8.91751769813709e-05,5.9930942370556295e-05,0.0001098017819458,4.453550354810432e-05,8.91751769813709e-05,0.0022949271369725,0.0001098017819458,4.453550354810432e-05,4.68791913590394e-05,4.68791913590394e-05,0.0067322530208425,0.0059790732436472,0.9437551498413086
paraluni_2022,paraluni_2022__hn009,paraluni_2022,hard_negative_mined,bsc,0,ratio_75,251,334,0.0614334470989761,0.0070796460176991,0.0736729944820717,0.0002597402597402,2.898238381021656e-05,0.0001280063588637,2.898238381021656e-05,9.944911289494485e-05,5.883369522052817e-05,0.0001280063588637,0.0003514628915581,9.944911289494485e-05,5.883369522052817e-05,3.09360257233493e-05,3.09360257233493e-05,0.0077734883227948,0.0059790732436472,0.12002457678318024
paraluni_2022,paraluni_2022__hn009,paraluni_2022,hard_negative_mined,bsc,0,ratio_100,334,334,0.0614334470989761,0.0070796460176991,0.0736729944820717,0.0042970073404856,1.689922464720439e-05,9.49968452914618e-05,1.689922464720439e-05,9.210150165017694e-05,2.8214184567332268e-05,9.49968452914618e-05,0.0003514628915581,9.210150165017694e-05,2.8214184567332268e-05,2.9212113076937385e-05,2.9212113076937385e-05,0.0069038540183194,0.0059790732436472,0.3931742310523987
paraluni_2022,paraluni_2022__hn010,paraluni_2022,hard_negative_mined,bsc,0,ratio_25,1,1,0.0614334470989761,0.0,0.1162425187090555,0.0210612568233314,0.0076749771833419,0.0002055245713563,0.0076749771833419,0.0004958470817655,0.0085732610896229,0.0002055245713563,0.0006210568244569,0.0004958470817655,0.0085732610896229,0.0004207833262626,0.0004207833262626,0.0093825431194149,0.0059790732436472,0.15690496563911438
paraluni_2022,paraluni_2022__hn014,paraluni_2022,hard_negative_mined,bsc,0,k_2,2,219,0.0614334470989761,0.0070796460176991,0.0927889546022794,0.3764051615468209,0.0029273789841681,0.0256022475659847,0.0029273789841681,0.0790129676461219,0.001856158603914,0.0256022475659847,0.1289431899785995,0.0790129676461219,0.001856158603914,0.0086020203307271,0.0086020203307271,0.0620438265739255,0.0510204081632653,0.07843043655157089
paraluni_2022,paraluni_2022__hn014,paraluni_2022,hard_negative_mined,bsc,0,k_3,3,219,0.0614334470989761,0.0070796460176991,0.0859676160765318,0.167360604696397,0.0004968470311723,0.0115576647222042,0.0004968470311723,0.0308623649179935,0.00062410737155,0.0115576647222042,0.0435538180172443,0.0308623649179935,0.00062410737155,0.002863141009584,0.002863141009584,0.0456388677842228,0.04,0.2417427897453308
paraluni_2022,paraluni_2022__hn014,paraluni_2022,hard_negative_mined,bsc,0,k_5,5,219,0.0614334470989761,0.0070796460176991,0.0808410934442716,0.0815610991649132,0.002237097127363,0.0024437739048153,0.002237097127363,0.0038575653452426,0.0016259901458397,0.0024437739048153,0.0024055636022239,0.0038575653452426,0.0016259901458397,0.0004975830670446,0.0004975830670446,0.0249269347947033,0.0358565737051792,0.09554007649421692
paraluni_2022,paraluni_2022__hn014,paraluni_2022,hard_negative_mined,bsc,0,k_7,7,219,0.0614334470989761,0.0070796460176991,0.0898079364597744,0.0701274048861333,0.0002368142595514,0.0035641444846987,0.0002368142595514,0.0073796832002699,0.0001225304295076,0.0035641444846987,0.2150093168020248,0.0073796832002699,0.0001225304295076,0.0006286626448854,0.0006286626448854,0.0288912866840407,0.0358565737051792,0.49502912163734436
paraluni_2022,paraluni_2022__hn014,paraluni_2022,hard_negative_mined,bsc,0,ratio_25,55,219,0.0614334470989761,0.0070796460176991,0.0808410934442716,0.0135267034676538,6.146920350147411e-05,0.0011051890905946,6.146920350147411e-05,0.002043779939413,4.3186882976442575e-05,0.0011051890905946,0.0080999759957194,0.002043779939413,4.3186882976442575e-05,0.0004209492180962,0.0004209492180962,0.0182519315130386,0.0246913580246913,0.053514573723077774
paraluni_2022,paraluni_2022__hn014,paraluni_2022,hard_negative_mined,bsc,0,ratio_50,110,219,0.0614334470989761,0.0070796460176991,0.0771808219893583,0.005,8.071201591519639e-05,0.0001316981943091,8.071201591519639e-05,0.0003668501740321,3.9515776734333485e-05,0.0001316981943091,0.0006834974628873,0.0003668501740321,3.9515776734333485e-05,0.0001057558038155,0.0001057558038155,0.0078618691374636,0.0059790732436472,0.18118008971214294
paraluni_2022,paraluni_2022__hn014,paraluni_2022,hard_negative_mined,bsc,0,ratio_75,165,219,0.0614334470989761,0.0070796460176991,0.0759948641362299,0.0,8.071201591519639e-05,8.358103514183313e-05,8.071201591519639e-05,0.0003414657257962,4.048076516482979e-05,8.358103514183313e-05,0.0006834974628873,0.0003414657257962,4.048076516482979e-05,0.0001057558038155,0.0001057558038155,0.0065608531834843,0.0059790732436472,0.5963736772537231
paraluni_2022,paraluni_2022__hn014,paraluni_2022,hard_negative_mined,bsc,0,ratio_100,219,219,0.0614334470989761,0.0070796460176991,0.0754161854810352,0.0,4.3131854909006506e-05,7.807931251591071e-05,4.3131854909006506e-05,0.0001864690129877,2.1573827325482853e-05,7.807931251591071e-05,0.0005558279226534,0.0001864690129877,2.1573827325482853e-05,9.866463369689882e-05,9.866463369689882e-05,0.0063853804923356,0.0059790732436472,0.26265543699264526
paraluni_2022,paraluni_2022__hn015,paraluni_2022,hard_negative_mined,bsc,0,ratio_25,1,1,0.0614334470989761,0.0,0.1162425187090555,0.0395984311617106,0.0119410874322056,0.0009696725173853,0.0119410874322056,0.001603431883268,0.0115921590477228,0.0009696725173853,0.0003591758431866,0.001603431883268,0.0115921590477228,0.0021344441920518,0.0021344441920518,0.0173351049343012,0.0246913580246913,0.15690496563911438
paraluni_2022,paraluni_2022__hn016,paraluni_2022,hard_negative_mined,bsc,0,ratio_25,1,2,0.0614334470989761,0.0,0.1162425187090555,0.0317809708442503,0.0023001967929303,0.0002485291915945,0.0023001967929303,0.0006460549193434,0.0052956445142626,0.0002485291915945,0.000497949833516,0.0006460549193434,0.0052956445142626,0.0005288404063321,0.0005288404063321,0.0101173937415981,0.0059790732436472,0.15690496563911438
paraluni_2022,paraluni_2022__hn016,paraluni_2022,hard_negative_mined,bsc,0,ratio_75,2,2,0.0614334470989761,0.0070796460176991,0.1162425187090555,0.6623437192009898,0.0033448440954089,0.0103360852226614,0.0033448440954089,0.0206134878098964,0.0046727918088436,0.0103360852226614,0.0075486521236598,0.0206134878098964,0.0046727918088436,0.0092720603570342,0.0092720603570342,0.0437077507831066,0.04,0.6484432816505432
paraluni_2022,paraluni_2022__hn017,paraluni_2022,hard_negative_mined,bsc,0,k_2,2,1000,0.0614334470989761,0.0070796460176991,0.0736729944820717,0.059005726897931,0.000469266960863,8.636661368655041e-05,0.000469266960863,0.0008810817380435,0.0001253820955753,8.636661368655041e-05,0.0010314701357856,0.0008810817380435,0.0001253820955753,0.0001582428085384,0.0001582428085384,0.006647039986146,0.0059790732436472,0.5834370851516724
paraluni_2022,paraluni_2022__hn017,paraluni_2022,hard_negative_mined,bsc,0,k_3,3,1000,0.0614334470989761,0.0070796460176991,0.0736729944820717,0.0379922067157374,5.9901809436269104e-05,9.866728214547038e-05,5.9901809436269104e-05,0.0002172074018744,0.000111858753371,9.866728214547038e-05,0.0007610715692862,0.0002172074018744,0.000111858753371,6.843259325250983e-05,6.843259325250983e-05,0.0070087955788124,0.0059790732436472,0.0924898311495781
paraluni_2022,paraluni_2022__hn017,paraluni_2022,hard_negative_mined,bsc,0,k_5,5,1000,0.0614334470989761,0.0070796460176991,0.0736729944820717,0.0560247738273754,0.0038746197242289,0.0006444031605497,0.0038746197242289,0.0028318641707301,0.0068461666814982,0.0006444031605497,0.0013816969003528,0.0028318641707301,0.0068461666814982,0.0005808350397273,0.0005808350397273,0.0147536258253217,0.0246913580246913,0.0282424408942461
paraluni_2022,paraluni_2022__hn017,paraluni_2022,hard_negative_mined,bsc,0,k_7,7,1000,0.0614334470989761,0.0070796460176991,0.0736729944820717,0.0511153641254467,0.0044674193486571,0.0006233241292648,0.0044674193486571,0.0017973294015973,0.0080776447430253,0.0006233241292648,0.0005520685808733,0.0017973294015973,0.0080776447430253,0.0006300323293544,0.0006300323293544,0.0145610414044599,0.0246913580246913,0.05407613143324852
paraluni_2022,paraluni_2022__hn017,paraluni_2022,hard_negative_mined,bsc,0,ratio_25,250,1000,0.0614334470989761,0.0070796460176991,0.0736729944820717,0.0042970073404856,0.0001259707496501,8.400333172176033e-05,0.0001259707496501,0.0001369806996081,0.000183758282219,8.400333172176033e-05,0.0005520685808733,0.0001369806996081,0.000183758282219,4.127178544877097e-05,4.127178544877097e-05,0.0065740297024216,0.0059790732436472,0.8005339503288269
paraluni_2022,paraluni_2022__hn017,paraluni_2022,hard_negative_mined,bsc,0,ratio_50,500,1000,0.0614334470989761,0.0070796460176991,0.0736729944820717,0.0002597402597402,9.522734217171092e-06,4.2894273065030575e-05,9.522734217171092e-06,6.218140333658084e-05,1.6488376786583103e-05,4.2894273065030575e-05,0.0002707805251702,6.218140333658084e-05,1.6488376786583103e-05,2.43248632614268e-05,2.43248632614268e-05,0.0050296427405092,0.0059790732436472,0.6425840854644775
paraluni_2022,paraluni_2022__hn017,paraluni_2022,hard_negative_mined,bsc,0,ratio_75,750,1000,0.0614334470989761,0.0070796460176991,0.0736729944820717,0.0052597402597402,6.695323099847883e-05,8.400333172176033e-05,6.695323099847883e-05,0.0001214917210745,0.0001595357462065,8.400333172176033e-05,0.0005520685808733,0.0001214917210745,0.0001595357462065,3.716745777637698e-05,3.716745777637698e-05,0.0065740297024216,0.0059790732436472,0.8480186462402344
paraluni_2022,paraluni_2022__hn017,paraluni_2022,hard_negative_mined,bsc,0,ratio_100,1000,1000,0.0614334470989761,0.0070796460176991,0.0736729944820717,0.0052597402597402,0.0001191231640405,8.400333172176033e-05,0.0001191231640405,0.0001214917210745,0.0002585592446848,8.400333172176033e-05,0.0005520685808733,0.0001214917210745,0.0002585592446848,4.127178544877097e-05,4.127178544877097e-05,0.0065740297024216,0.0059790732436472,0.8038389086723328
paraluni_2022,paraluni_2022__hn020,paraluni_2022,hard_negative_mined,bsc,0,ratio_25,1,1,0.0614334470989761,0.0,0.1162425187090555,0.016332704571853,0.0005392025341279,0.0001233928196597,0.0005392025341279,0.0001610213948879,0.0008214046247303,0.0001233928196597,0.0002947912726085,0.0001610213948879,0.0008214046247303,0.0002031374024227,0.0002031374024227,0.0076608453020782,0.0059790732436472,0.15690496563911438
paraluni_2022,paraluni_2022__hn021,paraluni_2022,hard_negative_mined,bsc,0,ratio_25,1,1,0.0614334470989761,0.0,0.0736729944820717,0.0003092783505154,8.165134931914508e-05,0.0001660099806031,8.165134931914508e-05,0.0002685450599528,0.0001209748515975,0.0001660099806031,0.0007712858496233,0.0002685450599528,0.0001209748515975,0.0002201638271799,0.0002201638271799,0.0086196901489494,0.0059790732436472,0.17899760603904724
radiant_capital_arbitrum_2024,radiant_capital_arbitrum_2024__hn000,radiant_capital_arbitrum_2024,hard_negative_mined,arbitrum,0,k_2,2,60,0.0630105017502917,0.0106194690265486,0.0304761041791293,0.1891904117102397,0.0286556016653776,0.0011634384281933,0.0286556016653776,0.0004880366614088,0.0089084282517433,0.0011634384281933,0.0086742918938398,0.0004880366614088,0.0089084282517433,0.00620425818488,0.00620425818488,0.018208065283878,0.0116279069767441,0.0033418729435652494
radiant_capital_arbitrum_2024,radiant_capital_arbitrum_2024__hn000,radiant_capital_arbitrum_2024,hard_negative_mined,arbitrum,0,k_3,3,60,0.0630105017502917,0.0106194690265486,0.0226198146345004,0.0942464502224753,0.0015305679989978,0.0001261140132555,0.0015305679989978,0.0001480054634157,0.000659866083879,0.0001261140132555,0.0002431514876661,0.0001480054634157,0.000659866083879,0.0005631308304145,0.0005631308304145,0.0081104792067822,0.0,0.003472359851002693
radiant_capital_arbitrum_2024,radiant_capital_arbitrum_2024__hn000,radiant_capital_arbitrum_2024,hard_negative_mined,arbitrum,0,k_5,5,60,0.0630105017502917,0.0106194690265486,0.0254918386074238,0.0736441672052102,0.0017157503170892,0.0005053813802078,0.0017157503170892,0.0005539933335967,0.0013178141089156,0.0005053813802078,8.16071406006813e-05,0.0005539933335967,0.0013178141089156,0.0014433345058932,0.0014433345058932,0.0134539906058339,0.0065573770491803,0.0008611241937614977
radiant_capital_arbitrum_2024,radiant_capital_arbitrum_2024__hn000,radiant_capital_arbitrum_2024,hard_negative_mined,arbitrum,0,k_7,7,60,0.0630105017502917,0.0106194690265486,0.0346016608585768,0.0535868867600948,0.0008573780069127,0.0003725244023371,0.0008573780069127,0.0026647371705621,0.0002487985184416,0.0003725244023371,4.8698839236749336e-05,0.0026647371705621,0.0002487985184416,0.0002928379690274,0.0002928379690274,0.012040710855339,0.0065573770491803,0.002437967574223876
radiant_capital_arbitrum_2024,radiant_capital_arbitrum_2024__hn000,radiant_capital_arbitrum_2024,hard_negative_mined,arbitrum,0,ratio_25,15,60,0.0630105017502917,0.031858407079646,0.0517239260114611,0.0960267705043046,0.003082119859755,0.0050950273871421,0.003082119859755,0.0049441326409578,0.0044154343195259,0.0050950273871421,0.005228804424405,0.0049441326409578,0.0044154343195259,0.007726218085736,0.007726218085736,0.0310088507384446,0.0365535248041775,0.0012968482915312052
radiant_capital_arbitrum_2024,radiant_capital_arbitrum_2024__hn000,radiant_capital_arbitrum_2024,hard_negative_mined,arbitrum,0,ratio_50,30,60,0.0630105017502917,0.0548672566371681,0.0615134378702685,0.1273525095328014,0.0111181270331144,0.0007921763462945,0.0111181270331144,0.0004066095571033,0.0262468233704566,0.0007921763462945,0.0002997940755449,0.0004066095571033,0.0262468233704566,0.004099978134036,0.004099978134036,0.015840077027589,0.0116279069767441,0.00849111843854189
radiant_capital_arbitrum_2024,radiant_capital_arbitrum_2024__hn000,radiant_capital_arbitrum_2024,hard_negative_mined,arbitrum,0,ratio_75,45,60,0.0630105017502917,0.079646017699115,0.0651450269197092,0.1741880929339854,0.0047196457162499,0.0127194924280047,0.0047196457162499,0.0041410843841731,0.0085861878469586,0.0127194924280047,0.0107509279623627,0.0041410843841731,0.0085861878469586,0.0124826626852154,0.0124826626852154,0.0430201469130109,0.0365535248041775,0.0038605257868766785
radiant_capital_arbitrum_2024,radiant_capital_arbitrum_2024__hn000,radiant_capital_arbitrum_2024,hard_negative_mined,arbitrum,0,ratio_100,60,60,0.0630105017502917,0.1026548672566371,0.0670347559280127,0.1582068083711439,0.0079668620601296,0.0083499336615204,0.0079668620601296,0.002395675284788,0.008074871264398,0.0083499336615204,0.0022357332054525,0.002395675284788,0.008074871264398,0.0120899993926286,0.0120899993926286,0.0370122392783537,0.0365535248041775,0.04282158240675926
radiant_capital_arbitrum_2024,radiant_capital_arbitrum_2024__hn001,radiant_capital_arbitrum_2024,hard_negative_mined,arbitrum,0,k_2,2,267,0.0630105017502917,0.0123893805309734,0.0123896856414215,0.8015474440442223,0.468431144952774,0.335595428943634,0.468431144952774,0.2532666623592376,0.7828370928764343,0.335595428943634,0.0264178961515426,0.2532666623592376,0.7828370928764343,0.2129099071025848,0.2129099071025848,0.1479804681679949,0.175,0.0038860361091792583
radiant_capital_arbitrum_2024,radiant_capital_arbitrum_2024__hn001,radiant_capital_arbitrum_2024,hard_negative_mined,arbitrum,0,k_3,3,267,0.0630105017502917,0.0141592920353982,0.0226198146345004,0.8127319890230439,0.9265431761741638,0.4860703647136688,0.9265431761741638,0.6024572253227234,0.9755793809890748,0.4860703647136688,0.259640485048294,0.6024572253227234,0.9755793809890748,0.4785732328891754,0.4785732328891754,0.1795422469623941,0.3189655172413793,0.029521359130740166
radiant_capital_arbitrum_2024,radiant_capital_arbitrum_2024__hn001,radiant_capital_arbitrum_2024,hard_negative_mined,arbitrum,0,k_5,5,267,0.0630105017502917,0.0336283185840707,0.0177929606114115,0.4828971592269541,0.0967571660876274,0.0539692901074886,0.0967571660876274,0.0284322332590818,0.2919348180294037,0.0539692901074886,0.0087149925529956,0.0284322332590818,0.2919348180294037,0.21335169672966,0.21335169672966,0.0721612097112641,0.0693069306930693,0.003939486108720303
radiant_capital_arbitrum_2024,radiant_capital_arbitrum_2024__hn001,radiant_capital_arbitrum_2024,hard_negative_mined,arbitrum,0,k_7,7,267,0.0630105017502917,0.0336283185840707,0.016048239948196,0.4674444237080176,0.1409393846988678,0.0234507359564304,0.1409393846988678,0.0162545330822467,0.2667661011219024,0.0234507359564304,0.0069994190707802,0.0162545330822467,0.2667661011219024,0.2035571485757827,0.2035571485757827,0.0535189476463641,0.04,0.0007771819946356118
radiant_capital_arbitrum_2024,radiant_capital_arbitrum_2024__hn001,radiant_capital_arbitrum_2024,hard_negative_mined,arbitrum,0,ratio_25,67,267,0.0630105017502917,0.0619469026548672,0.0149720391870807,0.179164276245791,0.0019507766701281,0.0010986662236973,0.0019507766701281,0.0027351283933967,0.0051891910843551,0.0010986662236973,4.056853140355088e-05,0.0027351283933967,0.0051891910843551,0.0002934657095465,0.0002934657095465,0.0178342127098345,0.0116279069767441,0.003133133053779602
radiant_capital_arbitrum_2024,radiant_capital_arbitrum_2024__hn001,radiant_capital_arbitrum_2024,hard_negative_mined,arbitrum,0,ratio_50,134,267,0.0630105017502917,0.0690265486725663,0.0139939831060104,0.1787941147308926,0.0019507766701281,0.0007857374730519,0.0019507766701281,0.0020294229034334,0.0039012492634356,0.0007857374730519,3.135858059977181e-05,0.0020294229034334,0.0039012492634356,0.0003122256312053,0.0003122256312053,0.0157932380493537,0.0116279069767441,0.0005722852656617761
radiant_capital_arbitrum_2024,radiant_capital_arbitrum_2024__hn001,radiant_capital_arbitrum_2024,hard_negative_mined,arbitrum,0,ratio_75,201,267,0.0630105017502917,0.1026548672566371,0.0144679168817159,0.138109022556391,0.0028475716244429,0.0008506823796778,0.0028475716244429,0.0025310884229838,0.0004981843521818,0.0008506823796778,2.4173878045985475e-05,0.0025310884229838,0.0004981843521818,0.0004342169850133,0.0004342169850133,0.0162548813410781,0.0116279069767441,0.0004944017273373902
radiant_capital_arbitrum_2024,radiant_capital_arbitrum_2024__hn001,radiant_capital_arbitrum_2024,hard_negative_mined,arbitrum,0,ratio_100,267,267,0.0630105017502917,0.1575221238938053,0.0174118275645548,0.2078181050284451,0.0004409688990563,0.0001976810744963,0.0004409688990563,0.0007592385518364,0.0002874659840017,0.0001976810744963,4.6767250751145184e-05,0.0007592385518364,0.0002874659840017,0.0004599352832883,0.0004599352832883,0.0095573086785089,0.0065573770491803,0.018597891554236412
radiant_capital_arbitrum_2024,radiant_capital_arbitrum_2024__hn002,radiant_capital_arbitrum_2024,hard_negative_mined,arbitrum,0,ratio_25,1,1,0.0630105017502917,0.0035398230088495,0.0123896856414215,0.0006788223569458,9.968666563509032e-05,8.980513666756451e-05,9.968666563509032e-05,9.990868420572951e-05,7.679130794713274e-05,8.980513666756451e-05,0.0001416359154973,9.990868420572951e-05,7.679130794713274e-05,6.738115916959941e-05,6.738115916959941e-05,0.0071635877765834,0.0,0.011707610450685024
radiant_capital_arbitrum_2024,radiant_capital_arbitrum_2024__hn003,radiant_capital_arbitrum_2024,hard_negative_mined,arbitrum,0,k_2,2,24,0.0630105017502917,0.0106194690265486,0.0123896856414215,0.0399389091382753,0.0012259872164577,0.0007435671868734,0.0012259872164577,0.0006234129541553,0.0019453326240181,0.0007435671868734,0.0010640179971233,0.0006234129541553,0.0019453326240181,0.0008493710192851,0.0008493710192851,0.0154802074018057,0.0116279069767441,0.011432886123657227
radiant_capital_arbitrum_2024,radiant_capital_arbitrum_2024__hn003,radiant_capital_arbitrum_2024,hard_negative_mined,arbitrum,0,k_3,3,24,0.0630105017502917,0.0106194690265486,0.0123896856414215,0.0728271613576533,0.0012259872164577,0.0007435671868734,0.0012259872164577,0.0006234129541553,0.0019453326240181,0.0007435671868734,0.0005387373385019,0.0006234129541553,0.0019453326240181,0.0008493710192851,0.0008493710192851,0.0154802074018057,0.0116279069767441,0.006877309642732143
radiant_capital_arbitrum_2024,radiant_capital_arbitrum_2024__hn003,radiant_capital_arbitrum_2024,hard_negative_mined,arbitrum,0,k_5,5,24,0.0630105017502917,0.0106194690265486,0.0123896856414215,0.0579981953495798,0.0010393917327746,0.000714712194167,0.0010393917327746,0.0004300660802982,0.0018116609426215,0.000714712194167,0.0005387373385019,0.0004300660802982,0.0018116609426215,0.000776641536504,0.000776641536504,0.0152593902206193,0.0116279069767441,0.004264329094439745
radiant_capital_arbitrum_2024,radiant_capital_arbitrum_2024__hn003,radiant_capital_arbitrum_2024,hard_negative_mined,arbitrum,0,ratio_25,6,24,0.0630105017502917,0.0106194690265486,0.0123896856414215,0.0579981953495798,0.0010393917327746,0.000714712194167,0.0010393917327746,0.0004300660802982,0.0018116609426215,0.000714712194167,0.0005387373385019,0.0004300660802982,0.0018116609426215,0.000776641536504,0.000776641536504,0.0152593902206193,0.0116279069767441,0.0038301816675812006
radiant_capital_arbitrum_2024,radiant_capital_arbitrum_2024__hn003,radiant_capital_arbitrum_2024,hard_negative_mined,arbitrum,0,k_7,7,24,0.0630105017502917,0.0106194690265486,0.0123896856414215,0.0579981953495798,0.0010393917327746,0.000714712194167,0.0010393917327746,0.0004300660802982,0.0019822518806904,0.000714712194167,0.0005387373385019,0.0004300660802982,0.0019822518806904,0.000776641536504,0.000776641536504,0.0152593902206193,0.0116279069767441,0.0035674921236932278
radiant_capital_arbitrum_2024,radiant_capital_arbitrum_2024__hn003,radiant_capital_arbitrum_2024,hard_negative_mined,arbitrum,0,ratio_50,12,24,0.0630105017502917,0.0106194690265486,0.0123896856414215,0.0619981953495799,0.0025801823940128,0.0004257303371559,0.0025801823940128,0.0002711967681534,0.0032829735428094,0.0004257303371559,0.0005387373385019,0.0002711967681534,0.0032829735428094,0.0008160640136338,0.0008160640136338,0.0126402764024276,0.0065573770491803,0.0031356944236904383
radiant_capital_arbitrum_2024,radiant_capital_arbitrum_2024__hn003,radiant_capital_arbitrum_2024,hard_negative_mined,arbitrum,0,ratio_75,18,24,0.0630105017502917,0.0106194690265486,0.0123896856414215,0.1022429465711284,0.0072793401777744,0.0002743233344517,0.0072793401777744,0.0001786006905604,0.0011078042443841,0.0002743233344517,0.0005387373385019,0.0001786006905604,0.0011078042443841,0.0002982585865538,0.0002982585865538,0.0107705404143787,0.0065573770491803,0.0015357638476416469
radiant_capital_arbitrum_2024,radiant_capital_arbitrum_2024__hn003,radiant_capital_arbitrum_2024,hard_negative_mined,arbitrum,0,ratio_100,24,24,0.0630105017502917,0.0106194690265486,0.0123896856414215,0.0799397945966987,0.0036921706050634,0.0001802851475076,0.0036921706050634,0.0001101644447771,0.0011102897115051,0.0001802851475076,0.0005387373385019,0.0001101644447771,0.0011102897115051,0.0002842603716999,0.0002842603716999,0.0092413117531647,0.0065573770491803,0.0011534243822097778
radiant_capital_arbitrum_2024,radiant_capital_arbitrum_2024__hn004,radiant_capital_arbitrum_2024,hard_negative_mined,arbitrum,0,k_2,2,142,0.0630105017502917,0.0106194690265486,0.0123896856414215,0.070650114314138,0.0037296873051673,0.0002270007098559,0.0037296873051673,0.0001513025636086,0.0020735936705023,0.0002270007098559,0.0003869964275509,0.0001513025636086,0.0020735936705023,0.0007946697878651,0.0007946697878651,0.0100519431283359,0.0065573770491803,0.0038860361091792583
radiant_capital_arbitrum_2024,radiant_capital_arbitrum_2024__hn004,radiant_capital_arbitrum_2024,hard_negative_mined,arbitrum,0,k_3,3,142,0.0630105017502917,0.0106194690265486,0.0123896856414215,0.0397691527033897,0.0015112775145098,0.0001396302250213,0.0015112775145098,0.0002152851666323,0.0006937059224583,0.0001396302250213,0.0009794319048523,0.0002152851666323,0.0006937059224583,0.0003678326320368,0.0003678326320368,0.0084178872269247,0.0,0.0008772221044637263
radiant_capital_arbitrum_2024,radiant_capital_arbitrum_2024__hn004,radiant_capital_arbitrum_2024,hard_negative_mined,arbitrum,0,k_5,5,142,0.0630105017502917,0.0106194690265486,0.0123896856414215,0.0844744845452265,0.0024265677202492,0.0002875854843296,0.0024265677202492,0.0001950421137735,0.0010846194345504,0.0002875854843296,0.0086931455880403,0.0001950421137735,0.0010846194345504,0.0005456595681607,0.0005456595681607,0.0109574931427652,0.0065573770491803,0.00021326947899069637
radiant_capital_arbitrum_2024,radiant_capital_arbitrum_2024__hn004,radiant_capital_arbitrum_2024,hard_negative_mined,arbitrum,0,k_7,7,142,0.0630105017502917,0.0106194690265486,0.0123896856414215,0.0257839051944194,0.0001757668505888,6.773923814762384e-05,0.0001757668505888,0.0001069184509105,9.959574526874349e-05,6.773923814762384e-05,0.0002782102092169,0.0001069184509105,9.959574526874349e-05,0.0001362197508569,0.0001362197508569,0.0064613016805148,0.0,0.0007361556054092944
radiant_capital_arbitrum_2024,radiant_capital_arbitrum_2024__hn004,radiant_capital_arbitrum_2024,hard_negative_mined,arbitrum,0,ratio_25,36,142,0.0630105017502917,0.0106194690265486,0.0123896856414215,0.0161188880590186,0.0002293710858793,6.44894244032912e-05,0.0002293710858793,0.0001233825751114,0.0001318118884228,6.44894244032912e-05,0.0002782102092169,0.0001233825751114,0.0001318118884228,0.0001875713933259,0.0001875713933259,0.0063460566630922,0.0,0.0002573997771833092
radiant_capital_arbitrum_2024,radiant_capital_arbitrum_2024__hn004,radiant_capital_arbitrum_2024,hard_negative_mined,arbitrum,0,ratio_50,71,142,0.0630105017502917,0.0106194690265486,0.0123896856414215,0.0101033979292418,0.0001659317931625,5.073298234492541e-05,0.0001659317931625,9.601713827578352e-05,9.488430805504322e-05,5.073298234492541e-05,0.0002782102092169,9.601713827578352e-05,9.488430805504322e-05,0.0001268901251023,0.0001268901251023,0.0058123100215398,0.0,0.0005798396305181086
radiant_capital_arbitrum_2024,radiant_capital_arbitrum_2024__hn004,radiant_capital_arbitrum_2024,hard_negative_mined,arbitrum,0,ratio_75,107,142,0.0630105017502917,0.0106194690265486,0.0123896856414215,0.0024002329365582,0.0002150650252588,5.310347842168994e-05,0.0002150650252588,8.053764031501487e-05,0.0002314965240657,5.310347842168994e-05,7.12223190930672e-05,8.053764031501487e-05,0.0002314965240657,6.122309423517436e-05,6.122309423517436e-05,0.0059103414562263,0.0,0.00022496696328744292
radiant_capital_arbitrum_2024,radiant_capital_arbitrum_2024__hn004,radiant_capital_arbitrum_2024,hard_negative_mined,arbitrum,0,ratio_100,142,142,0.0630105017502917,0.0106194690265486,0.0123896856414215,0.0102838720152201,0.0001995450584217,7.135536725400016e-05,0.0001995450584217,0.000154166118591,7.813248521415517e-05,7.135536725400016e-05,0.0020009218715131,0.000154166118591,7.813248521415517e-05,0.0001754114200593,0.0001754114200593,0.0065854739886401,0.0,0.0005504500004462898
radiant_capital_arbitrum_2024,radiant_capital_arbitrum_2024__hn005,radiant_capital_arbitrum_2024,hard_negative_mined,arbitrum,0,ratio_25,1,1,0.0630105017502917,0.0035398230088495,0.0123896856414215,0.0006788223569458,9.968666563509032e-05,8.980513666756451e-05,9.968666563509032e-05,9.990868420572951e-05,7.679130794713274e-05,8.980513666756451e-05,0.0001416359154973,9.990868420572951e-05,7.679130794713274e-05,6.738115916959941e-05,6.738115916959941e-05,0.0071635877765834,0.0,0.011707610450685024
radiant_capital_arbitrum_2024,radiant_capital_arbitrum_2024__hn006,radiant_capital_arbitrum_2024,hard_negative_mined,arbitrum,0,k_2,2,22,0.0630105017502917,0.0123893805309734,0.0123896856414215,0.2734481956707389,0.0249336156994104,0.0216266307979822,0.0249336156994104,0.0172081477940082,0.0705398023128509,0.0216266307979822,0.0059860926121473,0.0172081477940082,0.0705398023128509,0.0218827817589044,0.0218827817589044,0.051993921449418,0.04,0.011432886123657227
radiant_capital_arbitrum_2024,radiant_capital_arbitrum_2024__hn006,radiant_capital_arbitrum_2024,hard_negative_mined,arbitrum,0,k_3,3,22,0.0630105017502917,0.0141592920353982,0.0123896856414215,0.3319253549200122,0.0792053490877151,0.027442067861557,0.0792053490877151,0.0243686325848102,0.2932223975658417,0.027442067861557,0.00635940534994,0.0243686325848102,0.2932223975658417,0.0343924276530742,0.0343924276530742,0.0566094925783601,0.0588235294117647,0.006877309642732143
radiant_capital_arbitrum_2024,radiant_capital_arbitrum_2024__hn006,radiant_capital_arbitrum_2024,hard_negative_mined,arbitrum,0,k_5,5,22,0.0630105017502917,0.0176991150442477,0.0123896856414215,0.4723122838851642,0.2951115667819977,0.032246321439743,0.2951115667819977,0.0123594366014003,0.3218298554420471,0.032246321439743,0.0084482748061418,0.0123594366014003,0.3218298554420471,0.0680569931864738,0.0680569931864738,0.0599711411932461,0.0693069306930693,0.0018656408647075295
radiant_capital_arbitrum_2024,radiant_capital_arbitrum_2024__hn006,radiant_capital_arbitrum_2024,hard_negative_mined,arbitrum,0,ratio_25,6,22,0.0630105017502917,0.0194690265486725,0.0123896856414215,0.4268826605111314,0.2915689051151275,0.0219336245208978,0.2915689051151275,0.0073042889125645,0.2120324671268463,0.0219336245208978,0.0042942529544234,0.0073042889125645,0.2120324671268463,0.0185253415256738,0.0185253415256738,0.052256193236499,0.04,0.0014467769069597125
radiant_capital_arbitrum_2024,radiant_capital_arbitrum_2024__hn006,radiant_capital_arbitrum_2024,hard_negative_mined,arbitrum,0,k_7,7,22,0.0630105017502917,0.0212389380530973,0.0123896856414215,0.3919247547193119,0.0625189989805221,0.0151802776381373,0.0625189989805221,0.0043566799722611,0.2176260352134704,0.0151802776381373,0.0042942529544234,0.0043566799722611,0.2176260352134704,0.0118056023493409,0.0118056023493409,0.045824035961651,0.0365535248041775,0.0015806480078026652
radiant_capital_arbitrum_2024,radiant_capital_arbitrum_2024__hn006,radiant_capital_arbitrum_2024,hard_negative_mined,arbitrum,0,ratio_50,11,22,0.0630105017502917,0.0283185840707964,0.0123896856414215,0.4634808206862629,0.4427991807460785,0.0219336245208978,0.4427991807460785,0.0074644861742854,0.2895246148109436,0.0219336245208978,0.0042942529544234,0.0074644861742854,0.2895246148109436,0.0176187120378017,0.0176187120378017,0.052256193236499,0.04,0.0006723764818161726
radiant_capital_arbitrum_2024,radiant_capital_arbitrum_2024__hn006,radiant_capital_arbitrum_2024,hard_negative_mined,arbitrum,0,ratio_75,17,22,0.0630105017502917,0.0389380530973451,0.0123896856414215,0.1235162580885998,0.0077722608111798,0.000929734786041,0.0077722608111798,0.0005573491216637,0.0034727263264358,0.000929734786041,0.0042942529544234,0.0005573491216637,0.0034727263264358,0.0028801346197724,0.0028801346197724,0.0167872056599125,0.0116279069767441,0.0006751362816430628
radiant_capital_arbitrum_2024,radiant_capital_arbitrum_2024__hn006,radiant_capital_arbitrum_2024,hard_negative_mined,arbitrum,0,ratio_100,22,22,0.0630105017502917,0.047787610619469,0.0123896856414215,0.1240255173478591,0.0059313303790986,0.000929734786041,0.0059313303790986,0.0004632164782378,0.0014565914170816,0.000929734786041,0.0033225684892386,0.0004632164782378,0.0014565914170816,0.0029316686559468,0.0029316686559468,0.0167872056599125,0.0116279069767441,0.0008330675773322582
radiant_capital_arbitrum_2024,radiant_capital_arbitrum_2024__hn007,radiant_capital_arbitrum_2024,hard_negative_mined,arbitrum,0,ratio_25,1,3,0.0630105017502917,0.0035398230088495,0.0123896856414215,0.0006788223569458,8.682913903612643e-05,8.980513666756451e-05,8.682913903612643e-05,9.397583926329388e-05,7.679130794713274e-05,8.980513666756451e-05,7.837067096261308e-05,9.397583926329388e-05,7.679130794713274e-05,6.738115916959941e-05,6.738115916959941e-05,0.0071635877765834,0.0,0.011707610450685024
radiant_capital_arbitrum_2024,radiant_capital_arbitrum_2024__hn007,radiant_capital_arbitrum_2024,hard_negative_mined,arbitrum,0,ratio_50,2,3,0.0630105017502917,0.0106194690265486,0.0123896856414215,0.0525791476563277,0.0045320531353354,0.0002993770467583,0.0045320531353354,0.0001592220796737,0.00366100971587,0.0002993770467583,0.000505706469994,0.0001592220796737,0.00366100971587,0.0017316879238933,0.0017316879238933,0.0111191397981472,0.0065573770491803,0.01981833018362522
radiant_capital_arbitrum_2024,radiant_capital_arbitrum_2024__hn007,radiant_capital_arbitrum_2024,hard_negative_mined,arbitrum,0,ratio_75,3,3,0.0630105017502917,0.0106194690265486,0.0123896856414215,0.0815266135371934,0.0048920516856014,0.0032174552325159,0.0048920516856014,0.0026317790616303,0.0098949149250984,0.0032174552325159,0.0002559803251642,0.0026317790616303,0.0098949149250984,0.0116550866514444,0.0116550866514444,0.026287573281897,0.0365535248041775,0.002307525835931301
radiant_capital_arbitrum_2024,radiant_capital_arbitrum_2024__hn008,radiant_capital_arbitrum_2024,hard_negative_mined,arbitrum,0,ratio_25,1,1,0.0630105017502917,0.0,0.1015547078294767,0.0006788223569458,8.682913903612643e-05,3.230202855775133e-05,8.682913903612643e-05,2.4968350771814585e-05,7.679130794713274e-05,3.230202855775133e-05,5.953012077952735e-05,2.4968350771814585e-05,7.679130794713274e-05,2.5216617359546944e-05,2.5216617359546944e-05,0.0049261175959879,0.0,0.13755165040493011
radiant_capital_arbitrum_2024,radiant_capital_arbitrum_2024__hn009,radiant_capital_arbitrum_2024,hard_negative_mined,arbitrum,0,ratio_25,1,2,0.0630105017502917,0.0035398230088495,0.0123896856414215,0.0006788223569458,9.968666563509032e-05,8.980513666756451e-05,9.968666563509032e-05,9.990868420572951e-05,7.679130794713274e-05,8.980513666756451e-05,0.0001416359154973,9.990868420572951e-05,7.679130794713274e-05,6.738115916959941e-05,6.738115916959941e-05,0.0071635877765834,0.0,0.011707610450685024
radiant_capital_arbitrum_2024,radiant_capital_arbitrum_2024__hn009,radiant_capital_arbitrum_2024,hard_negative_mined,arbitrum,0,ratio_75,2,2,0.0630105017502917,0.0106194690265486,0.0123896856414215,0.1482771337836595,0.0182973649352788,0.0016532045556232,0.0182973649352788,0.0010709847556427,0.0155890835449099,0.0016532045556232,0.0010640179971233,0.0010709847556427,0.0155890835449099,0.0023166444152593,0.0023166444152593,0.0206757092377788,0.02,0.011432886123657227
radiant_capital_arbitrum_2024,radiant_capital_arbitrum_2024__hn010,radiant_capital_arbitrum_2024,hard_negative_mined,arbitrum,0,ratio_25,1,4,0.0630105017502917,0.0035398230088495,0.0123896856414215,0.0006788223569458,8.682913903612643e-05,8.980513666756451e-05,8.682913903612643e-05,9.397583926329388e-05,7.679130794713274e-05,8.980513666756451e-05,7.837067096261308e-05,9.397583926329388e-05,7.679130794713274e-05,6.738115916959941e-05,6.738115916959941e-05,0.0071635877765834,0.0,0.011707610450685024
radiant_capital_arbitrum_2024,radiant_capital_arbitrum_2024__hn010,radiant_capital_arbitrum_2024,hard_negative_mined,arbitrum,0,ratio_50,2,4,0.0630105017502917,0.0106194690265486,0.0304761041791293,0.1055405926163371,0.0331074930727481,0.0022043515928089,0.0331074930727481,0.0009860279969871,0.018845085054636,0.0022043515928089,0.0086742918938398,0.0009860279969871,0.018845085054636,0.0101595735177397,0.0101595735177397,0.0229391096357396,0.0365535248041775,0.0033418729435652494
radiant_capital_arbitrum_2024,radiant_capital_arbitrum_2024__hn010,radiant_capital_arbitrum_2024,hard_negative_mined,arbitrum,0,ratio_75,3,4,0.0630105017502917,0.0106194690265486,0.0226198146345004,0.1119444623913859,0.0027787836734205,0.0007765945629216,0.0027787836734205,0.0008335260790772,0.000757489237003,0.0007765945629216,0.0012069138465449,0.0008335260790772,0.000757489237003,0.004039186052978,0.004039186052978,0.0157263033920901,0.0116279069767441,0.003472359851002693
radiant_capital_arbitrum_2024,radiant_capital_arbitrum_2024__hn010,radiant_capital_arbitrum_2024,hard_negative_mined,arbitrum,0,ratio_100,4,4,0.0630105017502917,0.0106194690265486,0.0194714390489643,0.1322932264666231,0.0157917104661464,0.0016319061396643,0.0157917104661464,0.0019282344728708,0.0086556058377027,0.0016319061396643,0.0006598957115784,0.0019282344728708,0.0086556058377027,0.0171842128038406,0.0171842128038406,0.0205790476883331,0.02,0.0014313985593616962
radiant_capital_arbitrum_2024,radiant_capital_arbitrum_2024__hn011,radiant_capital_arbitrum_2024,hard_negative_mined,arbitrum,0,ratio_25,1,4,0.0630105017502917,0.0035398230088495,0.0123896856414215,0.0006788223569458,9.968666563509032e-05,8.980513666756451e-05,9.968666563509032e-05,9.990868420572951e-05,7.679130794713274e-05,8.980513666756451e-05,0.0001416359154973,9.990868420572951e-05,7.679130794713274e-05,6.738115916959941e-05,6.738115916959941e-05,0.0071635877765834,0.0,0.011707610450685024
radiant_capital_arbitrum_2024,radiant_capital_arbitrum_2024__hn011,radiant_capital_arbitrum_2024,hard_negative_mined,arbitrum,0,ratio_50,2,4,0.0630105017502917,0.0106194690265486,0.0123896856414215,0.0758114643191527,0.0035516042262315,0.00033610756509,0.0035516042262315,0.0003196552279405,0.0032275104895234,0.00033610756509,0.0019335671095177,0.0003196552279405,0.0032275104895234,0.0009492533281445,0.0009492533281445,0.0115979769676962,0.0065573770491803,0.0038860361091792583
radiant_capital_arbitrum_2024,radiant_capital_arbitrum_2024__hn011,radiant_capital_arbitrum_2024,hard_negative_mined,arbitrum,0,ratio_75,3,4,0.0630105017502917,0.0123893805309734,0.0226198146345004,0.1289270846986464,0.0006798729882575,0.0002919278631452,0.0006798729882575,0.0002575875842012,0.0010566113051027,0.0002919278631452,0.001687463838607,0.0002575875842012,0.0010566113051027,0.0013783652102574,0.0013783652102574,0.0110175058270832,0.0065573770491803,0.029521359130740166
radiant_capital_arbitrum_2024,radiant_capital_arbitrum_2024__hn011,radiant_capital_arbitrum_2024,hard_negative_mined,arbitrum,0,ratio_100,4,4,0.0630105017502917,0.0141592920353982,0.0194714390489643,0.1597654518697717,0.0110289817675948,0.0001433906581951,0.0110289817675948,0.0001323132164543,0.0082026571035385,0.0001433906581951,0.004479419440031,0.0001323132164543,0.0082026571035385,0.0007674883818253,0.0007674883818253,0.0085000122291174,0.0,0.009237305261194706
radiant_capital_arbitrum_2024,radiant_capital_arbitrum_2024__hn012,radiant_capital_arbitrum_2024,hard_negative_mined,arbitrum,0,k_2,2,113,0.0630105017502917,0.0106194690265486,0.0123896856414215,0.0586251574421543,0.0024178894236683,0.001397515181452,0.0024178894236683,0.0009368262253701,0.0013421956682577,0.001397515181452,0.0003869964275509,0.0009368262253701,0.0013421956682577,0.0012448895722627,0.0012448895722627,0.019457078434075,0.02,0.0038860361091792583
radiant_capital_arbitrum_2024,radiant_capital_arbitrum_2024__hn012,radiant_capital_arbitrum_2024,hard_negative_mined,arbitrum,0,k_3,3,113,0.0630105017502917,0.0106194690265486,0.0123896856414215,0.08998468953985,0.0029614530503749,0.0032080747187137,0.0029614530503749,0.0013987828278914,0.0167099684476852,0.0032080747187137,0.0177722219377756,0.0013987828278914,0.0167099684476852,0.007193402852863,0.007193402852863,0.0262599662346557,0.0365535248041775,0.0008772221044637263
radiant_capital_arbitrum_2024,radiant_capital_arbitrum_2024__hn012,radiant_capital_arbitrum_2024,hard_negative_mined,arbitrum,0,k_5,5,113,0.0630105017502917,0.0106194690265486,0.0123896856414215,0.0502849639812977,0.0017987978644669,0.0002616050187498,0.0017987978644669,0.0001300567528232,0.0023902454413473,0.0002616050187498,0.0001958792854566,0.0001300567528232,0.0023902454413473,0.0008737543248571,0.0008737543248571,0.010585746088657,0.0065573770491803,0.00034067899105139077
radiant_capital_arbitrum_2024,radiant_capital_arbitrum_2024__hn012,radiant_capital_arbitrum_2024,hard_negative_mined,arbitrum,0,k_7,7,113,0.0630105017502917,0.0106194690265486,0.0123896856414215,0.0647964431357998,0.000463265721919,8.367689588339999e-05,0.000463265721919,0.0001191004412248,0.0001872661814559,8.367689588339999e-05,0.0009794319048523,0.0001191004412248,0.0001872661814559,0.0002140183059964,0.0002140183059964,0.0069807394852485,0.0,0.0003231963491998613
radiant_capital_arbitrum_2024,radiant_capital_arbitrum_2024__hn012,radiant_capital_arbitrum_2024,hard_negative_mined,arbitrum,0,ratio_25,29,113,0.0630105017502917,0.0106194690265486,0.0123896856414215,0.0150004670063871,0.0002912847849074,6.620430940529332e-05,0.0002912847849074,0.0001277273840969,0.0002802246017381,6.620430940529332e-05,0.0009794319048523,0.0001277273840969,0.0002802246017381,0.0002104843006236,0.0002104843006236,0.0064073188322448,0.0,0.0002475371293257922
radiant_capital_arbitrum_2024,radiant_capital_arbitrum_2024__hn012,radiant_capital_arbitrum_2024,hard_negative_mined,arbitrum,0,ratio_50,57,113,0.0630105017502917,0.0106194690265486,0.0123896856414215,0.0103289618390162,0.0002371072623645,5.208208312978968e-05,0.0002371072623645,0.0001106046402128,0.0002017268561758,5.208208312978968e-05,0.0009794319048523,0.0001106046402128,0.0002017268561758,0.0001423916546627,0.0001423916546627,0.0058684502304095,0.0,0.0002461150288581848
radiant_capital_arbitrum_2024,radiant_capital_arbitrum_2024__hn012,radiant_capital_arbitrum_2024,hard_negative_mined,arbitrum,0,ratio_75,85,113,0.0630105017502917,0.0106194690265486,0.0123896856414215,0.0072513138756852,4.697791518992744e-05,3.2234820537269115e-05,4.697791518992744e-05,5.029428939451464e-05,3.397767432034016e-05,3.2234820537269115e-05,0.0009794319048523,5.029428939451464e-05,3.397767432034016e-05,7.443404319928959e-05,7.443404319928959e-05,0.0049223577688723,0.0,0.0003809182671830058
radiant_capital_arbitrum_2024,radiant_capital_arbitrum_2024__hn012,radiant_capital_arbitrum_2024,hard_negative_mined,arbitrum,0,ratio_100,113,113,0.0630105017502917,0.0106194690265486,0.0127939242066895,0.0539449926434745,0.0006283461116254,9.349940228275956e-05,0.0006283461116254,0.0002385098632657,0.0003039028961211,9.349940228275956e-05,0.0005864165141247,0.0002385098632657,0.0003039028961211,0.0003109500685241,0.0003109500685241,0.0072699995378159,0.0,0.0004404649662319571
radiant_capital_arbitrum_2024,radiant_capital_arbitrum_2024__hn013,radiant_capital_arbitrum_2024,hard_negative_mined,arbitrum,0,k_2,2,313,0.0630105017502917,0.0123893805309734,0.0304761041791293,0.2222775675044964,0.000718553783372,0.0006690060836263,0.000718553783372,0.0003978199965786,0.0020552785135805,0.0006690060836263,0.0046125771477818,0.0003978199965786,0.0020552785135805,0.0008928878232836,0.0008928878232836,0.0148975896481001,0.0116279069767441,0.2512689232826233
radiant_capital_arbitrum_2024,radiant_capital_arbitrum_2024__hn013,radiant_capital_arbitrum_2024,hard_negative_mined,arbitrum,0,k_3,3,313,0.0630105017502917,0.0141592920353982,0.0409467171665054,0.1094530770090979,0.0113299153745174,0.0098952036350965,0.0113299153745174,0.0069748605601489,0.0161070525646209,0.0098952036350965,0.0015555715654045,0.0069748605601489,0.0161070525646209,0.0138828856870532,0.0138828856870532,0.0393291783270489,0.0365535248041775,0.7171086668968201
radiant_capital_arbitrum_2024,radiant_capital_arbitrum_2024__hn013,radiant_capital_arbitrum_2024,hard_negative_mined,arbitrum,0,k_5,5,313,0.0630105017502917,0.0247787610619469,0.0870000918106211,0.4745073189552866,0.0746151506900787,0.1887637078762054,0.0746151506900787,0.148606851696968,0.0918949469923973,0.1887637078762054,0.0095161963254213,0.148606851696968,0.0918949469923973,0.0854492858052253,0.0854492858052253,0.1154680084883745,0.0693069306930693,0.13780348002910614
radiant_capital_arbitrum_2024,radiant_capital_arbitrum_2024__hn013,radiant_capital_arbitrum_2024,hard_negative_mined,arbitrum,0,k_7,7,313,0.0630105017502917,0.0283185840707964,0.0827734049082997,0.5697799341431313,0.1357184946537017,0.3419921994209289,0.1357184946537017,0.2344112694263458,0.1410604417324066,0.3419921994209289,0.0153569253161549,0.2344112694263458,0.1410604417324066,0.0814786925911903,0.0814786925911903,0.149311763772081,0.175,0.6131079792976379
radiant_capital_arbitrum_2024,radiant_capital_arbitrum_2024__hn013,radiant_capital_arbitrum_2024,hard_negative_mined,arbitrum,0,ratio_25,79,313,0.0630105017502917,0.2,0.0687649252992284,0.554904161048189,0.0551334060728549,0.0797296240925788,0.0551334060728549,0.0800667032599449,0.104998730123043,0.0797296240925788,0.0101920450106263,0.0800667032599449,0.104998730123043,0.0386947132647037,0.0386947132647037,0.083170634655336,0.0693069306930693,0.9890868663787842
radiant_capital_arbitrum_2024,radiant_capital_arbitrum_2024__hn013,radiant_capital_arbitrum_2024,hard_negative_mined,arbitrum,0,ratio_50,157,313,0.0630105017502917,0.3504424778761062,0.0723009155625512,0.5079271395497009,0.0794405043125152,0.185948446393013,0.0794405043125152,0.2220629602670669,0.2014659792184829,0.185948446393013,0.0155019722878932,0.2220629602670669,0.2014659792184829,0.0992537140846252,0.0992537140846252,0.1147740874641244,0.0693069306930693,0.9986742734909058
radiant_capital_arbitrum_2024,radiant_capital_arbitrum_2024__hn013,radiant_capital_arbitrum_2024,hard_negative_mined,arbitrum,0,ratio_75,235,313,0.0630105017502917,0.5221238938053098,0.0757634164163788,0.5631753740278627,0.045996505767107,0.2087263017892837,0.045996505767107,0.2817704081535339,0.2230137139558792,0.2087263017892837,0.0887375697493553,0.2817704081535339,0.2230137139558792,0.2506927251815796,0.2506927251815796,0.1202724850663672,0.0693069306930693,0.9903764128684998
radiant_capital_arbitrum_2024,radiant_capital_arbitrum_2024__hn013,radiant_capital_arbitrum_2024,hard_negative_mined,arbitrum,0,ratio_100,313,313,0.0630105017502917,0.7097345132743362,0.0768383873296428,0.576578660059496,0.0585789196193218,0.3885389566421509,0.0585789196193218,0.6383726000785828,0.0908108353614807,0.3885389566421509,0.2107090651988983,0.6383726000785828,0.0908108353614807,0.286387175321579,0.286387175321579,0.1589619241048602,0.175,0.9970390796661377
radiant_capital_arbitrum_2024,radiant_capital_arbitrum_2024__hn014,radiant_capital_arbitrum_2024,hard_negative_mined,arbitrum,0,ratio_25,2,7,0.0630105017502917,0.0070796460176991,0.073013100323573,0.1277208778848763,0.0130115961655974,0.2681522071361542,0.0130115961655974,0.0968163385987281,0.0217693839222192,0.2681522071361542,0.0045143333263695,0.0968163385987281,0.0217693839222192,0.1871991753578186,0.1871991753578186,0.1336810410588594,0.175,0.7292733788490295
radiant_capital_arbitrum_2024,radiant_capital_arbitrum_2024__hn014,radiant_capital_arbitrum_2024,hard_negative_mined,arbitrum,0,k_3,3,7,0.0630105017502917,0.0070796460176991,0.073013100323573,0.0290730858310002,0.0026147309690713,0.0045322896912693,0.0026147309690713,0.0027809315361082,0.0008190090884454,0.0045322896912693,0.0038563490379601,0.0027809315361082,0.0008190090884454,0.0021027396433055,0.0021027396433055,0.029733183181778,0.0365535248041775,0.701480507850647
radiant_capital_arbitrum_2024,radiant_capital_arbitrum_2024__hn014,radiant_capital_arbitrum_2024,hard_negative_mined,arbitrum,0,ratio_50,4,7,0.0630105017502917,0.0141592920353982,0.073013100323573,0.0382543723807078,0.0272846315056085,0.0690350010991096,0.0272846315056085,0.0466020107269287,0.0114559857174754,0.0690350010991096,0.0049986713565886,0.0466020107269287,0.0114559857174754,0.0555402711033821,0.0555402711033821,0.0789032418983109,0.0693069306930693,0.6875175833702087
radiant_capital_arbitrum_2024,radiant_capital_arbitrum_2024__hn014,radiant_capital_arbitrum_2024,hard_negative_mined,arbitrum,0,k_5,5,7,0.0630105017502917,0.0141592920353982,0.073013100323573,0.0446667709935306,0.0206513293087482,0.0658774822950363,0.0206513293087482,0.035728670656681,0.0082728024572134,0.0658774822950363,0.0039289374835789,0.035728670656681,0.0082728024572134,0.0414929650723934,0.0414929650723934,0.0775695287172918,0.0693069306930693,0.6749874353408813
radiant_capital_arbitrum_2024,radiant_capital_arbitrum_2024__hn014,radiant_capital_arbitrum_2024,hard_negative_mined,arbitrum,0,ratio_75,6,7,0.0630105017502917,0.0141592920353982,0.073013100323573,0.0417349470589088,0.0343669429421424,0.1853203028440475,0.0343669429421424,0.0647839829325676,0.0386120565235614,0.1853203028440475,0.0102063948288559,0.0647839829325676,0.0386120565235614,0.2595442533493042,0.2595442533493042,0.1146186561546077,0.0693069306930693,0.6626869440078735
radiant_capital_arbitrum_2024,radiant_capital_arbitrum_2024__hn014,radiant_capital_arbitrum_2024,hard_negative_mined,arbitrum,0,ratio_100,7,7,0.0630105017502917,0.0141592920353982,0.073013100323573,0.0150704225352112,0.001221377402544,0.0033248241525143,0.001221377402544,0.001532774651423,0.0007478576153516,0.0033248241525143,0.0102063948288559,0.001532774651423,0.0007478576153516,0.0027968983631581,0.0027968983631581,0.0265999190825583,0.0365535248041775,0.010011468082666397
radiant_capital_arbitrum_2024,radiant_capital_arbitrum_2024__hn015,radiant_capital_arbitrum_2024,hard_negative_mined,arbitrum,0,k_2,2,386,0.0630105017502917,0.0106194690265486,0.0304761041791293,0.1960481077399912,0.0010114059550687,0.0047104894183576,0.0010114059550687,0.0100825261324644,0.0009383779251947,0.0047104894183576,0.0030229822732508,0.0100825261324644,0.0009383779251947,0.0031597397755831,0.0031597397755831,0.030147721780601,0.0365535248041775,0.2512689232826233
radiant_capital_arbitrum_2024,radiant_capital_arbitrum_2024__hn015,radiant_capital_arbitrum_2024,hard_negative_mined,arbitrum,0,k_3,3,386,0.0630105017502917,0.0123893805309734,0.0409467171665054,0.0676070629796708,0.0002458811795804,0.0010292654624208,0.0002458811795804,0.0007540463120676,0.0003642101946752,0.0010292654624208,0.0028927468229085,0.0007540463120676,0.0003642101946752,0.0009060329175554,0.0009060329175554,0.0174175583068466,0.0116279069767441,0.7171086668968201
radiant_capital_arbitrum_2024,radiant_capital_arbitrum_2024__hn015,radiant_capital_arbitrum_2024,hard_negative_mined,arbitrum,0,k_5,5,386,0.0630105017502917,0.0336283185840707,0.0475525021156666,0.1572509541922264,0.0002492653147783,0.0050688567571341,0.0002492653147783,0.0014444964472204,0.0002513856452424,0.0050688567571341,0.0013080169446766,0.0014444964472204,0.0002513856452424,0.0035509227309376,0.0035509227309376,0.0309516066722715,0.0365535248041775,0.00895393081009388
radiant_capital_arbitrum_2024,radiant_capital_arbitrum_2024__hn015,radiant_capital_arbitrum_2024,hard_negative_mined,arbitrum,0,k_7,7,386,0.0630105017502917,0.0371681415929203,0.0506835830362985,0.2875309080685165,0.0009820744162425,0.0042670895345509,0.0009820744162425,0.00193489913363,0.001850425847806,0.0042670895345509,0.0002524939773138,0.00193489913363,0.001850425847806,0.0014186402549967,0.0014186402549967,0.0290962486445909,0.0365535248041775,0.0004570091259665787
radiant_capital_arbitrum_2024,radiant_capital_arbitrum_2024__hn015,radiant_capital_arbitrum_2024,hard_negative_mined,arbitrum,0,ratio_25,97,386,0.0630105017502917,0.2353982300884955,0.0618739399316575,0.4791126467168752,0.0042684106156229,0.0036447069142013,0.0042684106156229,0.0049901334568858,0.0095320520922541,0.0036447069142013,0.0006829355843365,0.0049901334568858,0.0095320520922541,0.0034946848172694,0.0034946848172694,0.0274934724719405,0.0365535248041775,0.18187552690505981
radiant_capital_arbitrum_2024,radiant_capital_arbitrum_2024__hn015,radiant_capital_arbitrum_2024,hard_negative_mined,arbitrum,0,ratio_50,193,386,0.0630105017502917,0.4389380530973451,0.067840815266492,0.5096857209179809,0.0106610022485256,0.0172343123704195,0.0106610022485256,0.0204564966261386,0.0236225724220275,0.0172343123704195,0.0015485937474295,0.0204564966261386,0.0236225724220275,0.0159456860274076,0.0159456860274076,0.0479472605160274,0.0365535248041775,0.9987428784370422
radiant_capital_arbitrum_2024,radiant_capital_arbitrum_2024__hn015,radiant_capital_arbitrum_2024,hard_negative_mined,arbitrum,0,ratio_75,290,386,0.0630105017502917,0.6300884955752213,0.0728162583682638,0.4992993163769314,0.0049834921956062,0.0226584579795599,0.0049834921956062,0.0175535716116428,0.0148119367659091,0.0226584579795599,0.0057148798368871,0.0175535716116428,0.0148119367659091,0.0394465066492557,0.0394465066492557,0.0528662464259475,0.04,0.016926802694797516
radiant_capital_arbitrum_2024,radiant_capital_arbitrum_2024__hn015,radiant_capital_arbitrum_2024,hard_negative_mined,arbitrum,0,ratio_100,386,386,0.0630105017502917,0.8619469026548673,0.0751379241097683,0.492257990604357,0.0028872657567262,0.0191283524036407,0.0028872657567262,0.0180281661450862,0.0071034003049135,0.0191283524036407,0.0105519229546189,0.0180281661450862,0.0071034003049135,0.0524314492940902,0.0524314492940902,0.0497650828296819,0.04,0.9981611371040344
radiant_capital_arbitrum_2024,radiant_capital_arbitrum_2024__hn016,radiant_capital_arbitrum_2024,hard_negative_mined,arbitrum,0,ratio_25,1,1,0.0630105017502917,0.0035398230088495,0.0123896856414215,0.0056788223569458,9.968666563509032e-05,8.980513666756451e-05,9.968666563509032e-05,9.990868420572951e-05,7.679130794713274e-05,8.980513666756451e-05,0.0003795962256845,9.990868420572951e-05,7.679130794713274e-05,6.738115916959941e-05,6.738115916959941e-05,0.0071635877765834,0.0,0.011707610450685024
radiant_capital_arbitrum_2024,radiant_capital_arbitrum_2024__hn017,radiant_capital_arbitrum_2024,hard_negative_mined,arbitrum,0,k_2,2,21,0.0630105017502917,0.0,0.073013100323573,0.0977777297998277,0.0016075799940153,0.001593715744093,0.0016075799940153,0.0045445645228028,0.0008003428811207,0.001593715744093,0.0015986642101779,0.0045445645228028,0.0008003428811207,0.0009460358996875,0.0009460358996875,0.0204036662689474,0.02,0.25009483098983765
radiant_capital_arbitrum_2024,radiant_capital_arbitrum_2024__hn017,radiant_capital_arbitrum_2024,hard_negative_mined,arbitrum,0,k_3,3,21,0.0630105017502917,0.0017699115044247,0.073013100323573,0.1644508121546071,0.002080196281895,0.0063875070773065,0.002080196281895,0.0054808259010314,0.0021342227701097,0.0063875070773065,0.0035261097364127,0.0054808259010314,0.0021342227701097,0.0062795896083116,0.0062795896083116,0.0336271081827257,0.0365535248041775,0.08583337813615799
radiant_capital_arbitrum_2024,radiant_capital_arbitrum_2024__hn017,radiant_capital_arbitrum_2024,hard_negative_mined,arbitrum,0,k_5,5,21,0.0630105017502917,0.0123893805309734,0.073013100323573,0.2806264108710679,0.0087982881814241,0.0021895563695579,0.0087982881814241,0.0020105899311602,0.0087238866835832,0.0021895563695579,0.0029382188804447,0.0020105899311602,0.0087238866835832,0.0031285940203815,0.0031285940203815,0.0228834480306544,0.0365535248041775,0.03878524899482727
radiant_capital_arbitrum_2024,radiant_capital_arbitrum_2024__hn017,radiant_capital_arbitrum_2024,hard_negative_mined,arbitrum,0,ratio_25,6,21,0.0630105017502917,0.0123893805309734,0.073013100323573,0.2827375877123404,0.0140796490013599,0.0034596549812704,0.0140796490013599,0.002170868916437,0.0095185153186321,0.0034596549812704,0.0029382188804447,0.002170868916437,0.0095185153186321,0.0042176120914518,0.0042176120914518,0.0269830490404263,0.0365535248041775,0.03975739702582359
radiant_capital_arbitrum_2024,radiant_capital_arbitrum_2024__hn017,radiant_capital_arbitrum_2024,hard_negative_mined,arbitrum,0,k_7,7,21,0.0630105017502917,0.0141592920353982,0.073013100323573,0.2352968068585825,0.0064422488212585,0.0017395521281287,0.0064422488212585,0.0024246419779956,0.0049130087718367,0.0017395521281287,0.0009095493587665,0.0024246419779956,0.0049130087718367,0.0013670269399881,0.0013670269399881,0.0210595723641894,0.02,0.04226290434598923
radiant_capital_arbitrum_2024,radiant_capital_arbitrum_2024__hn017,radiant_capital_arbitrum_2024,hard_negative_mined,arbitrum,0,ratio_50,11,21,0.0630105017502917,0.0194690265486725,0.073013100323573,0.1621537213573667,0.0056980107910931,0.0044621247798204,0.0056980107910931,0.0107977865263819,0.0131163075566291,0.0044621247798204,0.0010833642445504,0.0107977865263819,0.0131163075566291,0.0107211852446198,0.0107211852446198,0.0295670668328337,0.0365535248041775,0.01384342834353447
radiant_capital_arbitrum_2024,radiant_capital_arbitrum_2024__hn017,radiant_capital_arbitrum_2024,hard_negative_mined,arbitrum,0,ratio_75,16,21,0.0630105017502917,0.0283185840707964,0.073013100323573,0.1373674761365009,0.0069394465535879,0.0031012487597763,0.0069394465535879,0.0055234865285456,0.0077530276030302,0.0031012487597763,0.0023649816866964,0.0055234865285456,0.0077530276030302,0.0149852847680449,0.0149852847680449,0.0259418271850162,0.0365535248041775,0.006675836630165577
radiant_capital_arbitrum_2024,radiant_capital_arbitrum_2024__hn017,radiant_capital_arbitrum_2024,hard_negative_mined,arbitrum,0,ratio_100,21,21,0.0630105017502917,0.0371681415929203,0.073013100323573,0.1186908627751385,0.0031119745690375,0.0013081558281555,0.0031119745690375,0.0018904678290709,0.003384796436876,0.0013081558281555,0.0011262182379141,0.0018904678290709,0.003384796436876,0.0025731946807354,0.0025731946807354,0.0189974346757185,0.02,0.0037889478262513876
radiant_capital_arbitrum_2024,radiant_capital_arbitrum_2024__hn018,radiant_capital_arbitrum_2024,hard_negative_mined,arbitrum,0,k_2,2,30,0.0630105017502917,0.0106194690265486,0.0123896856414215,0.6857572613930953,0.1227737814188003,0.1050442457199096,0.1227737814188003,0.0939488932490348,0.1673348397016525,0.1050442457199096,0.1006602495908737,0.0939488932490348,0.1673348397016525,0.1381648480892181,0.1381648480892181,0.0921075066966652,0.0693069306930693,0.0038860361091792583
radiant_capital_arbitrum_2024,radiant_capital_arbitrum_2024__hn018,radiant_capital_arbitrum_2024,hard_negative_mined,arbitrum,0,k_3,3,30,0.0630105017502917,0.0123893805309734,0.0123896856414215,0.3603994077272694,0.019249016419053,0.0066186399199068,0.019249016419053,0.005472149234265,0.0140665834769606,0.0066186399199068,0.0175067353993654,0.005472149234265,0.0140665834769606,0.0183858107775449,0.0183858107775449,0.0340580741250799,0.0365535248041775,0.0008772221044637263
radiant_capital_arbitrum_2024,radiant_capital_arbitrum_2024__hn018,radiant_capital_arbitrum_2024,hard_negative_mined,arbitrum,0,k_5,5,30,0.0630105017502917,0.015929203539823,0.0123896856414215,0.3411406203201759,0.0045187217183411,0.005173095036298,0.0045187217183411,0.0026426492258906,0.0107653047889471,0.005173095036298,0.0180624928325414,0.0026426492258906,0.0107653047889471,0.010651284828782,0.010651284828782,0.0311784882051241,0.0365535248041775,0.00028638297226279974
radiant_capital_arbitrum_2024,radiant_capital_arbitrum_2024__hn018,radiant_capital_arbitrum_2024,hard_negative_mined,arbitrum,0,k_7,7,30,0.0630105017502917,0.0194690265486725,0.0123896856414215,0.2531506422587244,0.0037582032382488,0.0029267163481563,0.0037582032382488,0.0015199511544778,0.0091469446197152,0.0029267163481563,0.0119227664545178,0.0015199511544778,0.0091469446197152,0.0094959195703268,0.0094959195703268,0.0254064408827689,0.0365535248041775,0.00020809806301258504
radiant_capital_arbitrum_2024,radiant_capital_arbitrum_2024__hn018,radiant_capital_arbitrum_2024,hard_negative_mined,arbitrum,0,ratio_25,8,30,0.0630105017502917,0.0212389380530973,0.0123896856414215,0.3329063115481968,0.007817187346518,0.0053461762145161,0.007817187346518,0.0025486093945801,0.0107170389965176,0.0053461762145161,0.0391140542924404,0.0025486093945801,0.0107170389965176,0.0175785049796104,0.0175785049796104,0.0315487601361825,0.0365535248041775,0.0001471928262617439
radiant_capital_arbitrum_2024,radiant_capital_arbitrum_2024__hn018,radiant_capital_arbitrum_2024,hard_negative_mined,arbitrum,0,ratio_50,15,30,0.0630105017502917,0.0247787610619469,0.0123896856414215,0.2258671168668501,0.0130361374467611,0.0039718113839626,0.0130361374467611,0.0024442076683044,0.0340756215155124,0.0039718113839626,0.043671678751707,0.0024442076683044,0.0340756215155124,0.0207612887024879,0.0207612887024879,0.0283561631451689,0.0365535248041775,0.0004685006570070982
radiant_capital_arbitrum_2024,radiant_capital_arbitrum_2024__hn018,radiant_capital_arbitrum_2024,hard_negative_mined,arbitrum,0,ratio_75,23,30,0.0630105017502917,0.0353982300884955,0.0134060964020493,0.1678491989927055,0.0092112673446536,0.018244644626975,0.0092112673446536,0.0066175297833979,0.0119402091950178,0.018244644626975,0.1065601408481597,0.0066175297833979,0.0119402091950178,0.014746525324881,0.014746525324881,0.0489320660338894,0.0365535248041775,0.00018845232261810452
radiant_capital_arbitrum_2024,radiant_capital_arbitrum_2024__hn018,radiant_capital_arbitrum_2024,hard_negative_mined,arbitrum,0,ratio_100,30,30,0.0630105017502917,0.0389380530973451,0.0131618125535912,0.1810169543740667,0.0101079726591706,0.0089391665533185,0.0101079726591706,0.0033347872085869,0.0090154679492115,0.0089391665533185,0.1065601408481597,0.0033347872085869,0.0090154679492115,0.0091463010758161,0.0091463010758161,0.0379260684415684,0.0365535248041775,0.00018742015527095646
radiant_capital_arbitrum_2024,radiant_capital_arbitrum_2024__hn019,radiant_capital_arbitrum_2024,hard_negative_mined,arbitrum,0,ratio_25,1,4,0.0630105017502917,0.0,0.073013100323573,0.0006788223569458,9.968666563509032e-05,0.0002025071589741,9.968666563509032e-05,0.0002838222135324,7.679130794713274e-05,0.0002025071589741,0.0013495505554601,0.0002838222135324,7.679130794713274e-05,0.0001146526046795,0.0001146526046795,0.0096418060197401,0.0065573770491803,0.1822635382413864
radiant_capital_arbitrum_2024,radiant_capital_arbitrum_2024__hn019,radiant_capital_arbitrum_2024,hard_negative_mined,arbitrum,0,ratio_50,2,4,0.0630105017502917,0.0070796460176991,0.073013100323573,0.0715854356935159,7.593212649226189e-05,0.0011663674376904,7.593212649226189e-05,0.0006859537097625,0.0001246739266207,0.0011663674376904,0.0050245458260178,0.0006859537097625,0.0001246739266207,0.0003221845254302,0.0003221845254302,0.0182246508393201,0.0116279069767441,0.008123832754790783
radiant_capital_arbitrum_2024,radiant_capital_arbitrum_2024__hn019,radiant_capital_arbitrum_2024,hard_negative_mined,arbitrum,0,ratio_75,3,4,0.0630105017502917,0.0070796460176991,0.073013100323573,0.015202676190079,0.0003078936133533,0.0013730805367231,0.0003078936133533,0.0038613728247582,0.0004453548754099,0.0013730805367231,0.0055396310053765,0.0038613728247582,0.0004453548754099,0.0004607292939908,0.0004607292939908,0.019333319036288,0.02,0.0001875633461168036
radiant_capital_arbitrum_2024,radiant_capital_arbitrum_2024__hn019,radiant_capital_arbitrum_2024,hard_negative_mined,arbitrum,0,ratio_100,4,4,0.0630105017502917,0.0070796460176991,0.073013100323573,0.0094788264398331,0.0001325652847299,0.000619716127403,0.0001325652847299,0.0013732283841818,9.989363752538338e-05,0.000619716127403,0.0055396310053765,0.0013732283841818,9.989363752538338e-05,0.0002531566133257,0.0002531566133257,0.0144891746683734,0.0116279069767441,0.00011232575343456119
radiant_capital_arbitrum_2024,radiant_capital_arbitrum_2024__hn020,radiant_capital_arbitrum_2024,hard_negative_mined,arbitrum,0,ratio_25,1,1,0.0630105017502917,0.0035398230088495,0.0123896856414215,0.0006788223569458,9.968666563509032e-05,8.980513666756451e-05,9.968666563509032e-05,9.990868420572951e-05,7.679130794713274e-05,8.980513666756451e-05,6.865063915029168e-05,9.990868420572951e-05,7.679130794713274e-05,6.738115916959941e-05,6.738115916959941e-05,0.0071635877765834,0.0,0.011707610450685024
radiant_capital_arbitrum_2024,radiant_capital_arbitrum_2024__hn021,radiant_capital_arbitrum_2024,hard_negative_mined,arbitrum,0,ratio_25,1,1,0.0630105017502917,0.0,0.073013100323573,0.0006788223569458,9.968666563509032e-05,0.0002025071589741,9.968666563509032e-05,0.0002838222135324,7.679130794713274e-05,0.0002025071589741,0.0013495505554601,0.0002838222135324,7.679130794713274e-05,0.0001146526046795,0.0001146526046795,0.0096418060197401,0.0065573770491803,0.1822635382413864
radiant_capital_arbitrum_2024,radiant_capital_arbitrum_2024__hn022,radiant_capital_arbitrum_2024,hard_negative_mined,arbitrum,0,k_2,2,385,0.0630105017502917,0.0123893805309734,0.0573359563112918,0.3805803834564759,0.2154154777526855,0.0204105041921138,0.2154154777526855,0.008121938444674,0.255334734916687,0.0204105041921138,0.0115274600684642,0.008121938444674,0.255334734916687,0.0171355977654457,0.0171355977654457,0.0509308440057414,0.04,0.004737023264169693
radiant_capital_arbitrum_2024,radiant_capital_arbitrum_2024__hn022,radiant_capital_arbitrum_2024,hard_negative_mined,arbitrum,0,k_3,3,385,0.0630105017502917,0.0247787610619469,0.034690062293134,0.4004746030805185,0.0762108415365219,0.0982876420021057,0.0762108415365219,0.0354084409773349,0.1031101644039154,0.0982876420021057,0.0070499596185982,0.0354084409773349,0.1031101644039154,0.0580809153616428,0.0580809153616428,0.0898528824482569,0.0693069306930693,0.0009157336899079382
radiant_capital_arbitrum_2024,radiant_capital_arbitrum_2024__hn022,radiant_capital_arbitrum_2024,hard_negative_mined,arbitrum,0,k_5,5,385,0.0630105017502917,0.0353982300884955,0.0610442983754937,0.45269517385928,0.0256132073700428,0.1672222316265106,0.0256132073700428,0.0303492899984121,0.0163550041615962,0.1672222316265106,0.0053942371159791,0.0303492899984121,0.0163550041615962,0.0150558669120073,0.0150558669120073,0.1100373791596866,0.0693069306930693,0.0070004332810640335
radiant_capital_arbitrum_2024,radiant_capital_arbitrum_2024__hn022,radiant_capital_arbitrum_2024,hard_negative_mined,arbitrum,0,k_7,7,385,0.0630105017502917,0.0389380530973451,0.0642630800346643,0.4853586985691676,0.1187154725193977,0.2798465490341186,0.1187154725193977,0.0836734771728515,0.0615672953426837,0.2798465490341186,0.0051873079501092,0.0836734771728515,0.0615672953426837,0.0914554148912429,0.0914554148912429,0.1362094366543829,0.175,0.17543929815292358
radiant_capital_arbitrum_2024,radiant_capital_arbitrum_2024__hn022,radiant_capital_arbitrum_2024,hard_negative_mined,arbitrum,0,ratio_25,97,385,0.0630105017502917,0.2336283185840708,0.0679284047242182,0.4581279239921375,0.0083933612331748,0.0048137209378182,0.0083933612331748,0.002773790853098,0.0192578621208667,0.0048137209378182,0.0013040351914241,0.002773790853098,0.0192578621208667,0.0053571695461869,0.0053571695461869,0.0303832358561576,0.0365535248041775,0.9782887697219849
radiant_capital_arbitrum_2024,radiant_capital_arbitrum_2024__hn022,radiant_capital_arbitrum_2024,hard_negative_mined,arbitrum,0,ratio_50,193,385,0.0630105017502917,0.4407079646017699,0.0710833410835099,0.5519371907763091,0.0380790755152702,0.0236399751156568,0.0380790755152702,0.0351754128932952,0.0704090297222137,0.0236399751156568,0.0034812185913324,0.0351754128932952,0.0704090297222137,0.0389794260263443,0.0389794260263443,0.0536727555745059,0.04,0.9962673783302307
radiant_capital_arbitrum_2024,radiant_capital_arbitrum_2024__hn022,radiant_capital_arbitrum_2024,hard_negative_mined,arbitrum,0,ratio_75,289,385,0.0630105017502917,0.6300884955752213,0.0751103786910937,0.5429992549993092,0.0227025710046291,0.2102939337491989,0.0227025710046291,0.1540880650281906,0.0515976250171661,0.2102939337491989,0.1224158555269241,0.1540880650281906,0.0515976250171661,0.1987192183732986,0.1987192183732986,0.1206419294905987,0.0693069306930693,0.016926802694797516
radiant_capital_arbitrum_2024,radiant_capital_arbitrum_2024__hn022,radiant_capital_arbitrum_2024,hard_negative_mined,arbitrum,0,ratio_100,385,385,0.0630105017502917,0.8619469026548673,0.0769102869786418,0.5354233452980552,0.011989171616733,0.05096972361207,0.011989171616733,0.0533609576523304,0.0181458592414855,0.05096972361207,0.0424742177128791,0.0533609576523304,0.0181458592414855,0.1817734241485595,0.1817734241485595,0.0706867501757252,0.0693069306930693,0.9981611371040344
radiant_capital_arbitrum_2024,radiant_capital_arbitrum_2024__hn023,radiant_capital_arbitrum_2024,hard_negative_mined,arbitrum,0,k_2,2,23,0.0630105017502917,0.0070796460176991,0.073013100323573,0.2829473327042296,0.0172526147216558,0.0394088774919509,0.0172526147216558,0.0375680439174175,0.0154664851725101,0.0394088774919509,0.0398725792765617,0.0375680439174175,0.0154664851725101,0.0266051534563303,0.0266051534563303,0.0644397520529144,0.0693069306930693,0.25009483098983765
radiant_capital_arbitrum_2024,radiant_capital_arbitrum_2024__hn023,radiant_capital_arbitrum_2024,hard_negative_mined,arbitrum,0,k_3,3,23,0.0630105017502917,0.0070796460176991,0.073013100323573,0.1837031664133633,0.0090758213773369,0.0117046758532524,0.0090758213773369,0.0276658702641725,0.0116305975243449,0.0117046758532524,0.003559635952115,0.0276658702641725,0.0116305975243449,0.0056824865750968,0.0056824865750968,0.0417614370984597,0.0365535248041775,0.08583337813615799
radiant_capital_arbitrum_2024,radiant_capital_arbitrum_2024__hn023,radiant_capital_arbitrum_2024,hard_negative_mined,arbitrum,0,k_5,5,23,0.0630105017502917,0.0176991150442477,0.073013100323573,0.2350995670140526,0.0024967300705611,0.0030454120133072,0.0024967300705611,0.0033008262980729,0.0029714591801166,0.0030454120133072,0.0018134752754122,0.0033008262980729,0.0029714591801166,0.0025461243931204,0.0025461243931204,0.0257727135826419,0.0365535248041775,0.03878524899482727
radiant_capital_arbitrum_2024,radiant_capital_arbitrum_2024__hn023,radiant_capital_arbitrum_2024,hard_negative_mined,arbitrum,0,ratio_25,6,23,0.0630105017502917,0.0194690265486725,0.073013100323573,0.3339423334270545,0.0319628156721591,0.0107416762039065,0.0319628156721591,0.0066296625882387,0.0601249299943447,0.0107416762039065,0.0036774727050215,0.0066296625882387,0.0601249299943447,0.0048441886901855,0.0048441886901855,0.0404999472306768,0.0365535248041775,0.03975739702582359
radiant_capital_arbitrum_2024,radiant_capital_arbitrum_2024__hn023,radiant_capital_arbitrum_2024,hard_negative_mined,arbitrum,0,k_7,7,23,0.0630105017502917,0.0194690265486725,0.073013100323573,0.3498795510505574,0.058177001774311,0.0118658607825636,0.058177001774311,0.013303579762578,0.1872124969959259,0.0118658607825636,0.0011155242100358,0.013303579762578,0.1872124969959259,0.0058511784300208,0.0058511784300208,0.0419659494595052,0.0365535248041775,0.04226290434598923
radiant_capital_arbitrum_2024,radiant_capital_arbitrum_2024__hn023,radiant_capital_arbitrum_2024,hard_negative_mined,arbitrum,0,ratio_50,12,23,0.0630105017502917,0.0265486725663716,0.073013100323573,0.4177272983819053,0.2063662409782409,0.1166184023022651,0.2063662409782409,0.1106716245412826,0.1849839389324188,0.1166184023022651,0.0128082390874624,0.1106716245412826,0.1849839389324188,0.0446494854986667,0.0446494854986667,0.0957931192767243,0.0693069306930693,0.014593224041163921
radiant_capital_arbitrum_2024,radiant_capital_arbitrum_2024__hn023,radiant_capital_arbitrum_2024,hard_negative_mined,arbitrum,0,ratio_75,18,23,0.0630105017502917,0.0371681415929203,0.073013100323573,0.3328669104930958,0.0066633359529078,0.0108275664970278,0.0066633359529078,0.0141275208443403,0.0107525922358036,0.0108275664970278,0.0008984010783024,0.0141275208443403,0.0107525922358036,0.0089087057858705,0.0089087057858705,0.0406153609006195,0.0365535248041775,0.005763502791523933
radiant_capital_arbitrum_2024,radiant_capital_arbitrum_2024__hn023,radiant_capital_arbitrum_2024,hard_negative_mined,arbitrum,0,ratio_100,23,23,0.0630105017502917,0.0460176991150442,0.073013100323573,0.3313443754104503,0.0516249164938926,0.0119666112586855,0.0516249164938926,0.010231589898467,0.0872477516531944,0.0119666112586855,0.0023651584051549,0.010231589898467,0.0872477516531944,0.0097515219822525,0.0097515219822525,0.0420928715424573,0.0365535248041775,0.0035688569769263268
radiant_capital_arbitrum_2024,radiant_capital_arbitrum_2024__hn024,radiant_capital_arbitrum_2024,hard_negative_mined,arbitrum,0,k_2,2,41,0.0630105017502917,0.0123893805309734,0.0304761041791293,0.3921504742821555,0.4568092823028564,0.0086734844371676,0.4568092823028564,0.0095625594258308,0.2896705269813537,0.0086734844371676,0.0385115146636962,0.0095625594258308,0.2896705269813537,0.1617262065410614,0.1617262065410614,0.0375190124614948,0.0365535248041775,0.003341872710734606
radiant_capital_arbitrum_2024,radiant_capital_arbitrum_2024__hn024,radiant_capital_arbitrum_2024,hard_negative_mined,arbitrum,0,k_3,3,41,0.0630105017502917,0.0141592920353982,0.0409467171665054,0.4012706651890499,0.1415240317583084,0.005511618219316,0.1415240317583084,0.0043908166699111,0.0346915088593959,0.005511618219316,0.073441095650196,0.0043908166699111,0.0346915088593959,0.104544997215271,0.104544997215271,0.0318955011027154,0.0365535248041775,0.06136662885546684
radiant_capital_arbitrum_2024,radiant_capital_arbitrum_2024__hn024,radiant_capital_arbitrum_2024,hard_negative_mined,arbitrum,0,k_5,5,41,0.0630105017502917,0.0176991150442477,0.0363985133296492,0.329611047698804,0.1265155524015426,0.0316651985049247,0.1265155524015426,0.0130665721371769,0.055653516203165,0.0316651985049247,0.1743191033601761,0.0130665721371769,0.055653516203165,0.363824725151062,0.363824725151062,0.0595821751446176,0.0693069306930693,0.004367392975836992
radiant_capital_arbitrum_2024,radiant_capital_arbitrum_2024__hn024,radiant_capital_arbitrum_2024,hard_negative_mined,arbitrum,0,k_7,7,41,0.0630105017502917,0.0194690265486725,0.0445235041877321,0.2405519666222692,0.007426151074469,0.0009881278965622,0.007426151074469,0.0003320783143863,0.0053200721740722,0.0009881278965622,0.0101775908842682,0.0003320783143863,0.0053200721740722,0.0247623268514871,0.0247623268514871,0.0171619948523298,0.0116279069767441,0.006732659880071878
radiant_capital_arbitrum_2024,radiant_capital_arbitrum_2024__hn024,radiant_capital_arbitrum_2024,hard_negative_mined,arbitrum,0,ratio_25,11,41,0.0630105017502917,0.0265486725663716,0.0455495847405412,0.2310376388986113,0.0265306234359741,0.001822252292186,0.0265306234359741,0.0009415214299224,0.0350076109170913,0.001822252292186,0.0046095391735434,0.0009415214299224,0.0350076109170913,0.0095352670177817,0.0095352670177817,0.0214158665276523,0.02,0.008662933483719826
radiant_capital_arbitrum_2024,radiant_capital_arbitrum_2024__hn024,radiant_capital_arbitrum_2024,hard_negative_mined,arbitrum,0,ratio_50,21,41,0.0630105017502917,0.0389380530973451,0.0376459493647432,0.343502479350202,0.1264116466045379,0.0218348186463117,0.1264116466045379,0.011113996617496,0.1450147181749344,0.0218348186463117,0.0677029117941856,0.011113996617496,0.1450147181749344,0.0222651865333318,0.0222651865333318,0.0521720391080513,0.04,0.0005192930111661553
radiant_capital_arbitrum_2024,radiant_capital_arbitrum_2024__hn024,radiant_capital_arbitrum_2024,hard_negative_mined,arbitrum,0,ratio_75,31,41,0.0630105017502917,0.047787610619469,0.0332151734586231,0.2044500606260256,0.0068556400947272,0.0027171671390533,0.0068556400947272,0.0038244237657636,0.0286230556666851,0.0027171671390533,0.005612002685666,0.0038244237657636,0.0286230556666851,0.001859760377556,0.001859760377556,0.0247356307664827,0.0365535248041775,0.0002843541733454913
radiant_capital_arbitrum_2024,radiant_capital_arbitrum_2024__hn024,radiant_capital_arbitrum_2024,hard_negative_mined,arbitrum,0,ratio_100,41,41,0.0630105017502917,0.0584070796460177,0.0298210459810294,0.1902527297035138,0.0059030610136687,0.0029562790878117,0.0059030610136687,0.0023490677122026,0.0173069052398204,0.0029562790878117,0.0003870310902129,0.0023490677122026,0.0173069052398204,0.0012570304097607,0.0012570304097607,0.0254985509975385,0.0365535248041775,0.0009390541235916317
magic_abracadabra_arbitrum_2025,magic_abracadabra_arbitrum_2025__hn000,magic_abracadabra_arbitrum_2025,hard_negative_mined,arbitrum,0,k_2,2,496,0.0632688927943761,0.0106194690265486,0.0145622768157263,0.0513138530746264,0.0005642967880703,1.4055020983505528e-05,0.0005642967880703,1.243148017238127e-05,0.00018194160657,1.4055020983505528e-05,0.0001273375091841,1.243148017238127e-05,0.00018194160657,3.812924114754424e-05,3.812924114754424e-05,0.001115775689069,0.0052424639580602,0.0037973045837134123
magic_abracadabra_arbitrum_2025,magic_abracadabra_arbitrum_2025__hn000,magic_abracadabra_arbitrum_2025,hard_negative_mined,arbitrum,0,k_3,3,496,0.0632688927943761,0.0106194690265486,0.0145622768157263,0.0447120809346983,0.0066278697922825,9.946808131644502e-05,0.0066278697922825,6.90840752213262e-05,0.0047459341585636,9.946808131644502e-05,0.0014232220128178,6.90840752213262e-05,0.0047459341585636,0.0003939791349694,0.0003939791349694,0.0029133622546976,0.0052424639580602,0.001483631320297718
magic_abracadabra_arbitrum_2025,magic_abracadabra_arbitrum_2025__hn000,magic_abracadabra_arbitrum_2025,hard_negative_mined,arbitrum,0,k_5,5,496,0.0632688927943761,0.0106194690265486,0.0145622768157263,0.0432313227763008,0.0009399442933499,1.5522595276706852e-05,0.0009399442933499,2.4123926777974702e-05,0.0017207871424034,1.5522595276706852e-05,9.570761903887616e-05,2.4123926777974702e-05,0.0017207871424034,7.991757593117654e-05,7.991757593117654e-05,0.001171511711294,0.0052424639580602,0.0013036377495154738
magic_abracadabra_arbitrum_2025,magic_abracadabra_arbitrum_2025__hn000,magic_abracadabra_arbitrum_2025,hard_negative_mined,arbitrum,0,k_7,7,496,0.0632688927943761,0.0106194690265486,0.0145622768157263,0.0038472686733556,0.0001080862421076,2.245519499410875e-05,0.0001080862421076,9.43927989283111e-06,0.0002233028499176,2.245519499410875e-05,9.570761903887616e-05,9.43927989283111e-06,0.0002233028499176,3.965915675507858e-05,3.965915675507858e-05,0.0014042272115655,0.0052424639580602,0.0006974239950068295
magic_abracadabra_arbitrum_2025,magic_abracadabra_arbitrum_2025__hn000,magic_abracadabra_arbitrum_2025,hard_negative_mined,arbitrum,0,ratio_25,124,496,0.0632688927943761,0.0106194690265486,0.0145622768157263,0.0006703296703296,0.0004400249163154,2.140498327207752e-05,0.0004400249163154,2.120200588251464e-05,0.0003483386535663,2.140498327207752e-05,3.371975981281139e-05,2.120200588251464e-05,0.0003483386535663,4.413902934174985e-05,4.413902934174985e-05,0.0013716084423918,0.0052424639580602,0.004985523410141468
magic_abracadabra_arbitrum_2025,magic_abracadabra_arbitrum_2025__hn000,magic_abracadabra_arbitrum_2025,hard_negative_mined,arbitrum,0,ratio_50,248,496,0.0632688927943761,0.0106194690265486,0.0145622768157263,0.0076432851568721,0.0001027365433401,2.2933847503736612e-05,0.0001027365433401,6.777370799682103e-06,0.0001828813401516,2.2933847503736612e-05,9.003390732686967e-05,6.777370799682103e-06,0.0001828813401516,2.079936894006096e-05,2.079936894006096e-05,0.0014188354018261,0.0052424639580602,0.011521582491695881
magic_abracadabra_arbitrum_2025,magic_abracadabra_arbitrum_2025__hn000,magic_abracadabra_arbitrum_2025,hard_negative_mined,arbitrum,0,ratio_75,372,496,0.0632688927943761,0.0106194690265486,0.0145622768157263,0.0053846153846153,0.0008282421040348,2.659046913322527e-05,0.0008282421040348,2.377859709667973e-05,0.000823488458991,2.659046913322527e-05,4.840603287448175e-05,2.377859709667973e-05,0.000823488458991,3.7516474549192935e-05,3.7516474549192935e-05,0.0015256525228993,0.0052424639580602,0.003977400716394186
magic_abracadabra_arbitrum_2025,magic_abracadabra_arbitrum_2025__hn000,magic_abracadabra_arbitrum_2025,hard_negative_mined,arbitrum,0,ratio_100,496,496,0.0632688927943761,0.0106194690265486,0.0145622768157263,0.0119669566544566,0.0001948655262822,2.206761564593762e-05,0.0001948655262822,8.824506949167699e-06,0.0002590060757938,2.206761564593762e-05,8.251155668403953e-05,8.824506949167699e-06,0.0002590060757938,2.1268773707561195e-05,2.1268773707561195e-05,0.0013922817606167,0.0052424639580602,0.001131840399466455
magic_abracadabra_arbitrum_2025,magic_abracadabra_arbitrum_2025__hn001,magic_abracadabra_arbitrum_2025,hard_negative_mined,arbitrum,0,k_2,2,117,0.0632688927943761,0.031858407079646,0.0385712462289739,0.1219574035069977,0.097503125667572,0.0012729434529319,0.097503125667572,0.0012680786894634,0.0076910131610929,0.0012729434529319,0.0018756535137072,0.0012680786894634,0.0076910131610929,0.0005892801564186,0.0005892801564186,0.0101271306224758,0.0108695652173913,0.0036555316764861345
magic_abracadabra_arbitrum_2025,magic_abracadabra_arbitrum_2025__hn001,magic_abracadabra_arbitrum_2025,hard_negative_mined,arbitrum,0,k_3,3,117,0.0632688927943761,0.031858407079646,0.0279544546143321,0.0328986858452804,0.000228436969337,3.336680310894735e-05,0.000228436969337,6.83431135257706e-05,7.005283987382427e-05,3.336680310894735e-05,4.005792288808152e-05,6.83431135257706e-05,7.005283987382427e-05,9.393910295329988e-05,9.393910295329988e-05,0.0017053800767514,0.0052424639580602,0.001108052907511592
magic_abracadabra_arbitrum_2025,magic_abracadabra_arbitrum_2025__hn001,magic_abracadabra_arbitrum_2025,hard_negative_mined,arbitrum,0,k_5,5,117,0.0632688927943761,0.0353982300884955,0.0298002254806841,0.139715648073314,0.012641467154026,0.0003427466726861,0.012641467154026,0.0002155612310161,0.0114101329818367,0.0003427466726861,0.0002915887744165,0.0002155612310161,0.0114101329818367,0.0008606074261479,0.0008606074261479,0.0053381458166146,0.0052424639580602,0.003549352288246155
magic_abracadabra_arbitrum_2025,magic_abracadabra_arbitrum_2025__hn001,magic_abracadabra_arbitrum_2025,hard_negative_mined,arbitrum,0,k_7,7,117,0.0632688927943761,0.0442477876106194,0.0385122877667598,0.1344867698619173,0.0059887999668717,0.0015988750383257,0.0059887999668717,0.0011245351051911,0.00642527686432,0.0015988750383257,0.0006904144538566,0.0011245351051911,0.00642527686432,0.0160393267869949,0.0160393267869949,0.0113156986382221,0.0108695652173913,0.029225390404462814
magic_abracadabra_arbitrum_2025,magic_abracadabra_arbitrum_2025__hn001,magic_abracadabra_arbitrum_2025,hard_negative_mined,arbitrum,0,ratio_25,30,117,0.0632688927943761,0.1061946902654867,0.050684960059874,0.2530748450382272,0.0056776232086122,0.0237180516123771,0.0056776232086122,0.0358027629554271,0.007231171708554,0.0237180516123771,0.028866808861494,0.0358027629554271,0.007231171708554,0.0408843085169792,0.0408843085169792,0.0417257768572211,0.0304568527918781,0.0041412790305912495
magic_abracadabra_arbitrum_2025,magic_abracadabra_arbitrum_2025__hn001,magic_abracadabra_arbitrum_2025,hard_negative_mined,arbitrum,0,ratio_50,59,117,0.0632688927943761,0.1646017699115044,0.0587844372579206,0.3346151697674071,0.0112875839695334,0.0295049846172332,0.0112875839695334,0.0336257219314575,0.0102127501741051,0.0295049846172332,0.0128767965361475,0.0336257219314575,0.0102127501741051,0.063499316573143,0.063499316573143,0.0463613334333317,0.0304568527918781,0.061911534518003464
magic_abracadabra_arbitrum_2025,magic_abracadabra_arbitrum_2025__hn001,magic_abracadabra_arbitrum_2025,hard_negative_mined,arbitrum,0,ratio_75,88,117,0.0632688927943761,0.2300884955752212,0.060727545441298,0.3755774532647444,0.0809531882405281,0.0351970791816711,0.0809531882405281,0.0860102400183677,0.0439248383045196,0.0351970791816711,0.0117503413930535,0.0860102400183677,0.0439248383045196,0.1235438585281372,0.1235438585281372,0.050486141683271,0.0304568527918781,0.16737960278987885
magic_abracadabra_arbitrum_2025,magic_abracadabra_arbitrum_2025__hn001,magic_abracadabra_arbitrum_2025,hard_negative_mined,arbitrum,0,ratio_100,117,117,0.0632688927943761,0.2831858407079646,0.0633950171344996,0.4285785268340338,0.0919611826539039,0.0554568134248256,0.0919611826539039,0.1382154524326324,0.0551260448992252,0.0554568134248256,0.0321778729557991,0.1382154524326324,0.0551260448992252,0.1794680655002594,0.1794680655002594,0.062947884614083,0.04,0.0026438147760927677
magic_abracadabra_arbitrum_2025,magic_abracadabra_arbitrum_2025__hn002,magic_abracadabra_arbitrum_2025,hard_negative_mined,arbitrum,0,k_2,2,32,0.0632688927943761,0.0,0.0721715853868591,0.0482330666160105,0.0019133558962494,0.0013989419676363,0.0019133558962494,0.0008274078718386,0.0021122000180184,0.0013989419676363,0.020834531635046,0.0008274078718386,0.0021122000180184,0.0015972902765497,0.0015972902765497,0.0106034056019931,0.0108695652173913,0.35338425636291504
magic_abracadabra_arbitrum_2025,magic_abracadabra_arbitrum_2025__hn002,magic_abracadabra_arbitrum_2025,hard_negative_mined,arbitrum,0,k_3,3,32,0.0632688927943761,0.0070796460176991,0.0721715853868591,0.0035463062396472,0.0001769257214618,0.0002745664096437,0.0001769257214618,0.0006186270038597,0.0001534091716166,0.0002745664096437,0.0163083355873823,0.0006186270038597,0.0001534091716166,8.263226482085884e-05,8.263226482085884e-05,0.0047894420816955,0.0052424639580602,0.002184817334637046
magic_abracadabra_arbitrum_2025,magic_abracadabra_arbitrum_2025__hn002,magic_abracadabra_arbitrum_2025,hard_negative_mined,arbitrum,0,k_5,5,32,0.0632688927943761,0.0088495575221238,0.0721715853868591,0.0078699777372317,0.0003986635711044,4.9354825023328885e-05,0.0003986635711044,3.644491152954288e-05,0.0002412507456028,4.9354825023328885e-05,0.0031679072417318,3.644491152954288e-05,0.0002412507456028,9.353141649626195e-05,9.353141649626195e-05,0.0020663588951908,0.0052424639580602,0.01849471405148506
magic_abracadabra_arbitrum_2025,magic_abracadabra_arbitrum_2025__hn002,magic_abracadabra_arbitrum_2025,hard_negative_mined,arbitrum,0,k_7,7,32,0.0632688927943761,0.0088495575221238,0.0721715853868591,0.0078699777372317,0.0003525116771925,3.6412468034541234e-05,0.0003525116771925,4.0470000385539606e-05,0.0003106599615421,3.6412468034541234e-05,0.001174651668407,4.0470000385539606e-05,0.0003106599615421,0.0001011273343465,0.0001011273343465,0.0017800379918259,0.0052424639580602,0.004179266281425953
magic_abracadabra_arbitrum_2025,magic_abracadabra_arbitrum_2025__hn002,magic_abracadabra_arbitrum_2025,hard_negative_mined,arbitrum,0,ratio_25,8,32,0.0632688927943761,0.0088495575221238,0.0721715853868591,0.0172636013878668,0.0046072253026068,6.67013882775791e-05,0.0046072253026068,6.974814459681511e-05,0.0024810822214931,6.67013882775791e-05,0.001174651668407,6.974814459681511e-05,0.0024810822214931,0.000303852779325,0.000303852779325,0.0023951820516017,0.0052424639580602,0.004017157480120659
magic_abracadabra_arbitrum_2025,magic_abracadabra_arbitrum_2025__hn002,magic_abracadabra_arbitrum_2025,hard_negative_mined,arbitrum,0,ratio_50,16,32,0.0632688927943761,0.0194690265486725,0.0721715853868591,0.2941138513614995,0.1518445461988449,0.0020721664186567,0.1518445461988449,0.0006613825098611,0.0550923384726047,0.0020721664186567,0.0035708977375179,0.0006613825098611,0.0550923384726047,0.0115442285314202,0.0115442285314202,0.0128364781122454,0.0237154150197628,0.04433257877826691
magic_abracadabra_arbitrum_2025,magic_abracadabra_arbitrum_2025__hn002,magic_abracadabra_arbitrum_2025,hard_negative_mined,arbitrum,0,ratio_75,24,32,0.0632688927943761,0.0194690265486725,0.0721715853868591,0.3204858885258077,0.1955028176307678,0.0031027367804199,0.1955028176307678,0.000880136503838,0.043745782226324,0.0031027367804199,0.0042482544668018,0.000880136503838,0.043745782226324,0.0087908515706658,0.0087908515706658,0.0156166030816063,0.0237154150197628,0.08713550865650177
magic_abracadabra_arbitrum_2025,magic_abracadabra_arbitrum_2025__hn002,magic_abracadabra_arbitrum_2025,hard_negative_mined,arbitrum,0,ratio_100,32,32,0.0632688927943761,0.0389380530973451,0.0721715853868591,0.2631087595488717,0.0336143672466278,0.0015588923124596,0.0336143672466278,0.000515364925377,0.0121538611128926,0.0015588923124596,0.001977234845981,0.000515364925377,0.0121538611128926,0.0046000317670404,0.0046000317670404,0.0111771105254994,0.0108695652173913,0.02330704964697361
magic_abracadabra_arbitrum_2025,magic_abracadabra_arbitrum_2025__hn003,magic_abracadabra_arbitrum_2025,hard_negative_mined,arbitrum,0,k_2,2,105,0.0632688927943761,0.0070796460176991,0.0721715853868591,0.0388600968083048,0.0102788861840963,0.0103098377585411,0.0102788861840963,0.0100343963131308,0.0056000724434852,0.0103098377585411,0.0253621041774749,0.0100343963131308,0.0056000724434852,0.0138156451284885,0.0138156451284885,0.0279202355905639,0.0304568527918781,0.5503748059272766
magic_abracadabra_arbitrum_2025,magic_abracadabra_arbitrum_2025__hn003,magic_abracadabra_arbitrum_2025,hard_negative_mined,arbitrum,0,k_3,3,105,0.0632688927943761,0.0088495575221238,0.0721715853868591,0.1072507362474978,0.0017796600004658,0.0069925719872117,0.0017796600004658,0.0076873782090842,0.0008210556115955,0.0069925719872117,0.0219534020870924,0.0076873782090842,0.0008210556115955,0.0063747880049049,0.0063747880049049,0.0231463418054554,0.0237154150197628,0.8724437952041626
magic_abracadabra_arbitrum_2025,magic_abracadabra_arbitrum_2025__hn003,magic_abracadabra_arbitrum_2025,hard_negative_mined,arbitrum,0,k_5,5,105,0.0632688927943761,0.0176991150442477,0.0721715853868591,0.0257835825758436,0.0005714575527235,0.0009173934813588,0.0005714575527235,0.0036137443967163,0.000209773046663,0.0009173934813588,0.0056280498392879,0.0036137443967163,0.000209773046663,0.0015379976248368,0.0015379976248368,0.0086331258898144,0.0052424639580602,0.8544862866401672
magic_abracadabra_arbitrum_2025,magic_abracadabra_arbitrum_2025__hn003,magic_abracadabra_arbitrum_2025,hard_negative_mined,arbitrum,0,k_7,7,105,0.0632688927943761,0.0283185840707964,0.0721715853868591,0.0416290202005214,0.000192687366507,0.0001424090442014,0.000192687366507,0.0004357391735538,0.0002144045283785,0.0001424090442014,0.002135110553354,0.0004357391735538,0.0002144045283785,0.0001759682490956,0.0001759682490956,0.003473279387632,0.0052424639580602,0.5871056914329529
magic_abracadabra_arbitrum_2025,magic_abracadabra_arbitrum_2025__hn003,magic_abracadabra_arbitrum_2025,hard_negative_mined,arbitrum,0,ratio_25,27,105,0.0632688927943761,0.0761061946902654,0.0643547041976027,0.2291369461746478,0.1135314255952835,0.4353828132152557,0.1135314255952835,0.0616992823779583,0.2262724190950393,0.4353828132152557,0.8003368973731995,0.0616992823779583,0.2262724190950393,0.0588494576513767,0.0588494576513767,0.1923053895491293,0.2153846153846154,0.007512013427913189
magic_abracadabra_arbitrum_2025,magic_abracadabra_arbitrum_2025__hn003,magic_abracadabra_arbitrum_2025,hard_negative_mined,arbitrum,0,ratio_50,53,105,0.0632688927943761,0.1398230088495575,0.068085675964811,0.2631970078384835,0.0649827346205711,0.026855893433094,0.0649827346205711,0.0500125624239444,0.0293928943574428,0.026855893433094,0.013301370665431,0.0500125624239444,0.0293928943574428,0.0077751637436449,0.0077751637436449,0.0443032579872374,0.0304568527918781,0.23731452226638794
magic_abracadabra_arbitrum_2025,magic_abracadabra_arbitrum_2025__hn003,magic_abracadabra_arbitrum_2025,hard_negative_mined,arbitrum,0,ratio_75,79,105,0.0632688927943761,0.2,0.0667390799523302,0.2910378443646648,0.0706606358289718,0.0248006507754325,0.0706606358289718,0.0465632565319538,0.0359740853309631,0.0248006507754325,0.0458808839321136,0.0465632565319538,0.0359740853309631,0.0122764203697443,0.0122764203697443,0.042633795383942,0.0304568527918781,0.03402133285999298
magic_abracadabra_arbitrum_2025,magic_abracadabra_arbitrum_2025__hn003,magic_abracadabra_arbitrum_2025,hard_negative_mined,arbitrum,0,ratio_100,105,105,0.0632688927943761,0.2442477876106194,0.0680478129396633,0.2827483706804543,0.0635656490921974,0.0248006507754325,0.0635656490921974,0.0468011423945426,0.0293567534536123,0.0248006507754325,0.0589731708168983,0.0468011423945426,0.0293567534536123,0.0122764203697443,0.0122764203697443,0.042633795383942,0.0304568527918781,0.003296375973150134
magic_abracadabra_arbitrum_2025,magic_abracadabra_arbitrum_2025__hn004,magic_abracadabra_arbitrum_2025,hard_negative_mined,arbitrum,0,ratio_25,1,1,0.0632688927943761,0.0035398230088495,0.0145622768157263,0.03949707829283,0.0147439762949943,0.0010447775712236,0.0147439762949943,0.0011645894264802,0.0236975234001874,0.0010447775712236,0.0018489451613277,0.0011645894264802,0.0236975234001874,0.0005290352855809,0.0005290352855809,0.0091980092815693,0.0052424639580602,0.011683248914778233
magic_abracadabra_arbitrum_2025,magic_abracadabra_arbitrum_2025__hn005,magic_abracadabra_arbitrum_2025,hard_negative_mined,arbitrum,0,k_2,2,27,0.0632688927943761,0.0106194690265486,0.0327920958652208,0.1009553967467254,0.0279470924288034,0.0003413271042518,0.0279470924288034,0.000293044373393,0.0040525188669562,0.0003413271042518,0.0014850674197077,0.000293044373393,0.0040525188669562,0.0007908907136879,0.0007908907136879,0.0053273250445163,0.0052424639580602,0.0021079638972878456
magic_abracadabra_arbitrum_2025,magic_abracadabra_arbitrum_2025__hn005,magic_abracadabra_arbitrum_2025,hard_negative_mined,arbitrum,0,k_3,3,27,0.0632688927943761,0.0123893805309734,0.0428023274246838,0.3409989127230899,0.6636520624160767,0.0026498264633119,0.6636520624160767,0.0006800548289902,0.8856059312820435,0.0026498264633119,0.0148576600477099,0.0006800548289902,0.8856059312820435,0.0880490839481353,0.0880490839481353,0.0144652445294452,0.0237154150197628,0.0011493624188005924
magic_abracadabra_arbitrum_2025,magic_abracadabra_arbitrum_2025__hn005,magic_abracadabra_arbitrum_2025,hard_negative_mined,arbitrum,0,k_5,5,27,0.0632688927943761,0.015929203539823,0.0467022857111832,0.1134136087371745,0.0460807904601097,0.0004611058393493,0.0460807904601097,0.0001734232209855,0.1535751521587371,0.0004611058393493,0.001320527982898,0.0001734232209855,0.1535751521587371,0.0069136330857872,0.0069136330857872,0.0061709534870027,0.0052424639580602,0.0038348999805748463
magic_abracadabra_arbitrum_2025,magic_abracadabra_arbitrum_2025__hn005,magic_abracadabra_arbitrum_2025,hard_negative_mined,arbitrum,0,ratio_25,7,27,0.0632688927943761,0.0247787610619469,0.0529482463448809,0.0464520278707139,0.0153324790298938,0.0093943830579519,0.0153324790298938,0.0067328135482966,0.1733206361532211,0.0093943830579519,0.004967896733433,0.0067328135482966,0.1733206361532211,0.0098679307848215,0.0098679307848215,0.0266947681040157,0.0304568527918781,0.0019447726663202047
magic_abracadabra_arbitrum_2025,magic_abracadabra_arbitrum_2025__hn005,magic_abracadabra_arbitrum_2025,hard_negative_mined,arbitrum,0,ratio_50,14,27,0.0632688927943761,0.0283185840707964,0.0618661418341706,0.0837005341880341,0.0007436631713062,0.0008105641463771,0.0007436631713062,0.0003079265006817,0.0007147772703319,0.0008105641463771,0.000720910844393,0.0003079265006817,0.0007147772703319,0.0011633841786533,0.0011633841786533,0.0081273193081105,0.0052424639580602,0.01615281216800213
magic_abracadabra_arbitrum_2025,magic_abracadabra_arbitrum_2025__hn005,magic_abracadabra_arbitrum_2025,hard_negative_mined,arbitrum,0,ratio_75,21,27,0.0632688927943761,0.0424778761061946,0.0651386676039554,0.1677742568605587,0.0022484643850475,0.0008660741732455,0.0022484643850475,0.0004791942483279,0.0008611344965174,0.0008660741732455,0.0005096763488836,0.0004791942483279,0.0008611344965174,0.0015891848597675,0.0015891848597675,0.0083941661075703,0.0052424639580602,0.0070328922010958195
magic_abracadabra_arbitrum_2025,magic_abracadabra_arbitrum_2025__hn005,magic_abracadabra_arbitrum_2025,hard_negative_mined,arbitrum,0,ratio_100,27,27,0.0632688927943761,0.0495575221238938,0.0666442432195843,0.1732384519613767,0.0131926806643605,0.0012880873400717,0.0131926806643605,0.0005552782677114,0.0045127500779926,0.0012880873400717,0.0010504788951948,0.0005552782677114,0.0045127500779926,0.0036920567508786,0.0036920567508786,0.0101856252934816,0.0108695652173913,0.005054544657468796
magic_abracadabra_arbitrum_2025,magic_abracadabra_arbitrum_2025__hn006,magic_abracadabra_arbitrum_2025,hard_negative_mined,arbitrum,0,ratio_25,1,2,0.0632688927943761,0.0035398230088495,0.0145622768157263,0.0221751096050204,0.001331960549578,5.290352419251576e-05,0.001331960549578,4.353376425569877e-05,0.0005238106241449,5.290352419251576e-05,0.0001432033168384,4.353376425569877e-05,0.0005238106241449,3.627238038461656e-05,3.627238038461656e-05,0.0021379239733264,0.0052424639580602,0.011683248914778233
magic_abracadabra_arbitrum_2025,magic_abracadabra_arbitrum_2025__hn006,magic_abracadabra_arbitrum_2025,hard_negative_mined,arbitrum,0,ratio_75,2,2,0.0632688927943761,0.0106194690265486,0.0145622768157263,0.1185827619187704,0.0370164401829242,0.0008706349181011,0.0370164401829242,0.0013300748541951,0.0234137661755085,0.0008706349181011,0.0028603586833924,0.0013300748541951,0.0234137661755085,0.006863348186016,0.006863348186016,0.0084156930890291,0.0052424639580602,0.0037973045837134123
magic_abracadabra_arbitrum_2025,magic_abracadabra_arbitrum_2025__hn007,magic_abracadabra_arbitrum_2025,hard_negative_mined,arbitrum,0,ratio_25,1,3,0.0632688927943761,0.0035398230088495,0.0145622768157263,0.0003892215568862,0.0003207098634447,1.0365655725763643e-05,0.0003207098634447,7.434768122038804e-06,0.0001564424746902,1.0365655725763643e-05,3.24355969496537e-05,7.434768122038804e-06,0.0001564424746902,6.536813998536672e-06,6.536813998536672e-06,0.0009608793778316,0.0016232374252028,0.011683248914778233
magic_abracadabra_arbitrum_2025,magic_abracadabra_arbitrum_2025__hn007,magic_abracadabra_arbitrum_2025,hard_negative_mined,arbitrum,0,ratio_50,2,3,0.0632688927943761,0.0123893805309734,0.0327920958652208,0.022619987949753,0.0001111176607082,6.770539766876027e-05,0.0001111176607082,2.7321724701323543e-05,0.0001117398933274,6.770539766876027e-05,0.0015964220510795,2.7321724701323543e-05,0.0001117398933274,0.0003345422446727,0.0003345422446727,0.002412788280636,0.0052424639580602,0.0007625819998793304
magic_abracadabra_arbitrum_2025,magic_abracadabra_arbitrum_2025__hn007,magic_abracadabra_arbitrum_2025,hard_negative_mined,arbitrum,0,ratio_75,3,3,0.0632688927943761,0.0141592920353982,0.0250616735456734,0.1162000719220009,0.0046446248888969,9.064857295015828e-05,0.0046446248888969,5.2644594688899815e-05,0.0017542736604809,9.064857295015828e-05,0.0003288136504124,5.2644594688899815e-05,0.0017542736604809,0.0002724412188399,0.0002724412188399,0.002783787814705,0.0052424639580602,0.0014467996079474688
magic_abracadabra_arbitrum_2025,magic_abracadabra_arbitrum_2025__hn008,magic_abracadabra_arbitrum_2025,hard_negative_mined,arbitrum,0,k_2,2,417,0.0632688927943761,0.0106194690265486,0.0145622768157263,0.0285681844908425,0.0004412842390593,1.342620907962555e-05,0.0004412842390593,1.084190262190532e-05,0.0006627911934629,1.342620907962555e-05,8.409966540057212e-05,1.084190262190532e-05,0.0006627911934629,0.000110886809125,0.000110886809125,0.0010909887672281,0.0052424639580602,0.024096574634313583
magic_abracadabra_arbitrum_2025,magic_abracadabra_arbitrum_2025__hn008,magic_abracadabra_arbitrum_2025,hard_negative_mined,arbitrum,0,k_3,3,417,0.0632688927943761,0.0106194690265486,0.0145622768157263,0.0499373197994639,0.000252522615483,1.1104926670668648e-05,0.000252522615483,1.1566899047465997e-05,0.0004920918145217,1.1104926670668648e-05,3.442886736593209e-05,1.1566899047465997e-05,0.0004920918145217,0.0001143833069363,0.0001143833069363,0.0009939294490444,0.004357870077185,0.009809150360524654
magic_abracadabra_arbitrum_2025,magic_abracadabra_arbitrum_2025__hn008,magic_abracadabra_arbitrum_2025,hard_negative_mined,arbitrum,0,k_5,5,417,0.0632688927943761,0.0106194690265486,0.0145622768157263,0.0093934747820617,6.581535853911191e-05,1.104445163946366e-05,6.581535853911191e-05,1.1392178748792505e-05,0.0002297131431987,1.104445163946366e-05,3.442886736593209e-05,1.1392178748792505e-05,0.0002297131431987,4.8509591579204425e-05,4.8509591579204425e-05,0.0009912687807802,0.0041341672573968,0.0083652064204216
magic_abracadabra_arbitrum_2025,magic_abracadabra_arbitrum_2025__hn008,magic_abracadabra_arbitrum_2025,hard_negative_mined,arbitrum,0,k_7,7,417,0.0632688927943761,0.0106194690265486,0.0145622768157263,0.0057935406031801,6.739246600773185e-05,1.1131529390695505e-05,6.739246600773185e-05,1.1392178748792505e-05,0.0002137884584954,1.1131529390695505e-05,3.442886736593209e-05,1.1392178748792505e-05,0.0002137884584954,4.584497582982294e-05,4.584497582982294e-05,0.0009950975273532,0.0044562760368922,0.00730563048273325
magic_abracadabra_arbitrum_2025,magic_abracadabra_arbitrum_2025__hn008,magic_abracadabra_arbitrum_2025,hard_negative_mined,arbitrum,0,ratio_25,105,417,0.0632688927943761,0.0530973451327433,0.0176080528359989,0.1715067554043633,0.0008437884971499,0.000341975770425,0.0008437884971499,0.0003518571320455,0.012812303379178,0.000341975770425,0.0004040687344968,0.0003518571320455,0.012812303379178,0.0021541949827224,0.0021541949827224,0.0053322724143019,0.0052424639580602,0.0076053692027926445
magic_abracadabra_arbitrum_2025,magic_abracadabra_arbitrum_2025__hn008,magic_abracadabra_arbitrum_2025,hard_negative_mined,arbitrum,0,ratio_50,209,417,0.0632688927943761,0.0530973451327433,0.0160213655360562,0.1569829488245763,0.0054671820253133,0.0001748626673361,0.0054671820253133,0.000536928535439,0.0117096519097685,0.0001748626673361,0.0001961637462954,0.000536928535439,0.0117096519097685,0.0014350796118378,0.0014350796118378,0.0038405708972795,0.0052424639580602,0.000980227254331112
magic_abracadabra_arbitrum_2025,magic_abracadabra_arbitrum_2025__hn008,magic_abracadabra_arbitrum_2025,hard_negative_mined,arbitrum,0,ratio_75,313,417,0.0632688927943761,0.0530973451327433,0.0155212655478753,0.1568181136597411,0.0017482584808021,0.0001981349050765,0.0017482584808021,0.000423390418291,0.0028418907895684,0.0001981349050765,0.0002170914522139,0.000423390418291,0.0028418907895684,0.0009266420966014,0.0009266420966014,0.0040828002191017,0.0052424639580602,0.0009219855419360101
magic_abracadabra_arbitrum_2025,magic_abracadabra_arbitrum_2025__hn008,magic_abracadabra_arbitrum_2025,hard_negative_mined,arbitrum,0,ratio_100,417,417,0.0632688927943761,0.0530973451327433,0.01527642774023,0.1418181136597411,0.0017799573251977,0.0002092474751407,0.0017799573251977,0.0004445697704795,0.0030100515577942,0.0002092474751407,0.0002170914522139,0.0004445697704795,0.0030100515577942,0.0009880102006718,0.0009880102006718,0.0041933113940083,0.0052424639580602,0.001422980916686356
magic_abracadabra_arbitrum_2025,magic_abracadabra_arbitrum_2025__hn009,magic_abracadabra_arbitrum_2025,hard_negative_mined,arbitrum,0,k_2,2,47,0.0632688927943761,0.0070796460176991,0.0721715853868591,0.0590992974942458,0.0045177224092185,0.0170915890485048,0.0045177224092185,0.01962486281991,0.0035226030740886,0.0170915890485048,0.1332021057605743,0.01962486281991,0.0035226030740886,0.0073316437192261,0.0073316437192261,0.0356284526667072,0.0304568527918781,0.4541747272014618
magic_abracadabra_arbitrum_2025,magic_abracadabra_arbitrum_2025__hn009,magic_abracadabra_arbitrum_2025,hard_negative_mined,arbitrum,0,k_3,3,47,0.0632688927943761,0.0088495575221238,0.0721715853868591,0.0940008270903105,0.0061932131648063,0.1060764268040657,0.0061932131648063,0.0879242047667503,0.0041427188552916,0.1060764268040657,0.0771780237555503,0.0879242047667503,0.0041427188552916,0.0609943866729736,0.0609943866729736,0.0866933562295872,0.0526315789473684,0.3733721077442169
magic_abracadabra_arbitrum_2025,magic_abracadabra_arbitrum_2025__hn009,magic_abracadabra_arbitrum_2025,hard_negative_mined,arbitrum,0,k_5,5,47,0.0632688927943761,0.0176991150442477,0.0721715853868591,0.1230055551930579,0.0010837466688826,0.0116566633805632,0.0010837466688826,0.0115529745817184,0.0026569459587335,0.0116566633805632,0.018467316403985,0.0115529745817184,0.0026569459587335,0.0032811781857162,0.0032811781857162,0.0296242988533954,0.0304568527918781,0.24833595752716064
magic_abracadabra_arbitrum_2025,magic_abracadabra_arbitrum_2025__hn009,magic_abracadabra_arbitrum_2025,hard_negative_mined,arbitrum,0,k_7,7,47,0.0632688927943761,0.0194690265486725,0.0721715853868591,0.1662232830484698,0.0003328907187096,0.0057576936669647,0.0003328907187096,0.0060659027658402,0.000664264021907,0.0057576936669647,0.0101214163005352,0.0060659027658402,0.000664264021907,0.0049833972007036,0.0049833972007036,0.0210704676715411,0.0237154150197628,0.2585865557193756
magic_abracadabra_arbitrum_2025,magic_abracadabra_arbitrum_2025__hn009,magic_abracadabra_arbitrum_2025,hard_negative_mined,arbitrum,0,ratio_25,12,47,0.0632688927943761,0.0265486725663716,0.0721715853868591,0.0874679051864013,9.738843073137105e-05,0.003087539691478,9.738843073137105e-05,0.0014986278256401,0.0007542435778304,0.003087539691478,0.0135634373873472,0.0014986278256401,0.0007542435778304,0.0038396643940359,0.0038396643940359,0.0155794437999812,0.0237154150197628,0.011600314639508724
magic_abracadabra_arbitrum_2025,magic_abracadabra_arbitrum_2025__hn009,magic_abracadabra_arbitrum_2025,hard_negative_mined,arbitrum,0,ratio_50,24,47,0.0632688927943761,0.0548672566371681,0.055692365514544,0.072658159574535,7.520151120843366e-05,0.0017777617322281,7.520151120843366e-05,0.0011437403736636,0.0002460214309394,0.0017777617322281,0.0024455576203763,0.0011437403736636,0.0002460214309394,0.000727581558749,0.000727581558749,0.0119148292563284,0.0237154150197628,0.02492002584040165
magic_abracadabra_arbitrum_2025,magic_abracadabra_arbitrum_2025__hn009,magic_abracadabra_arbitrum_2025,hard_negative_mined,arbitrum,0,ratio_75,36,47,0.0632688927943761,0.0778761061946902,0.0409515396552227,0.1141267687673544,0.0021165057551115,0.0075088925659656,0.0021165057551115,0.007806287612766,0.0125946942716836,0.0075088925659656,0.0508393198251724,0.007806287612766,0.0125946942716836,0.0094365077093243,0.0094365077093243,0.0239571320678505,0.0237154150197628,0.004246820695698261
magic_abracadabra_arbitrum_2025,magic_abracadabra_arbitrum_2025__hn009,magic_abracadabra_arbitrum_2025,hard_negative_mined,arbitrum,0,ratio_100,47,47,0.0632688927943761,0.0849557522123893,0.0345155490350964,0.0833746649805382,0.0013641415862366,0.00845193490386,0.0013641415862366,0.0063486061990261,0.0074981297366321,0.00845193490386,0.0355435796082019,0.0063486061990261,0.0074981297366321,0.007469062693417,0.007469062693417,0.0253662536919691,0.0304568527918781,0.001338305533863604
magic_abracadabra_arbitrum_2025,magic_abracadabra_arbitrum_2025__hn010,magic_abracadabra_arbitrum_2025,hard_negative_mined,arbitrum,0,k_2,2,37,0.0632688927943761,0.0123893805309734,0.0327920958652208,0.7934891665401372,0.1779144257307052,0.5291765332221985,0.1779144257307052,0.4026111662387848,0.4342598617076874,0.5291765332221985,0.4278376698493957,0.4026111662387848,0.4342598617076874,0.401941180229187,0.401941180229187,0.2227045049285622,0.2153846153846154,0.20433171093463898
magic_abracadabra_arbitrum_2025,magic_abracadabra_arbitrum_2025__hn010,magic_abracadabra_arbitrum_2025,hard_negative_mined,arbitrum,0,k_3,3,37,0.0632688927943761,0.0123893805309734,0.0250616735456734,0.7270966633605027,0.1928347647190094,0.0930535793304443,0.1928347647190094,0.105660080909729,0.5173673629760742,0.0930535793304443,0.1611315459012985,0.105660080909729,0.5173673629760742,0.1623887121677398,0.1623887121677398,0.0811994041986832,0.0526315789473684,0.005776781123131514
magic_abracadabra_arbitrum_2025,magic_abracadabra_arbitrum_2025__hn010,magic_abracadabra_arbitrum_2025,hard_negative_mined,arbitrum,0,k_5,5,37,0.0632688927943761,0.0336283185840707,0.0410591446961731,0.9031902484607836,0.8865538239479065,0.9971053004264832,0.8865538239479065,0.9869500994682312,0.975505530834198,0.9971053004264832,0.8618375658988953,0.9869500994682312,0.975505530834198,0.9981791973114014,0.9981791973114014,0.8268000518107944,1.0,0.018405992537736893
magic_abracadabra_arbitrum_2025,magic_abracadabra_arbitrum_2025__hn010,magic_abracadabra_arbitrum_2025,hard_negative_mined,arbitrum,0,k_7,7,37,0.0632688927943761,0.0424778761061946,0.0483265903006812,0.9020679480634988,0.9860742092132568,0.9983260035514832,0.9860742092132568,0.9986366629600524,0.9926551580429076,0.9983260035514832,0.9163193106651306,0.9986366629600524,0.9926551580429076,0.99335914850235,0.99335914850235,0.8620971029626449,1.0,0.19537924230098724
magic_abracadabra_arbitrum_2025,magic_abracadabra_arbitrum_2025__hn010,magic_abracadabra_arbitrum_2025,hard_negative_mined,arbitrum,0,ratio_25,10,37,0.0632688927943761,0.0460176991150442,0.0545621305758858,0.8284357576942025,0.9849645495414734,0.9836211204528807,0.9849645495414734,0.9844515323638916,0.9761291742324828,0.9836211204528807,0.7482923865318298,0.9844515323638916,0.9761291742324828,0.9889735579490662,0.9889735579490662,0.6692617778523168,0.8235294117647058,0.03449837490916252
magic_abracadabra_arbitrum_2025,magic_abracadabra_arbitrum_2025__hn010,magic_abracadabra_arbitrum_2025,hard_negative_mined,arbitrum,0,ratio_50,19,37,0.0632688927943761,0.0672566371681415,0.062332659336958,0.828203306372325,0.9818578958511353,0.9826274514198304,0.9818578958511353,0.979832410812378,0.987183690071106,0.9826274514198304,0.7238773703575134,0.979832410812378,0.987183690071106,0.9837260842323304,0.9837260842323304,0.6627137468038534,0.8235294117647058,0.6234166026115417
magic_abracadabra_arbitrum_2025,magic_abracadabra_arbitrum_2025__hn010,magic_abracadabra_arbitrum_2025,hard_negative_mined,arbitrum,0,ratio_75,28,37,0.0632688927943761,0.0814159292035398,0.0653502680509627,0.7473367908348753,0.5001548528671265,0.7261098027229309,0.5001548528671265,0.6851134300231934,0.8894238471984863,0.7261098027229309,0.4829619228839874,0.6851134300231934,0.8894238471984863,0.739926278591156,0.739926278591156,0.3039997142970341,0.3142857142857143,0.9751896858215332
magic_abracadabra_arbitrum_2025,magic_abracadabra_arbitrum_2025__hn010,magic_abracadabra_arbitrum_2025,hard_negative_mined,arbitrum,0,ratio_100,37,37,0.0632688927943761,0.1026548672566371,0.0669521586402052,0.4138975263847771,0.216438353061676,0.1591724604368209,0.216438353061676,0.0918948054313659,0.6705242395401001,0.1591724604368209,0.0279821027070283,0.0918948054313659,0.6705242395401001,0.2865235507488251,0.2865235507488251,0.1066715569377236,0.0526315789473684,0.7741094827651978
magic_abracadabra_arbitrum_2025,magic_abracadabra_arbitrum_2025__hn011,magic_abracadabra_arbitrum_2025,hard_negative_mined,arbitrum,0,k_2,2,14,0.0632688927943761,0.0106194690265486,0.0145622768157263,0.1277675857438785,0.0042028804309666,0.000288410577923,0.0042028804309666,8.70238509378396e-05,0.0029319070745259,0.000288410577923,0.0005600182921625,8.70238509378396e-05,0.0029319070745259,0.0007634417852386,0.0007634417852386,0.0049060756790753,0.0052424639580602,0.007163140922784805
magic_abracadabra_arbitrum_2025,magic_abracadabra_arbitrum_2025__hn011,magic_abracadabra_arbitrum_2025,hard_negative_mined,arbitrum,0,k_3,3,14,0.0632688927943761,0.0106194690265486,0.0145622768157263,0.0346599408867631,0.0001983065158128,3.485209890641272e-05,0.0001983065158128,2.100195524690207e-05,0.0001350227685179,3.485209890641272e-05,0.0001853211433626,2.100195524690207e-05,0.0001350227685179,3.746616857824847e-05,3.746616857824847e-05,0.0017422047434132,0.0052424639580602,0.00363287515938282
magic_abracadabra_arbitrum_2025,magic_abracadabra_arbitrum_2025__hn011,magic_abracadabra_arbitrum_2025,hard_negative_mined,arbitrum,0,ratio_25,4,14,0.0632688927943761,0.0106194690265486,0.0145622768157263,0.0100734244620114,0.0001494158059358,3.22085470543243e-05,0.0001494158059358,1.4856038433208596e-05,8.53578167152591e-05,3.22085470543243e-05,0.0001853211433626,1.4856038433208596e-05,8.53578167152591e-05,2.8979922717553563e-05,2.8979922717553563e-05,0.001676079258688,0.0052424639580602,0.0015327404253184795
magic_abracadabra_arbitrum_2025,magic_abracadabra_arbitrum_2025__hn011,magic_abracadabra_arbitrum_2025,hard_negative_mined,arbitrum,0,k_5,5,14,0.0632688927943761,0.0106194690265486,0.0145622768157263,0.0100734244620114,0.0001494158059358,3.22085470543243e-05,0.0001494158059358,1.4856038433208596e-05,8.013185288291425e-05,3.22085470543243e-05,0.0001853211433626,1.4856038433208596e-05,8.013185288291425e-05,2.6470313969184645e-05,2.6470313969184645e-05,0.001676079258688,0.0052424639580602,0.0013945531100034714
magic_abracadabra_arbitrum_2025,magic_abracadabra_arbitrum_2025__hn011,magic_abracadabra_arbitrum_2025,hard_negative_mined,arbitrum,0,ratio_50,7,14,0.0632688927943761,0.0106194690265486,0.0145622768157263,0.0128006971892841,5.788826456409879e-05,9.025603503687309e-05,5.788826456409879e-05,3.421301153139211e-05,2.554387174313888e-05,9.025603503687309e-05,0.0001434966688975,3.421301153139211e-05,2.554387174313888e-05,4.901888678432442e-05,4.901888678432442e-05,0.0027778740377988,0.0052424639580602,0.0012549817329272628
magic_abracadabra_arbitrum_2025,magic_abracadabra_arbitrum_2025__hn011,magic_abracadabra_arbitrum_2025,hard_negative_mined,arbitrum,0,ratio_75,11,14,0.0632688927943761,0.0106194690265486,0.0145622768157263,0.0088068181818181,4.975840784027241e-05,2.756498724920675e-05,4.975840784027241e-05,1.222652463184204e-05,2.9872084269300103e-05,2.756498724920675e-05,4.3554984586080536e-05,1.222652463184204e-05,2.9872084269300103e-05,2.694374597922433e-05,2.694374597922433e-05,0.0015528332567497,0.0052424639580602,0.0021513360552489758
magic_abracadabra_arbitrum_2025,magic_abracadabra_arbitrum_2025__hn011,magic_abracadabra_arbitrum_2025,hard_negative_mined,arbitrum,0,ratio_100,14,14,0.0632688927943761,0.0106194690265486,0.0145622768157263,0.0100603125738995,0.0008488164748996,0.0001201620252686,0.0008488164748996,7.351362000918016e-05,0.0003119435568805,0.0001201620252686,0.0001853211433626,7.351362000918016e-05,0.0003119435568805,0.0001974431506823,0.0001974431506823,0.0031960101793432,0.0052424639580602,0.00044267522753216326
magic_abracadabra_arbitrum_2025,magic_abracadabra_arbitrum_2025__hn012,magic_abracadabra_arbitrum_2025,hard_negative_mined,arbitrum,0,k_2,2,11,0.0632688927943761,0.0106194690265486,0.0145622768157263,0.0819452706126539,0.0085897846147418,0.0001161623295047,0.0085897846147418,9.935138950822876e-05,0.0029306097421795,0.0001161623295047,0.0004028345574624,9.935138950822876e-05,0.0029306097421795,0.0004195249057374,0.0004195249057374,0.0031434480846925,0.0052424639580602,0.0037973045837134123
magic_abracadabra_arbitrum_2025,magic_abracadabra_arbitrum_2025__hn012,magic_abracadabra_arbitrum_2025,hard_negative_mined,arbitrum,0,ratio_25,3,11,0.0632688927943761,0.0123893805309734,0.0145622768157263,0.0954016503488559,0.0006287012947723,0.0001081930822692,0.0006287012947723,2.8264896172913723e-05,0.0015014831442385,0.0001081930822692,0.0003272172471042,2.8264896172913723e-05,0.0015014831442385,0.0002284097572555,0.0002284097572555,0.0030358847859935,0.0052424639580602,0.006909774150699377
magic_abracadabra_arbitrum_2025,magic_abracadabra_arbitrum_2025__hn012,magic_abracadabra_arbitrum_2025,hard_negative_mined,arbitrum,0,k_5,5,11,0.0632688927943761,0.0123893805309734,0.0145622768157263,0.0757154195771501,0.0021708803251385,0.0003772948111873,0.0021708803251385,0.0001124275513575,0.0060497322119772,0.0003772948111873,0.0010555202607065,0.0001124275513575,0.0060497322119772,0.0003964618081226,0.0003964618081226,0.0055947297666205,0.0052424639580602,0.0007736418046988547
magic_abracadabra_arbitrum_2025,magic_abracadabra_arbitrum_2025__hn012,magic_abracadabra_arbitrum_2025,hard_negative_mined,arbitrum,0,ratio_50,6,11,0.0632688927943761,0.0123893805309734,0.0145622768157263,0.0371464676734922,0.0076158391311764,0.0005076885572634,0.0076158391311764,0.0001502633531345,0.0045153168030083,0.0005076885572634,0.0010555202607065,0.0001502633531345,0.0045153168030083,0.0015464482130482,0.0015464482130482,0.006467993286159,0.0052424639580602,0.0011802337830886245
magic_abracadabra_arbitrum_2025,magic_abracadabra_arbitrum_2025__hn012,magic_abracadabra_arbitrum_2025,hard_negative_mined,arbitrum,0,k_7,7,11,0.0632688927943761,0.0123893805309734,0.0183899993152037,0.3170196059133442,0.5956233739852905,0.0065220608375966,0.5956233739852905,0.0027265900280326,0.4211580753326416,0.0065220608375966,0.0043877786956727,0.0027265900280326,0.4211580753326416,0.0246720947325229,0.0246720947325229,0.0223798566280369,0.0237154150197628,0.0005600537988357246
magic_abracadabra_arbitrum_2025,magic_abracadabra_arbitrum_2025__hn012,magic_abracadabra_arbitrum_2025,hard_negative_mined,arbitrum,0,ratio_75,9,11,0.0632688927943761,0.0212389380530973,0.0311715243762352,0.2386261908349705,0.0883277803659439,0.0081017231568694,0.0883277803659439,0.006791170220822,0.071561649441719,0.0081017231568694,0.0059290006756782,0.006791170220822,0.071561649441719,0.0537579320371151,0.0537579320371151,0.0248530143841259,0.0237154150197628,0.019650045782327652
magic_abracadabra_arbitrum_2025,magic_abracadabra_arbitrum_2025__hn012,magic_abracadabra_arbitrum_2025,hard_negative_mined,arbitrum,0,ratio_100,11,11,0.0632688927943761,0.0212389380530973,0.0434204147902684,0.2267722540476598,0.1191157326102256,0.0983692556619644,0.1191157326102256,0.0434140115976333,0.0540865249931812,0.0983692556619644,0.0222425926476717,0.0434140115976333,0.0540865249931812,0.0470030419528484,0.0470030419528484,0.0834800223714147,0.0526315789473684,0.018217245116829872
magic_abracadabra_arbitrum_2025,magic_abracadabra_arbitrum_2025__hn013,magic_abracadabra_arbitrum_2025,hard_negative_mined,arbitrum,0,ratio_25,1,3,0.0632688927943761,0.0035398230088495,0.0145622768157263,0.0011786952410967,0.0001766519708326,1.0502424629521556e-05,0.0001766519708326,7.434768122038804e-06,6.297171785263345e-05,1.0502424629521556e-05,4.509823702392168e-05,7.434768122038804e-06,6.297171785263345e-05,7.490486041206168e-06,7.490486041206168e-06,0.0009670822324478,0.0021291584445123,0.011683248914778233
magic_abracadabra_arbitrum_2025,magic_abracadabra_arbitrum_2025__hn013,magic_abracadabra_arbitrum_2025,hard_negative_mined,arbitrum,0,ratio_50,2,3,0.0632688927943761,0.0123893805309734,0.0327920958652208,0.2150486919495097,0.0121127497404813,0.0004048614646308,0.0121127497404813,0.0004080310754943,0.0150960488244891,0.0004048614646308,0.0045173387043178,0.0004080310754943,0.0150960488244891,0.0049706101417541,0.0049706101417541,0.0057909183725611,0.0052424639580602,0.20433171093463898
magic_abracadabra_arbitrum_2025,magic_abracadabra_arbitrum_2025__hn013,magic_abracadabra_arbitrum_2025,hard_negative_mined,arbitrum,0,ratio_75,3,3,0.0632688927943761,0.0141592920353982,0.0250616735456734,0.1739655966391225,0.2020374089479446,7.424108480336145e-05,0.2020374089479446,2.577243503765203e-05,0.3670345246791839,7.424108480336145e-05,0.0016407382208853,2.577243503765203e-05,0.3670345246791839,0.0015435691457241,0.0015435691457241,0.0025242752804294,0.0052424639580602,0.03727467730641365
magic_abracadabra_arbitrum_2025,magic_abracadabra_arbitrum_2025__hn014,magic_abracadabra_arbitrum_2025,hard_negative_mined,arbitrum,0,k_2,2,23,0.0632688927943761,0.0106194690265486,0.0145622768157263,0.0755523929688173,0.00627744756639,0.0005924010183662,0.00627744756639,0.0001433347497368,0.0091609880328178,0.0005924010183662,0.0004410073452163,0.0001433347497368,0.0091609880328178,0.0051251025870442,0.0051251025870442,0.0069742311177717,0.0052424639580602,0.004314360208809376
magic_abracadabra_arbitrum_2025,magic_abracadabra_arbitrum_2025__hn014,magic_abracadabra_arbitrum_2025,hard_negative_mined,arbitrum,0,k_3,3,23,0.0632688927943761,0.0106194690265486,0.0145622768157263,0.0218803675189544,0.000397562602302,3.052513056900352e-05,0.000397562602302,3.911058229277842e-05,0.0004264212038833,3.052513056900352e-05,4.245686795911752e-05,3.911058229277842e-05,0.0004264212038833,0.0002123474841937,0.0002123474841937,0.0016325174000318,0.0052424639580602,0.006513350177556276
magic_abracadabra_arbitrum_2025,magic_abracadabra_arbitrum_2025__hn014,magic_abracadabra_arbitrum_2025,hard_negative_mined,arbitrum,0,k_5,5,23,0.0632688927943761,0.0106194690265486,0.0145622768157263,0.0108043601929471,0.0011880814563483,0.0001133267360273,0.0011880814563483,0.0001099071669159,0.000478972273413,0.0001133267360273,0.0001459262857679,0.0001099071669159,0.000478972273413,0.000140517760883,0.000140517760883,0.0031056210054855,0.0052424639580602,0.0009483466274105012
magic_abracadabra_arbitrum_2025,magic_abracadabra_arbitrum_2025__hn014,magic_abracadabra_arbitrum_2025,hard_negative_mined,arbitrum,0,ratio_25,6,23,0.0632688927943761,0.0106194690265486,0.0145622768157263,0.0386809199077421,0.000227103344514,5.504096043296158e-05,0.000227103344514,2.734708868956659e-05,0.0002830380108207,5.504096043296158e-05,0.0001459262857679,2.734708868956659e-05,0.0002830380108207,4.94301384605933e-05,4.94301384605933e-05,0.0021798494975966,0.0052424639580602,0.0008504513534717262
magic_abracadabra_arbitrum_2025,magic_abracadabra_arbitrum_2025__hn014,magic_abracadabra_arbitrum_2025,hard_negative_mined,arbitrum,0,k_7,7,23,0.0632688927943761,0.0106194690265486,0.0145622768157263,0.0724940765050038,0.0010900975903496,0.0001218837933265,0.0010900975903496,5.970812708255835e-05,0.0012084725312888,0.0001218837933265,4.245686795911752e-05,5.970812708255835e-05,0.0012084725312888,0.0002980291901621,0.0002980291901621,0.003218360931053,0.0052424639580602,0.0007989183650352061
magic_abracadabra_arbitrum_2025,magic_abracadabra_arbitrum_2025__hn014,magic_abracadabra_arbitrum_2025,hard_negative_mined,arbitrum,0,ratio_50,12,23,0.0632688927943761,0.0230088495575221,0.028675145689944,0.0217937062937062,0.0022120168432593,4.778511356562376e-05,0.0022120168432593,4.969543442712165e-05,0.0037740543484687,4.778511356562376e-05,0.00038872519508,4.969543442712165e-05,0.0037740543484687,0.0094475066289305,0.0094475066289305,0.0020338661643243,0.0052424639580602,0.07009684294462204
magic_abracadabra_arbitrum_2025,magic_abracadabra_arbitrum_2025__hn014,magic_abracadabra_arbitrum_2025,hard_negative_mined,arbitrum,0,ratio_75,18,23,0.0632688927943761,0.0336283185840707,0.0391775050776061,0.0384712044637386,0.0021457360126078,0.0004039980703964,0.0021457360126078,0.000157481917995,0.0018722990062087,0.0004039980703964,0.0001203796928166,0.000157481917995,0.0018722990062087,0.0026564998552203,0.0026564998552203,0.005784879723641,0.0052424639580602,0.002683820202946663
magic_abracadabra_arbitrum_2025,magic_abracadabra_arbitrum_2025__hn014,magic_abracadabra_arbitrum_2025,hard_negative_mined,arbitrum,0,ratio_100,23,23,0.0632688927943761,0.0389380530973451,0.0448186516358257,0.0419194803258076,0.0015538173029199,0.0004589277959894,0.0015538173029199,0.0001868475665105,0.0023925162386149,0.0004589277959894,0.0002605980553198,0.0001868475665105,0.0023925162386149,0.0012562697520479,0.0012562697520479,0.0061566955634414,0.0052424639580602,0.03435403108596802
magic_abracadabra_arbitrum_2025,magic_abracadabra_arbitrum_2025__hn015,magic_abracadabra_arbitrum_2025,hard_negative_mined,arbitrum,0,ratio_25,1,2,0.0632688927943761,0.0035398230088495,0.0145622768157263,0.0003892215568862,0.0002190611703554,1.0365655725763643e-05,0.0002190611703554,7.434768122038804e-06,0.000113444380986,1.0365655725763643e-05,3.24355969496537e-05,7.434768122038804e-06,0.000113444380986,6.536813998536672e-06,6.536813998536672e-06,0.0009608793778316,0.0016232374252028,0.011683248914778233
magic_abracadabra_arbitrum_2025,magic_abracadabra_arbitrum_2025__hn015,magic_abracadabra_arbitrum_2025,hard_negative_mined,arbitrum,0,ratio_75,2,2,0.0632688927943761,0.0106194690265486,0.0145622768157263,0.0230508898431235,0.0001757288118824,2.8950118576176465e-05,0.0001757288118824,1.3082877558190376e-05,0.000157450675033,2.8950118576176465e-05,8.409966540057212e-05,1.3082877558190376e-05,0.000157450675033,6.687423592666164e-05,6.687423592666164e-05,0.0015906364825116,0.0052424639580602,0.007163140922784805
magic_abracadabra_arbitrum_2025,magic_abracadabra_arbitrum_2025__hn016,magic_abracadabra_arbitrum_2025,hard_negative_mined,arbitrum,0,k_2,2,9,0.0632688927943761,0.0106194690265486,0.0145622768157263,0.0593423537984383,0.0015009206254035,2.3703973056399263e-05,0.0015009206254035,1.3824115740135312e-05,0.0012124388013035,2.3703973056399263e-05,0.0001139817686635,1.3824115740135312e-05,0.0012124388013035,0.0003770893090404,0.0003770893090404,0.0014420165567349,0.0052424639580602,0.024096574634313583
magic_abracadabra_arbitrum_2025,magic_abracadabra_arbitrum_2025__hn016,magic_abracadabra_arbitrum_2025,hard_negative_mined,arbitrum,0,ratio_25,3,9,0.0632688927943761,0.0106194690265486,0.0145622768157263,0.0553170089733635,0.0070498054847121,7.105293479980901e-05,0.0070498054847121,4.372236071503721e-05,0.0030761358793824,7.105293479980901e-05,0.0001659017289057,4.372236071503721e-05,0.0030761358793824,0.0011396951740607,0.0011396951740607,0.0024705464312131,0.0052424639580602,0.009809150360524654
magic_abracadabra_arbitrum_2025,magic_abracadabra_arbitrum_2025__hn016,magic_abracadabra_arbitrum_2025,hard_negative_mined,arbitrum,0,ratio_50,5,9,0.0632688927943761,0.0106194690265486,0.0145622768157263,0.0020454545454545,0.0002334205637453,3.1583338568452746e-05,0.0002334205637453,3.0378274459508248e-05,7.333249232033268e-05,3.1583338568452746e-05,4.757464193971828e-05,3.0378274459508248e-05,7.333249232033268e-05,5.0963357352884486e-05,5.0963357352884486e-05,0.0016600394840133,0.0052424639580602,0.0007230761111713946
magic_abracadabra_arbitrum_2025,magic_abracadabra_arbitrum_2025__hn016,magic_abracadabra_arbitrum_2025,hard_negative_mined,arbitrum,0,ratio_75,7,9,0.0632688927943761,0.0106194690265486,0.0145622768157263,0.0096756971892841,0.0001576731883687,0.000102508929558,0.0001576731883687,4.1346043872181326e-05,4.392848131828941e-05,0.000102508929558,0.0001398791500832,4.1346043872181326e-05,4.392848131828941e-05,6.975426367716864e-05,6.975426367716864e-05,0.0029566657767294,0.0052424639580602,0.0010248135076835752
magic_abracadabra_arbitrum_2025,magic_abracadabra_arbitrum_2025__hn016,magic_abracadabra_arbitrum_2025,hard_negative_mined,arbitrum,0,ratio_100,9,9,0.0632688927943761,0.0106194690265486,0.0145622768157263,0.0039993686868686,5.090492413728498e-05,2.988268533954397e-05,5.090492413728498e-05,1.222652463184204e-05,2.94263973046327e-05,2.988268533954397e-05,4.245686795911752e-05,1.222652463184204e-05,2.94263973046327e-05,3.215275501133874e-05,3.215275501133874e-05,0.0016155705734952,0.0052424639580602,0.000924922525882721
magic_abracadabra_arbitrum_2025,magic_abracadabra_arbitrum_2025__hn017,magic_abracadabra_arbitrum_2025,hard_negative_mined,arbitrum,0,k_2,2,37,0.0632688927943761,0.0106194690265486,0.0327920958652208,0.7848226103693263,0.1667288988828659,0.6051660180091858,0.1667288988828659,0.6510692238807678,0.1674240678548813,0.6051660180091858,0.198356956243515,0.6510692238807678,0.1674240678548813,0.5008723139762878,0.5008723139762878,0.2501980597409261,0.2153846153846154,0.20433171093463898
magic_abracadabra_arbitrum_2025,magic_abracadabra_arbitrum_2025__hn017,magic_abracadabra_arbitrum_2025,hard_negative_mined,arbitrum,0,k_3,3,37,0.0632688927943761,0.0123893805309734,0.0250616735456734,0.8131920873390617,0.6047343015670776,0.2768053710460663,0.6047343015670776,0.1860955208539962,0.8656861782073975,0.2768053710460663,0.1611315459012985,0.1860955208539962,0.8656861782073975,0.1880821585655212,0.1880821585655212,0.1443936915877955,0.0526315789473684,0.005776781123131514
magic_abracadabra_arbitrum_2025,magic_abracadabra_arbitrum_2025__hn017,magic_abracadabra_arbitrum_2025,hard_negative_mined,arbitrum,0,k_5,5,37,0.0632688927943761,0.0371681415929203,0.0410591446961731,0.8639810807479072,0.8624030947685242,0.997553050518036,0.8624030947685242,0.9859553575515748,0.9777096509933472,0.997553050518036,0.8630910515785217,0.9859553575515748,0.9777096509933472,0.9983458518981934,0.9983458518981934,0.8383367193276838,1.0,0.1348596066236496
magic_abracadabra_arbitrum_2025,magic_abracadabra_arbitrum_2025__hn017,magic_abracadabra_arbitrum_2025,hard_negative_mined,arbitrum,0,k_7,7,37,0.0632688927943761,0.0460176991150442,0.0483265903006812,0.9031644174078152,0.9863989353179932,0.998416543006897,0.9863989353179932,0.9988601207733154,0.9945499300956726,0.998416543006897,0.9163193106651306,0.9988601207733154,0.9945499300956726,0.99335914850235,0.99335914850235,0.8653183772055905,1.0,0.7155084013938904
magic_abracadabra_arbitrum_2025,magic_abracadabra_arbitrum_2025__hn017,magic_abracadabra_arbitrum_2025,hard_negative_mined,arbitrum,0,ratio_25,10,37,0.0632688927943761,0.0495575221238938,0.0545621305758858,0.8284357576942025,0.9912763833999634,0.9836211204528807,0.9912763833999634,0.9844515323638916,0.9868116974830629,0.9836211204528807,0.7482923865318298,0.9844515323638916,0.9868116974830629,0.9889735579490662,0.9889735579490662,0.6692617778523168,0.8235294117647058,0.7920335531234741
magic_abracadabra_arbitrum_2025,magic_abracadabra_arbitrum_2025__hn017,magic_abracadabra_arbitrum_2025,hard_negative_mined,arbitrum,0,ratio_50,19,37,0.0632688927943761,0.0707964601769911,0.062332659336958,0.828203306372325,0.9818578958511353,0.9826274514198304,0.9818578958511353,0.979832410812378,0.987183690071106,0.9826274514198304,0.7238773703575134,0.979832410812378,0.987183690071106,0.9837260842323304,0.9837260842323304,0.6627137468038534,0.8235294117647058,0.9362006783485413
magic_abracadabra_arbitrum_2025,magic_abracadabra_arbitrum_2025__hn017,magic_abracadabra_arbitrum_2025,hard_negative_mined,arbitrum,0,ratio_75,28,37,0.0632688927943761,0.0849557522123893,0.0653502680509627,0.7071399065276153,0.4554598331451416,0.6399812698364258,0.4554598331451416,0.6400225758552551,0.8894238471984863,0.6399812698364258,0.4829619228839874,0.6400225758552551,0.8894238471984863,0.7318845391273499,0.7318845391273499,0.2641100523355814,0.3142857142857143,0.9956707954406738
magic_abracadabra_arbitrum_2025,magic_abracadabra_arbitrum_2025__hn017,magic_abracadabra_arbitrum_2025,hard_negative_mined,arbitrum,0,ratio_100,37,37,0.0632688927943761,0.1061946902654867,0.0669521586402052,0.4138975263847771,0.216438353061676,0.1591724604368209,0.216438353061676,0.0918948054313659,0.6705242395401001,0.1591724604368209,0.0279821027070283,0.0918948054313659,0.6705242395401001,0.2865235507488251,0.2865235507488251,0.1066715569377236,0.0526315789473684,0.8904088139533997
magic_abracadabra_arbitrum_2025,magic_abracadabra_arbitrum_2025__hn018,magic_abracadabra_arbitrum_2025,hard_negative_mined,arbitrum,0,ratio_25,1,3,0.0632688927943761,0.0035398230088495,0.0145622768157263,0.0379019372974363,0.0034665584098547,0.0007180831162258,0.0034665584098547,0.0013497819891199,0.00434061139822,0.0007180831162258,0.0007519355858676,0.0013497819891199,0.00434061139822,0.0002443257253617,0.0002443257253617,0.00766090526314,0.0052424639580602,0.011683248914778233
magic_abracadabra_arbitrum_2025,magic_abracadabra_arbitrum_2025__hn018,magic_abracadabra_arbitrum_2025,hard_negative_mined,arbitrum,0,ratio_50,2,3,0.0632688927943761,0.0106194690265486,0.0327920958652208,0.1783023526201831,0.0004786997742485,0.0060563166625797,0.0004786997742485,0.0058819437399506,0.0003925227210856,0.0060563166625797,0.5116278529167175,0.0058819437399506,0.0003925227210856,0.00198481278494,0.00198481278494,0.021592204341222,0.0237154150197628,0.0007625819998793304
magic_abracadabra_arbitrum_2025,magic_abracadabra_arbitrum_2025__hn018,magic_abracadabra_arbitrum_2025,hard_negative_mined,arbitrum,0,ratio_75,3,3,0.0632688927943761,0.0106194690265486,0.0250616735456734,0.0830251934600814,0.0001023851509671,0.0006549546378664,0.0001023851509671,0.0007390382234007,0.0001409052638337,0.0006549546378664,0.0333549380302429,0.0007390382234007,0.0001409052638337,0.000233260798268,0.000233260798268,0.0073244908068766,0.0052424639580602,0.0014467996079474688
magic_abracadabra_arbitrum_2025,magic_abracadabra_arbitrum_2025__hn019,magic_abracadabra_arbitrum_2025,hard_negative_mined,arbitrum,0,ratio_25,1,2,0.0632688927943761,0.0035398230088495,0.0145622768157263,0.0011786952410967,0.0001766519708326,1.0502424629521556e-05,0.0001766519708326,7.434768122038804e-06,6.297171785263345e-05,1.0502424629521556e-05,4.509823702392168e-05,7.434768122038804e-06,6.297171785263345e-05,7.490486041206168e-06,7.490486041206168e-06,0.0009670822324478,0.0021291584445123,0.011683248914778233
magic_abracadabra_arbitrum_2025,magic_abracadabra_arbitrum_2025__hn019,magic_abracadabra_arbitrum_2025,hard_negative_mined,arbitrum,0,ratio_75,2,2,0.0632688927943761,0.0106194690265486,0.0145622768157263,0.058137663434517,0.0007190750329755,1.5516290659434162e-05,0.0007190750329755,1.2956444152223412e-05,0.0002773518499452,1.5516290659434162e-05,0.0001523541723145,1.2956444152223412e-05,0.0002773518499452,0.000238077060203,0.000238077060203,0.0011712781603582,0.0052424639580602,0.024096574634313583
magic_abracadabra_arbitrum_2025,magic_abracadabra_arbitrum_2025__hn020,magic_abracadabra_arbitrum_2025,hard_negative_mined,arbitrum,0,k_2,2,192,0.0632688927943761,0.0106194690265486,0.0327920958652208,0.192933448648338,0.0031948816031217,0.0117378896102309,0.0031948816031217,0.0084600429981946,0.0025135369505733,0.0117378896102309,0.7802468538284302,0.0084600429981946,0.0025135369505733,0.0035753303673118,0.0035753303673118,0.0297237053168366,0.0304568527918781,0.0007625819998793304
magic_abracadabra_arbitrum_2025,magic_abracadabra_arbitrum_2025__hn020,magic_abracadabra_arbitrum_2025,hard_negative_mined,arbitrum,0,k_3,3,192,0.0632688927943761,0.0106194690265486,0.0428023274246838,0.0125386054421768,0.0005333772860467,0.0014861454255878,0.0005333772860467,0.0024172775447368,0.0003207336994819,0.0014861454255878,0.56098872423172,0.0024172775447368,0.0003207336994819,0.000175825349288,0.000175825349288,0.0109201549523296,0.0108695652173913,0.03481551632285118
magic_abracadabra_arbitrum_2025,magic_abracadabra_arbitrum_2025__hn020,magic_abracadabra_arbitrum_2025,hard_negative_mined,arbitrum,0,k_5,5,192,0.0632688927943761,0.0300884955752212,0.027914131488132,0.0743416874559911,0.0035368455573916,0.0003762530104722,0.0035368455573916,0.0005891150212846,0.0006621812935918,0.0003762530104722,0.0158976763486862,0.0005891150212846,0.0006621812935918,0.0033680975902825,0.0033680975902825,0.0055871733402939,0.0052424639580602,0.0022716117091476917
magic_abracadabra_arbitrum_2025,magic_abracadabra_arbitrum_2025__hn020,magic_abracadabra_arbitrum_2025,hard_negative_mined,arbitrum,0,k_7,7,192,0.0632688927943761,0.0300884955752212,0.0232001588623958,0.0677029981206182,0.0011393146123737,0.0001069837162503,0.0011393146123737,0.000137467199238,0.0002537760010454,0.0001069837162503,0.0078174564987421,0.000137467199238,0.0002537760010454,0.0003520413592923,0.0003520413592923,0.0030192117491297,0.0052424639580602,0.0006782262935303152
magic_abracadabra_arbitrum_2025,magic_abracadabra_arbitrum_2025__hn020,magic_abracadabra_arbitrum_2025,hard_negative_mined,arbitrum,0,ratio_25,48,192,0.0632688927943761,0.0300884955752212,0.0155894382770677,0.0227654795004192,0.0011725231306627,4.116596755920909e-05,0.0011725231306627,0.0001179928731289,0.0008599205175414,4.116596755920909e-05,0.0001054200183716,0.0001179928731289,0.0008599205175414,0.0002219050220446,0.0002219050220446,0.0018904527611085,0.0052424639580602,0.0005923318676650524
magic_abracadabra_arbitrum_2025,magic_abracadabra_arbitrum_2025__hn020,magic_abracadabra_arbitrum_2025,hard_negative_mined,arbitrum,0,ratio_50,96,192,0.0632688927943761,0.0300884955752212,0.0150672409374222,0.0356714624064021,0.0012024437310174,5.184625479159877e-05,0.0012024437310174,0.0001427781971869,0.0010894263396039,5.184625479159877e-05,0.0001054200183716,0.0001427781971869,0.0010894263396039,0.0002288483519805,0.0002288483519805,0.0021168659462035,0.0052424639580602,0.017579378560185432
magic_abracadabra_arbitrum_2025,magic_abracadabra_arbitrum_2025__hn020,magic_abracadabra_arbitrum_2025,hard_negative_mined,arbitrum,0,ratio_75,144,192,0.0632688927943761,0.0336283185840707,0.0150672409374222,0.0562726036458412,0.0012607601238414,0.0001674199884291,0.0012607601238414,0.0003116584848612,0.0022733816877007,0.0001674199884291,0.0001893816079245,0.0003116584848612,0.0022733816877007,0.000970797962509,0.000970797962509,0.0037596535411492,0.0052424639580602,0.0019242402631789446
magic_abracadabra_arbitrum_2025,magic_abracadabra_arbitrum_2025__hn020,magic_abracadabra_arbitrum_2025,hard_negative_mined,arbitrum,0,ratio_100,192,192,0.0632688927943761,0.0442477876106194,0.0150672409374222,0.1076852004036752,0.0027304422110319,0.0008204338373616,0.0027304422110319,0.0006544027710333,0.0265221390873193,0.0008204338373616,0.0002593233657535,0.0006544027710333,0.0265221390873193,0.0032089760061353,0.0032089760061353,0.0081754378987225,0.0052424639580602,0.004856753628700972
magic_abracadabra_arbitrum_2025,magic_abracadabra_arbitrum_2025__hn021,magic_abracadabra_arbitrum_2025,hard_negative_mined,arbitrum,0,k_2,2,38,0.0632688927943761,0.0106194690265486,0.0145622768157263,0.0476853524614882,0.0008622136665508,8.394110773224384e-05,0.0008622136665508,8.57282429933548e-05,0.0010429602116346,8.394110773224384e-05,0.0002904234861489,8.57282429933548e-05,0.0010429602116346,0.0003703557013068,0.0003703557013068,0.0026808647774101,0.0052424639580602,0.0037973045837134123
magic_abracadabra_arbitrum_2025,magic_abracadabra_arbitrum_2025__hn021,magic_abracadabra_arbitrum_2025,hard_negative_mined,arbitrum,0,k_3,3,38,0.0632688927943761,0.0106194690265486,0.0145622768157263,0.0412800131232934,0.0010413497220724,4.165858626947738e-05,0.0010413497220724,5.11777434439864e-05,0.0025537519250065,4.165858626947738e-05,0.0001464945526095,5.11777434439864e-05,0.0025537519250065,0.000222810296691,0.000222810296691,0.0019015142090347,0.0052424639580602,0.001483631320297718
magic_abracadabra_arbitrum_2025,magic_abracadabra_arbitrum_2025__hn021,magic_abracadabra_arbitrum_2025,hard_negative_mined,arbitrum,0,k_5,5,38,0.0632688927943761,0.0106194690265486,0.027914131488132,0.0871433395916937,0.0036670032422989,0.0001068935671355,0.0036670032422989,0.0002037443628069,0.0059393011033535,0.0001068935671355,7.41009644116275e-05,0.0002037443628069,0.0059393011033535,0.0031593118328601,0.0031593118328601,0.0030179650484873,0.0052424639580602,0.037870630621910095
magic_abracadabra_arbitrum_2025,magic_abracadabra_arbitrum_2025__hn021,magic_abracadabra_arbitrum_2025,hard_negative_mined,arbitrum,0,k_7,7,38,0.0632688927943761,0.0123893805309734,0.0367705731794903,0.0695394660683865,0.0011001277016475,0.0002911220944952,0.0011001277016475,0.0002618523139972,0.0028415864799171,0.0002911220944952,0.0014054344501346,0.0002618523139972,0.0028415864799171,0.0007983392570167,0.0007983392570167,0.004928580674135,0.0052424639580602,0.003399869427084923
magic_abracadabra_arbitrum_2025,magic_abracadabra_arbitrum_2025__hn021,magic_abracadabra_arbitrum_2025,hard_negative_mined,arbitrum,0,ratio_25,10,38,0.0632688927943761,0.0247787610619469,0.0451288042397268,0.2325654339842453,0.0521736070513725,0.0004379545280244,0.0521736070513725,0.0003361627168487,0.040568932890892,0.0004379545280244,0.0002459250099491,0.0003361627168487,0.040568932890892,0.0036047452595084,0.0036047452595084,0.0060175801670472,0.0052424639580602,0.07093946635723114
magic_abracadabra_arbitrum_2025,magic_abracadabra_arbitrum_2025__hn021,magic_abracadabra_arbitrum_2025,hard_negative_mined,arbitrum,0,ratio_50,19,38,0.0632688927943761,0.0389380530973451,0.0564635310985457,0.0377019192827055,0.0023583152797073,0.0003683535614982,0.0023583152797073,0.0001568571169627,0.0035218955017626,0.0003683535614982,0.000873630226124,0.0001568571169627,0.0035218955017626,0.0013501329813152,0.0013501329813152,0.0055295236341754,0.0052424639580602,0.019807402044534683
magic_abracadabra_arbitrum_2025,magic_abracadabra_arbitrum_2025__hn021,magic_abracadabra_arbitrum_2025,hard_negative_mined,arbitrum,0,ratio_75,29,38,0.0632688927943761,0.0566371681415929,0.0614788263423091,0.102892470413558,0.0272360146045684,0.0024692523293197,0.0272360146045684,0.001059596077539,0.0178085919469594,0.0024692523293197,0.003361526876688,0.001059596077539,0.0178085919469594,0.0048216865397989,0.0048216865397989,0.0139778631581099,0.0237154150197628,0.0025568692944943905
magic_abracadabra_arbitrum_2025,magic_abracadabra_arbitrum_2025__hn021,magic_abracadabra_arbitrum_2025,hard_negative_mined,arbitrum,0,ratio_100,38,38,0.0632688927943761,0.0690265486725663,0.0638690648365415,0.1061444668643122,0.0284787137061357,0.0013307078042998,0.0284787137061357,0.0002939843398053,0.0117481434717774,0.0013307078042998,0.0022606323473155,0.0002939843398053,0.0117481434717774,0.0027603053022176,0.0027603053022176,0.0103483690849641,0.0108695652173913,0.03234272077679634
magic_abracadabra_arbitrum_2025,magic_abracadabra_arbitrum_2025__hn022,magic_abracadabra_arbitrum_2025,hard_negative_mined,arbitrum,0,k_2,2,11,0.0632688927943761,0.0106194690265486,0.0145622768157263,0.0358927347911842,0.0014832682209089,5.512606003321707e-05,0.0014832682209089,4.133981201448478e-05,0.0013049838598817,5.512606003321707e-05,0.0004028345574624,4.133981201448478e-05,0.0013049838598817,0.0005218563601374,0.0005218563601374,0.002181501348311,0.0052424639580602,0.024096574634313583
magic_abracadabra_arbitrum_2025,magic_abracadabra_arbitrum_2025__hn022,magic_abracadabra_arbitrum_2025,hard_negative_mined,arbitrum,0,ratio_25,3,11,0.0632688927943761,0.0106194690265486,0.0145622768157263,0.0049029699165568,4.864434595219791e-05,1.8181934137828648e-05,4.864434595219791e-05,1.2695478289970197e-05,3.8601017877226695e-05,1.8181934137828648e-05,0.0001056074688676,1.2695478289970197e-05,3.8601017877226695e-05,1.7199263311340474e-05,1.7199263311340474e-05,0.0012660488591743,0.0052424639580602,0.004860689397901297
magic_abracadabra_arbitrum_2025,magic_abracadabra_arbitrum_2025__hn022,magic_abracadabra_arbitrum_2025,hard_negative_mined,arbitrum,0,k_5,5,11,0.0632688927943761,0.0106194690265486,0.027914131488132,0.005855688325815,2.740008130786009e-05,4.800526585313492e-05,2.740008130786009e-05,2.0704888811451383e-05,6.51213777018711e-05,4.800526585313492e-05,5.186736598261632e-05,2.0704888811451383e-05,6.51213777018711e-05,6.94047921570018e-05,6.94047921570018e-05,0.0020384557930755,0.0052424639580602,0.0419379360973835
magic_abracadabra_arbitrum_2025,magic_abracadabra_arbitrum_2025__hn022,magic_abracadabra_arbitrum_2025,hard_negative_mined,arbitrum,0,ratio_50,6,11,0.0632688927943761,0.0123893805309734,0.0327920958652208,0.0069901193709603,0.0005569797940552,0.0001671617355896,0.0005569797940552,1.784561391104944e-05,0.0010152651229873,0.0001671617355896,0.0047729541547596,1.784561391104944e-05,0.0010152651229873,0.0004535989137366,0.0004535989137366,0.0037568130591032,0.0052424639580602,0.01217864640057087
magic_abracadabra_arbitrum_2025,magic_abracadabra_arbitrum_2025__hn022,magic_abracadabra_arbitrum_2025,hard_negative_mined,arbitrum,0,k_7,7,11,0.0632688927943761,0.0141592920353982,0.0367705731794903,0.005855688325815,2.587273411336355e-05,0.0001051832441589,2.587273411336355e-05,2.424292870273348e-05,0.0001858291507232,0.0001051832441589,0.0008074574870988,2.424292870273348e-05,0.0001858291507232,0.0002960934361908,0.0002960934361908,0.0029942097647194,0.0052424639580602,0.08692966401576996
magic_abracadabra_arbitrum_2025,magic_abracadabra_arbitrum_2025__hn022,magic_abracadabra_arbitrum_2025,hard_negative_mined,arbitrum,0,ratio_75,9,11,0.0632688927943761,0.0212389380530973,0.0428023274246838,0.0081498935846761,9.976208093576132e-05,7.425701187457889e-05,9.976208093576132e-05,3.326507066958584e-05,0.0001464863016735,7.425701187457889e-05,0.0004887892282567,3.326507066958584e-05,0.0001464863016735,0.0003657583729363,0.0003657583729363,0.0025245407025153,0.0052424639580602,0.07114502787590027
magic_abracadabra_arbitrum_2025,magic_abracadabra_arbitrum_2025__hn022,magic_abracadabra_arbitrum_2025,hard_negative_mined,arbitrum,0,ratio_100,11,11,0.0632688927943761,0.0283185840707964,0.0471214205432647,0.0167436040174235,5.804974352940917e-05,0.0001945439871633,5.804974352940917e-05,6.35706091998145e-05,0.0001942359376698,0.0001945439871633,0.0154502810910344,6.35706091998145e-05,0.0001942359376698,0.0006267291610129,0.0006267291610129,0.0040464137353606,0.0052424639580602,0.2092343419790268
magic_abracadabra_arbitrum_2025,magic_abracadabra_arbitrum_2025__hn023,magic_abracadabra_arbitrum_2025,hard_negative_mined,arbitrum,0,ratio_25,1,3,0.0632688927943761,0.0035398230088495,0.0145622768157263,0.0003892215568862,0.0001766519708326,1.0502424629521556e-05,0.0001766519708326,7.434768122038804e-06,6.297171785263345e-05,1.0502424629521556e-05,4.39612558693625e-05,7.434768122038804e-06,6.297171785263345e-05,7.490486041206168e-06,7.490486041206168e-06,0.0009670822324478,0.0021291584445123,0.011683248914778233
magic_abracadabra_arbitrum_2025,magic_abracadabra_arbitrum_2025__hn023,magic_abracadabra_arbitrum_2025,hard_negative_mined,arbitrum,0,ratio_50,2,3,0.0632688927943761,0.0230088495575221,0.0145622768157263,0.1666981937300934,0.0163844563066959,0.0001500080834375,0.0163844563066959,4.032422293676064e-05,0.0216527115553617,0.0001500080834375,0.0006236066692508,4.032422293676064e-05,0.0216527115553617,0.0002125285827787,0.0002125285827787,0.0035628352632204,0.0052424639580602,0.007163140922784805
magic_abracadabra_arbitrum_2025,magic_abracadabra_arbitrum_2025__hn023,magic_abracadabra_arbitrum_2025,hard_negative_mined,arbitrum,0,ratio_75,3,3,0.0632688927943761,0.0247787610619469,0.0145622768157263,0.0274559298717087,0.0003775449004024,0.0001404514478053,0.0003775449004024,3.917635331163183e-05,0.0004005200171377,0.0001404514478053,0.0030711316503584,3.917635331163183e-05,0.0004005200171377,0.0002271249977638,0.0002271249977638,0.0034498149670781,0.0052424639580602,0.016070187091827393
hackerdao_2022,hackerdao_2022__hn000,hackerdao_2022,hard_negative_mined,bsc,0,ratio_25,1,2,0.06,0.0,0.1044047391557117,0.0326011447067208,0.0042086639441549,0.0002591355296317,0.0042086639441549,0.0002394499897491,0.0063209771178662,0.0002591355296317,0.0010545297991484,0.0002394499897491,0.0063209771178662,0.0010341356974095,0.0010341356974095,0.0105624939992902,0.0091743119266055,0.12431643903255463
hackerdao_2022,hackerdao_2022__hn000,hackerdao_2022,hard_negative_mined,bsc,0,ratio_75,2,2,0.06,0.0070796460176991,0.1044047391557117,0.3322685926489647,0.0623897761106491,0.012181538157165,0.0623897761106491,0.0115055236965417,0.136931225657463,0.012181538157165,0.0217716936022043,0.0115055236965417,0.136931225657463,0.014551967382431,0.014551967382431,0.0452751516009015,0.0307328605200945,0.05891234427690506
hackerdao_2022,hackerdao_2022__hn003,hackerdao_2022,hard_negative_mined,bsc,0,ratio_25,1,2,0.06,0.0,0.1044047391557117,0.0456541399893826,0.0252749621868133,0.0016175376949831,0.0252749621868133,0.0019734108354896,0.0144589096307754,0.0016175376949831,0.0008261718321591,0.0019734108354896,0.0144589096307754,0.0042706183157861,0.0042706183157861,0.0212011248707395,0.0229885057471264,0.12431643903255463
hackerdao_2022,hackerdao_2022__hn003,hackerdao_2022,hard_negative_mined,bsc,0,ratio_75,2,2,0.06,0.0070796460176991,0.1044047391557117,0.7691993741076416,0.848858118057251,0.0736168548464775,0.848858118057251,0.0867417380213737,0.6079872250556946,0.0736168548464775,0.1102245524525642,0.0867417380213737,0.6079872250556946,0.108694389462471,0.108694389462471,0.0887223150705552,0.0873015873015873,0.6260875463485718
hackerdao_2022,hackerdao_2022__hn006,hackerdao_2022,hard_negative_mined,bsc,0,ratio_25,1,1,0.06,0.0,0.0716394924677291,0.0064132162793347,5.580147262662649e-05,0.0002327143447473,5.580147262662649e-05,0.0002693543210625,0.0001336275454377,0.0002327143447473,0.0006753065390512,0.0002693543210625,0.0001336275454377,0.0002653613046277,0.0002653613046277,0.0101371837450476,0.0091743119266055,0.2134203016757965
hackerdao_2022,hackerdao_2022__hn007,hackerdao_2022,hard_negative_mined,bsc,0,ratio_25,1,2,0.06,0.0,0.1044047391557117,0.0406541399893825,0.0046842941083014,0.0009137918241322,0.0046842941083014,0.0011029961751773,0.0089822318404912,0.0009137918241322,0.0007411667611449,0.0011029961751773,0.0089822318404912,0.0033852646593004,0.0033852646593004,0.017073321834103,0.0229885057471264,0.12431643903255463
hackerdao_2022,hackerdao_2022__hn007,hackerdao_2022,hard_negative_mined,bsc,0,ratio_75,2,2,0.06,0.0070796460176991,0.1044047391557117,0.707774785026611,0.0558344274759292,0.0231570769101381,0.0558344274759292,0.0256156474351882,0.0752788260579109,0.0231570769101381,0.008898758329451,0.0256156474351882,0.0752788260579109,0.0250167623162269,0.0250167623162269,0.05752216589263,0.0793650793650793,0.6260875463485718
hackerdao_2022,hackerdao_2022__hn009,hackerdao_2022,hard_negative_mined,bsc,0,k_2,2,828,0.06,0.0070796460176991,0.0716394924677291,0.0152099860664552,0.0003623682132456,0.0029529836028814,0.0003623682132456,0.0023995407391339,0.0005860033561475,0.0029529836028814,0.0088536590337753,0.0023995407391339,0.0005860033561475,0.0033901073038578,0.0033901073038578,0.0266133120393011,0.0307328605200945,0.383523553609848
hackerdao_2022,hackerdao_2022__hn009,hackerdao_2022,hard_negative_mined,bsc,0,k_3,3,828,0.06,0.0070796460176991,0.0716394924677291,0.0136968281717184,0.0003623682132456,0.0027554295957088,0.0003623682132456,0.0018407290335744,0.0005860033561475,0.0027554295957088,0.0052028410136699,0.0018407290335744,0.0005860033561475,0.0030692634172737,0.0030692634172737,0.0259275512208148,0.0307328605200945,0.09486502408981323
hackerdao_2022,hackerdao_2022__hn009,hackerdao_2022,hard_negative_mined,bsc,0,k_5,5,828,0.06,0.0070796460176991,0.0716394924677291,0.0338287925254496,0.0003407076001167,0.0036245121154934,0.0003407076001167,0.0030628663953393,0.0005860033561475,0.0036245121154934,0.0052028410136699,0.0030628663953393,0.0005860033561475,0.0034840598236769,0.0034840598236769,0.0287484754456421,0.0307328605200945,0.02025199867784977
hackerdao_2022,hackerdao_2022__hn009,hackerdao_2022,hard_negative_mined,bsc,0,k_7,7,828,0.06,0.0070796460176991,0.0716394924677291,0.0303284204833884,0.0003633672604337,0.0033821852412074,0.0003633672604337,0.0023499440867453,0.0005221362225711,0.0033821852412074,0.0052028410136699,0.0023499440867453,0.0005221362225711,0.0033587261568754,0.0033587261568754,0.0280092793297969,0.0307328605200945,0.007529642898589373
hackerdao_2022,hackerdao_2022__hn009,hackerdao_2022,hard_negative_mined,bsc,0,ratio_25,207,828,0.06,0.0070796460176991,0.0716394924677291,0.0457280823854776,0.0001955678308149,0.0091199437156319,0.0001955678308149,0.0050939740613102,0.0005559362471103,0.0091199437156319,0.0064154369756579,0.0050939740613102,0.0005559362471103,0.0048030675388872,0.0048030675388872,0.0406361150566372,0.0307328605200945,0.0014867427526041865
hackerdao_2022,hackerdao_2022__hn009,hackerdao_2022,hard_negative_mined,bsc,0,ratio_50,414,828,0.06,0.0070796460176991,0.0716394924677291,0.0449228975091918,0.0001955678308149,0.0073102968744933,0.0001955678308149,0.004316359758377,0.0005559362471103,0.0073102968744933,0.0064154369756579,0.004316359758377,0.0005559362471103,0.0043501756154,0.0043501756154,0.0374092413848044,0.0307328605200945,0.0015221070498228073
hackerdao_2022,hackerdao_2022__hn009,hackerdao_2022,hard_negative_mined,bsc,0,ratio_75,621,828,0.06,0.0070796460176991,0.0716394924677291,0.0117527033719325,2.8892833142890595e-05,0.0009139725589193,2.8892833142890595e-05,0.0010721806902438,3.11828734993469e-05,0.0009139725589193,0.0064154369756579,0.0010721806902438,3.11828734993469e-05,0.0007736808620393,0.0007736808620393,0.0170746044013831,0.0229885057471264,0.0015393280191347003
hackerdao_2022,hackerdao_2022__hn009,hackerdao_2022,hard_negative_mined,bsc,0,ratio_100,828,828,0.06,0.0070796460176991,0.0716394924677291,0.0117527033719325,2.8892833142890595e-05,0.0009139725589193,2.8892833142890595e-05,0.0010721806902438,3.11828734993469e-05,0.0009139725589193,0.0064154369756579,0.0010721806902438,3.11828734993469e-05,0.0007736808620393,0.0007736808620393,0.0170746044013831,0.0229885057471264,0.002381624188274145
hackerdao_2022,hackerdao_2022__hn010,hackerdao_2022,hard_negative_mined,bsc,0,k_2,2,529,0.06,0.0070796460176991,0.0716394924677291,0.0543102616042132,0.0039217988960444,0.0058047822676599,0.0039217988960444,0.0095845879986882,0.0049298526719212,0.0058047822676599,0.008382367901504,0.0095845879986882,0.0049298526719212,0.007009441498667,0.007009441498667,0.0343126441584744,0.0307328605200945,0.4760274589061737
hackerdao_2022,hackerdao_2022__hn010,hackerdao_2022,hard_negative_mined,bsc,0,k_3,3,529,0.06,0.0070796460176991,0.0716394924677291,0.051871370125133,0.0160813424736261,0.0072686458006501,0.0160813424736261,0.0102075897157192,0.0180905796587467,0.0072686458006501,0.004258754197508,0.0102075897157192,0.0180905796587467,0.0074762064032256,0.0074762064032256,0.0373293022808809,0.0307328605200945,0.39159151911735535
hackerdao_2022,hackerdao_2022__hn010,hackerdao_2022,hard_negative_mined,bsc,0,k_5,5,529,0.06,0.0070796460176991,0.0716394924677291,0.0417238407367064,0.0021912062074989,0.0036670817062258,0.0021912062074989,0.0047127185389399,0.0031620040535926,0.0036670817062258,0.0040002288296818,0.0047127185389399,0.0031620040535926,0.0027922210283577,0.0027922210283577,0.0288750794099782,0.0307328605200945,0.288454532623291
hackerdao_2022,hackerdao_2022__hn010,hackerdao_2022,hard_negative_mined,bsc,0,k_7,7,529,0.06,0.0070796460176991,0.0716394924677291,0.0424481255815025,0.0021912062074989,0.0036670817062258,0.0021912062074989,0.0047127185389399,0.0031620040535926,0.0036670817062258,0.0040002288296818,0.0047127185389399,0.0031620040535926,0.0027922210283577,0.0027922210283577,0.0288750794099782,0.0307328605200945,0.2833097577095032
hackerdao_2022,hackerdao_2022__hn010,hackerdao_2022,hard_negative_mined,bsc,0,ratio_25,133,529,0.06,0.0070796460176991,0.0716394924677291,0.0326428866839596,0.0016786929918453,0.0016385199269279,0.0016786929918453,0.0019066110253334,0.001100959139876,0.0016385199269279,0.004258754197508,0.0019066110253334,0.001100959139876,0.0027185161598026,0.0027185161598026,0.0213047985857762,0.0229885057471264,0.6013016104698181
hackerdao_2022,hackerdao_2022__hn010,hackerdao_2022,hard_negative_mined,bsc,0,ratio_50,265,529,0.06,0.0070796460176991,0.0716394924677291,0.0401807338860536,0.0005743064684793,0.001230263384059,0.0005743064684793,0.0017128940671682,0.0004922956577502,0.001230263384059,0.0086303567513823,0.0017128940671682,0.0004922956577502,0.0025151288136839,0.0025151288136839,0.0191131117268804,0.0229885057471264,0.6013016104698181
hackerdao_2022,hackerdao_2022__hn010,hackerdao_2022,hard_negative_mined,bsc,0,ratio_75,397,529,0.06,0.0070796460176991,0.0716394924677291,0.0276428866839596,0.0005743064684793,0.0010535110486671,0.0005743064684793,0.001651209895499,0.0004045588430017,0.0010535110486671,0.0040002288296818,0.001651209895499,0.0004045588430017,0.0017360877245664,0.0017360877245664,0.0180210083421827,0.0229885057471264,0.6013016104698181
hackerdao_2022,hackerdao_2022__hn010,hackerdao_2022,hard_negative_mined,bsc,0,ratio_100,529,529,0.06,0.0070796460176991,0.0716394924677291,0.0276428866839596,0.0005743064684793,0.0010535110486671,0.0005743064684793,0.0015581524930894,0.0004045588430017,0.0010535110486671,0.004258754197508,0.0015581524930894,0.0004045588430017,0.0017360877245664,0.0017360877245664,0.0180210083421827,0.0229885057471264,0.6013016104698181
hackerdao_2022,hackerdao_2022__hn012,hackerdao_2022,hard_negative_mined,bsc,0,k_2,2,516,0.06,0.0070796460176991,0.0716394924677291,0.0758358814412505,0.0047293277457356,0.0068397242575883,0.0047293277457356,0.0100931786000728,0.0064931404776871,0.0068397242575883,0.020916411653161,0.0100931786000728,0.0064931404776871,0.0085929930210113,0.0085929930210113,0.0364886890688777,0.0307328605200945,0.4760274589061737
hackerdao_2022,hackerdao_2022__hn012,hackerdao_2022,hard_negative_mined,bsc,0,k_3,3,516,0.06,0.0070796460176991,0.0716394924677291,0.051871370125133,0.0160813424736261,0.0072686458006501,0.0160813424736261,0.0102075897157192,0.0180905796587467,0.0072686458006501,0.004258754197508,0.0102075897157192,0.0180905796587467,0.0074762064032256,0.0074762064032256,0.0373293022808809,0.0307328605200945,0.39159151911735535
hackerdao_2022,hackerdao_2022__hn012,hackerdao_2022,hard_negative_mined,bsc,0,k_5,5,516,0.06,0.0070796460176991,0.0716394924677291,0.0417238407367064,0.0021912062074989,0.0036670817062258,0.0021912062074989,0.0047127185389399,0.0031620040535926,0.0036670817062258,0.0040002288296818,0.0047127185389399,0.0031620040535926,0.0027922210283577,0.0027922210283577,0.0288750794099782,0.0307328605200945,0.288454532623291
hackerdao_2022,hackerdao_2022__hn012,hackerdao_2022,hard_negative_mined,bsc,0,k_7,7,516,0.06,0.0070796460176991,0.0716394924677291,0.0539039814582075,0.0021912062074989,0.0040264860726892,0.0021912062074989,0.0046309861354529,0.0034275609068572,0.0040264860726892,0.0086303567513823,0.0046309861354529,0.0034275609068572,0.003426321549341,0.003426321549341,0.0299087426258158,0.0307328605200945,0.2833097577095032
hackerdao_2022,hackerdao_2022__hn012,hackerdao_2022,hard_negative_mined,bsc,0,ratio_25,129,516,0.06,0.0070796460176991,0.0716394924677291,0.034024465631328,0.0016786929918453,0.0018043520394712,0.0016786929918453,0.0020204372704029,0.001100959139876,0.0018043520394712,0.0040002288296818,0.0020204372704029,0.001100959139876,0.0027185161598026,0.0027185161598026,0.0220962661010745,0.0307328605200945,0.6013016104698181
hackerdao_2022,hackerdao_2022__hn012,hackerdao_2022,hard_negative_mined,bsc,0,ratio_50,258,516,0.06,0.0070796460176991,0.0716394924677291,0.0326428866839596,0.0005743064684793,0.0011265272041782,0.0005743064684793,0.001651209895499,0.0004540505469776,0.0011265272041782,0.0040002288296818,0.001651209895499,0.0004540505469776,0.0020207189954817,0.0020207189954817,0.0184851059741915,0.0229885057471264,0.6013016104698181
hackerdao_2022,hackerdao_2022__hn012,hackerdao_2022,hard_negative_mined,bsc,0,ratio_75,387,516,0.06,0.0070796460176991,0.0716394924677291,0.0326428866839596,0.0005743064684793,0.0011265272041782,0.0005743064684793,0.001651209895499,0.0004540505469776,0.0011265272041782,0.0040002288296818,0.001651209895499,0.0004540505469776,0.0020207189954817,0.0020207189954817,0.0184851059741915,0.0229885057471264,0.6013016104698181
hackerdao_2022,hackerdao_2022__hn012,hackerdao_2022,hard_negative_mined,bsc,0,ratio_100,516,516,0.06,0.0070796460176991,0.0716394924677291,0.0326428866839596,0.0005743064684793,0.0011265272041782,0.0005743064684793,0.0015581524930894,0.0004540505469776,0.0011265272041782,0.004258754197508,0.0015581524930894,0.0004540505469776,0.0020207189954817,0.0020207189954817,0.0184851059741915,0.0229885057471264,0.6013016104698181
hackerdao_2022,hackerdao_2022__hn018,hackerdao_2022,hard_negative_mined,bsc,0,k_2,2,557,0.06,0.0070796460176991,0.0716394924677291,0.0536918405515816,0.0039217988960444,0.0058047822676599,0.0039217988960444,0.0101521331816911,0.0049298526719212,0.0058047822676599,0.0078754993155598,0.0101521331816911,0.0049298526719212,0.007009441498667,0.007009441498667,0.0343126441584744,0.0307328605200945,0.4760274589061737
hackerdao_2022,hackerdao_2022__hn018,hackerdao_2022,hard_negative_mined,bsc,0,k_3,3,557,0.06,0.0070796460176991,0.0716394924677291,0.0526529095929732,0.0135463066399097,0.0066860797815024,0.0135463066399097,0.007647328544408,0.0147924944758415,0.0066860797815024,0.0029700398445129,0.007647328544408,0.0147924944758415,0.0060520926490426,0.0060520926490426,0.0361794716235078,0.0307328605200945,0.39159151911735535
hackerdao_2022,hackerdao_2022__hn018,hackerdao_2022,hard_negative_mined,bsc,0,k_5,5,557,0.06,0.0070796460176991,0.0716394924677291,0.0403422617893379,0.0021912062074989,0.0036670817062258,0.0021912062074989,0.0044478918425738,0.0031620040535926,0.0036670817062258,0.004258754197508,0.0044478918425738,0.0031620040535926,0.0027922210283577,0.0027922210283577,0.0288750794099782,0.0307328605200945,0.288454532623291
hackerdao_2022,hackerdao_2022__hn018,hackerdao_2022,hard_negative_mined,bsc,0,k_7,7,557,0.06,0.0070796460176991,0.0716394924677291,0.0539039814582075,0.0021912062074989,0.0040264860726892,0.0021912062074989,0.0046309861354529,0.0034275609068572,0.0040264860726892,0.0086303567513823,0.0046309861354529,0.0034275609068572,0.003426321549341,0.003426321549341,0.0299087426258158,0.0307328605200945,0.2833097577095032
hackerdao_2022,hackerdao_2022__hn018,hackerdao_2022,hard_negative_mined,bsc,0,ratio_25,140,557,0.06,0.0070796460176991,0.0716394924677291,0.0326428866839596,0.0016786929918453,0.0016385199269279,0.0016786929918453,0.0019066110253334,0.001100959139876,0.0016385199269279,0.004258754197508,0.0019066110253334,0.001100959139876,0.0027185161598026,0.0027185161598026,0.0213047985857762,0.0229885057471264,0.6013016104698181
hackerdao_2022,hackerdao_2022__hn018,hackerdao_2022,hard_negative_mined,bsc,0,ratio_50,279,557,0.06,0.0070796460176991,0.0716394924677291,0.0326428866839596,0.0005743064684793,0.0010535110486671,0.0005743064684793,0.0015581524930894,0.0004045588430017,0.0010535110486671,0.004258754197508,0.0015581524930894,0.0004045588430017,0.0017360877245664,0.0017360877245664,0.0180210083421827,0.0229885057471264,0.6013016104698181
hackerdao_2022,hackerdao_2022__hn018,hackerdao_2022,hard_negative_mined,bsc,0,ratio_75,418,557,0.06,0.0070796460176991,0.0716394924677291,0.0401807338860536,0.0005743064684793,0.0011505312286317,0.0005743064684793,0.0017128940671682,0.0004386370128486,0.0011505312286317,0.0086303567513823,0.0017128940671682,0.0004386370128486,0.0021610055118799,0.0021610055118799,0.0186335460042203,0.0229885057471264,0.6013016104698181
hackerdao_2022,hackerdao_2022__hn018,hackerdao_2022,hard_negative_mined,bsc,0,ratio_100,557,557,0.06,0.0070796460176991,0.0716394924677291,0.0326428866839596,0.0005743064684793,0.0010535110486671,0.0005743064684793,0.0015581524930894,0.0004045588430017,0.0010535110486671,0.004258754197508,0.0015581524930894,0.0004045588430017,0.0017360877245664,0.0017360877245664,0.0180210083421827,0.0229885057471264,0.6013016104698181
hackerdao_2022,hackerdao_2022__hn022,hackerdao_2022,hard_negative_mined,bsc,0,k_2,2,1000,0.06,0.0070796460176991,0.0716394924677291,0.1039182436604462,0.0004921738873235,0.0158471092581748,0.0004921738873235,0.0120667964220047,0.0018269923748448,0.0158471092581748,0.9099268913269044,0.0120667964220047,0.0018269923748448,0.0186113659292459,0.0186113659292459,0.0499417780915673,0.0307328605200945,0.4284791946411133
hackerdao_2022,hackerdao_2022__hn022,hackerdao_2022,hard_negative_mined,bsc,0,k_3,3,1000,0.06,0.0070796460176991,0.0716394924677291,0.0479574593467207,0.0005127133917994,0.0275111924856901,0.0005127133917994,0.0153101431205868,0.0020536673255264,0.0275111924856901,0.9164999127388,0.0153101431205868,0.0020536673255264,0.0314984507858753,0.0314984507858753,0.061335532433068,0.0793650793650793,0.40502026677131653
hackerdao_2022,hackerdao_2022__hn022,hackerdao_2022,hard_negative_mined,bsc,0,k_5,5,1000,0.06,0.0070796460176991,0.0716394924677291,0.02451149030111,0.0005757887847721,0.0042477422393858,0.0005757887847721,0.0031177964992821,0.001152336015366,0.0042477422393858,0.0044904542155563,0.0031177964992821,0.001152336015366,0.0050572911277413,0.0050572911277413,0.0305163563171387,0.0307328605200945,0.04281564801931381
hackerdao_2022,hackerdao_2022__hn022,hackerdao_2022,hard_negative_mined,bsc,0,k_7,7,1000,0.06,0.0070796460176991,0.0716394924677291,0.0982446911112775,0.0004627577145583,0.0163647178560495,0.0004627577145583,0.0109507571905851,0.0018269923748448,0.0163647178560495,0.8132795095443726,0.0109507571905851,0.0018269923748448,0.0191190596669912,0.0191190596669912,0.0505435909524877,0.0307328605200945,0.01297742035239935
hackerdao_2022,hackerdao_2022__hn022,hackerdao_2022,hard_negative_mined,bsc,0,ratio_25,250,1000,0.06,0.0070796460176991,0.0716394924677291,0.0402150574884584,0.0002077077369904,0.0028935899026691,0.0002077077369904,0.0044218865223228,0.0004536946653388,0.0028935899026691,0.7019882202148438,0.0044218865223228,0.0004536946653388,0.0019867329392582,0.0019867329392582,0.0264102637670863,0.0307328605200945,0.833397626876831
hackerdao_2022,hackerdao_2022__hn022,hackerdao_2022,hard_negative_mined,bsc,0,ratio_50,500,1000,0.06,0.0070796460176991,0.0716394924677291,0.0315673852787197,0.0003870989894494,0.0071985092945396,0.0003870989894494,0.012203705497086,0.0007511567091569,0.0071985092945396,0.836366593837738,0.012203705497086,0.0007511567091569,0.0045298053883016,0.0045298053883016,0.0371940346917485,0.0307328605200945,0.1754993051290512
hackerdao_2022,hackerdao_2022__hn022,hackerdao_2022,hard_negative_mined,bsc,0,ratio_75,750,1000,0.06,0.0070796460176991,0.0716394924677291,0.0341342823193009,0.000314171280479,0.0069366209208965,0.000314171280479,0.0130839915946125,0.0004063925589434,0.0069366209208965,0.8132795095443726,0.0130839915946125,0.0004063925589434,0.005522689782083,0.005522689782083,0.0366814443925289,0.0307328605200945,0.017805222421884537
hackerdao_2022,hackerdao_2022__hn022,hackerdao_2022,hard_negative_mined,bsc,0,ratio_100,1000,1000,0.06,0.0070796460176991,0.0716394924677291,0.0631266459697586,0.0003491245734039,0.0025112174917012,0.0003491245734039,0.0045366114936769,0.0003396150423213,0.0025112174917012,0.9520485997200012,0.0045366114936769,0.0003396150423213,0.0034483531489968,0.0034483531489968,0.0250355450500869,0.0307328605200945,0.12612350285053253
new_free_dao_2022,new_free_dao_2022__hn001,new_free_dao_2022,hard_negative_mined,bsc,0,ratio_25,1,3,0.0605219322598556,0.0035398230088495,0.0116039895905008,0.00084048198467,7.881059718783945e-05,6.748172745574266e-05,7.881059718783945e-05,3.8841666537337005e-05,0.0002326679677935,6.748172745574266e-05,0.000132114655571,3.8841666537337005e-05,0.0002326679677935,6.287936412263662e-05,6.287936412263662e-05,0.0068314887605578,0.0008504313075685,0.014541844837367535
new_free_dao_2022,new_free_dao_2022__hn001,new_free_dao_2022,hard_negative_mined,bsc,0,ratio_50,2,3,0.0605219322598556,0.0106194690265486,0.0116039895905008,0.0368307347711824,0.0023646275512874,8.218707807827741e-05,0.0023646275512874,3.813778675976209e-05,0.0017693343106657,8.218707807827741e-05,0.0005576264811679,3.813778675976209e-05,0.0017693343106657,0.0006901135202497,0.0006901135202497,0.0073489201040078,0.0065217391304347,0.01184453908354044
new_free_dao_2022,new_free_dao_2022__hn001,new_free_dao_2022,hard_negative_mined,bsc,0,ratio_75,3,3,0.0605219322598556,0.0106194690265486,0.0116039895905008,0.0158583585034006,2.9750435714959167e-05,2.725432386796456e-05,2.9750435714959167e-05,1.640371556277387e-05,3.256232230341993e-05,2.725432386796456e-05,6.105424836277962e-05,1.640371556277387e-05,3.256232230341993e-05,5.672494080499746e-05,5.672494080499746e-05,0.0048809733675771,0.0,0.0013257254613563418
new_free_dao_2022,new_free_dao_2022__hn002,new_free_dao_2022,hard_negative_mined,bsc,0,k_2,2,476,0.0605219322598556,0.0070796460176991,0.116180203065808,0.4578273822192187,0.0652816072106361,0.0935048460960388,0.0652816072106361,0.0478761456906795,0.0413578376173973,0.0935048460960388,0.0168674979358911,0.0478761456906795,0.0413578376173973,0.0522174760699272,0.0522174760699272,0.0958000354367852,0.0814479638009049,0.06403181701898575
new_free_dao_2022,new_free_dao_2022__hn002,new_free_dao_2022,hard_negative_mined,bsc,0,k_3,3,476,0.0605219322598556,0.0070796460176991,0.116180203065808,0.3832215727431065,0.0489854291081428,0.0453101657330989,0.0489854291081428,0.0480797477066516,0.0199662204831838,0.0453101657330989,0.0140721648931503,0.0480797477066516,0.0199662204831838,0.021687189117074,0.021687189117074,0.073487498531112,0.0814479638009049,0.02143281139433384
new_free_dao_2022,new_free_dao_2022__hn002,new_free_dao_2022,hard_negative_mined,bsc,0,k_5,5,476,0.0605219322598556,0.0070796460176991,0.116180203065808,0.3386455451693478,0.2870435714721679,0.0533352643251419,0.2870435714721679,0.0501123182475566,0.1037228032946586,0.0533352643251419,0.0176673214882612,0.0501123182475566,0.1037228032946586,0.0281602628529071,0.0281602628529071,0.0779633481048776,0.0814479638009049,0.0020298324525356293
new_free_dao_2022,new_free_dao_2022__hn002,new_free_dao_2022,hard_negative_mined,bsc,0,k_7,7,476,0.0605219322598556,0.0070796460176991,0.1098297117217554,0.2947608381960463,0.0247643832117319,0.0138441696763038,0.0247643832117319,0.0108408732339739,0.0060888384468853,0.0138441696763038,0.0112177608534693,0.0108408732339739,0.0060888384468853,0.0031639030203223,0.0031639030203223,0.0479427898326508,0.0365296803652968,0.00504053570330143
new_free_dao_2022,new_free_dao_2022__hn002,new_free_dao_2022,hard_negative_mined,bsc,0,ratio_25,119,476,0.0605219322598556,0.0070796460176991,0.0794136008210744,0.0016655405405405,7.28671220713295e-05,0.0001779565936885,7.28671220713295e-05,0.000378150754841,0.0002474498469382,0.0001779565936885,0.0008302724454551,0.000378150754841,0.0002474498469382,0.0001667661126703,0.0001667661126703,0.0097792930597579,0.0065217391304347,0.26922497153282166
new_free_dao_2022,new_free_dao_2022__hn002,new_free_dao_2022,hard_negative_mined,bsc,0,ratio_50,238,476,0.0605219322598556,0.0070796460176991,0.0785998721178759,0.0011655405405405,6.707011198159307e-05,0.0001245628227479,6.707011198159307e-05,0.0003905444755218,0.0001983407419174,0.0001245628227479,0.0009162303758785,0.0003905444755218,0.0001983407419174,0.000169097984326,0.000169097984326,0.0085713011269954,0.0065217391304347,0.0421050600707531
new_free_dao_2022,new_free_dao_2022__hn002,new_free_dao_2022,hard_negative_mined,bsc,0,ratio_75,357,476,0.0605219322598556,0.0070796460176991,0.0783303283656825,0.0016655405405405,7.210524927359074e-05,0.0001241831923834,7.210524927359074e-05,0.0001553167094243,0.0001361544273095,0.0001241831923834,0.001151637523435,0.0001553167094243,0.0001361544273095,0.000138446688652,0.000138446688652,0.0085616312659218,0.0065217391304347,0.056742679327726364
new_free_dao_2022,new_free_dao_2022__hn002,new_free_dao_2022,hard_negative_mined,bsc,0,ratio_100,476,476,0.0605219322598556,0.0070796460176991,0.0781958738866636,0.0011655405405405,6.707011198159307e-05,0.0001245628227479,6.707011198159307e-05,0.0003905444755218,0.0002197322319261,0.0001245628227479,0.0006370710325427,0.0003905444755218,0.0002197322319261,0.000169097984326,0.000169097984326,0.0085713011269954,0.0065217391304347,0.4246795177459717
new_free_dao_2022,new_free_dao_2022__hn003,new_free_dao_2022,hard_negative_mined,bsc,0,ratio_25,1,1,0.0605219322598556,0.0,0.116180203065808,0.0235374033460455,0.0063046002760529,0.0009445465984754,0.0063046002760529,0.0011702518677338,0.0115824276581406,0.0009445465984754,0.0019875529687851,0.0011702518677338,0.0115824276581406,0.0010368465445935,0.0010368465445935,0.0180776195120095,0.0188679245283018,0.15314972400665283
new_free_dao_2022,new_free_dao_2022__hn005,new_free_dao_2022,hard_negative_mined,bsc,0,ratio_25,1,2,0.0605219322598556,0.0,0.0777937768591931,0.00084048198467,7.881059718783945e-05,0.0004142286197748,7.881059718783945e-05,0.0001916519249789,0.0002326679677935,0.0004142286197748,0.0012715165503323,0.0001916519249789,0.0002326679677935,0.00022897341114,0.00022897341114,0.0133544118130852,0.0065217391304347,0.21460579335689545
new_free_dao_2022,new_free_dao_2022__hn005,new_free_dao_2022,hard_negative_mined,bsc,0,ratio_75,2,2,0.0605219322598556,0.0070796460176991,0.0777937768591931,0.0516745833300366,0.0006532537518069,0.0003195409663021,0.0006532537518069,0.0004216803936287,0.000937353062909,0.0003195409663021,0.0032033983152359,0.0004216803936287,0.000937353062909,0.0005531259230338,0.0005531259230338,0.0121368790409991,0.0065217391304347,0.0008777709444984794
new_free_dao_2022,new_free_dao_2022__hn006,new_free_dao_2022,hard_negative_mined,bsc,0,ratio_25,1,1,0.0605219322598556,0.0,0.116180203065808,0.0390169561143702,0.010609739460051,0.0030520411673933,0.010609739460051,0.0049467794597148,0.0096238125115633,0.0030520411673933,0.0029959892854094,0.0049467794597148,0.0096238125115633,0.0020388627890497,0.0020388627890497,0.0277435500770764,0.0365296803652968,0.15314972400665283
new_free_dao_2022,new_free_dao_2022__hn007,new_free_dao_2022,hard_negative_mined,bsc,0,ratio_25,1,2,0.0605219322598556,0.0,0.116180203065808,0.0567259961230677,0.0373322926461696,0.0052574672736227,0.0373322926461696,0.0057621994055807,0.0327007994055748,0.0052574672736227,0.0029438734054565,0.0057621994055807,0.0327007994055748,0.0047525148838758,0.0047525148838758,0.0337984187586257,0.0365296803652968,0.15314972400665283
new_free_dao_2022,new_free_dao_2022__hn007,new_free_dao_2022,hard_negative_mined,bsc,0,ratio_75,2,2,0.0605219322598556,0.0070796460176991,0.116180203065808,0.6380725593642456,0.9518561959266664,0.6346781253814697,0.9518561959266664,0.5059431195259094,0.9474682211875916,0.6346781253814697,0.4745891988277435,0.5059431195259094,0.9474682211875916,0.689572274684906,0.689572274684906,0.2329777604493328,0.3076923076923077,0.589579701423645
new_free_dao_2022,new_free_dao_2022__hn010,new_free_dao_2022,hard_negative_mined,bsc,0,ratio_25,1,1,0.0605219322598556,0.0,0.0777937768591931,0.00084048198467,7.881059718783945e-05,0.0004142286197748,7.881059718783945e-05,0.0001916519249789,0.0002326679677935,0.0004142286197748,0.0012715165503323,0.0001916519249789,0.0002326679677935,0.00022897341114,0.00022897341114,0.0133544118130852,0.0065217391304347,0.21460579335689545
new_free_dao_2022,new_free_dao_2022__hn011,new_free_dao_2022,hard_negative_mined,bsc,0,k_2,2,93,0.0605219322598556,0.0070796460176991,0.116180203065808,0.6033315955119675,0.0875561460852623,0.1639822125434875,0.0875561460852623,0.1454490423202514,0.0665363818407058,0.1639822125434875,0.0348929539322853,0.1454490423202514,0.0665363818407058,0.1063950508832931,0.1063950508832931,0.1186693929083757,0.0814479638009049,0.589579701423645
new_free_dao_2022,new_free_dao_2022__hn011,new_free_dao_2022,hard_negative_mined,bsc,0,k_3,3,93,0.0605219322598556,0.0070796460176991,0.1018371621664513,0.5764200167979301,0.1317305117845535,0.4903642833232879,0.1317305117845535,0.4050430953502655,0.1881939768791198,0.4903642833232879,0.0449588857591152,0.4050430953502655,0.1881939768791198,0.0412645563483238,0.0412645563483238,0.1959263977204493,0.3076923076923077,0.7631906270980835
new_free_dao_2022,new_free_dao_2022__hn011,new_free_dao_2022,hard_negative_mined,bsc,0,k_5,5,93,0.0605219322598556,0.0070796460176991,0.107375872997257,0.661695656679766,0.2129332423210144,0.7583609819412231,0.2129332423210144,0.6523059010505676,0.2934337258338928,0.7583609819412231,0.1928959339857101,0.6523059010505676,0.2934337258338928,0.4310161173343658,0.4310161173343658,0.2746789090898796,0.3255813953488372,0.9956498742103577
new_free_dao_2022,new_free_dao_2022__hn011,new_free_dao_2022,hard_negative_mined,bsc,0,k_7,7,93,0.0605219322598556,0.0070796460176991,0.1098297117217554,0.5916020331314871,0.1048269346356391,0.0774165466427803,0.1048269346356391,0.0375922694802284,0.1029723510146141,0.0774165466427803,0.0276248697191476,0.0375922694802284,0.1029723510146141,0.0511306747794151,0.0511306747794151,0.0893360477964994,0.0814479638009049,0.998050332069397
new_free_dao_2022,new_free_dao_2022__hn011,new_free_dao_2022,hard_negative_mined,bsc,0,ratio_25,24,93,0.0605219322598556,0.0070796460176991,0.1001589697679677,0.1183924199546883,0.0036125548649579,0.2253435850143432,0.0036125548649579,0.4116800427436828,0.0026989793404936,0.2253435850143432,0.086362637579441,0.4116800427436828,0.0026989793404936,0.0677980929613113,0.0677980929613113,0.1349238279920629,0.0814479638009049,0.9988653659820557
new_free_dao_2022,new_free_dao_2022__hn011,new_free_dao_2022,hard_negative_mined,bsc,0,ratio_50,47,93,0.0605219322598556,0.0070796460176991,0.1050464237913367,0.0385539589488888,0.0005779063794761,0.0604427754878997,0.0005779063794761,0.0735858231782913,0.0001707416813587,0.0604427754878997,0.0295553617179393,0.0735858231782913,0.0001707416813587,0.020921753719449,0.020921753719449,0.0815944385658738,0.0814479638009049,0.9959140419960022
new_free_dao_2022,new_free_dao_2022__hn011,new_free_dao_2022,hard_negative_mined,bsc,0,ratio_75,70,93,0.0605219322598556,0.0070796460176991,0.1043765018564949,0.0480219424795935,0.0008955768425948,0.1107949316501617,0.0008955768425948,0.2229587286710739,0.0006575207808054,0.1107949316501617,0.0287321656942367,0.2229587286710739,0.0006575207808054,0.0212337672710418,0.0212337672710418,0.1020799022316714,0.0814479638009049,0.998359739780426
new_free_dao_2022,new_free_dao_2022__hn011,new_free_dao_2022,hard_negative_mined,bsc,0,ratio_100,93,93,0.0605219322598556,0.0070796460176991,0.1035955928389085,0.0265306242904025,9.169471741188318e-05,0.0301546473056077,9.169471741188318e-05,0.0679312422871589,3.449551513767801e-05,0.0301546473056077,0.013861047104001,0.0679312422871589,3.449551513767801e-05,0.0095191812142729,0.0095191812142729,0.0634438534781546,0.0814479638009049,0.9983053207397461
new_free_dao_2022,new_free_dao_2022__hn012,new_free_dao_2022,hard_negative_mined,bsc,0,k_2,2,338,0.0605219322598556,0.0070796460176991,0.0777937768591931,0.046918211259484,0.0014454486081376,0.0012700634542852,0.0014454486081376,0.0049700844101607,0.0016421526670455,0.0012700634542852,0.0017923042178153,0.0049700844101607,0.0016421526670455,0.0011523086577653,0.0011523086577653,0.0201484188576103,0.0192307692307692,0.4311261773109436
new_free_dao_2022,new_free_dao_2022__hn012,new_free_dao_2022,hard_negative_mined,bsc,0,k_3,3,338,0.0605219322598556,0.0070796460176991,0.0777937768591931,0.0365979935262708,0.0009927459759637,0.0008926797891035,0.0009927459759637,0.0018253164598718,0.0011475994251668,0.0008926797891035,0.0023980264086276,0.0018253164598718,0.0011475994251668,0.000914920005016,0.000914920005016,0.0177071527852084,0.0188679245283018,0.09471134096384048
new_free_dao_2022,new_free_dao_2022__hn012,new_free_dao_2022,hard_negative_mined,bsc,0,k_5,5,338,0.0605219322598556,0.0070796460176991,0.0777937768591931,0.0179472904903038,0.0004825076321139,0.0012739967787638,0.0004825076321139,0.0010012076236307,0.0005768032860942,0.0012739967787638,0.0021718658972531,0.0010012076236307,0.0005768032860942,0.0010734903626143,0.0010734903626143,0.0201712287509112,0.0192307692307692,0.03955724462866783
new_free_dao_2022,new_free_dao_2022__hn012,new_free_dao_2022,hard_negative_mined,bsc,0,k_7,7,338,0.0605219322598556,0.0070796460176991,0.0777937768591931,0.0183641779471681,0.0001983486727112,0.0011503662681207,0.0001983486727112,0.0006375010707415,0.0003021452575922,0.0011503662681207,0.0021718658972531,0.0006375010707415,0.0003021452575922,0.0008278838358819,0.0008278838358819,0.0194314762534375,0.0192307692307692,0.4354665279388428
new_free_dao_2022,new_free_dao_2022__hn012,new_free_dao_2022,hard_negative_mined,bsc,0,ratio_25,85,338,0.0605219322598556,0.0070796460176991,0.0777937768591931,0.0044841679915209,9.52937116380781e-05,0.0007921254145912,9.52937116380781e-05,0.0008028429583646,0.0006185111706145,0.0007921254145912,0.0007703001610934,0.0008028429583646,0.0006185111706145,0.0003828220069408,0.0003828220069408,0.0169476950470298,0.0188679245283018,0.5158019065856934
new_free_dao_2022,new_free_dao_2022__hn012,new_free_dao_2022,hard_negative_mined,bsc,0,ratio_50,169,338,0.0605219322598556,0.0070796460176991,0.0777937768591931,0.000110294117647,3.974066930823028e-05,0.0001847359380917,3.974066930823028e-05,0.0001641489798203,4.406925654620864e-05,0.0001847359380917,0.0021718658972531,0.0001641489798203,4.406925654620864e-05,0.000112868285214,0.000112868285214,0.0099152765170699,0.0065217391304347,0.10327984392642975
new_free_dao_2022,new_free_dao_2022__hn012,new_free_dao_2022,hard_negative_mined,bsc,0,ratio_75,254,338,0.0605219322598556,0.0070796460176991,0.0777937768591931,0.0044841679915209,0.0001107623247662,0.0003357242385391,0.0001107623247662,0.000443960976554,0.0002924139262177,0.0003357242385391,0.0007703001610934,0.000443960976554,0.0002924139262177,0.0002907678717747,0.0002907678717747,0.0123598714256274,0.0065217391304347,0.22688651084899902
new_free_dao_2022,new_free_dao_2022__hn012,new_free_dao_2022,hard_negative_mined,bsc,0,ratio_100,338,338,0.0605219322598556,0.0070796460176991,0.0777937768591931,0.0232293417366946,0.0001156351718236,0.0004097686323802,0.0001156351718236,0.000443960976554,0.0003478557919152,0.0004097686323802,0.0007703001610934,0.000443960976554,0.0003478557919152,0.0002907678717747,0.0002907678717747,0.0133012965408143,0.0065217391304347,0.08064046502113342
new_free_dao_2022,new_free_dao_2022__hn014,new_free_dao_2022,hard_negative_mined,bsc,0,ratio_25,1,1,0.0605219322598556,0.0,0.116180203065808,0.00084048198467,0.0003456344129517,0.0001208665926242,0.0003456344129517,4.041496504214592e-05,0.0009615247836336,0.0001208665926242,0.0002613654360175,4.041496504214592e-05,0.0009615247836336,6.063711771275848e-05,6.063711771275848e-05,0.008476344219363,0.0065217391304347,0.15314972400665283
new_free_dao_2022,new_free_dao_2022__hn015,new_free_dao_2022,hard_negative_mined,bsc,0,ratio_25,1,3,0.0605219322598556,0.0,0.116180203065808,0.0263677167368566,0.0062185544520616,0.0012037112610414,0.0062185544520616,0.0008238911395892,0.0080390265211462,0.0012037112610414,0.0016128608258441,0.0008238911395892,0.0080390265211462,0.0014552762731909,0.0014552762731909,0.0197566195382615,0.0192307692307692,0.15314972400665283
new_free_dao_2022,new_free_dao_2022__hn015,new_free_dao_2022,hard_negative_mined,bsc,0,ratio_50,2,3,0.0605219322598556,0.0070796460176991,0.116180203065808,0.4010604416868957,0.0495049841701984,0.0370526649057865,0.0495049841701984,0.0193926487118005,0.0108380252495408,0.0370526649057865,0.0560222566127777,0.0193926487118005,0.0108380252495408,0.0413721613585948,0.0413721613585948,0.0683343692589072,0.0814479638009049,0.06403181701898575
new_free_dao_2022,new_free_dao_2022__hn015,new_free_dao_2022,hard_negative_mined,bsc,0,ratio_75,3,3,0.0605219322598556,0.0070796460176991,0.116180203065808,0.0224453675409557,0.000324163789628,0.0003402612928766,0.000324163789628,0.000286697410047,0.0004308386996854,0.0003402612928766,0.0306925568729639,0.000286697410047,0.0004308386996854,0.000310403003823,0.000310403003823,0.0124211571649542,0.0065217391304347,0.011474539525806904
new_free_dao_2022,new_free_dao_2022__hn023,new_free_dao_2022,hard_negative_mined,bsc,0,ratio_25,1,1,0.0605219322598556,0.0,0.116180203065808,0.0219544966153326,0.0017966502346098,0.0005798073252663,0.0017966502346098,0.0004919471102766,0.0034207787830382,0.0005798073252663,0.0006744536804035,0.0004919471102766,0.0034207787830382,0.0002677877491805,0.0002677877491805,0.0151128288894354,0.0188679245283018,0.15314972400665283
new_free_dao_2022,new_free_dao_2022__hn024,new_free_dao_2022,hard_negative_mined,bsc,0,k_2,2,207,0.0605219322598556,0.0070796460176991,0.116180203065808,0.4294445443358974,0.1047497168183326,0.110556349158287,0.1047497168183326,0.0742770507931709,0.0500217862427234,0.110556349158287,0.0364440195262432,0.0742770507931709,0.0500217862427234,0.0629710033535957,0.0629710033535957,0.1019970672077863,0.0814479638009049,0.06403181701898575
new_free_dao_2022,new_free_dao_2022__hn024,new_free_dao_2022,hard_negative_mined,bsc,0,k_3,3,207,0.0605219322598556,0.0070796460176991,0.116180203065808,0.2873989352978821,0.0418134480714798,0.0125760696828365,0.0418134480714798,0.0211594011634588,0.0154692018404603,0.0125760696828365,0.0169121380895376,0.0211594011634588,0.0154692018404603,0.0093480134382843,0.0093480134382843,0.0463124200053967,0.0365296803652968,0.012700733728706837
new_free_dao_2022,new_free_dao_2022__hn024,new_free_dao_2022,hard_negative_mined,bsc,0,k_5,5,207,0.0605219322598556,0.0070796460176991,0.116180203065808,0.2381525597949521,0.0580692775547504,0.0136701893061399,0.0580692775547504,0.0257546305656433,0.0094290720298886,0.0136701893061399,0.0169121380895376,0.0257546305656433,0.0094290720298886,0.0057025183923542,0.0057025183923542,0.0477249656410259,0.0365296803652968,0.06204552203416824
new_free_dao_2022,new_free_dao_2022__hn024,new_free_dao_2022,hard_negative_mined,bsc,0,k_7,7,207,0.0605219322598556,0.0070796460176991,0.116180203065808,0.2152144672571324,0.0056055770255625,0.0079590426757931,0.0056055770255625,0.0113396681845188,0.0020291612017899,0.0079590426757931,0.0055273245088756,0.0113396681845188,0.0020291612017899,0.0020193241070955,0.0020193241070955,0.0392677730380702,0.0365296803652968,0.0070351604372262955
new_free_dao_2022,new_free_dao_2022__hn024,new_free_dao_2022,hard_negative_mined,bsc,0,ratio_25,52,207,0.0605219322598556,0.0070796460176991,0.0895489505597433,0.0466157768542199,0.0007741547306068,0.0030751912854611,0.0007741547306068,0.0057151042856276,0.0008091126219369,0.0030751912854611,0.0047165043652057,0.0057151042856276,0.0008091126219369,0.00069908099249,0.00069908099249,0.0278199058787797,0.0365296803652968,0.01369483582675457
new_free_dao_2022,new_free_dao_2022__hn024,new_free_dao_2022,hard_negative_mined,bsc,0,ratio_50,104,207,0.0605219322598556,0.0070796460176991,0.0834834988825738,0.0271811274509803,0.0002678255259525,0.0027567660436034,0.0002678255259525,0.0022053564898669,0.0005958521505817,0.0027567660436034,0.0017793424194678,0.0022053564898669,0.0005958521505817,0.0005406633717939,0.0005406633717939,0.0267351638945313,0.0365296803652968,0.38164830207824707
new_free_dao_2022,new_free_dao_2022__hn024,new_free_dao_2022,hard_negative_mined,bsc,0,ratio_75,156,207,0.0605219322598556,0.0070796460176991,0.0815461010315153,0.0248811274509803,0.0003219355130568,0.0030603122431784,0.0003219355130568,0.002227125223726,0.0007087849662639,0.0030603122431784,0.0032516259234398,0.002227125223726,0.0007087849662639,0.0004859412729274,0.0004859412729274,0.0277708731448413,0.0365296803652968,0.017028147354722023
new_free_dao_2022,new_free_dao_2022__hn024,new_free_dao_2022,hard_negative_mined,bsc,0,ratio_100,207,207,0.0605219322598556,0.0070796460176991,0.0806065829325178,0.0239436274509803,0.0003083721676375,0.0026880556251853,0.0003083721676375,0.002227125223726,0.0005402344977483,0.0026880556251853,0.0032516259234398,0.002227125223726,0.0005402344977483,0.0004859412729274,0.0004859412729274,0.0264906426832541,0.0365296803652968,0.015549917705357075
chibi_finance_2023,chibi_finance_2023__hnc000,chibi_finance_2023,hard_negative_mined_v2_complexity,arbitrum,0,ratio_25,2,7,0.0610859728506787,0.0106194690265486,0.0314502252694659,0.1787345972643551,0.0106143401935696,0.0014571483479812,0.0106143401935696,0.0046894527040421,0.0185765940696001,0.0014571483479812,0.0928796157240867,0.0046894527040421,0.0185765940696001,0.0091283498331904,0.0091283498331904,0.0179019179037044,0.009090909090909,0.07758383452892303
chibi_finance_2023,chibi_finance_2023__hnc000,chibi_finance_2023,hard_negative_mined_v2_complexity,arbitrum,0,k_3,3,7,0.0610859728506787,0.0106194690265486,0.0415717479832416,0.1146593329761616,0.0007758807041682,0.0001142742985393,0.0007758807041682,0.0001619557588128,0.0017833198653534,0.0001142742985393,0.0019052550196647,0.0001619557588128,0.0017833198653534,0.0002732945431489,0.0002732945431489,0.0065758187956024,0.0041095890410958,0.012470963411033154
chibi_finance_2023,chibi_finance_2023__hnc000,chibi_finance_2023,hard_negative_mined_v2_complexity,arbitrum,0,ratio_50,4,7,0.0610859728506787,0.0106194690265486,0.0477379313401423,0.0998078517399857,9.792892524274066e-05,6.062058309908025e-05,9.792892524274066e-05,7.315229595405981e-05,0.0001264214079128,6.062058309908025e-05,0.0011116835521534,7.315229595405981e-05,0.0001264214079128,9.111256804317236e-05,9.111256804317236e-05,0.0051177008848526,0.0041095890410958,0.11040718108415604
chibi_finance_2023,chibi_finance_2023__hnc000,chibi_finance_2023,hard_negative_mined_v2_complexity,arbitrum,0,k_5,5,7,0.0610859728506787,0.0176991150442477,0.0518450712639125,0.0360476857501981,0.0001116095518227,3.359707989147864e-05,0.0001116095518227,4.336661368142813e-05,0.0002018330560531,3.359707989147864e-05,0.0005703119095414,4.336661368142813e-05,0.0002018330560531,4.865784649155103e-05,4.865784649155103e-05,0.0040512905753181,0.0041095890410958,0.0065318867564201355
chibi_finance_2023,chibi_finance_2023__hnc000,chibi_finance_2023,hard_negative_mined_v2_complexity,arbitrum,0,ratio_75,6,7,0.0610859728506787,0.0176991150442477,0.0547664593938079,0.0345639315166766,0.0002864796551875,0.0003026327467523,0.0002864796551875,0.0004501776129473,0.0004129132139496,0.0003026327467523,0.0028059550095349,0.0004501776129473,0.0004129132139496,0.001390443299897,0.001390443299897,0.0096572668572613,0.0041095890410958,0.05678234249353409
chibi_finance_2023,chibi_finance_2023__hnc000,chibi_finance_2023,hard_negative_mined_v2_complexity,arbitrum,0,ratio_100,7,7,0.0610859728506787,0.0176991150442477,0.0449954834213265,0.0178160919540229,0.0002525750896893,4.81973729620222e-05,0.0002525750896893,4.373916453914717e-05,0.0002530260826461,4.81973729620222e-05,6.669305003015324e-05,4.373916453914717e-05,0.0002530260826461,8.793612505542114e-05,8.793612505542114e-05,0.0046736404161984,0.0041095890410958,0.013092171400785446
chibi_finance_2023,chibi_finance_2023__hnc001,chibi_finance_2023,hard_negative_mined_v2_complexity,arbitrum,0,ratio_25,1,2,0.0610859728506787,0.0035398230088495,0.0134404720908434,0.0002374022374022,6.620083877351135e-05,9.410765778739004e-05,6.620083877351135e-05,3.334068969707005e-05,0.0002103924052789,9.410765778739004e-05,5.956970562692732e-05,3.334068969707005e-05,0.0002103924052789,4.383311534184031e-05,4.383311534184031e-05,0.0060900629134919,0.0041095890410958,0.012479188852012157
chibi_finance_2023,chibi_finance_2023__hnc001,chibi_finance_2023,hard_negative_mined_v2_complexity,arbitrum,0,ratio_75,2,2,0.0610859728506787,0.0106194690265486,0.0134404720908434,0.0281837589349637,0.0001144536872743,5.93560362176504e-05,0.0001144536872743,1.4667555660707876e-05,8.122399594867602e-05,5.93560362176504e-05,0.0001488479902036,1.4667555660707876e-05,8.122399594867602e-05,4.15467111452017e-05,4.15467111452017e-05,0.0050751871069792,0.0041095890410958,0.0014935517683625221
chibi_finance_2023,chibi_finance_2023__hnc002,chibi_finance_2023,hard_negative_mined_v2_complexity,arbitrum,0,ratio_25,1,2,0.0610859728506787,0.0035398230088495,0.0134404720908434,0.0002374022374022,0.0001259266718989,9.410765778739004e-05,0.0001259266718989,3.334068969707005e-05,0.0004390482499729,9.410765778739004e-05,5.956970562692732e-05,3.334068969707005e-05,0.0004390482499729,4.383311534184031e-05,4.383311534184031e-05,0.0060900629134919,0.0041095890410958,0.012479188852012157
chibi_finance_2023,chibi_finance_2023__hnc002,chibi_finance_2023,hard_negative_mined_v2_complexity,arbitrum,0,ratio_75,2,2,0.0610859728506787,0.0106194690265486,0.0134404720908434,0.0487063926080238,0.0028883763588964,0.000281151063973,0.0028883763588964,0.0001884316588984,0.0053474493324756,0.000281151063973,0.0004215628141537,0.0001884316588984,0.0053474493324756,0.0005036021466366,0.0005036021466366,0.0093811083607264,0.0041095890410958,0.000954093353357166
chibi_finance_2023,chibi_finance_2023__hnc003,chibi_finance_2023,hard_negative_mined_v2_complexity,arbitrum,0,ratio_25,1,1,0.0610859728506787,0.0035398230088495,0.0134404720908434,0.0002374022374022,6.620083877351135e-05,0.0001067102639353,6.620083877351135e-05,3.918539732694626e-05,0.0002200416638515,0.0001067102639353,6.101373583078384e-05,3.918539732694626e-05,0.0002200416638515,5.75832455069758e-05,5.75832455069758e-05,0.0064002398947542,0.0041095890410958,0.012479188852012157
chibi_finance_2023,chibi_finance_2023__hnc004,chibi_finance_2023,hard_negative_mined_v2_complexity,arbitrum,0,ratio_25,1,3,0.0610859728506787,0.0035398230088495,0.0134404720908434,0.0002374022374022,6.620083877351135e-05,9.410765778739004e-05,6.620083877351135e-05,3.334068969707005e-05,0.0002103924052789,9.410765778739004e-05,5.956970562692732e-05,3.334068969707005e-05,0.0002103924052789,4.383311534184031e-05,4.383311534184031e-05,0.0060900629134919,0.0041095890410958,0.012479188852012157
chibi_finance_2023,chibi_finance_2023__hnc004,chibi_finance_2023,hard_negative_mined_v2_complexity,arbitrum,0,ratio_50,2,3,0.0610859728506787,0.0106194690265486,0.0134404720908434,0.0568240485644111,0.0021842550486326,0.0002801770460791,0.0021842550486326,0.0002437194343656,0.0040896078571677,0.0002801770460791,0.0006350423791445,0.0002437194343656,0.0040896078571677,0.0005658773006871,0.0005658773006871,0.0093682867490781,0.0041095890410958,0.000954093353357166
chibi_finance_2023,chibi_finance_2023__hnc004,chibi_finance_2023,hard_negative_mined_v2_complexity,arbitrum,0,ratio_75,3,3,0.0610859728506787,0.0106194690265486,0.0134404720908434,0.0426095050221342,0.0022038773167878,0.0001917082263389,0.0022038773167878,0.0001160442116088,0.004066155757755,0.0001917082263389,0.0001455508026992,0.0001160442116088,0.004066155757755,0.0002326790709048,0.0002326790709048,0.0080663098247251,0.0041095890410958,0.0003280371311120689
chibi_finance_2023,chibi_finance_2023__hnc005,chibi_finance_2023,hard_negative_mined_v2_complexity,arbitrum,0,ratio_25,1,2,0.0610859728506787,0.0035398230088495,0.0134404720908434,0.0002374022374022,6.620083877351135e-05,9.410765778739004e-05,6.620083877351135e-05,3.604256562539376e-05,0.0002103924052789,9.410765778739004e-05,5.950151535216719e-05,3.604256562539376e-05,0.0002103924052789,4.383311534184031e-05,4.383311534184031e-05,0.0060900629134919,0.0041095890410958,0.012479188852012157
chibi_finance_2023,chibi_finance_2023__hnc005,chibi_finance_2023,hard_negative_mined_v2_complexity,arbitrum,0,ratio_75,2,2,0.0610859728506787,0.0106194690265486,0.0314502252694659,0.0150241967576018,0.0006561111076734,0.0002848686126526,0.0006561111076734,0.0002865973801817,0.0015328169101849,0.0002848686126526,0.0021053475793451,0.0002865973801817,0.0015328169101849,0.0005089321057312,0.0005089321057312,0.0094297975461249,0.0041095890410958,0.0002411102323094383
chibi_finance_2023,chibi_finance_2023__hnc006,chibi_finance_2023,hard_negative_mined_v2_complexity,arbitrum,0,ratio_25,1,1,0.0610859728506787,0.0035398230088495,0.0134404720908434,0.0002374022374022,6.620083877351135e-05,0.0001067102639353,6.620083877351135e-05,3.918539732694626e-05,0.0002200416638515,0.0001067102639353,6.101373583078384e-05,3.918539732694626e-05,0.0002200416638515,5.75832455069758e-05,5.75832455069758e-05,0.0064002398947542,0.0041095890410958,0.012479188852012157
chibi_finance_2023,chibi_finance_2023__hnc007,chibi_finance_2023,hard_negative_mined_v2_complexity,arbitrum,0,ratio_25,2,6,0.0610859728506787,0.0106194690265486,0.0314502252694659,0.5158299325812485,0.9652106165885924,0.3529081344604492,0.9652106165885924,0.3833063244819641,0.9506651163101196,0.3529081344604492,0.1325926780700683,0.3833063244819641,0.9506651163101196,0.7996159791946411,0.7996159791946411,0.1612581992139537,0.1818181818181818,0.07758383452892303
chibi_finance_2023,chibi_finance_2023__hnc007,chibi_finance_2023,hard_negative_mined_v2_complexity,arbitrum,0,ratio_50,3,6,0.0610859728506787,0.0106194690265486,0.0415717479832416,0.4517793812653218,0.4247616231441498,0.1012622267007827,0.4247616231441498,0.1437213718891143,0.4599317014217376,0.1012622267007827,0.0262669529765844,0.1437213718891143,0.4599317014217376,0.3031449913978576,0.3031449913978576,0.093122305577844,0.088235294117647,0.012470963411033154
chibi_finance_2023,chibi_finance_2023__hnc007,chibi_finance_2023,hard_negative_mined_v2_complexity,arbitrum,0,ratio_75,5,6,0.0610859728506787,0.0176991150442477,0.0518450712639125,0.2412708666456088,0.0196161940693855,0.010061701759696,0.0196161940693855,0.0257088467478752,0.0263439882546663,0.010061701759696,0.0179276596754789,0.0257088467478752,0.0263439882546663,0.0190608873963356,0.0190608873963356,0.0379479969261136,0.0380116959064327,0.0065318867564201355
chibi_finance_2023,chibi_finance_2023__hnc007,chibi_finance_2023,hard_negative_mined_v2_complexity,arbitrum,0,ratio_100,6,6,0.0610859728506787,0.0176991150442477,0.0547664593938079,0.2257982817060947,0.0092805922031402,0.0064390143379569,0.0092805922031402,0.0109194992110133,0.0147355142980813,0.0064390143379569,0.0008385916589759,0.0109194992110133,0.0147355142980813,0.0070692151784896,0.0070692151784896,0.0319277987229093,0.0380116959064327,0.05678234249353409
chibi_finance_2023,chibi_finance_2023__hnc008,chibi_finance_2023,hard_negative_mined_v2_complexity,arbitrum,0,ratio_25,2,6,0.0610859728506787,0.0106194690265486,0.0314502252694659,0.2272951229427409,0.0234471596777439,0.0013696306850761,0.0234471596777439,0.0031769913621246,0.0556273683905601,0.0013696306850761,0.0050280224531888,0.0031769913621246,0.0556273683905601,0.0052652810700237,0.0052652810700237,0.0174733118824845,0.009090909090909,0.07758383452892303
chibi_finance_2023,chibi_finance_2023__hnc008,chibi_finance_2023,hard_negative_mined_v2_complexity,arbitrum,0,ratio_50,3,6,0.0610859728506787,0.0106194690265486,0.0415717479832416,0.1590862052909039,0.0064864042215049,0.0012776246294379,0.0064864042215049,0.0019150394946336,0.0089976536110043,0.0012776246294379,0.0005541454884223,0.0019150394946336,0.0089976536110043,0.0031731487251818,0.0031731487251818,0.017004173122066,0.009090909090909,0.012470963411033154
chibi_finance_2023,chibi_finance_2023__hnc008,chibi_finance_2023,hard_negative_mined_v2_complexity,arbitrum,0,ratio_75,5,6,0.0610859728506787,0.0176991150442477,0.0518450712639125,0.0849466142693871,0.0013069540727883,0.0010083238594233,0.0013069540727883,0.0018788547022268,0.0021979755256325,0.0010083238594233,0.0002403979597147,0.0018788547022268,0.0021979755256325,0.0023643281310796,0.0023643281310796,0.0154984106484311,0.0041095890410958,0.007784844841808081
chibi_finance_2023,chibi_finance_2023__hnc008,chibi_finance_2023,hard_negative_mined_v2_complexity,arbitrum,0,ratio_100,6,6,0.0610859728506787,0.0176991150442477,0.0547664593938079,0.1135757829955499,0.002114892238751,0.0008791955769993,0.002114892238751,0.0016669505275785,0.0020630045328289,0.0008791955769993,0.0002403979597147,0.0016669505275785,0.0020630045328289,0.0013412251137197,0.0013412251137197,0.0146876538450479,0.0041095890410958,0.03420896828174591
chibi_finance_2023,chibi_finance_2023__hnc009,chibi_finance_2023,hard_negative_mined_v2_complexity,arbitrum,0,ratio_25,1,1,0.0610859728506787,0.0035398230088495,0.0134404720908434,0.0002374022374022,6.620083877351135e-05,9.410765778739004e-05,6.620083877351135e-05,3.334068969707005e-05,0.0002103924052789,9.410765778739004e-05,5.956970562692732e-05,3.334068969707005e-05,0.0002103924052789,4.383311534184031e-05,4.383311534184031e-05,0.0060900629134919,0.0041095890410958,0.012479188852012157
deltaprime_arbitrum_2024,deltaprime_arbitrum_2024__hnc000,deltaprime_arbitrum_2024,hard_negative_mined_v2_complexity,arbitrum,0,k_2,2,224,0.0719041278295605,0.0106194690265486,0.0139410733573669,0.0302955569065691,0.0023683649487793,8.335419261129573e-05,0.0023683649487793,6.926462083356455e-05,0.0025502645876258,8.335419261129573e-05,0.000624764652457,6.926462083356455e-05,0.0025502645876258,0.0003438586427364,8.335419261129573e-05,0.0038971646515576,0.004040404040404,0.0013638994423672557
deltaprime_arbitrum_2024,deltaprime_arbitrum_2024__hnc000,deltaprime_arbitrum_2024,hard_negative_mined_v2_complexity,arbitrum,0,k_3,3,224,0.0719041278295605,0.0106194690265486,0.0139410733573669,0.0791827941876382,0.0006743784761056,3.84539453079924e-05,0.0006743784761056,3.677753556985408e-05,0.0017005790723487,3.84539453079924e-05,0.0014548385515809,3.677753556985408e-05,0.0017005790723487,6.680692604277283e-05,3.84539453079924e-05,0.0027057282702197,0.0,0.0012550624087452888
deltaprime_arbitrum_2024,deltaprime_arbitrum_2024__hnc000,deltaprime_arbitrum_2024,hard_negative_mined_v2_complexity,arbitrum,0,k_5,5,224,0.0719041278295605,0.0106194690265486,0.0139410733573669,0.0171891073189513,0.0005721344496123,0.0001300702570006,0.0005721344496123,0.0001532860478619,0.0009782451670616,0.0001300702570006,0.0029635375831276,0.0001532860478619,0.0009782451670616,0.0003696727799251,0.0001300702570006,0.0048061770439344,0.004040404040404,0.00021111844398546964
deltaprime_arbitrum_2024,deltaprime_arbitrum_2024__hnc000,deltaprime_arbitrum_2024,hard_negative_mined_v2_complexity,arbitrum,0,k_7,7,224,0.0719041278295605,0.0106194690265486,0.0139410733573669,0.0129206140313362,0.0001282291923416,2.336463330721017e-05,0.0001282291923416,2.0325622244854458e-05,0.0001226411404786,2.336463330721017e-05,0.0002048076130449,2.0325622244854458e-05,0.0001226411404786,5.928340397076681e-05,2.336463330721017e-05,0.0021386772270263,0.0,0.0006442980957217515
deltaprime_arbitrum_2024,deltaprime_arbitrum_2024__hnc000,deltaprime_arbitrum_2024,hard_negative_mined_v2_complexity,arbitrum,0,ratio_25,56,224,0.0719041278295605,0.0106194690265486,0.0139410733573669,0.0018709721940893,6.563885108334944e-05,1.4957655366742983e-05,6.563885108334944e-05,1.535391857032664e-05,0.0001041768628056,1.4957655366742983e-05,0.0002163983153877,1.535391857032664e-05,0.0001041768628056,3.052187093999237e-05,1.4957655366742983e-05,0.0017324944099907,0.0,0.0001479552302043885
deltaprime_arbitrum_2024,deltaprime_arbitrum_2024__hnc000,deltaprime_arbitrum_2024,hard_negative_mined_v2_complexity,arbitrum,0,ratio_50,112,224,0.0719041278295605,0.0106194690265486,0.0139410733573669,0.0045849675483285,0.0001894258602987,6.9369853008538485e-06,0.0001894258602987,1.845951919676736e-05,9.363368735648692e-05,6.9369853008538485e-06,8.489705214742571e-05,1.845951919676736e-05,9.363368735648692e-05,3.5027595004066825e-05,6.9369853008538485e-06,0.0012050648547162,0.0,0.0016644202405586839
deltaprime_arbitrum_2024,deltaprime_arbitrum_2024__hnc000,deltaprime_arbitrum_2024,hard_negative_mined_v2_complexity,arbitrum,0,ratio_75,168,224,0.0719041278295605,0.0106194690265486,0.0139410733573669,0.0143602484472049,2.449911698931828e-05,5.900074484088691e-06,2.449911698931828e-05,2.1162493794690818e-05,7.40447430871427e-05,5.900074484088691e-06,7.886615640018135e-05,2.1162493794690818e-05,7.40447430871427e-05,2.423451587674208e-05,5.900074484088691e-06,0.0011162964924122,0.0,0.0002632809919305146
deltaprime_arbitrum_2024,deltaprime_arbitrum_2024__hnc000,deltaprime_arbitrum_2024,hard_negative_mined_v2_complexity,arbitrum,0,ratio_100,224,224,0.0719041278295605,0.0106194690265486,0.0139410733573669,0.0526082737813909,0.0001212698261952,2.1767575162812136e-05,0.0001212698261952,4.14196438214276e-05,0.0001545723789604,2.1767575162812136e-05,0.0014548385515809,4.14196438214276e-05,0.0001545723789604,3.819722405751236e-05,2.1767575162812136e-05,0.0020683614918577,0.0,0.0005281782359816134
deltaprime_arbitrum_2024,deltaprime_arbitrum_2024__hnc001,deltaprime_arbitrum_2024,hard_negative_mined_v2_complexity,arbitrum,0,k_2,2,11,0.0719041278295605,0.0,0.173664017417525,0.3296597294412248,0.0018082837341353,0.0003063701151404,0.0018082837341353,0.0014987862668931,0.0004247462784405,0.0003063701151404,0.0585934072732925,0.0014987862668931,0.0004247462784405,0.000394553237129,0.0003063701151404,0.0071918488996024,0.004040404040404,0.1539708971977234
deltaprime_arbitrum_2024,deltaprime_arbitrum_2024__hnc001,deltaprime_arbitrum_2024,hard_negative_mined_v2_complexity,arbitrum,0,ratio_25,3,11,0.0719041278295605,0.0,0.1406006990706785,0.1625552973061293,0.0015810581389814,0.0017128280596807,0.0015810581389814,0.0330566875636577,0.000871232827194,0.0017128280596807,0.0546412467956543,0.0330566875636577,0.000871232827194,0.0007576906937174,0.0017128280596807,0.0161021621546643,0.0152439024390243,0.22570621967315674
deltaprime_arbitrum_2024,deltaprime_arbitrum_2024__hnc001,deltaprime_arbitrum_2024,hard_negative_mined_v2_complexity,arbitrum,0,k_5,5,11,0.0719041278295605,0.0106194690265486,0.1180888183448883,0.289117899567498,0.018356692045927,0.1861422955989837,0.018356692045927,0.0966867208480835,0.1307056248188018,0.1861422955989837,0.0956762731075286,0.0966867208480835,0.1307056248188018,0.0602305047214031,0.1861422955989837,0.142144806138567,0.0986842105263157,0.026939326897263527
deltaprime_arbitrum_2024,deltaprime_arbitrum_2024__hnc001,deltaprime_arbitrum_2024,hard_negative_mined_v2_complexity,arbitrum,0,ratio_50,6,11,0.0719041278295605,0.0106194690265486,0.1129716078559164,0.1875689405665692,0.0017624233150854,0.0079613588750362,0.0017624233150854,0.0060573555529117,0.0071445344947278,0.0079613588750362,0.1633884310722351,0.0060573555529117,0.0071445344947278,0.002803414594382,0.0079613588750362,0.0328432865597045,0.0198019801980198,0.1196075826883316
deltaprime_arbitrum_2024,deltaprime_arbitrum_2024__hnc001,deltaprime_arbitrum_2024,hard_negative_mined_v2_complexity,arbitrum,0,k_7,7,11,0.0719041278295605,0.0123893805309734,0.1094358813383452,0.2324007941269658,0.0182194449007511,0.1334742158651352,0.0182194449007511,0.0487301349639892,0.2268825620412826,0.1334742158651352,0.1016798987984657,0.0487301349639892,0.2268825620412826,0.0358667261898517,0.1334742158651352,0.1208258697656441,0.0986842105263157,0.015695633366703987
deltaprime_arbitrum_2024,deltaprime_arbitrum_2024__hnc001,deltaprime_arbitrum_2024,hard_negative_mined_v2_complexity,arbitrum,0,ratio_75,9,11,0.0719041278295605,0.015929203539823,0.1048728247543758,0.0705901306105906,0.0001790127862477,0.0006251318845897,0.0001790127862477,0.0004968669381923,0.0025055492296814,0.0006251318845897,0.0492397882044315,0.0004968669381923,0.0025055492296814,0.0002897146914619,0.0006251318845897,0.0100508413205697,0.004040404040404,0.0019435114227235317
deltaprime_arbitrum_2024,deltaprime_arbitrum_2024__hnc001,deltaprime_arbitrum_2024,hard_negative_mined_v2_complexity,arbitrum,0,ratio_100,11,11,0.0719041278295605,0.0194690265486725,0.1020572279980816,0.1019200935063362,0.0001790127862477,0.0003575378796085,0.0001790127862477,0.0004486396210268,0.0025055492296814,0.0003575378796085,0.0309308469295501,0.0004486396210268,0.0025055492296814,0.0002555971732363,0.0003575378796085,0.0077330638980293,0.004040404040404,0.0019807128701359034
deltaprime_arbitrum_2024,deltaprime_arbitrum_2024__hnc002,deltaprime_arbitrum_2024,hard_negative_mined_v2_complexity,arbitrum,0,k_2,2,39,0.0719041278295605,0.0,0.0902019819505292,0.623819185891787,0.1595156639814376,0.4414874613285064,0.1595156639814376,0.7221701145172119,0.0540705844759941,0.4414874613285064,0.4748437106609344,0.7221701145172119,0.0540705844759941,0.5290600657463074,0.4414874613285064,0.2295587310153588,0.1333333333333333,0.35394877195358276
deltaprime_arbitrum_2024,deltaprime_arbitrum_2024__hnc002,deltaprime_arbitrum_2024,hard_negative_mined_v2_complexity,arbitrum,0,k_3,3,39,0.0719041278295605,0.0017699115044247,0.0902019819505292,0.6275711655905674,0.415927529335022,0.9281527400016784,0.415927529335022,0.8549404144287109,0.4105877876281738,0.9281527400016784,0.3787666857242584,0.8549404144287109,0.4105877876281738,0.9381580948829652,0.9281527400016784,0.5277448634662291,0.4204545454545454,0.01403494831174612
deltaprime_arbitrum_2024,deltaprime_arbitrum_2024__hnc002,deltaprime_arbitrum_2024,hard_negative_mined_v2_complexity,arbitrum,0,k_5,5,39,0.0719041278295605,0.0123893805309734,0.0902019819505292,0.6054660842340746,0.8387699723243713,0.9126858711242676,0.8387699723243713,0.8712831735610962,0.8003146052360535,0.9126858711242676,0.9144389033317566,0.8712831735610962,0.8003146052360535,0.9451443552970886,0.9126858711242676,0.5027227173160351,0.4204545454545454,0.037716858088970184
deltaprime_arbitrum_2024,deltaprime_arbitrum_2024__hnc002,deltaprime_arbitrum_2024,hard_negative_mined_v2_complexity,arbitrum,0,k_7,7,39,0.0719041278295605,0.0141592920353982,0.0902019819505292,0.6691896659050458,0.5282837152481079,0.7604637145996094,0.5282837152481079,0.700954020023346,0.6697667241096497,0.7604637145996094,0.6760302186012268,0.700954020023346,0.6697667241096497,0.7671451568603516,0.7604637145996094,0.3651803076165669,0.4204545454545454,0.0035830456763505936
deltaprime_arbitrum_2024,deltaprime_arbitrum_2024__hnc002,deltaprime_arbitrum_2024,hard_negative_mined_v2_complexity,arbitrum,0,ratio_25,10,39,0.0719041278295605,0.0194690265486725,0.0902019819505292,0.7340577756275509,0.6208338737487793,0.8622604608535767,0.6208338737487793,0.8254005908966064,0.6496859192848206,0.8622604608535767,0.8686224818229675,0.8254005908966064,0.6496859192848206,0.8379665017127991,0.8622604608535767,0.4423351160043939,0.4204545454545454,0.03345774486660957
deltaprime_arbitrum_2024,deltaprime_arbitrum_2024__hnc002,deltaprime_arbitrum_2024,hard_negative_mined_v2_complexity,arbitrum,0,ratio_50,20,39,0.0719041278295605,0.0353982300884955,0.0902019819505292,0.5339942687220438,0.4863325357437134,0.7590062022209167,0.4863325357437134,0.4049063324928283,0.4132279455661773,0.7590062022209167,0.2170013636350631,0.4049063324928283,0.4132279455661773,0.5147556066513062,0.7590062022209167,0.3643049162825699,0.4204545454545454,0.002981421072036028
deltaprime_arbitrum_2024,deltaprime_arbitrum_2024__hnc002,deltaprime_arbitrum_2024,hard_negative_mined_v2_complexity,arbitrum,0,ratio_75,30,39,0.0719041278295605,0.0442477876106194,0.0902019819505292,0.397639312169986,0.1008476391434669,0.5287191867828369,0.1008476391434669,0.3392519354820251,0.0758689567446708,0.5287191867828369,0.214711844921112,0.3392519354820251,0.0758689567446708,0.2729197442531585,0.5287191867828369,0.2601599120787664,0.4204545454545454,0.08959341794252396
deltaprime_arbitrum_2024,deltaprime_arbitrum_2024__hnc002,deltaprime_arbitrum_2024,hard_negative_mined_v2_complexity,arbitrum,0,ratio_100,39,39,0.0719041278295605,0.0548672566371681,0.0902019819505292,0.3794685947124728,0.0205798018723726,0.3242855668067932,0.0205798018723726,0.2291941046714782,0.0533361174166202,0.3242855668067932,0.3198830485343933,0.2291941046714782,0.0533361174166202,0.3431584239006042,0.3242855668067932,0.1904762143756381,0.1333333333333333,0.0040148478001356125
deltaprime_arbitrum_2024,deltaprime_arbitrum_2024__hnc003,deltaprime_arbitrum_2024,hard_negative_mined_v2_complexity,arbitrum,0,k_2,2,19,0.0719041278295605,0.0017699115044247,0.0902019819505292,0.2108823529411764,0.0396654941141605,0.702077329158783,0.0396654941141605,0.2397439181804657,0.0228685792535543,0.702077329158783,0.2535049319267273,0.2397439181804657,0.0228685792535543,0.4450491070747375,0.702077329158783,0.3331533438474736,0.4204545454545454,0.4613494873046875
deltaprime_arbitrum_2024,deltaprime_arbitrum_2024__hnc003,deltaprime_arbitrum_2024,hard_negative_mined_v2_complexity,arbitrum,0,k_3,3,19,0.0719041278295605,0.0106194690265486,0.0902019819505292,0.1906858016858409,0.0013431925326585,0.0061253062449395,0.0013431925326585,0.0031356422696262,0.0032452184241265,0.0061253062449395,0.2367415428161621,0.0031356422696262,0.0032452184241265,0.0038408958353102,0.0061253062449395,0.0290985621680313,0.0198019801980198,0.8881573677062988
deltaprime_arbitrum_2024,deltaprime_arbitrum_2024__hnc003,deltaprime_arbitrum_2024,hard_negative_mined_v2_complexity,arbitrum,0,ratio_25,5,19,0.0719041278295605,0.0123893805309734,0.1126470250646667,0.3156392700343817,0.0200707521289587,0.2733872532844543,0.0200707521289587,0.1216952428221702,0.0236828122287988,0.2733872532844543,0.1198014095425605,0.1216952428221702,0.0236828122287988,0.0484211072325706,0.2733872532844543,0.1733504466313123,0.1333333333333333,0.43851345777511597
deltaprime_arbitrum_2024,deltaprime_arbitrum_2024__hnc003,deltaprime_arbitrum_2024,hard_negative_mined_v2_complexity,arbitrum,0,k_7,7,19,0.0719041278295605,0.0194690265486725,0.1057782727521348,0.3160866023482171,0.031913723796606,0.1970024704933166,0.031913723796606,0.058775395154953,0.0344887487590312,0.1970024704933166,0.0926168859004974,0.058775395154953,0.0344887487590312,0.0519380718469619,0.1970024704933166,0.1462398340729841,0.0986842105263157,0.18881374597549438
deltaprime_arbitrum_2024,deltaprime_arbitrum_2024__hnc003,deltaprime_arbitrum_2024,hard_negative_mined_v2_complexity,arbitrum,0,ratio_50,10,19,0.0719041278295605,0.0283185840707964,0.1008716023880459,0.346944836201314,0.0077849510125815,0.1266430765390396,0.0077849510125815,0.0598243810236454,0.0282512232661247,0.1266430765390396,0.1106505095958709,0.0598243810236454,0.0282512232661247,0.0530993342399597,0.1266430765390396,0.1178233742030758,0.0986842105263157,0.19864600896835327
deltaprime_arbitrum_2024,deltaprime_arbitrum_2024__hnc003,deltaprime_arbitrum_2024,hard_negative_mined_v2_complexity,arbitrum,0,ratio_75,15,19,0.0719041278295605,0.0371681415929203,0.0981111205924966,0.4027739723895513,0.0105737410485744,0.174844741821289,0.0105737410485744,0.098436415195465,0.0652568787336349,0.174844741821289,0.2782144546508789,0.098436415195465,0.0652568787336349,0.0497696958482265,0.174844741821289,0.137793599007669,0.0986842105263157,0.039949458092451096
deltaprime_arbitrum_2024,deltaprime_arbitrum_2024__hnc003,deltaprime_arbitrum_2024,hard_negative_mined_v2_complexity,arbitrum,0,ratio_100,19,19,0.0719041278295605,0.0530973451327433,0.1083386335991732,0.4219198057228847,0.0163029599934816,0.2778507173061371,0.0163029599934816,0.168168306350708,0.0620375908911228,0.2778507173061371,0.68769770860672,0.168168306350708,0.0620375908911228,0.3030126988887787,0.2778507173061371,0.1748715343039303,0.1333333333333333,0.20750010013580322
deltaprime_arbitrum_2024,deltaprime_arbitrum_2024__hnc004,deltaprime_arbitrum_2024,hard_negative_mined_v2_complexity,arbitrum,0,ratio_25,1,1,0.0719041278295605,0.0035398230088495,0.0139410733573669,0.0036872309899569,0.0013238373212516,3.7236673961160704e-05,0.0013238373212516,4.546757918433286e-05,0.0006847962504252,3.7236673961160704e-05,4.721122604678385e-05,4.546757918433286e-05,0.0006847962504252,0.0001143941044574,3.7236673961160704e-05,0.0026649659306916,0.0,0.011778691783547401
deltaprime_arbitrum_2024,deltaprime_arbitrum_2024__hnc007,deltaprime_arbitrum_2024,hard_negative_mined_v2_complexity,arbitrum,0,k_2,2,41,0.0719041278295605,0.0088495575221238,0.0902019819505292,0.3319614526731183,0.025932615622878,0.4038339257240295,0.025932615622878,0.2901166379451751,0.0066680307500064,0.4038339257240295,0.175244003534317,0.2901166379451751,0.0066680307500064,0.2836183905601501,0.4038339257240295,0.2168948359158408,0.1333333333333333,0.35394877195358276
deltaprime_arbitrum_2024,deltaprime_arbitrum_2024__hnc007,deltaprime_arbitrum_2024,hard_negative_mined_v2_complexity,arbitrum,0,k_3,3,41,0.0719041278295605,0.0088495575221238,0.0902019819505292,0.314413429559486,0.0037604051176458,0.2806450724601745,0.0037604051176458,0.1640703529119491,0.0033112324308604,0.2806450724601745,0.0597826987504959,0.1640703529119491,0.0033112324308604,0.068967193365097,0.2806450724601745,0.1758214428907463,0.1333333333333333,0.01403494831174612
deltaprime_arbitrum_2024,deltaprime_arbitrum_2024__hnc007,deltaprime_arbitrum_2024,hard_negative_mined_v2_complexity,arbitrum,0,k_5,5,41,0.0719041278295605,0.0123893805309734,0.1180888183448883,0.0512703090471564,0.0009490543743595,0.0881691351532936,0.0009490543743595,0.0483588203787803,0.0046534775756299,0.0881691351532936,0.0445719845592975,0.0483588203787803,0.0046534775756299,0.0034159298520535,0.0881691351532936,0.0993076404415708,0.0986842105263157,0.08910926431417465
deltaprime_arbitrum_2024,deltaprime_arbitrum_2024__hnc007,deltaprime_arbitrum_2024,hard_negative_mined_v2_complexity,arbitrum,0,k_7,7,41,0.0719041278295605,0.0230088495575221,0.1094358813383452,0.1950466824887999,0.0037683052942156,0.1009153053164482,0.0037683052942156,0.0373895987868309,0.0123418420553207,0.1009153053164482,0.015560277737677,0.0373895987868309,0.0123418420553207,0.0029096843209117,0.1009153053164482,0.105798710196687,0.0986842105263157,0.1033589169383049
deltaprime_arbitrum_2024,deltaprime_arbitrum_2024__hnc007,deltaprime_arbitrum_2024,hard_negative_mined_v2_complexity,arbitrum,0,ratio_25,11,41,0.0719041278295605,0.0336283185840707,0.1152731902293982,0.1429803860488119,0.0054918471723794,0.0619495101273059,0.0054918471723794,0.0283129587769508,0.0039233136922121,0.0619495101273059,0.0122559806331992,0.0283129587769508,0.0039233136922121,0.0013505399692803,0.0619495101273059,0.0842966946278329,0.0986842105263157,0.0008435858762823045
deltaprime_arbitrum_2024,deltaprime_arbitrum_2024__hnc007,deltaprime_arbitrum_2024,hard_negative_mined_v2_complexity,arbitrum,0,ratio_50,21,41,0.0719041278295605,0.0460176991150442,0.1026548732214404,0.2214091499804164,0.0017919240053743,0.0195457711815834,0.0017919240053743,0.0083860661834478,0.0033577317371964,0.0195457711815834,0.0032262466847896,0.0083860661834478,0.0033577317371964,0.0004234090156387,0.0195457711815834,0.0496380705990787,0.05,0.0010497996117919683
deltaprime_arbitrum_2024,deltaprime_arbitrum_2024__hnc007,deltaprime_arbitrum_2024,hard_negative_mined_v2_complexity,arbitrum,0,ratio_75,31,41,0.0719041278295605,0.0672566371681415,0.0993757038448339,0.3974998272235422,0.0148992305621504,0.1426438391208648,0.0148992305621504,0.3396500945091247,0.0062445225194096,0.1426438391208648,0.1173760220408439,0.3396500945091247,0.0062445225194096,0.0081379963085055,0.1426438391208648,0.1247540081585373,0.0986842105263157,0.0006952817784622312
deltaprime_arbitrum_2024,deltaprime_arbitrum_2024__hnc007,deltaprime_arbitrum_2024,hard_negative_mined_v2_complexity,arbitrum,0,ratio_100,41,41,0.0719041278295605,0.0902654867256637,0.0970644646902181,0.2584757327737343,0.0076117957942187,0.0157706029713153,0.0076117957942187,0.0683759227395057,0.0053148693405091,0.0157706029713153,0.0081517715007066,0.0683759227395057,0.0053148693405091,0.0020741482730954,0.0157706029713153,0.0449828463534526,0.05,0.0015825122827664018
deltaprime_arbitrum_2024,deltaprime_arbitrum_2024__hnc008,deltaprime_arbitrum_2024,hard_negative_mined_v2_complexity,arbitrum,0,k_2,2,41,0.0719041278295605,0.0088495575221238,0.0902019819505292,0.327487768462592,0.025932615622878,0.4038339257240295,0.025932615622878,0.2901166379451751,0.0066680307500064,0.4038339257240295,0.175244003534317,0.2901166379451751,0.0066680307500064,0.2836183905601501,0.4038339257240295,0.2168948359158408,0.1333333333333333,0.35394877195358276
deltaprime_arbitrum_2024,deltaprime_arbitrum_2024__hnc008,deltaprime_arbitrum_2024,hard_negative_mined_v2_complexity,arbitrum,0,k_3,3,41,0.0719041278295605,0.0088495575221238,0.0902019819505292,0.3048293530415085,0.0042030080221593,0.2806450724601745,0.0042030080221593,0.132622554898262,0.0022483188658952,0.2806450724601745,0.0597826987504959,0.132622554898262,0.0022483188658952,0.0508966445922851,0.2806450724601745,0.1758214428907463,0.1333333333333333,0.01403494831174612
deltaprime_arbitrum_2024,deltaprime_arbitrum_2024__hnc008,deltaprime_arbitrum_2024,hard_negative_mined_v2_complexity,arbitrum,0,k_5,5,41,0.0719041278295605,0.0123893805309734,0.1180888183448883,0.0512703090471564,0.0009490543743595,0.0881691351532936,0.0009490543743595,0.0483588203787803,0.0046534775756299,0.0881691351532936,0.0445719845592975,0.0483588203787803,0.0046534775756299,0.0034159298520535,0.0881691351532936,0.0993076404415708,0.0986842105263157,0.08910926431417465
deltaprime_arbitrum_2024,deltaprime_arbitrum_2024__hnc008,deltaprime_arbitrum_2024,hard_negative_mined_v2_complexity,arbitrum,0,k_7,7,41,0.0719041278295605,0.0230088495575221,0.1094358813383452,0.1950466824887999,0.0037683052942156,0.1009153053164482,0.0037683052942156,0.0373895987868309,0.0123418420553207,0.1009153053164482,0.015560277737677,0.0373895987868309,0.0123418420553207,0.0029096843209117,0.1009153053164482,0.105798710196687,0.0986842105263157,0.1033589169383049
deltaprime_arbitrum_2024,deltaprime_arbitrum_2024__hnc008,deltaprime_arbitrum_2024,hard_negative_mined_v2_complexity,arbitrum,0,ratio_25,11,41,0.0719041278295605,0.0336283185840707,0.1152731902293982,0.1429803860488119,0.0054918471723794,0.0619495101273059,0.0054918471723794,0.0283129587769508,0.0039233136922121,0.0619495101273059,0.0122559806331992,0.0283129587769508,0.0039233136922121,0.0013505399692803,0.0619495101273059,0.0842966946278329,0.0986842105263157,0.0008435858762823045
deltaprime_arbitrum_2024,deltaprime_arbitrum_2024__hnc008,deltaprime_arbitrum_2024,hard_negative_mined_v2_complexity,arbitrum,0,ratio_50,21,41,0.0719041278295605,0.0460176991150442,0.1026548732214404,0.2214091499804164,0.0017919240053743,0.0195457711815834,0.0017919240053743,0.0083860661834478,0.0033577317371964,0.0195457711815834,0.0032262466847896,0.0083860661834478,0.0033577317371964,0.0004234090156387,0.0195457711815834,0.0496380705990787,0.05,0.0010497996117919683
deltaprime_arbitrum_2024,deltaprime_arbitrum_2024__hnc008,deltaprime_arbitrum_2024,hard_negative_mined_v2_complexity,arbitrum,0,ratio_75,31,41,0.0719041278295605,0.0672566371681415,0.0993757038448339,0.3974998272235422,0.0148992305621504,0.1426438391208648,0.0148992305621504,0.3396500945091247,0.0062445225194096,0.1426438391208648,0.1173760220408439,0.3396500945091247,0.0062445225194096,0.0081379963085055,0.1426438391208648,0.1247540081585373,0.0986842105263157,0.0006952817784622312
deltaprime_arbitrum_2024,deltaprime_arbitrum_2024__hnc008,deltaprime_arbitrum_2024,hard_negative_mined_v2_complexity,arbitrum,0,ratio_100,41,41,0.0719041278295605,0.0902654867256637,0.0970644646902181,0.2584757327737343,0.0076117957942187,0.0157706029713153,0.0076117957942187,0.0683759227395057,0.0053148693405091,0.0157706029713153,0.0081517715007066,0.0683759227395057,0.0053148693405091,0.0020741482730954,0.0157706029713153,0.0449828463534526,0.05,0.0015825122827664018
deltaprime_arbitrum_2024,deltaprime_arbitrum_2024__hnc009,deltaprime_arbitrum_2024,hard_negative_mined_v2_complexity,arbitrum,0,k_2,2,33,0.0719041278295605,0.0017699115044247,0.0902019819505292,0.2008823529411764,0.0396654941141605,0.702077329158783,0.0396654941141605,0.2397439181804657,0.0228685792535543,0.702077329158783,0.242019385099411,0.2397439181804657,0.0228685792535543,0.4450491070747375,0.702077329158783,0.3331533438474736,0.4204545454545454,0.4613494873046875
deltaprime_arbitrum_2024,deltaprime_arbitrum_2024__hnc009,deltaprime_arbitrum_2024,hard_negative_mined_v2_complexity,arbitrum,0,k_3,3,33,0.0719041278295605,0.0106194690265486,0.0902019819505292,0.5881377380107025,0.8550300002098083,0.9054409265518188,0.8550300002098083,0.6209953427314758,0.9516470432281494,0.9054409265518188,0.3674511313438415,0.6209953427314758,0.9516470432281494,0.7475109100341797,0.9054409265518188,0.4923514737694068,0.4204545454545454,0.024986660107970238
deltaprime_arbitrum_2024,deltaprime_arbitrum_2024__hnc009,deltaprime_arbitrum_2024,hard_negative_mined_v2_complexity,arbitrum,0,k_5,5,33,0.0719041278295605,0.0106194690265486,0.0902019819505292,0.6132785796729003,0.9164248108863832,0.8844465017318726,0.9164248108863832,0.6662349700927734,0.8893898129463196,0.8844465017318726,0.1493940651416778,0.6662349700927734,0.8893898129463196,0.6421191096305847,0.8844465017318726,0.4659107165843891,0.4204545454545454,0.1301167905330658
deltaprime_arbitrum_2024,deltaprime_arbitrum_2024__hnc009,deltaprime_arbitrum_2024,hard_negative_mined_v2_complexity,arbitrum,0,k_7,7,33,0.0719041278295605,0.0212389380530973,0.0902019819505292,0.6650801541040985,0.906426191329956,0.6784096956253052,0.906426191329956,0.4938716888427734,0.9181528687477112,0.6784096956253052,0.0494665652513504,0.4938716888427734,0.9181528687477112,0.4996839463710785,0.6784096956253052,0.3216164651689441,0.4204545454545454,0.7861343622207642
deltaprime_arbitrum_2024,deltaprime_arbitrum_2024__hnc009,deltaprime_arbitrum_2024,hard_negative_mined_v2_complexity,arbitrum,0,ratio_25,9,33,0.0719041278295605,0.0230088495575221,0.0902019819505292,0.6310965288975392,0.733416736125946,0.5228339433670044,0.733416736125946,0.2930649816989898,0.739639401435852,0.5228339433670044,0.0163888987153768,0.2930649816989898,0.739639401435852,0.4906811416149139,0.5228339433670044,0.2580160204765054,0.4204545454545454,0.9563931822776794
deltaprime_arbitrum_2024,deltaprime_arbitrum_2024__hnc009,deltaprime_arbitrum_2024,hard_negative_mined_v2_complexity,arbitrum,0,ratio_50,17,33,0.0719041278295605,0.0407079646017699,0.0902019819505292,0.4161598053911273,0.0343503132462501,0.0099680386483669,0.0343503132462501,0.0076365559361875,0.0438034869730472,0.0099680386483669,0.0179731678217649,0.0076365559361875,0.0438034869730472,0.0103274900466203,0.0099680386483669,0.0364284438554131,0.0198019801980198,0.9779388904571533
deltaprime_arbitrum_2024,deltaprime_arbitrum_2024__hnc009,deltaprime_arbitrum_2024,hard_negative_mined_v2_complexity,arbitrum,0,ratio_75,25,33,0.0719041278295605,0.063716814159292,0.0902019819505292,0.2761909077895897,0.004564007744193,0.0075077698566019,0.004564007744193,0.0034041488543152,0.0195528287440538,0.0075077698566019,0.059295181185007,0.0034041488543152,0.0195528287440538,0.0144727248698472,0.0075077698566019,0.0319662754689916,0.0198019801980198,0.11983218789100647
deltaprime_arbitrum_2024,deltaprime_arbitrum_2024__hnc009,deltaprime_arbitrum_2024,hard_negative_mined_v2_complexity,arbitrum,0,ratio_100,33,33,0.0719041278295605,0.0707964601769911,0.0902019819505292,0.2584322870999346,0.0053601707331836,0.0075077698566019,0.0053601707331836,0.0034041488543152,0.0195528287440538,0.0075077698566019,0.054275032132864,0.0034041488543152,0.0195528287440538,0.0144727248698472,0.0075077698566019,0.0319662754689916,0.0198019801980198,0.004890793934464455
feg_bridge_2024,feg_bridge_2024__hnc000,feg_bridge_2024,hard_negative_mined_v2_complexity,eth,0,k_2,2,9,0.0618040089086859,0.0070796460176991,0.3089654721280804,0.216286501815708,0.0103637352585792,0.4178545773029327,0.0103637352585792,0.179872840642929,0.0089502204209566,0.4178545773029327,0.9365174770355223,0.179872840642929,0.0089502204209566,0.2138777822256088,0.2138777822256088,0.1836928587943475,0.2121212121212121,0.731389045715332
feg_bridge_2024,feg_bridge_2024__hnc000,feg_bridge_2024,hard_negative_mined_v2_complexity,eth,0,ratio_25,3,9,0.0618040089086859,0.0070796460176991,0.2037231647143453,0.0761561145149807,0.0031442241743206,0.1509771794080734,0.0031442241743206,0.0661909282207489,0.0009342937846668,0.1509771794080734,0.8740118741989136,0.0661909282207489,0.0009342937846668,0.1088133156299591,0.1088133156299591,0.1179184027968594,0.0921052631578947,0.10539980977773666
feg_bridge_2024,feg_bridge_2024__hnc000,feg_bridge_2024,hard_negative_mined_v2_complexity,eth,0,ratio_50,5,9,0.0618040089086859,0.0141592920353982,0.1406665830784718,0.0195431807295664,0.000461678893771,0.0299528893083333,0.000461678893771,0.0112959099933505,0.0001794083509594,0.0299528893083333,0.8665159940719604,0.0112959099933505,0.0001794083509594,0.0436793081462383,0.0436793081462383,0.0650283298239995,0.0921052631578947,0.0005903434357605875
feg_bridge_2024,feg_bridge_2024__hnc000,feg_bridge_2024,hard_negative_mined_v2_complexity,eth,0,ratio_75,7,9,0.0618040089086859,0.0141592920353982,0.1190816179317273,0.0360704115478917,0.0011313796276226,0.0356859564781188,0.0011313796276226,0.0629222765564918,0.0003119483299087,0.0356859564781188,0.9607821106910706,0.0629222765564918,0.0003119483299087,0.0718503445386886,0.0718503445386886,0.0692595008760739,0.0921052631578947,0.0009204771486110985
feg_bridge_2024,feg_bridge_2024__hnc000,feg_bridge_2024,hard_negative_mined_v2_complexity,eth,0,ratio_100,9,9,0.0618040089086859,0.0141592920353982,0.1083715070551929,0.0326648614018353,0.0017556169768795,0.0056073982268571,0.0017556169768795,0.0052307317964732,0.0003908962826244,0.0056073982268571,0.4381380081176758,0.0052307317964732,0.0003908962826244,0.009459245018661,0.009459245018661,0.0355618635220976,0.0303030303030303,0.0004768134967889637
feg_bridge_2024,feg_bridge_2024__hnc001,feg_bridge_2024,hard_negative_mined_v2_complexity,eth,0,ratio_25,1,1,0.0618040089086859,0.0,0.7046860951129743,0.0003247276315524,5.484427674673498e-05,0.0411596521735191,5.484427674673498e-05,0.0055859158746898,0.0001883064687717,0.0411596521735191,0.0353788286447525,0.0055859158746898,0.0001883064687717,0.0510440804064273,0.0510440804064273,0.0729158575170041,0.0921052631578947,0.6986902356147766
feg_bridge_2024,feg_bridge_2024__hnc002,feg_bridge_2024,hard_negative_mined_v2_complexity,eth,0,ratio_25,1,1,0.0618040089086859,0.0,0.7046860951129743,0.0076587927267397,0.0028860606253147,0.4718173146247864,0.0028860606253147,0.0961124673485755,0.0017854805337265,0.4718173146247864,0.4492408633232116,0.0961124673485755,0.0017854805337265,0.400018960237503,0.400018960237503,0.1962512567133401,0.2121212121212121,0.6986902356147766
feg_bridge_2024,feg_bridge_2024__hnc003,feg_bridge_2024,hard_negative_mined_v2_complexity,eth,0,ratio_25,1,1,0.0618040089086859,0.0,0.7046860951129743,0.0003247276315524,5.484427674673498e-05,0.0411596521735191,5.484427674673498e-05,0.0055859158746898,0.0001883064687717,0.0411596521735191,0.0353788286447525,0.0055859158746898,0.0001883064687717,0.0510440804064273,0.0510440804064273,0.0729158575170041,0.0921052631578947,0.6986902356147766
feg_bridge_2024,feg_bridge_2024__hnc004,feg_bridge_2024,hard_negative_mined_v2_complexity,eth,0,ratio_25,1,1,0.0618040089086859,0.0,0.7046860951129743,0.0003247276315524,5.484427674673498e-05,0.0411596521735191,5.484427674673498e-05,0.0055859158746898,0.0001883064687717,0.0411596521735191,0.0353788286447525,0.0055859158746898,0.0001883064687717,0.0510440804064273,0.0510440804064273,0.0729158575170041,0.0921052631578947,0.6986902356147766
feg_bridge_2024,feg_bridge_2024__hnc005,feg_bridge_2024,hard_negative_mined_v2_complexity,eth,0,ratio_25,1,1,0.0618040089086859,0.0,0.7046860951129743,0.0086325849659584,0.0042129266075789,0.5400545597076416,0.0042129266075789,0.1123524978756904,0.0035527991130948,0.5400545597076416,0.5446788668632507,0.1123524978756904,0.0035527991130948,0.802558422088623,0.802558422088623,0.21284673177695,0.2121212121212121,0.6986902356147766
feg_bridge_2024,feg_bridge_2024__hnc006,feg_bridge_2024,hard_negative_mined_v2_complexity,eth,0,ratio_25,1,1,0.0618040089086859,0.0,0.7046860951129743,0.0851961613058505,0.2089075148105621,0.8640623688697815,0.2089075148105621,0.6465111970901489,0.2805377840995788,0.8640623688697815,0.8607113361358643,0.6465111970901489,0.2805377840995788,0.9101796746253968,0.9101796746253968,0.3368102398172752,0.3055555555555556,0.6986902356147766
feg_bridge_2024,feg_bridge_2024__hnc007,feg_bridge_2024,hard_negative_mined_v2_complexity,eth,0,ratio_25,1,1,0.0618040089086859,0.0,0.7046860951129743,0.0076587927267397,0.0028860606253147,0.4718173146247864,0.0028860606253147,0.0961124673485755,0.0017854805337265,0.4718173146247864,0.4492408633232116,0.0961124673485755,0.0017854805337265,0.400018960237503,0.400018960237503,0.1962512567133401,0.2121212121212121,0.6986902356147766
feg_bridge_2024,feg_bridge_2024__hnc008,feg_bridge_2024,hard_negative_mined_v2_complexity,eth,0,k_2,2,93,0.0618040089086859,0.0070796460176991,0.3089654721280804,0.1052899558554428,0.00038463625242,0.1553172916173935,0.00038463625242,0.0499727241694927,0.0003444198227953,0.1553172916173935,0.0404907166957855,0.0499727241694927,0.0003444198227953,0.0354638025164604,0.0354638025164604,0.1192237438238454,0.0921052631578947,0.417802631855011
feg_bridge_2024,feg_bridge_2024__hnc008,feg_bridge_2024,hard_negative_mined_v2_complexity,eth,0,k_3,3,93,0.0618040089086859,0.0088495575221238,0.2037231647143453,0.034784989316807,0.0036772177554666,0.0787588208913803,0.0036772177554666,0.0642974004149437,0.0048044649884104,0.0787588208913803,0.9016056060791016,0.0642974004149437,0.0048044649884104,0.0157400574535131,0.0157400574535131,0.092320845959882,0.0921052631578947,0.005211911164224148
feg_bridge_2024,feg_bridge_2024__hnc008,feg_bridge_2024,hard_negative_mined_v2_complexity,eth,0,k_5,5,93,0.0618040089086859,0.0194690265486725,0.1406665830784718,0.0732041561256059,0.0002767401456367,0.0038592186756432,0.0002767401456367,0.0053559471853077,0.0001279693824471,0.0038592186756432,0.3833135366439819,0.0053559471853077,0.0001279693824471,0.0017234005499631,0.0017234005499631,0.031057441715891,0.0303030303030303,0.0008118496625684202
feg_bridge_2024,feg_bridge_2024__hnc008,feg_bridge_2024,hard_negative_mined_v2_complexity,eth,0,k_7,7,93,0.0618040089086859,0.0300884955752212,0.1190816179317273,0.133584535895742,0.0014326757518574,0.0108492625877261,0.0014326757518574,0.0256716199219226,0.0007048155530355,0.0108492625877261,0.5551862120628357,0.0256716199219226,0.0007048155530355,0.0023690208327025,0.0023690208327025,0.0451321995863243,0.0454545454545454,0.0022610537707805634
feg_bridge_2024,feg_bridge_2024__hnc008,feg_bridge_2024,hard_negative_mined_v2_complexity,eth,0,ratio_25,24,93,0.0618040089086859,0.0584070796460177,0.0878576684783565,0.589616957356305,0.7500784993171692,0.2046247571706771,0.7500784993171692,0.1218466535210609,0.8314210176467896,0.2046247571706771,0.101016990840435,0.1218466535210609,0.8314210176467896,0.1343585401773452,0.1343585401773452,0.1330268123103142,0.0921052631578947,0.0059976885095238686
feg_bridge_2024,feg_bridge_2024__hnc008,feg_bridge_2024,hard_negative_mined_v2_complexity,eth,0,ratio_50,47,93,0.0618040089086859,0.095575221238938,0.0825365605138867,0.5821926149967944,0.9325162768363952,0.2664345204830169,0.9325162768363952,0.1236802488565445,0.8500970602035522,0.2664345204830169,0.2642734944820404,0.1236802488565445,0.8500970602035522,0.074375681579113,0.074375681579113,0.1485831982025905,0.2121212121212121,0.016027815639972687
feg_bridge_2024,feg_bridge_2024__hnc008,feg_bridge_2024,hard_negative_mined_v2_complexity,eth,0,ratio_75,70,93,0.0618040089086859,0.1150442477876106,0.0807807279546475,0.5817213874792163,0.9389936923980712,0.6594712138175964,0.9389936923980712,0.4769726097583771,0.8761327862739563,0.6594712138175964,0.2882026135921478,0.4769726097583771,0.8761327862739563,0.1942660063505172,0.1942660063505172,0.245806333107024,0.2666666666666666,0.004844913259148598
feg_bridge_2024,feg_bridge_2024__hnc008,feg_bridge_2024,hard_negative_mined_v2_complexity,eth,0,ratio_100,93,93,0.0618040089086859,0.1398230088495575,0.0799063890289278,0.5966107124023798,0.6954226493835449,0.6713590025901794,0.6954226493835449,0.3846158981323242,0.6894930005073547,0.6713590025901794,0.3075133562088012,0.3846158981323242,0.6894930005073547,0.2116792052984237,0.2116792052984237,0.2495196046129093,0.3055555555555556,0.050881847739219666
feg_bridge_2024,feg_bridge_2024__hnc009,feg_bridge_2024,hard_negative_mined_v2_complexity,eth,0,ratio_25,1,1,0.0618040089086859,0.0,0.7046860951129743,0.0003247276315524,5.484427674673498e-05,0.0411596521735191,5.484427674673498e-05,0.0055859158746898,0.0001883064687717,0.0411596521735191,0.0353788286447525,0.0055859158746898,0.0001883064687717,0.0510440804064273,0.0510440804064273,0.0729158575170041,0.0921052631578947,0.6986902356147766
ronin_bridge_2022,ronin_bridge_2022__hnc000,ronin_bridge_2022,hard_negative_mined_v2_complexity,eth,0,ratio_25,1,2,0.0639053254437869,0.0,0.075457434744578,0.0544509796717216,0.0036841598339378,0.0044671054929494,0.0036841598339378,0.0046430844813585,0.0056217717938125,0.0044671054929494,0.0063320924527943,0.0046430844813585,0.0056217717938125,0.0021633468568325,0.0021633468568325,0.0344627386277966,0.0478723404255319,0.23565544188022614
ronin_bridge_2022,ronin_bridge_2022__hnc000,ronin_bridge_2022,hard_negative_mined_v2_complexity,eth,0,ratio_75,2,2,0.0639053254437869,0.0088495575221238,0.075457434744578,0.1588395662855247,0.0027456537354737,0.10002002120018,0.0027456537354737,0.084514632821083,0.0078363940119743,0.10002002120018,0.930231273174286,0.084514632821083,0.0078363940119743,0.0096659203991293,0.0096659203991293,0.1000245105874933,0.1652892561983471,0.0009653415181674063
ronin_bridge_2022,ronin_bridge_2022__hnc001,ronin_bridge_2022,hard_negative_mined_v2_complexity,eth,0,ratio_25,1,3,0.0639053254437869,0.0,0.075457434744578,0.0558200272907692,0.0025696384254842,0.0071358364075422,0.0025696384254842,0.007481628563255,0.0042390865273773,0.0071358364075422,0.0090321749448776,0.007481628563255,0.0042390865273773,0.0051303594373166,0.0051303594373166,0.0404618181467965,0.0478723404255319,0.23565544188022614
ronin_bridge_2022,ronin_bridge_2022__hnc001,ronin_bridge_2022,hard_negative_mined_v2_complexity,eth,0,ratio_50,2,3,0.0639053254437869,0.0088495575221238,0.075457434744578,0.1310037739192548,0.0081862723454833,0.125056192278862,0.0081862723454833,0.0213848687708377,0.0227927677333354,0.125056192278862,0.5943220853805542,0.0213848687708377,0.0227927677333354,0.0778900906443595,0.0778900906443595,0.1083304724705282,0.1652892561983471,0.01146016176789999
ronin_bridge_2022,ronin_bridge_2022__hnc001,ronin_bridge_2022,hard_negative_mined_v2_complexity,eth,0,ratio_75,3,3,0.0639053254437869,0.0106194690265486,0.075457434744578,0.4557723782329479,0.1260510087013244,0.748445451259613,0.1260510087013244,0.60272616147995,0.1966757923364639,0.748445451259613,0.4206225275993347,0.60272616147995,0.1966757923364639,0.3633726835250854,0.3633726835250854,0.2623938697558577,0.3695652173913043,0.004524792078882456
ronin_bridge_2022,ronin_bridge_2022__hnc003,ronin_bridge_2022,hard_negative_mined_v2_complexity,eth,0,ratio_25,1,2,0.0639053254437869,0.0035398230088495,0.0137482419138463,0.0005428338001867,8.018023800104856e-05,9.699962538434193e-05,8.018023800104856e-05,4.189851460978389e-05,4.1715396946528926e-05,9.699962538434193e-05,5.6564778788015246e-05,4.189851460978389e-05,4.1715396946528926e-05,4.5621636672876775e-05,4.5621636672876775e-05,0.0091056089122898,0.0058823529411764,0.015859443694353104
ronin_bridge_2022,ronin_bridge_2022__hnc003,ronin_bridge_2022,hard_negative_mined_v2_complexity,eth,0,ratio_75,2,2,0.0639053254437869,0.0106194690265486,0.0137482419138463,0.0433276251336351,0.0004880143387708,5.8572826674208045e-05,0.0004880143387708,0.0001037975816871,0.0004632631025742,5.8572826674208045e-05,0.0002200926828663,0.0001037975816871,0.0004632631025742,0.0001069637219188,0.0001069637219188,0.0076281629356321,0.0,0.012627440504729748
ronin_bridge_2022,ronin_bridge_2022__hnc004,ronin_bridge_2022,hard_negative_mined_v2_complexity,eth,0,ratio_25,1,1,0.0639053254437869,0.0035398230088495,0.0137482419138463,0.0005428338001867,8.018023800104856e-05,0.0001288238418055,8.018023800104856e-05,5.662900730385445e-05,4.1715396946528926e-05,0.0001288238418055,0.0001103424365282,5.662900730385445e-05,4.1715396946528926e-05,5.442377732833848e-05,5.442377732833848e-05,0.0100578704738031,0.0058823529411764,0.015859443694353104
ronin_bridge_2022,ronin_bridge_2022__hnc005,ronin_bridge_2022,hard_negative_mined_v2_complexity,eth,0,ratio_25,1,2,0.0639053254437869,0.0035398230088495,0.0137482419138463,0.0005428338001867,8.018023800104856e-05,0.0001288238418055,8.018023800104856e-05,5.662900730385445e-05,4.1715396946528926e-05,0.0001288238418055,0.0001103424365282,5.662900730385445e-05,4.1715396946528926e-05,5.442377732833848e-05,5.442377732833848e-05,0.0100578704738031,0.0058823529411764,0.015859443694353104
ronin_bridge_2022,ronin_bridge_2022__hnc005,ronin_bridge_2022,hard_negative_mined_v2_complexity,eth,0,ratio_75,2,2,0.0639053254437869,0.0106194690265486,0.0137482419138463,0.0534690444651681,0.0005464626592583,8.032625919440761e-05,0.0005464626592583,4.218932008370757e-05,0.0011747948592528,8.032625919440761e-05,0.0007761805900372,4.218932008370757e-05,0.0011747948592528,5.477334707393311e-05,5.477334707393311e-05,0.0085226186075048,0.0058198668740852,0.0030200504697859287
ronin_bridge_2022,ronin_bridge_2022__hnc006,ronin_bridge_2022,hard_negative_mined_v2_complexity,eth,0,ratio_25,1,3,0.0639053254437869,0.0035398230088495,0.0137482419138463,0.0005428338001867,8.018023800104856e-05,9.699962538434193e-05,8.018023800104856e-05,4.189851460978389e-05,4.1715396946528926e-05,9.699962538434193e-05,5.6564778788015246e-05,4.189851460978389e-05,4.1715396946528926e-05,4.5621636672876775e-05,4.5621636672876775e-05,0.0091056089122898,0.0058823529411764,0.015859443694353104
ronin_bridge_2022,ronin_bridge_2022__hnc006,ronin_bridge_2022,hard_negative_mined_v2_complexity,eth,0,ratio_50,2,3,0.0639053254437869,0.0106194690265486,0.0137482419138463,0.0450525309232891,0.0003998148604296,5.8572826674208045e-05,0.0003998148604296,0.0001037975816871,0.0003731321485247,5.8572826674208045e-05,0.0002200926828663,0.0001037975816871,0.0003731321485247,9.39421443035826e-05,9.39421443035826e-05,0.0076281629356321,0.0,0.012627440504729748
ronin_bridge_2022,ronin_bridge_2022__hnc006,ronin_bridge_2022,hard_negative_mined_v2_complexity,eth,0,ratio_75,3,3,0.0639053254437869,0.0106194690265486,0.0137482419138463,0.096818242270806,0.0003521808248478,6.856669642729685e-05,0.0003521808248478,0.0001319724979111,0.000729750841856,6.856669642729685e-05,0.0004993912880308,0.0001319724979111,0.000729750841856,8.660892490297556e-05,8.660892490297556e-05,0.0080620289775355,0.0,0.002312947530299425
ronin_bridge_2022,ronin_bridge_2022__hnc007,ronin_bridge_2022,hard_negative_mined_v2_complexity,eth,0,ratio_25,1,1,0.0639053254437869,0.0,0.075457434744578,0.0629866939574359,0.01594003662467,0.1220655739307403,0.01594003662467,0.0976032689213752,0.0237607099115848,0.1220655739307403,0.2217360436916351,0.0976032689213752,0.0237607099115848,0.1184568256139755,0.1184568256139755,0.1073899938930796,0.1652892561983471,0.23565544188022614
ronin_bridge_2022,ronin_bridge_2022__hnc008,ronin_bridge_2022,hard_negative_mined_v2_complexity,eth,0,ratio_25,1,1,0.0639053254437869,0.0035398230088495,0.0137482419138463,0.0512968031437981,0.0132098803296685,0.0022566970437765,0.0132098803296685,0.0008635037229396,0.0068600894883275,0.0022566970437765,0.0022739409469068,0.0008635037229396,0.0068600894883275,0.0017551247728988,0.0017551247728988,0.0272453977547098,0.0392156862745098,0.015859443694353104
ronin_bridge_2022,ronin_bridge_2022__hnc009,ronin_bridge_2022,hard_negative_mined_v2_complexity,eth,0,ratio_25,1,2,0.0639053254437869,0.0035398230088495,0.0137482419138463,0.0005428338001867,0.0001244111190317,9.699962538434193e-05,0.0001244111190317,5.00637870572973e-05,4.939696736983024e-05,9.699962538434193e-05,6.653119635302573e-05,5.00637870572973e-05,4.939696736983024e-05,4.476368485484272e-05,4.476368485484272e-05,0.0091056089122898,0.0058823529411764,0.015859443694353104
ronin_bridge_2022,ronin_bridge_2022__hnc009,ronin_bridge_2022,hard_negative_mined_v2_complexity,eth,0,ratio_75,2,2,0.0639053254437869,0.0106194690265486,0.0137482419138463,0.0934623940753664,0.0221081431955099,0.0007581638055853,0.0221081431955099,0.0004634603101294,0.0105758113786578,0.0007581638055853,0.0012066655326634,0.0004634603101294,0.0105758113786578,0.0024964192416518,0.0024964192416518,0.0186735452194062,0.0231481481481481,0.003198716789484024
wooppv2_2024,wooppv2_2024__hnc000,wooppv2_2024,hard_negative_mined_v2_complexity,arbitrum,0,ratio_25,1,1,0.0606400898371701,0.0035398230088495,0.0112618975871424,0.009770071670043,0.0010375011479482,0.0001918985944939,0.0010375011479482,0.0002020198007812,0.0012308235745877,0.0001918985944939,0.0001635259686736,0.0002020198007812,0.0012308235745877,0.0002728646795731,0.0002728646795731,0.0069586665216903,0.0051194539249146,0.00938875786960125
wooppv2_2024,wooppv2_2024__hnc001,wooppv2_2024,hard_negative_mined_v2_complexity,arbitrum,0,ratio_25,1,1,0.0606400898371701,0.0035398230088495,0.0112618975871424,0.0020186280968088,8.64801841089502e-05,5.42915404366795e-05,8.64801841089502e-05,5.390539445215836e-05,0.0001077958877431,5.42915404366795e-05,4.555012492346577e-05,5.390539445215836e-05,0.0001077958877431,5.977164983050898e-05,5.977164983050898e-05,0.0041547114475342,0.0051194539249146,0.00938875786960125
wooppv2_2024,wooppv2_2024__hnc002,wooppv2_2024,hard_negative_mined_v2_complexity,arbitrum,0,ratio_25,2,5,0.0606400898371701,0.0106194690265486,0.0299138637472248,0.2342551292533173,0.0329323671758174,0.001022471464239,0.0329323671758174,0.000758820795454,0.0496677421033382,0.001022471464239,0.0066407728008925,0.000758820795454,0.0496677421033382,0.0058424999006092,0.0058424999006092,0.0137429338945205,0.0163934426229508,0.1257222592830658
wooppv2_2024,wooppv2_2024__hnc002,wooppv2_2024,hard_negative_mined_v2_complexity,arbitrum,0,ratio_50,3,5,0.0606400898371701,0.0106194690265486,0.0412063971764115,0.119883743741527,0.0083670187741518,0.0027025009039789,0.0083670187741518,0.0023900466039776,0.0154926609247922,0.0027025009039789,0.0012528534280136,0.0023900466039776,0.0154926609247922,0.003674172097817,0.003674172097817,0.0203612376071214,0.0179028132992327,0.7529574036598206
wooppv2_2024,wooppv2_2024__hnc002,wooppv2_2024,hard_negative_mined_v2_complexity,arbitrum,0,ratio_75,4,5,0.0606400898371701,0.0106194690265486,0.0482874175206788,0.1932115983066866,0.0307966098189353,0.0024334222543984,0.0307966098189353,0.0054061538539826,0.028134062886238,0.0024334222543984,0.0073983697220683,0.0054061538539826,0.028134062886238,0.0207966417074203,0.0207966417074203,0.0195175232745376,0.0179028132992327,0.03320622816681862
wooppv2_2024,wooppv2_2024__hnc002,wooppv2_2024,hard_negative_mined_v2_complexity,arbitrum,0,ratio_100,5,5,0.0606400898371701,0.0176991150442477,0.0530758030137953,0.2498183742768985,0.0308654308319091,0.0012854866217821,0.0308654308319091,0.0026909243315458,0.0161756221204996,0.0012854866217821,0.0092515125870704,0.0026909243315458,0.0161756221204996,0.0120353102684021,0.0120353102684021,0.0150787332646954,0.0163934426229508,0.007876389659941196
wooppv2_2024,wooppv2_2024__hnc003,wooppv2_2024,hard_negative_mined_v2_complexity,arbitrum,0,k_2,2,9,0.0606400898371701,0.0106194690265486,0.0112618975871424,0.049960417896006,0.0006634010351262,0.0001219891491928,0.0006634010351262,0.0002040046529145,0.0003240917867515,0.0001219891491928,0.0001797275035642,0.0002040046529145,0.0003240917867515,0.0002528729382902,0.0002528729382902,0.0057839954491795,0.0051194539249146,0.00182860076893121
wooppv2_2024,wooppv2_2024__hnc003,wooppv2_2024,hard_negative_mined_v2_complexity,arbitrum,0,ratio_25,3,9,0.0606400898371701,0.0106194690265486,0.0112618975871424,0.0533290327852055,0.008292363025248,9.70218243310228e-05,0.008292363025248,9.712438622955232e-05,0.0101371463388204,9.70218243310228e-05,0.0001252616493729,9.712438622955232e-05,0.0101371463388204,0.0002615987905301,0.0002615987905301,0.005267535149899,0.0051194539249146,0.0005977465771138668
wooppv2_2024,wooppv2_2024__hnc003,wooppv2_2024,hard_negative_mined_v2_complexity,arbitrum,0,ratio_50,5,9,0.0606400898371701,0.0106194690265486,0.0112618975871424,0.0428926739190676,0.0020017551723867,7.385546632576734e-05,0.0020017551723867,9.682589006843044e-05,0.0013800432207062,7.385546632576734e-05,6.443668098654598e-05,9.682589006843044e-05,0.0013800432207062,0.0001682353176875,0.0001682353176875,0.0047118040327304,0.0051194539249146,0.00027774745831266046
wooppv2_2024,wooppv2_2024__hnc003,wooppv2_2024,hard_negative_mined_v2_complexity,arbitrum,0,ratio_75,7,9,0.0606400898371701,0.0106194690265486,0.0197259933062344,0.1646081515416422,0.0422724932432174,0.0009244547109119,0.0422724932432174,0.0014052042970433,0.0404082089662551,0.0009244547109119,0.0004314272373449,0.0014052042970433,0.0404082089662551,0.0019198149675503,0.0019198149675503,0.0131926225077033,0.0163934426229508,0.0024686099495738745
wooppv2_2024,wooppv2_2024__hnc003,wooppv2_2024,hard_negative_mined_v2_complexity,arbitrum,0,ratio_100,9,9,0.0606400898371701,0.0176991150442477,0.026864359504746,0.1264665262175408,0.0124955410137772,0.0009466954506933,0.0124955410137772,0.0013889300171285,0.0102182133123278,0.0009466954506933,0.001593466149643,0.0013889300171285,0.0102182133123278,0.0045636221766471,0.0045636221766471,0.0133204483401988,0.0163934426229508,0.0013907670509070158
wooppv2_2024,wooppv2_2024__hnc004,wooppv2_2024,hard_negative_mined_v2_complexity,arbitrum,0,ratio_25,1,1,0.0606400898371701,0.0035398230088495,0.0112618975871424,0.009770071670043,0.0010375011479482,0.0001918985944939,0.0010375011479482,0.0002020198007812,0.0012308235745877,0.0001918985944939,0.0001635259686736,0.0002020198007812,0.0012308235745877,0.0002728646795731,0.0002728646795731,0.0069586665216903,0.0051194539249146,0.00938875786960125
wooppv2_2024,wooppv2_2024__hnc005,wooppv2_2024,hard_negative_mined_v2_complexity,arbitrum,0,ratio_25,1,1,0.0606400898371701,0.0035398230088495,0.0112618975871424,0.0139199675329623,0.0008648166549392,0.0003338031237944,0.0008648166549392,0.0004015068698208,0.0015074751572683,0.0003338031237944,0.0004577136714942,0.0004015068698208,0.0015074751572683,0.000417123461375,0.000417123461375,0.0087199190693528,0.0051194539249146,0.00938875786960125
wooppv2_2024,wooppv2_2024__hnc006,wooppv2_2024,hard_negative_mined_v2_complexity,arbitrum,0,ratio_25,1,1,0.0606400898371701,0.0035398230088495,0.0112618975871424,0.0020186280968088,0.0001538653596071,3.8092028262326494e-05,0.0001538653596071,3.109331373707391e-05,0.0002231057878816,3.8092028262326494e-05,4.6925037167966366e-05,3.109331373707391e-05,0.0002231057878816,4.624764187610708e-05,4.624764187610708e-05,0.003594028537017,0.0051194539249146,0.00938875786960125
wooppv2_2024,wooppv2_2024__hnc007,wooppv2_2024,hard_negative_mined_v2_complexity,arbitrum,0,ratio_25,2,6,0.0606400898371701,0.0106194690265486,0.0112618975871424,0.0478175607531488,0.0003627171099651,0.0001018158800434,0.0003627171099651,0.0001304035831708,0.0006310377502813,0.0001018158800434,0.0002951227943412,0.0001304035831708,0.0006310377502813,0.0001586334983585,0.0001586334983585,0.0053723513093899,0.0051194539249146,0.00182860076893121
wooppv2_2024,wooppv2_2024__hnc007,wooppv2_2024,hard_negative_mined_v2_complexity,arbitrum,0,ratio_50,3,6,0.0606400898371701,0.0106194690265486,0.0216461599739232,0.1976563405346554,0.0323921851813793,0.0009134706342592,0.0323921851813793,0.0010501646902412,0.0408978946506977,0.0009134706342592,0.0007092137238942,0.0010501646902412,0.0408978946506977,0.0013510391581803,0.0013510391581803,0.0131288129947015,0.0163934426229508,0.02357250079512596
wooppv2_2024,wooppv2_2024__hnc007,wooppv2_2024,hard_negative_mined_v2_complexity,arbitrum,0,ratio_75,5,6,0.0606400898371701,0.0106194690265486,0.0362681020330081,0.1763595903536542,0.0106850396841764,0.0015095314010977,0.0106850396841764,0.0027521098963916,0.0116587122902274,0.0015095314010977,0.002628254238516,0.0027521098963916,0.0116587122902274,0.0035887311678379,0.0035887311678379,0.016092071797622,0.0179028132992327,0.002662771148607135
wooppv2_2024,wooppv2_2024__hnc007,wooppv2_2024,hard_negative_mined_v2_complexity,arbitrum,0,ratio_100,6,6,0.0606400898371701,0.0176991150442477,0.0412063971764115,0.2203476141186214,0.0301895942538976,0.0014084115391597,0.0301895942538976,0.0035998434759676,0.0122516863048076,0.0014084115391597,0.0047722049057483,0.0035998434759676,0.0122516863048076,0.0206656716763973,0.0206656716763973,0.0156467509002003,0.0179028132992327,0.002135766902938485
wooppv2_2024,wooppv2_2024__hnc008,wooppv2_2024,hard_negative_mined_v2_complexity,arbitrum,0,ratio_25,1,1,0.0606400898371701,0.0035398230088495,0.0112618975871424,0.0020186280968088,8.64801841089502e-05,3.8092028262326494e-05,8.64801841089502e-05,3.1257128284778446e-05,8.849873847793788e-05,3.8092028262326494e-05,6.38748679193668e-05,3.1257128284778446e-05,8.849873847793788e-05,5.489388058776967e-05,5.489388058776967e-05,0.003594028537017,0.0051194539249146,0.00938875786960125
wooppv2_2024,wooppv2_2024__hnc009,wooppv2_2024,hard_negative_mined_v2_complexity,arbitrum,0,ratio_25,1,1,0.0606400898371701,0.0035398230088495,0.0112618975871424,0.0020186280968088,8.64801841089502e-05,5.42915404366795e-05,8.64801841089502e-05,5.390539445215836e-05,0.0001077958877431,5.42915404366795e-05,4.555012492346577e-05,5.390539445215836e-05,0.0001077958877431,5.977164983050898e-05,5.977164983050898e-05,0.0041547114475342,0.0051194539249146,0.00938875786960125
xkingdom_2024,xkingdom_2024__hnc000,xkingdom_2024,hard_negative_mined_v2_complexity,arbitrum,0,ratio_25,1,3,0.0619977037887485,0.0035398230088495,0.0098888298275665,0.0005386475121148,4.716905823443085e-05,1.588045597600285e-05,4.716905823443085e-05,8.927904673328158e-06,5.041487020207569e-05,1.588045597600285e-05,3.3571170206414536e-05,8.927904673328158e-06,5.041487020207569e-05,4.3163290683878586e-05,1.588045597600285e-05,0.0032717214228988,0.0,0.004820917267352343
xkingdom_2024,xkingdom_2024__hnc000,xkingdom_2024,hard_negative_mined_v2_complexity,arbitrum,0,ratio_50,2,3,0.0619977037887485,0.0106194690265486,0.0274759082994858,0.0343357763015793,0.0010180051904171,6.01250612817239e-05,0.0010180051904171,0.0001474146120017,0.0004476698813959,6.01250612817239e-05,0.000521145761013,0.0001474146120017,0.0004476698813959,0.0002237858279841,6.01250612817239e-05,0.0054697844255571,0.0052356020942408,0.0011271315161138773
xkingdom_2024,xkingdom_2024__hnc000,xkingdom_2024,hard_negative_mined_v2_complexity,arbitrum,0,ratio_75,3,3,0.0619977037887485,0.0106194690265486,0.03842085065,0.0035140673280208,0.0001603506098035,1.546883322589565e-05,0.0001603506098035,8.252832049038261e-05,9.019132994581014e-05,1.546883322589565e-05,0.000164262499311,8.252832049038261e-05,9.019132994581014e-05,0.00016166784917,1.546883322589565e-05,0.0032386883447657,0.0,0.0023646510671824217
xkingdom_2024,xkingdom_2024__hnc001,xkingdom_2024,hard_negative_mined_v2_complexity,arbitrum,0,k_2,2,11,0.0619977037887485,0.0106194690265486,0.0274759082994858,0.1580574353275266,0.0097171999514102,0.0002074118820019,0.0097171999514102,0.000296613870887,0.0120615558698773,0.0002074118820019,0.0012315495405346,0.000296613870887,0.0120615558698773,0.0025035038124769,0.0002074118820019,0.0088107235730114,0.0052356020942408,0.0014305836521089077
xkingdom_2024,xkingdom_2024__hnc001,xkingdom_2024,hard_negative_mined_v2_complexity,arbitrum,0,ratio_25,3,11,0.0619977037887485,0.0106194690265486,0.03842085065,0.1254536542879611,0.0214507598429918,0.0008257955196313,0.0214507598429918,0.0006332820048555,0.0283935852348804,0.0008257955196313,0.0007394975400529,0.0006332820048555,0.0283935852348804,0.0047190231271088,0.0008257955196313,0.0149632484208624,0.0052356020942408,0.001035918015986681
xkingdom_2024,xkingdom_2024__hnc001,xkingdom_2024,hard_negative_mined_v2_complexity,arbitrum,0,k_5,5,11,0.0619977037887485,0.0123893805309734,0.0500831601554044,0.1543549071052743,0.0025383532047271,0.0005550091736949,0.0025383532047271,0.0002631088427733,0.0050041549839079,0.0005550091736949,0.0016669615870341,0.0002631088427733,0.0050041549839079,0.0051832743920385,0.0005550091736949,0.0128531409029663,0.0052356020942408,0.006408358458429575
xkingdom_2024,xkingdom_2024__hnc001,xkingdom_2024,hard_negative_mined_v2_complexity,arbitrum,0,ratio_50,6,11,0.0619977037887485,0.0194690265486725,0.0534858961694969,0.0980875345114715,0.0011604456230998,0.0010376692516729,0.0011604456230998,0.0003684793191496,0.0033325583208352,0.0010376692516729,0.0022932486608624,0.0003684793191496,0.0033325583208352,0.0057574696838855,0.0010376692516729,0.0163271722635084,0.032258064516129,0.0037665783893316984
xkingdom_2024,xkingdom_2024__hnc001,xkingdom_2024,hard_negative_mined_v2_complexity,arbitrum,0,k_7,7,11,0.0619977037887485,0.0194690265486725,0.0560487674193722,0.1119152485549377,0.0012372926576063,0.001446746638976,0.0012372926576063,0.0004536817141342,0.0029281040187925,0.001446746638976,0.0013773200334981,0.0004536817141342,0.0029281040187925,0.0039575700648128,0.001446746638976,0.0185335172204177,0.032258064516129,0.0032527742441743612
xkingdom_2024,xkingdom_2024__hnc001,xkingdom_2024,hard_negative_mined_v2_complexity,arbitrum,0,ratio_75,9,11,0.0619977037887485,0.0230088495575221,0.0617660389397948,0.0607097100629415,0.0026550474576652,0.0008085423032753,0.0026550474576652,0.0003401501744519,0.0056259180419147,0.0008085423032753,0.00362942321226,0.0003401501744519,0.0056259180419147,0.0011749078985303,0.0008085423032753,0.0148429831841176,0.0052356020942408,0.014185243286192417
xkingdom_2024,xkingdom_2024__hnc001,xkingdom_2024,hard_negative_mined_v2_complexity,arbitrum,0,ratio_100,11,11,0.0619977037887485,0.0265486725663716,0.0638407695861468,0.0332091492683575,8.678559970576316e-05,3.523907798808068e-05,8.678559970576316e-05,1.623094067326747e-05,9.222498192684724e-05,3.523907798808068e-05,0.0021898669656366,1.623094067326747e-05,9.222498192684724e-05,9.130216494668276e-05,3.523907798808068e-05,0.0044510275472108,0.0,0.004338227678090334
xkingdom_2024,xkingdom_2024__hnc002,xkingdom_2024,hard_negative_mined_v2_complexity,arbitrum,0,ratio_25,1,3,0.0619977037887485,0.0035398230088495,0.0098888298275665,0.0005386475121148,4.716905823443085e-05,1.588045597600285e-05,4.716905823443085e-05,8.927904673328158e-06,5.041487020207569e-05,1.588045597600285e-05,3.3571170206414536e-05,8.927904673328158e-06,5.041487020207569e-05,4.3163290683878586e-05,1.588045597600285e-05,0.0032717214228988,0.0,0.004820917267352343
xkingdom_2024,xkingdom_2024__hnc002,xkingdom_2024,hard_negative_mined_v2_complexity,arbitrum,0,ratio_50,2,3,0.0619977037887485,0.0106194690265486,0.0274759082994858,0.0343357763015793,0.0010180051904171,6.01250612817239e-05,0.0010180051904171,0.0001474146120017,0.0004476698813959,6.01250612817239e-05,0.000521145761013,0.0001474146120017,0.0004476698813959,0.0002237858279841,6.01250612817239e-05,0.0054697844255571,0.0052356020942408,0.0011271315161138773
xkingdom_2024,xkingdom_2024__hnc002,xkingdom_2024,hard_negative_mined_v2_complexity,arbitrum,0,ratio_75,3,3,0.0619977037887485,0.0106194690265486,0.03842085065,0.0035140673280208,0.0002284541697008,3.149926851619966e-05,0.0002284541697008,8.409710426349193e-05,0.0001038836271618,3.149926851619966e-05,0.0002477770322002,8.409710426349193e-05,0.0001038836271618,0.0002342050283914,3.149926851619966e-05,0.004262391137957,0.0,0.0007268018671311438
xkingdom_2024,xkingdom_2024__hnc003,xkingdom_2024,hard_negative_mined_v2_complexity,arbitrum,0,k_2,2,11,0.0619977037887485,0.0106194690265486,0.0274759082994858,0.1576028898729812,0.0097171999514102,0.0002074118820019,0.0097171999514102,0.000296613870887,0.0120615558698773,0.0002074118820019,0.0012315495405346,0.000296613870887,0.0120615558698773,0.0025035038124769,0.0002074118820019,0.0088107235730114,0.0052356020942408,0.0014305836521089077
xkingdom_2024,xkingdom_2024__hnc003,xkingdom_2024,hard_negative_mined_v2_complexity,arbitrum,0,ratio_25,3,11,0.0619977037887485,0.0106194690265486,0.03842085065,0.1204536542879611,0.0159446448087692,0.0008257955196313,0.0159446448087692,0.0006332820048555,0.0188767742365598,0.0008257955196313,0.0007394975400529,0.0006332820048555,0.0188767742365598,0.0047190231271088,0.0008257955196313,0.0149632484208624,0.0052356020942408,0.001035918015986681
xkingdom_2024,xkingdom_2024__hnc003,xkingdom_2024,hard_negative_mined_v2_complexity,arbitrum,0,k_5,5,11,0.0619977037887485,0.0123893805309734,0.0500831601554044,0.1514382404386076,0.0025383532047271,0.0005550091736949,0.0025383532047271,0.0002631088427733,0.0050041549839079,0.0005550091736949,0.0016669615870341,0.0002631088427733,0.0050041549839079,0.0051832743920385,0.0005550091736949,0.0128531409029663,0.0052356020942408,0.006408358458429575
xkingdom_2024,xkingdom_2024__hnc003,xkingdom_2024,hard_negative_mined_v2_complexity,arbitrum,0,ratio_50,6,11,0.0619977037887485,0.0194690265486725,0.0534858961694969,0.0971351535590905,0.0011604456230998,0.0012922030873596,0.0011604456230998,0.0003684793191496,0.0033325583208352,0.0012922030873596,0.0022932486608624,0.0003684793191496,0.0033325583208352,0.0057574696838855,0.0012922030873596,0.0177524278602727,0.032258064516129,0.0037665783893316984
xkingdom_2024,xkingdom_2024__hnc003,xkingdom_2024,hard_negative_mined_v2_complexity,arbitrum,0,k_7,7,11,0.0619977037887485,0.0194690265486725,0.0560487674193722,0.1119152485549377,0.0011604456230998,0.0010268462356179,0.0011604456230998,0.0003380694834049,0.0029281040187925,0.0010268462356179,0.0013773200334981,0.0003380694834049,0.0029281040187925,0.0030327027197927,0.0010268462356179,0.0162619528497078,0.032258064516129,0.0032527742441743612
xkingdom_2024,xkingdom_2024__hnc003,xkingdom_2024,hard_negative_mined_v2_complexity,arbitrum,0,ratio_75,9,11,0.0619977037887485,0.0230088495575221,0.0617660389397948,0.0607097100629415,0.0026550474576652,0.0008085423032753,0.0026550474576652,0.0003401501744519,0.0056259180419147,0.0008085423032753,0.00362942321226,0.0003401501744519,0.0056259180419147,0.0011749078985303,0.0008085423032753,0.0148429831841176,0.0052356020942408,0.014185243286192417
xkingdom_2024,xkingdom_2024__hnc003,xkingdom_2024,hard_negative_mined_v2_complexity,arbitrum,0,ratio_100,11,11,0.0619977037887485,0.0265486725663716,0.0638407695861468,0.0332091492683575,8.678559970576316e-05,3.523907798808068e-05,8.678559970576316e-05,1.623094067326747e-05,9.222498192684724e-05,3.523907798808068e-05,0.0021898669656366,1.623094067326747e-05,9.222498192684724e-05,9.130216494668276e-05,3.523907798808068e-05,0.0044510275472108,0.0,0.004338227678090334
xkingdom_2024,xkingdom_2024__hnc004,xkingdom_2024,hard_negative_mined_v2_complexity,arbitrum,0,ratio_25,1,1,0.0619977037887485,0.0035398230088495,0.0098888298275665,0.0005386475121148,4.716905823443085e-05,1.588045597600285e-05,4.716905823443085e-05,8.927904673328158e-06,5.041487020207569e-05,1.588045597600285e-05,3.3571170206414536e-05,8.927904673328158e-06,5.041487020207569e-05,4.3163290683878586e-05,1.588045597600285e-05,0.0032717214228988,0.0,0.004820917267352343
xkingdom_2024,xkingdom_2024__hnc005,xkingdom_2024,hard_negative_mined_v2_complexity,arbitrum,0,ratio_25,1,3,0.0619977037887485,0.0035398230088495,0.0098888298275665,0.0005386475121148,4.716905823443085e-05,1.588045597600285e-05,4.716905823443085e-05,8.927904673328158e-06,5.041487020207569e-05,1.588045597600285e-05,3.3571170206414536e-05,8.927904673328158e-06,5.041487020207569e-05,4.3163290683878586e-05,1.588045597600285e-05,0.0032717214228988,0.0,0.004820917267352343
xkingdom_2024,xkingdom_2024__hnc005,xkingdom_2024,hard_negative_mined_v2_complexity,arbitrum,0,ratio_50,2,3,0.0619977037887485,0.0106194690265486,0.0274759082994858,0.0343357763015793,0.0010180051904171,6.01250612817239e-05,0.0010180051904171,0.0001474146120017,0.0004476698813959,6.01250612817239e-05,0.000521145761013,0.0001474146120017,0.0004476698813959,0.0002237858279841,6.01250612817239e-05,0.0054697844255571,0.0052356020942408,0.0011271315161138773
xkingdom_2024,xkingdom_2024__hnc005,xkingdom_2024,hard_negative_mined_v2_complexity,arbitrum,0,ratio_75,3,3,0.0619977037887485,0.0106194690265486,0.03842085065,0.0035140673280208,0.0005913864006288,2.618542202981189e-05,0.0005913864006288,8.252832049038261e-05,0.0001869191910373,2.618542202981189e-05,0.000164262499311,8.252832049038261e-05,0.0001869191910373,0.0001829561660997,2.618542202981189e-05,0.0039689329665735,0.0,0.0007268018671311438
xkingdom_2024,xkingdom_2024__hnc006,xkingdom_2024,hard_negative_mined_v2_complexity,arbitrum,0,ratio_25,1,4,0.0619977037887485,0.0035398230088495,0.0098888298275665,0.0014617244351917,0.0006560044712387,0.0001784139603842,0.0006560044712387,0.0001129593729274,0.0010973393218591,0.0001784139603842,0.000669038563501,0.0001129593729274,0.0010973393218591,0.0013877069577574,0.0001784139603842,0.0083151217552137,0.0052356020942408,0.004820917267352343
xkingdom_2024,xkingdom_2024__hnc006,xkingdom_2024,hard_negative_mined_v2_complexity,arbitrum,0,ratio_50,2,4,0.0619977037887485,0.0106194690265486,0.0274759082994858,0.3651095074638731,0.173232302069664,0.0009073555702343,0.173232302069664,0.0021096777636557,0.0912266299128532,0.0009073555702343,0.0032912753522396,0.0021096777636557,0.0912266299128532,0.0290376394987106,0.0009073555702343,0.0155115525033008,0.032258064516129,0.0014305836521089077
xkingdom_2024,xkingdom_2024__hnc006,xkingdom_2024,hard_negative_mined_v2_complexity,arbitrum,0,ratio_75,3,4,0.0619977037887485,0.0106194690265486,0.03842085065,0.168030845961056,0.0338177718222141,0.0002344617532799,0.0338177718222141,0.0009804215515032,0.0220303628593683,0.0002344617532799,0.0009277106146328,0.0009804215515032,0.0220303628593683,0.0093229291960597,0.0002344617532799,0.0092356735276308,0.0052356020942408,0.010919767431914806
xkingdom_2024,xkingdom_2024__hnc006,xkingdom_2024,hard_negative_mined_v2_complexity,arbitrum,0,ratio_100,4,4,0.0619977037887485,0.0106194690265486,0.0453613604857644,0.234641515853392,0.0226228088140487,0.0009815365774556,0.0226228088140487,0.0017126201419159,0.0294226426631212,0.0009815365774556,0.0004359136801213,0.0017126201419159,0.0294226426631212,0.0077683646231889,0.0009815365774556,0.0159841614045108,0.032258064516129,0.0250058826059103
xkingdom_2024,xkingdom_2024__hnc007,xkingdom_2024,hard_negative_mined_v2_complexity,arbitrum,0,ratio_25,1,4,0.0619977037887485,0.0035398230088495,0.0098888298275665,0.0014617244351917,0.0006560044712387,0.0001784139603842,0.0006560044712387,0.0001129593729274,0.0010973393218591,0.0001784139603842,0.000669038563501,0.0001129593729274,0.0010973393218591,0.0013877069577574,0.0001784139603842,0.0083151217552137,0.0052356020942408,0.004820917267352343
xkingdom_2024,xkingdom_2024__hnc007,xkingdom_2024,hard_negative_mined_v2_complexity,arbitrum,0,ratio_50,2,4,0.0619977037887485,0.0106194690265486,0.0274759082994858,0.3651095074638731,0.173232302069664,0.0009073555702343,0.173232302069664,0.0021096777636557,0.0912266299128532,0.0009073555702343,0.0032912753522396,0.0021096777636557,0.0912266299128532,0.0290376394987106,0.0009073555702343,0.0155115525033008,0.032258064516129,0.0014305836521089077
xkingdom_2024,xkingdom_2024__hnc007,xkingdom_2024,hard_negative_mined_v2_complexity,arbitrum,0,ratio_75,3,4,0.0619977037887485,0.0106194690265486,0.03842085065,0.168030845961056,0.0338177718222141,0.0002344617532799,0.0338177718222141,0.0009804215515032,0.0220303628593683,0.0002344617532799,0.0009277106146328,0.0009804215515032,0.0220303628593683,0.0093229291960597,0.0002344617532799,0.0092356735276308,0.0052356020942408,0.0031907400116324425
xkingdom_2024,xkingdom_2024__hnc007,xkingdom_2024,hard_negative_mined_v2_complexity,arbitrum,0,ratio_100,4,4,0.0619977037887485,0.0106194690265486,0.0453613604857644,0.2315769997243597,0.0226228088140487,0.0009815365774556,0.0226228088140487,0.0017126201419159,0.0276668947190046,0.0009815365774556,0.0004359136801213,0.0017126201419159,0.0276668947190046,0.0077683646231889,0.0009815365774556,0.0159841614045108,0.032258064516129,0.02348467707633972
xkingdom_2024,xkingdom_2024__hnc008,xkingdom_2024,hard_negative_mined_v2_complexity,arbitrum,0,ratio_25,1,4,0.0619977037887485,0.0035398230088495,0.0098888298275665,0.0014617244351917,0.0006560044712387,0.0001784139603842,0.0006560044712387,0.0001129593729274,0.0010973393218591,0.0001784139603842,0.000669038563501,0.0001129593729274,0.0010973393218591,0.0013877069577574,0.0001784139603842,0.0083151217552137,0.0052356020942408,0.004820917267352343
xkingdom_2024,xkingdom_2024__hnc008,xkingdom_2024,hard_negative_mined_v2_complexity,arbitrum,0,ratio_50,2,4,0.0619977037887485,0.0106194690265486,0.0274759082994858,0.3651095074638731,0.173232302069664,0.0009073555702343,0.173232302069664,0.0021096777636557,0.0912266299128532,0.0009073555702343,0.0032912753522396,0.0021096777636557,0.0912266299128532,0.0290376394987106,0.0009073555702343,0.0155115525033008,0.032258064516129,0.0014305836521089077
xkingdom_2024,xkingdom_2024__hnc008,xkingdom_2024,hard_negative_mined_v2_complexity,arbitrum,0,ratio_75,3,4,0.0619977037887485,0.0106194690265486,0.03842085065,0.168030845961056,0.0338177718222141,0.0002344617532799,0.0338177718222141,0.0009804215515032,0.0220303628593683,0.0002344617532799,0.0009277106146328,0.0009804215515032,0.0220303628593683,0.0093229291960597,0.0002344617532799,0.0092356735276308,0.0052356020942408,0.0031907400116324425
xkingdom_2024,xkingdom_2024__hnc008,xkingdom_2024,hard_negative_mined_v2_complexity,arbitrum,0,ratio_100,4,4,0.0619977037887485,0.0106194690265486,0.0453613604857644,0.2315769997243597,0.0226228088140487,0.0009815365774556,0.0226228088140487,0.0017126201419159,0.0276668947190046,0.0009815365774556,0.0004359136801213,0.0017126201419159,0.0276668947190046,0.0077683646231889,0.0009815365774556,0.0159841614045108,0.032258064516129,0.0032596904784440994
xkingdom_2024,xkingdom_2024__hnc009,xkingdom_2024,hard_negative_mined_v2_complexity,arbitrum,0,ratio_25,1,4,0.0619977037887485,0.0035398230088495,0.0098888298275665,0.0014617244351917,0.0006560044712387,0.0001784139603842,0.0006560044712387,0.0001129593729274,0.0010973393218591,0.0001784139603842,0.000669038563501,0.0001129593729274,0.0010973393218591,0.0013877069577574,0.0001784139603842,0.0083151217552137,0.0052356020942408,0.004820917267352343
xkingdom_2024,xkingdom_2024__hnc009,xkingdom_2024,hard_negative_mined_v2_complexity,arbitrum,0,ratio_50,2,4,0.0619977037887485,0.0106194690265486,0.0274759082994858,0.3651095074638731,0.173232302069664,0.0009073555702343,0.173232302069664,0.0021096777636557,0.0912266299128532,0.0009073555702343,0.0032912753522396,0.0021096777636557,0.0912266299128532,0.0290376394987106,0.0009073555702343,0.0155115525033008,0.032258064516129,0.0014305836521089077
xkingdom_2024,xkingdom_2024__hnc009,xkingdom_2024,hard_negative_mined_v2_complexity,arbitrum,0,ratio_75,3,4,0.0619977037887485,0.0106194690265486,0.03842085065,0.168030845961056,0.0338177718222141,0.0002344617532799,0.0338177718222141,0.0009804215515032,0.0220303628593683,0.0002344617532799,0.0009277106146328,0.0009804215515032,0.0220303628593683,0.0093229291960597,0.0002344617532799,0.0092356735276308,0.0052356020942408,0.010919767431914806
xkingdom_2024,xkingdom_2024__hnc009,xkingdom_2024,hard_negative_mined_v2_complexity,arbitrum,0,ratio_100,4,4,0.0619977037887485,0.0106194690265486,0.0453613604857644,0.23365724663794,0.0226228088140487,0.0009815365774556,0.0226228088140487,0.0017126201419159,0.0276668947190046,0.0009815365774556,0.0004359136801213,0.0017126201419159,0.0276668947190046,0.0077683646231889,0.0009815365774556,0.0159841614045108,0.032258064516129,0.01901896670460701
bsc_token_hub_2022,bsc_token_hub_2022__hnc003,bsc_token_hub_2022,hard_negative_mined_v2_complexity,bsc,0,ratio_25,1,3,0.0621403912543153,0.0,0.1088278415333748,0.0290000409202556,0.0158378593623638,0.0003699976659845,0.0158378593623638,0.0005429619923233,0.0129031715914607,0.0003699976659845,0.0006824098527431,0.0005429619923233,0.0129031715914607,0.0006328750750981,0.0006328750750981,0.0097569393725792,0.0076335877862595,0.20210912823677063
bsc_token_hub_2022,bsc_token_hub_2022__hnc003,bsc_token_hub_2022,hard_negative_mined_v2_complexity,bsc,0,ratio_50,2,3,0.0621403912543153,0.0088495575221238,0.1088278415333748,0.3292650892088849,0.0751887187361717,0.0749968662858009,0.0751887187361717,0.0705108121037483,0.0235992763191461,0.0749968662858009,0.0300099682062864,0.0705108121037483,0.0235992763191461,0.0146412728354334,0.0146412728354334,0.085174435998758,0.0825242718446602,0.08403512835502625
bsc_token_hub_2022,bsc_token_hub_2022__hnc003,bsc_token_hub_2022,hard_negative_mined_v2_complexity,bsc,0,ratio_75,3,3,0.0621403912543153,0.0106194690265486,0.1088278415333748,0.5449315097039179,0.8798598051071167,0.4182175695896148,0.8798598051071167,0.4938068985939026,0.6360529065132141,0.4182175695896148,0.2082952111959457,0.4938068985939026,0.6360529065132141,0.0666398182511329,0.0666398182511329,0.1877653247132883,0.2352941176470588,0.026218626648187637
bsc_token_hub_2022,bsc_token_hub_2022__hnc004,bsc_token_hub_2022,hard_negative_mined_v2_complexity,bsc,0,ratio_25,1,1,0.0621403912543153,0.0,0.0757662649132641,0.0004711871043529,7.179861859185621e-05,0.0001697928964858,7.179861859185621e-05,0.0001766196364769,9.032370144268498e-05,0.0001697928964858,0.0003874888643622,0.0001766196364769,9.032370144268498e-05,0.0001906813122332,0.0001906813122332,0.007070967230181,0.005181347150259,0.22074741125106812
bsc_token_hub_2022,bsc_token_hub_2022__hnc005,bsc_token_hub_2022,hard_negative_mined_v2_complexity,bsc,0,ratio_25,1,1,0.0621403912543153,0.0,0.1088278415333748,0.0402639114121526,0.0053873443976044,0.0005126440082676,0.0053873443976044,0.0005043143173679,0.0037968016695231,0.0005126440082676,0.0003643306845333,0.0005043143173679,0.0037968016695231,0.0004143216647207,0.0004143216647207,0.0111619576184596,0.0076335877862595,0.20210914313793182
utopiasphere_2024,utopiasphere_2024__hnc001,utopiasphere_2024,hard_negative_mined_v2_complexity,bsc,0,ratio_25,1,3,0.0611205432937181,0.0035398230088495,0.0099793422042526,0.0002369668246445,0.0001339200389338,8.042973058763891e-05,0.0001339200389338,4.6747671149205416e-05,0.0002743338118307,8.042973058763891e-05,6.534525891765952e-05,4.6747671149205416e-05,0.0002743338118307,3.787292371271178e-05,3.787292371271178e-05,0.0057493552452102,0.0069565217391304,0.008858535438776016
utopiasphere_2024,utopiasphere_2024__hnc001,utopiasphere_2024,hard_negative_mined_v2_complexity,bsc,0,ratio_50,2,3,0.0611205432937181,0.0123893805309734,0.0099793422042526,0.2001951704888782,0.0110469292849302,0.0002690086257643,0.0110469292849302,0.0002602370514068,0.0330956354737281,0.0002690086257643,0.001093044062145,0.0002602370514068,0.0330956354737281,0.0009047841886058,0.0009047841886058,0.0092132269974073,0.0069565217391304,0.0016261643031612039
utopiasphere_2024,utopiasphere_2024__hnc001,utopiasphere_2024,hard_negative_mined_v2_complexity,bsc,0,ratio_75,3,3,0.0611205432937181,0.0123893805309734,0.0099793422042526,0.1204282919135589,0.0013695517554879,8.031530160224065e-05,0.0013695517554879,8.795357280177996e-05,0.0102461548522114,8.031530160224065e-05,0.0006361330160871,8.795357280177996e-05,0.0102461548522114,0.0007831819821149,0.0007831819821149,0.0057461542412922,0.0069565217391304,0.00022583907411899418
utopiasphere_2024,utopiasphere_2024__hnc002,utopiasphere_2024,hard_negative_mined_v2_complexity,bsc,0,ratio_25,1,2,0.0611205432937181,0.0035398230088495,0.0099793422042526,0.0002369668246445,0.0001339200389338,8.042973058763891e-05,0.0001339200389338,4.6747671149205416e-05,0.0002743338118307,8.042973058763891e-05,6.534525891765952e-05,4.6747671149205416e-05,0.0002743338118307,3.787292371271178e-05,3.787292371271178e-05,0.0057493552452102,0.0069565217391304,0.008858535438776016
utopiasphere_2024,utopiasphere_2024__hnc002,utopiasphere_2024,hard_negative_mined_v2_complexity,bsc,0,ratio_75,2,2,0.0611205432937181,0.0123893805309734,0.0099793422042526,0.169013163521305,0.012789249420166,0.0011029136367142,0.012789249420166,0.0011374023742973,0.0221496280282735,0.0011029136367142,0.001093044062145,0.0011374023742973,0.0221496280282735,0.0012112286640331,0.0012112286640331,0.0159461285261123,0.0198019801980198,0.0016261643031612039
utopiasphere_2024,utopiasphere_2024__hnc003,utopiasphere_2024,hard_negative_mined_v2_complexity,bsc,0,ratio_25,1,2,0.0611205432937181,0.0035398230088495,0.0099793422042526,0.0002369668246445,0.0001339200389338,8.042973058763891e-05,0.0001339200389338,4.6747671149205416e-05,0.0002743338118307,8.042973058763891e-05,6.534525891765952e-05,4.6747671149205416e-05,0.0002743338118307,3.787292371271178e-05,3.787292371271178e-05,0.0057493552452102,0.0069565217391304,0.008858535438776016
utopiasphere_2024,utopiasphere_2024__hnc003,utopiasphere_2024,hard_negative_mined_v2_complexity,bsc,0,ratio_75,2,2,0.0611205432937181,0.0123893805309734,0.0099793422042526,0.169013163521305,0.012789249420166,0.0011029136367142,0.012789249420166,0.0011374023742973,0.0221496280282735,0.0011029136367142,0.001093044062145,0.0011374023742973,0.0221496280282735,0.0012112286640331,0.0012112286640331,0.0159461285261123,0.0198019801980198,0.0016261643031612039
utopiasphere_2024,utopiasphere_2024__hnc004,utopiasphere_2024,hard_negative_mined_v2_complexity,bsc,0,ratio_25,1,2,0.0611205432937181,0.0035398230088495,0.0099793422042526,0.0002369668246445,0.0003042696334887,8.042973058763891e-05,0.0003042696334887,4.6747671149205416e-05,0.0004630275361705,8.042973058763891e-05,6.534525891765952e-05,4.6747671149205416e-05,0.0004630275361705,3.787292371271178e-05,3.787292371271178e-05,0.0057493552452102,0.0069565217391304,0.008858535438776016
utopiasphere_2024,utopiasphere_2024__hnc004,utopiasphere_2024,hard_negative_mined_v2_complexity,bsc,0,ratio_75,2,2,0.0611205432937181,0.0123893805309734,0.0099793422042526,0.1787453405569054,0.0098221730440855,0.0011346056126058,0.0098221730440855,0.000987256062217,0.0165716465562582,0.0011346056126058,0.001093044062145,0.000987256062217,0.0165716465562582,0.0013204431161284,0.0013204431161284,0.0161221546331215,0.0198019801980198,0.0016261643031612039
utopiasphere_2024,utopiasphere_2024__hnc006,utopiasphere_2024,hard_negative_mined_v2_complexity,bsc,0,ratio_25,1,1,0.0611205432937181,0.0035398230088495,0.0099793422042526,0.0008116794683227,0.0012755144853144,0.0002760091738309,0.0012755144853144,0.0003117794403806,0.0019666296429932,0.0002760091738309,0.0003396602114662,0.0003117794403806,0.0019666296429932,0.0002100766869261,0.0002100766869261,0.0093059676008833,0.0069565217391304,0.008858535438776016
utopiasphere_2024,utopiasphere_2024__hnc007,utopiasphere_2024,hard_negative_mined_v2_complexity,bsc,0,ratio_25,1,1,0.0611205432937181,0.0035398230088495,0.0099793422042526,0.0002369668246445,0.0001339200389338,8.042973058763891e-05,0.0001339200389338,4.6747671149205416e-05,0.0002743338118307,8.042973058763891e-05,6.534525891765952e-05,4.6747671149205416e-05,0.0002743338118307,3.787292371271178e-05,3.787292371271178e-05,0.0057493552452102,0.0069565217391304,0.008858535438776016
utopiasphere_2024,utopiasphere_2024__hnc009,utopiasphere_2024,hard_negative_mined_v2_complexity,bsc,0,ratio_25,1,1,0.0611205432937181,0.0035398230088495,0.0099793422042526,0.0008116794683227,0.0008409173460677,0.0001125432900153,0.0008409173460677,8.980573329608887e-05,0.0013008583337068,0.0001125432900153,0.000137818933581,8.980573329608887e-05,0.0013008583337068,6.713813490932807e-05,6.713813490932807e-05,0.0065564587102555,0.0069565217391304,0.008858535438776016
qbridge_qubit_2022,qbridge_qubit_2022__hnc000,qbridge_qubit_2022,hard_negative_mined_v2_complexity,bsc,0,k_2,2,434,0.0642474717430101,0.0082135523613963,0.0829956378830961,0.054165539225039,0.0053644129075109,0.0312194898724555,0.0053644129075109,0.0301473550498485,0.0048584407195448,0.0312194898724555,0.0145400203764438,0.0301473550498485,0.0048584407195448,0.0061288978904485,0.0061288978904485,0.0613905657273535,0.0473933649289099,0.5612783432006836
qbridge_qubit_2022,qbridge_qubit_2022__hnc000,qbridge_qubit_2022,hard_negative_mined_v2_complexity,bsc,0,k_3,3,434,0.0642474717430101,0.0082135523613963,0.0829956378830961,0.0840337949900747,0.0017644797917455,0.0018565191421657,0.0017644797917455,0.0056111137382686,0.0013625972205772,0.0018565191421657,0.0017105946317315,0.0056111137382686,0.0013625972205772,0.001280847354792,0.001280847354792,0.0223015256992587,0.018348623853211,0.07722780853509903
qbridge_qubit_2022,qbridge_qubit_2022__hnc000,qbridge_qubit_2022,hard_negative_mined_v2_complexity,bsc,0,k_5,5,434,0.0642474717430101,0.0082135523613963,0.0829956378830961,0.0263524115031281,0.0009975396096706,0.0012629023985937,0.0009975396096706,0.0038316787686198,0.0002223521005362,0.0012629023985937,0.0064928606152534,0.0038316787686198,0.0002223521005362,0.0005984893650747,0.0005984893650747,0.0193966949749524,0.018348623853211,0.0033597333822399378
qbridge_qubit_2022,qbridge_qubit_2022__hnc000,qbridge_qubit_2022,hard_negative_mined_v2_complexity,bsc,0,k_7,7,434,0.0642474717430101,0.0082135523613963,0.0829956378830961,0.0197428716784713,0.0007488963892683,0.0017709822859615,0.0007488963892683,0.0042453007772564,0.0002473524073138,0.0017709822859615,0.0056124390102922,0.0042453007772564,0.0002473524073138,0.0009196969331242,0.0009196969331242,0.021924142867632,0.018348623853211,0.09940557926893234
qbridge_qubit_2022,qbridge_qubit_2022__hnc000,qbridge_qubit_2022,hard_negative_mined_v2_complexity,bsc,0,ratio_25,109,434,0.0642474717430101,0.0082135523613963,0.0829956378830961,0.0084915706362263,0.0015038650017231,0.0004601905529852,0.0015038650017231,0.0013698041439056,0.00034057314042,0.0004601905529852,0.0050948341377079,0.0013698041439056,0.00034057314042,0.0002959494886454,0.0002959494886454,0.0134370554145795,0.0077519379844961,0.33509933948516846
qbridge_qubit_2022,qbridge_qubit_2022__hnc000,qbridge_qubit_2022,hard_negative_mined_v2_complexity,bsc,0,ratio_50,217,434,0.0642474717430101,0.0082135523613963,0.0829956378830961,0.0098336817399688,0.0001073286839528,0.0001985216222237,0.0001073286839528,0.0007259888225235,5.003958722227253e-05,0.0001985216222237,0.0056124390102922,0.0007259888225235,5.003958722227253e-05,0.0001445610250812,0.0001445610250812,0.0098848376978735,0.0033444816053511,0.051655903458595276
qbridge_qubit_2022,qbridge_qubit_2022__hnc000,qbridge_qubit_2022,hard_negative_mined_v2_complexity,bsc,0,ratio_75,326,434,0.0642474717430101,0.0082135523613963,0.0829956378830961,0.0098336817399688,9.61503537837416e-05,0.0001985216222237,9.61503537837416e-05,0.0007259888225235,5.1018600061070174e-05,0.0001985216222237,0.0064928606152534,0.0007259888225235,5.1018600061070174e-05,0.0001445610250812,0.0001445610250812,0.0098848376978735,0.0033444816053511,0.4206584692001343
qbridge_qubit_2022,qbridge_qubit_2022__hnc000,qbridge_qubit_2022,hard_negative_mined_v2_complexity,bsc,0,ratio_100,434,434,0.0642474717430101,0.0082135523613963,0.0829956378830961,0.0098336817399688,0.0001073286839528,0.0001985216222237,0.0001073286839528,0.0007259888225235,5.003958722227253e-05,0.0001985216222237,0.0056124390102922,0.0007259888225235,5.003958722227253e-05,0.0001445610250812,0.0001445610250812,0.0098848376978735,0.0033444816053511,0.46871766448020935
qbridge_qubit_2022,qbridge_qubit_2022__hnc002,qbridge_qubit_2022,hard_negative_mined_v2_complexity,bsc,0,k_2,2,76,0.0642474717430101,0.0082135523613963,0.1198644023283595,0.8364313987413,0.4956600368022918,0.1290662884712219,0.4956600368022918,0.1171799227595329,0.7404245138168335,0.1290662884712219,0.1020233631134033,0.1171799227595329,0.7404245138168335,0.2012445926666259,0.2012445926666259,0.1030638846257814,0.087719298245614,0.06037246435880661
qbridge_qubit_2022,qbridge_qubit_2022__hnc002,qbridge_qubit_2022,hard_negative_mined_v2_complexity,bsc,0,k_3,3,76,0.0642474717430101,0.0082135523613963,0.1198644023283595,0.8244835781056513,0.3139619827270508,0.1086290851235389,0.3139619827270508,0.1835880875587463,0.2708921134471893,0.1086290851235389,0.0337775759398937,0.1835880875587463,0.2708921134471893,0.1153495535254478,0.1153495535254478,0.0965752924407111,0.087719298245614,0.008964342065155506
qbridge_qubit_2022,qbridge_qubit_2022__hnc002,qbridge_qubit_2022,hard_negative_mined_v2_complexity,bsc,0,k_5,5,76,0.0642474717430101,0.0082135523613963,0.1198644023283595,0.8383410438112406,0.6210237741470337,0.2831952571868896,0.6210237741470337,0.3523170351982116,0.4145325422286987,0.2831952571868896,0.0337775759398937,0.3523170351982116,0.4145325422286987,0.1408315449953079,0.1408315449953079,0.1416709483167583,0.1666666666666666,0.0016609904123470187
qbridge_qubit_2022,qbridge_qubit_2022__hnc002,qbridge_qubit_2022,hard_negative_mined_v2_complexity,bsc,0,k_7,7,76,0.0642474717430101,0.0082135523613963,0.1198644023283595,0.8261191084231534,0.8460066914558411,0.2557161450386047,0.8460066914558411,0.5407411456108093,0.4916950166225433,0.2557161450386047,0.0598296374082565,0.5407411456108093,0.4916950166225433,0.1757833063602447,0.1757833063602447,0.1355126963305208,0.1666666666666666,0.0010657664388418198
qbridge_qubit_2022,qbridge_qubit_2022__hnc002,qbridge_qubit_2022,hard_negative_mined_v2_complexity,bsc,0,ratio_25,19,76,0.0642474717430101,0.0082135523613963,0.1198644023283595,0.3773360977786194,0.4910369515419006,0.1439300030469894,0.4910369515419006,0.2481973022222519,0.1150460317730903,0.1439300030469894,0.0337775759398937,0.2481973022222519,0.1150460317730903,0.1288759857416153,0.1288759857416153,0.1074534717141939,0.087719298245614,0.0005866865394636989
qbridge_qubit_2022,qbridge_qubit_2022__hnc002,qbridge_qubit_2022,hard_negative_mined_v2_complexity,bsc,0,ratio_50,38,76,0.0642474717430101,0.0082135523613963,0.1198644023283595,0.3561345153451425,0.3648492991924286,0.1435154676437378,0.3648492991924286,0.2587075531482696,0.1173754557967186,0.1435154676437378,0.0337775759398937,0.2587075531482696,0.1173754557967186,0.1299462467432022,0.1299462467432022,0.1073342168658924,0.087719298245614,0.002483535557985306
qbridge_qubit_2022,qbridge_qubit_2022__hnc002,qbridge_qubit_2022,hard_negative_mined_v2_complexity,bsc,0,ratio_75,57,76,0.0642474717430101,0.0082135523613963,0.1198644023283595,0.0752211076776434,0.0005128055345267,0.0140604404732584,0.0005128055345267,0.0070629585534334,0.002087723929435,0.0140604404732584,0.065219260752201,0.0070629585534334,0.002087723929435,0.023069268092513,0.023069268092513,0.0461665333148167,0.0473933649289099,0.0009861355647444725
qbridge_qubit_2022,qbridge_qubit_2022__hnc002,qbridge_qubit_2022,hard_negative_mined_v2_complexity,bsc,0,ratio_100,76,76,0.0642474717430101,0.0082135523613963,0.1105520721576886,0.0522214447096776,0.0008691507973708,0.0112274754792451,0.0008691507973708,0.0560523904860019,0.0011791987344622,0.0112274754792451,0.0168059859424829,0.0560523904860019,0.0011791987344622,0.0069091920740902,0.0069091920740902,0.0425989239267071,0.0473933649289099,0.009677616879343987
qbridge_qubit_2022,qbridge_qubit_2022__hnc003,qbridge_qubit_2022,hard_negative_mined_v2_complexity,bsc,0,k_2,2,485,0.0642474717430101,0.0082135523613963,0.0829956378830961,0.0639237752568454,0.0053306859917938,0.0159332547336816,0.0053306859917938,0.0220045130699872,0.0054977489635348,0.0159332547336816,0.003423182060942,0.0220045130699872,0.0054977489635348,0.0133884521201252,0.0133884521201252,0.0482755882779472,0.0473933649289099,0.010807080194354057
qbridge_qubit_2022,qbridge_qubit_2022__hnc003,qbridge_qubit_2022,hard_negative_mined_v2_complexity,bsc,0,k_3,3,485,0.0642474717430101,0.0082135523613963,0.0829956378830961,0.0458807606301494,0.0028188612777739,0.0050562191754579,0.0028188612777739,0.010058406740427,0.0041506681591272,0.0050562191754579,0.0064928606152534,0.010058406740427,0.0041506681591272,0.0031222011893987,0.0031222011893987,0.0320053757957857,0.0473933649289099,0.021237680688500404
qbridge_qubit_2022,qbridge_qubit_2022__hnc003,qbridge_qubit_2022,hard_negative_mined_v2_complexity,bsc,0,k_5,5,485,0.0642474717430101,0.0082135523613963,0.0829956378830961,0.0156733189183993,0.0011288734385743,0.0019511266145855,0.0011288734385743,0.0023243408650159,0.0007038828916847,0.0019511266145855,0.003228991292417,0.0023243408650159,0.0007038828916847,0.0004333432589191,0.0004333432589191,0.0227060924849742,0.018348623853211,0.0022486343514174223
qbridge_qubit_2022,qbridge_qubit_2022__hnc003,qbridge_qubit_2022,hard_negative_mined_v2_complexity,bsc,0,k_7,7,485,0.0642474717430101,0.0082135523613963,0.0829956378830961,0.0227952973342115,0.0011623323662206,0.0019159738440066,0.0011623323662206,0.0043836664408445,0.0002356859622523,0.0019159738440066,0.0064928606152534,0.0043836664408445,0.0002356859622523,0.001082016271539,0.001082016271539,0.022557278062322,0.018348623853211,0.000958464399445802
qbridge_qubit_2022,qbridge_qubit_2022__hnc003,qbridge_qubit_2022,hard_negative_mined_v2_complexity,bsc,0,ratio_25,122,485,0.0642474717430101,0.0082135523613963,0.0829956378830961,0.011540723083638,0.0003063520125579,0.0002328246337128,0.0003063520125579,0.0008844794356264,0.000146278340253,0.0002328246337128,0.0056124390102922,0.0008844794356264,0.000146278340253,0.0001736545527819,0.0001736545527819,0.010478043989,0.0033444816053511,0.06218355894088745
qbridge_qubit_2022,qbridge_qubit_2022__hnc003,qbridge_qubit_2022,hard_negative_mined_v2_complexity,bsc,0,ratio_50,243,485,0.0642474717430101,0.0082135523613963,0.0829956378830961,0.0047420719494506,0.000966600026004,0.0004845566581934,0.000966600026004,0.0013704187003895,0.0005551120848394,0.0004845566581934,0.0041860505007207,0.0013704187003895,0.0005551120848394,0.0002589880605228,0.0002589880605228,0.0136921373405663,0.0077519379844961,0.39593663811683655
qbridge_qubit_2022,qbridge_qubit_2022__hnc003,qbridge_qubit_2022,hard_negative_mined_v2_complexity,bsc,0,ratio_75,364,485,0.0642474717430101,0.0082135523613963,0.0829956378830961,0.0051632605799416,6.120756734162569e-05,0.0002798804198391,6.120756734162569e-05,0.001020964118652,3.817475590039976e-05,0.0002798804198391,0.0017105946317315,0.001020964118652,3.817475590039976e-05,0.0002544883463997,0.0002544883463997,0.0112071001396042,0.0077519379844961,0.427109956741333
qbridge_qubit_2022,qbridge_qubit_2022__hnc003,qbridge_qubit_2022,hard_negative_mined_v2_complexity,bsc,0,ratio_100,485,485,0.0642474717430101,0.0082135523613963,0.0829956378830961,0.010033905952128,0.0012471118243411,0.0005504948785528,0.0012471118243411,0.0016871385741978,0.0005528468755073,0.0005504948785528,0.0038924482651054,0.0016871385741978,0.0005528468755073,0.0005038657691329,0.0005038657691329,0.0143436269066939,0.0077519379844961,0.06557897478342056
qbridge_qubit_2022,qbridge_qubit_2022__hnc004,qbridge_qubit_2022,hard_negative_mined_v2_complexity,bsc,0,ratio_25,1,1,0.0642474717430101,0.0,0.1198644023283595,0.0366343509661914,0.0027284291572868,0.000667113228701,0.0027284291572868,0.0004895959282293,0.0044080703519284,0.000667113228701,0.0007906178943812,0.0004895959282293,0.0044080703519284,0.0005029178573749,0.0005029178573749,0.015382919081277,0.0077519379844961,0.1629801243543625
qbridge_qubit_2022,qbridge_qubit_2022__hnc005,qbridge_qubit_2022,hard_negative_mined_v2_complexity,bsc,0,ratio_25,2,8,0.0642474717430101,0.0082135523613963,0.0829956378830961,0.1316164958622853,0.0051355315372347,0.0021110244560986,0.0051355315372347,0.0026426340918987,0.0048894109204411,0.0021110244560986,0.0020876165945082,0.0026426340918987,0.0048894109204411,0.0015194446314126,0.0015194446314126,0.0233620255887133,0.0473933649289099,0.3845978379249573
qbridge_qubit_2022,qbridge_qubit_2022__hnc005,qbridge_qubit_2022,hard_negative_mined_v2_complexity,bsc,0,k_3,3,8,0.0642474717430101,0.0082135523613963,0.0829956378830961,0.0029079956188389,0.0003579553158488,0.0003659061039797,0.0003579553158488,0.0004038950719404,0.0001777180150384,0.0003659061039797,0.0010425011860206,0.0004038950719404,0.0001777180150384,6.764080171706155e-05,6.764080171706155e-05,0.0123591819107001,0.0077519379844961,0.004267881624400616
qbridge_qubit_2022,qbridge_qubit_2022__hnc005,qbridge_qubit_2022,hard_negative_mined_v2_complexity,bsc,0,ratio_50,4,8,0.0642474717430101,0.0082135523613963,0.0829956378830961,0.0,0.0005023417179472,0.0004516784101724,0.0005023417179472,0.0003763794666156,0.0002906198787968,0.0004516784101724,0.0041328258812427,0.0003763794666156,0.0002906198787968,9.037108975462615e-05,9.037108975462615e-05,0.0133459102107119,0.0077519379844961,0.007882081903517246
qbridge_qubit_2022,qbridge_qubit_2022__hnc005,qbridge_qubit_2022,hard_negative_mined_v2_complexity,bsc,0,k_5,5,8,0.0642474717430101,0.0082135523613963,0.0829956378830961,0.0,0.0003913237596862,0.0004516784101724,0.0003913237596862,0.0003763794666156,0.0003211299190297,0.0004516784101724,0.0041328258812427,0.0003763794666156,0.0003211299190297,9.037108975462615e-05,9.037108975462615e-05,0.0133459102107119,0.0077519379844961,0.04417534917593002
qbridge_qubit_2022,qbridge_qubit_2022__hnc005,qbridge_qubit_2022,hard_negative_mined_v2_complexity,bsc,0,ratio_75,6,8,0.0642474717430101,0.0082135523613963,0.0829956378830961,0.0,0.000245361297857,0.0003659061039797,0.000245361297857,0.0003756037913262,0.0001789243688108,0.0003659061039797,0.0010425011860206,0.0003756037913262,0.0001789243688108,7.82929128035903e-05,7.82929128035903e-05,0.0123591819107001,0.0077519379844961,0.008367315866053104
qbridge_qubit_2022,qbridge_qubit_2022__hnc005,qbridge_qubit_2022,hard_negative_mined_v2_complexity,bsc,0,k_7,7,8,0.0642474717430101,0.0082135523613963,0.0829956378830961,0.0,0.0002269219694426,0.0003659061039797,0.0002269219694426,0.0003343028074596,0.0002259478351334,0.0003659061039797,0.0009567340603098,0.0003343028074596,0.0002259478351334,7.82929128035903e-05,7.82929128035903e-05,0.0123591819107001,0.0077519379844961,0.0541631244122982
qbridge_qubit_2022,qbridge_qubit_2022__hnc005,qbridge_qubit_2022,hard_negative_mined_v2_complexity,bsc,0,ratio_100,8,8,0.0642474717430101,0.0082135523613963,0.0829956378830961,0.0,0.0002269219694426,0.0003659061039797,0.0002269219694426,0.0003343028074596,0.0002259478351334,0.0003659061039797,0.0009567340603098,0.0003343028074596,0.0002259478351334,7.82929128035903e-05,7.82929128035903e-05,0.0123591819107001,0.0077519379844961,0.03697044029831886
qbridge_qubit_2022,qbridge_qubit_2022__hnc006,qbridge_qubit_2022,hard_negative_mined_v2_complexity,bsc,0,ratio_25,1,2,0.0642474717430101,0.0,0.1198644023283595,0.0469894783042331,0.0130321262404322,0.0051501938141882,0.0130321262404322,0.004619678016752,0.0151712549850344,0.0051501938141882,0.0027454786468297,0.004619678016752,0.0151712549850344,0.0042437403462827,0.0042437403462827,0.0322178481226865,0.0473933649289099,0.1629801243543625
qbridge_qubit_2022,qbridge_qubit_2022__hnc006,qbridge_qubit_2022,hard_negative_mined_v2_complexity,bsc,0,ratio_75,2,2,0.0642474717430101,0.0082135523613963,0.0999284779519375,0.2856243594818022,0.0026735805440694,0.0329885110259056,0.0026735805440694,0.0357452929019928,0.0021271705627441,0.0329885110259056,0.0087662925943732,0.0357452929019928,0.0021271705627441,0.0151835642755031,0.0151835642755031,0.0626136645452986,0.0473933649289099,0.7296524047851562
qbridge_qubit_2022,qbridge_qubit_2022__hnc009,qbridge_qubit_2022,hard_negative_mined_v2_complexity,bsc,0,k_2,2,649,0.0642474717430101,0.0082135523613963,0.0829956378830961,0.1081322372704879,0.0013992870226502,0.002909090835601,0.0013992870226502,0.0030316389165818,0.0014665094204246,0.002909090835601,0.0102784782648086,0.0030316389165818,0.0014665094204246,0.0020430125296115,0.0020430125296115,0.026229866265023,0.0473933649289099,0.5612783432006836
qbridge_qubit_2022,qbridge_qubit_2022__hnc009,qbridge_qubit_2022,hard_negative_mined_v2_complexity,bsc,0,k_3,3,649,0.0642474717430101,0.0082135523613963,0.0829956378830961,0.1040844512534588,0.0013073892332613,0.0011560379061847,0.0013073892332613,0.0016048996476456,0.0013088232371956,0.0011560379061847,0.0046619530767202,0.0016048996476456,0.0013088232371956,0.0010755038820207,0.0010755038820207,0.0187845232289839,0.018348623853211,0.39872369170188904
qbridge_qubit_2022,qbridge_qubit_2022__hnc009,qbridge_qubit_2022,hard_negative_mined_v2_complexity,bsc,0,k_5,5,649,0.0642474717430101,0.0082135523613963,0.0829956378830961,0.1052732905905679,0.0067607150413095,0.0041827522218227,0.0067607150413095,0.0048154504038393,0.0070691588334739,0.0041827522218227,0.0046619530767202,0.0048154504038393,0.0070691588334739,0.0021129397209733,0.0021129397209733,0.0298956675816134,0.0473933649289099,0.2031017541885376
qbridge_qubit_2022,qbridge_qubit_2022__hnc009,qbridge_qubit_2022,hard_negative_mined_v2_complexity,bsc,0,k_7,7,649,0.0642474717430101,0.0082135523613963,0.0829956378830961,0.0748713968546714,0.0017733477288857,0.0007101893424987,0.0017733477288857,0.0016510165296494,0.0007343748002313,0.0007101893424987,0.0046619530767202,0.0016510165296494,0.0007343748002313,0.0003859107091557,0.0003859107091557,0.0157371397569759,0.0077519379844961,0.029213085770606995
qbridge_qubit_2022,qbridge_qubit_2022__hnc009,qbridge_qubit_2022,hard_negative_mined_v2_complexity,bsc,0,ratio_25,163,649,0.0642474717430101,0.0082135523613963,0.0829956378830961,0.0051632605799416,6.588047835975885e-05,0.0002129204222001,6.588047835975885e-05,0.0004736601258628,6.333788769552484e-05,0.0002129204222001,0.0012265624245628,0.0004736601258628,6.333788769552484e-05,0.0001067879275069,0.0001067879275069,0.0101412275104829,0.0033444816053511,0.3775894045829773
qbridge_qubit_2022,qbridge_qubit_2022__hnc009,qbridge_qubit_2022,hard_negative_mined_v2_complexity,bsc,0,ratio_50,325,649,0.0642474717430101,0.0082135523613963,0.0829956378830961,0.0048531830605617,2.823111390171107e-05,0.0001815496070776,2.823111390171107e-05,0.0004144024278502,2.7939073333982375e-05,0.0001815496070776,0.0012265624245628,0.0004144024278502,2.7939073333982375e-05,8.776531467447057e-05,8.776531467447057e-05,0.0095669085374786,0.0033444816053511,0.057470425963401794
qbridge_qubit_2022,qbridge_qubit_2022__hnc009,qbridge_qubit_2022,hard_negative_mined_v2_complexity,bsc,0,ratio_75,487,649,0.0642474717430101,0.0082135523613963,0.0829956378830961,0.0098531830605617,0.0004471655702218,0.0003355367516633,0.0004471655702218,0.0005976750981062,0.0003266861021984,0.0003355367516633,0.0039308192208409,0.0005976750981062,0.0003266861021984,0.0001649609621381,0.0001649609621381,0.0119744687780674,0.0077519379844961,0.5306874513626099
qbridge_qubit_2022,qbridge_qubit_2022__hnc009,qbridge_qubit_2022,hard_negative_mined_v2_complexity,bsc,0,ratio_100,649,649,0.0642474717430101,0.0082135523613963,0.0829956378830961,0.00976697616401,0.0004471655702218,0.0003571229462977,0.0004471655702218,0.0006850697682239,0.0003480969753582,0.0003571229462977,0.0039308192208409,0.0006850697682239,0.0003480969753582,0.0001609573664609,0.0001609573664609,0.0122500863580835,0.0077519379844961,0.09439237415790558
wault_finance_2021,wault_finance_2021__hnc000,wault_finance_2021,hard_negative_mined_v2_complexity,bsc,0,ratio_25,1,2,0.0626086956521739,0.0,0.0822543143287332,0.0001449275362318,8.044315472943708e-05,0.0001432229910278,8.044315472943708e-05,0.0001635021180845,7.101939991116524e-05,0.0001432229910278,0.0005085017182864,0.0001635021180845,7.101939991116524e-05,0.0001174055578303,0.0001432229910278,0.0057016984510099,0.0,0.2746465504169464
wault_finance_2021,wault_finance_2021__hnc000,wault_finance_2021,hard_negative_mined_v2_complexity,bsc,0,ratio_75,2,2,0.0626086956521739,0.0070796460176991,0.0822543143287332,0.0541752398286714,0.0010623660637065,0.0025207130238413,0.0010623660637065,0.0069658635184168,0.001936305896379,0.0025207130238413,0.0089263888075947,0.0069658635184168,0.001936305896379,0.0111651886254549,0.0025207130238413,0.0195437665939867,0.0397923875432525,0.592311680316925
wault_finance_2021,wault_finance_2021__hnc001,wault_finance_2021,hard_negative_mined_v2_complexity,bsc,0,k_2,2,540,0.0626086956521739,0.0070796460176991,0.0822543143287332,0.0450632467672804,0.0049997838214039,0.0204226616770029,0.0049997838214039,0.0316643007099628,0.004454905167222,0.0204226616770029,0.0510322898626327,0.0316643007099628,0.004454905167222,0.0292655136436224,0.0204226616770029,0.0474542104173735,0.0397923875432525,0.4099004566669464
wault_finance_2021,wault_finance_2021__hnc001,wault_finance_2021,hard_negative_mined_v2_complexity,bsc,0,k_3,3,540,0.0626086956521739,0.0070796460176991,0.0822543143287332,0.1465179055578624,0.0221997387707233,0.0410029627382755,0.0221997387707233,0.2102413028478622,0.0374316796660423,0.0410029627382755,0.0699012950062751,0.2102413028478622,0.0374316796660423,0.0628658011555671,0.0410029627382755,0.0637086133041471,0.0397923875432525,0.6597520709037781
wault_finance_2021,wault_finance_2021__hnc001,wault_finance_2021,hard_negative_mined_v2_complexity,bsc,0,k_5,5,540,0.0626086956521739,0.0070796460176991,0.0822543143287332,0.1040654414087182,0.0013220809632912,0.0064216521568596,0.0013220809632912,0.0227555241435766,0.0009727918659336,0.0064216521568596,0.0102621586993336,0.0227555241435766,0.0009727918659336,0.0020628741476684,0.0064216521568596,0.0290927036521623,0.0397923875432525,0.05618104711174965
wault_finance_2021,wault_finance_2021__hnc001,wault_finance_2021,hard_negative_mined_v2_complexity,bsc,0,k_7,7,540,0.0626086956521739,0.0070796460176991,0.0822543143287332,0.1233217820632524,0.0216825045645236,0.0168770849704742,0.0216825045645236,0.062713123857975,0.0311874207109212,0.0168770849704742,0.0210264679044485,0.062713123857975,0.0311874207109212,0.0183458272367715,0.0168770849704742,0.0437840547791402,0.0397923875432525,0.5595096945762634
wault_finance_2021,wault_finance_2021__hnc001,wault_finance_2021,hard_negative_mined_v2_complexity,bsc,0,ratio_25,135,540,0.0626086956521739,0.0070796460176991,0.0822543143287332,0.1069149226715316,0.0207692235708236,0.0124656157568097,0.0207692235708236,0.020442983135581,0.0456042997539043,0.0124656157568097,0.0210264679044485,0.020442983135581,0.0456042997539043,0.0115747433155775,0.0124656157568097,0.0385245117012437,0.0397923875432525,0.6385701894760132
wault_finance_2021,wault_finance_2021__hnc001,wault_finance_2021,hard_negative_mined_v2_complexity,bsc,0,ratio_50,270,540,0.0626086956521739,0.0070796460176991,0.0822543143287332,0.0395160872940285,0.0003546879743225,0.0005335934110917,0.0003546879743225,0.0009914728580042,0.0001681517605902,0.0005335934110917,0.0102621586993336,0.0009914728580042,0.0001681517605902,0.0006764286081306,0.0005335934110917,0.0100488638693052,0.0082872928176795,0.8552084565162659
wault_finance_2021,wault_finance_2021__hnc001,wault_finance_2021,hard_negative_mined_v2_complexity,bsc,0,ratio_75,405,540,0.0626086956521739,0.0070796460176991,0.0822543143287332,0.0325124950446411,0.0006997828022576,0.0008946906891651,0.0006997828022576,0.0014901217073202,0.0005812794552184,0.0008946906891651,0.0210264679044485,0.0014901217073202,0.0005812794552184,0.0016350703081116,0.0008946906891651,0.0125464626672253,0.0082872928176795,0.8467395305633545
wault_finance_2021,wault_finance_2021__hnc001,wault_finance_2021,hard_negative_mined_v2_complexity,bsc,0,ratio_100,540,540,0.0626086956521739,0.0070796460176991,0.0822543143287332,0.0248755782089413,0.0007677458925172,0.0007188636809587,0.0007677458925172,0.0014178204583004,0.0003266493440605,0.0007188636809587,0.0102621586993336,0.0014178204583004,0.0003266493440605,0.000864598667249,0.0007188636809587,0.0114217859899305,0.0082872928176795,0.8006065487861633
wault_finance_2021,wault_finance_2021__hnc003,wault_finance_2021,hard_negative_mined_v2_complexity,bsc,0,ratio_25,2,6,0.0626086956521739,0.0070796460176991,0.0822543143287332,0.0690739115482254,0.001312238862738,0.003192824544385,0.001312238862738,0.0087496722117066,0.0020508146844804,0.003192824544385,0.0113244149833917,0.0087496722117066,0.0020508146844804,0.0103119006380438,0.003192824544385,0.0216159774558532,0.0397923875432525,0.592311680316925
wault_finance_2021,wault_finance_2021__hnc003,wault_finance_2021,hard_negative_mined_v2_complexity,bsc,0,ratio_50,3,6,0.0626086956521739,0.0070796460176991,0.0822543143287332,0.0692183536164035,0.0006148339598439,0.0018298442009836,0.0006148339598439,0.0069045345298945,0.0020705489441752,0.0018298442009836,0.002488458296284,0.0069045345298945,0.0020705489441752,0.0019598130602389,0.0018298442009836,0.017045094319557,0.0397923875432525,0.08697866648435593
wault_finance_2021,wault_finance_2021__hnc003,wault_finance_2021,hard_negative_mined_v2_complexity,bsc,0,ratio_75,5,6,0.0626086956521739,0.0070796460176991,0.0822543143287332,0.0681938821704095,0.0147423278540372,0.0056649474427104,0.0147423278540372,0.0101745696738362,0.0217065084725618,0.0056649474427104,0.0033264344092458,0.0101745696738362,0.0217065084725618,0.009503224864602,0.0056649474427104,0.0275853550349248,0.0397923875432525,0.463803768157959
wault_finance_2021,wault_finance_2021__hnc003,wault_finance_2021,hard_negative_mined_v2_complexity,bsc,0,ratio_100,6,6,0.0626086956521739,0.0070796460176991,0.0822543143287332,0.1060112908087557,0.0013832201948389,0.0025690223556011,0.0013832201948389,0.0110176745802164,0.0099366959184408,0.0025690223556011,0.0009374485234729,0.0110176745802164,0.0099366959184408,0.0030748581048101,0.0025690223556011,0.019702698247333,0.0397923875432525,0.058050427585840225
wault_finance_2021,wault_finance_2021__hnc004,wault_finance_2021,hard_negative_mined_v2_complexity,bsc,0,ratio_25,1,1,0.0626086956521739,0.0,0.0845560462931843,0.0187148708752196,0.0006860308349132,0.0001660148845985,0.0006860308349132,0.0001995102502405,0.0006376079982146,0.0001660148845985,0.0004048823029734,0.0001995102502405,0.0006376079982146,0.0001913183514261,0.0001660148845985,0.0060769217246496,0.0082872928176795,0.10553807765245438
wault_finance_2021,wault_finance_2021__hnc007,wault_finance_2021,hard_negative_mined_v2_complexity,bsc,0,k_2,2,19,0.0626086956521739,0.0070796460176991,0.0822543143287332,0.0249795958773207,0.0001007426253636,0.0007854009745642,0.0001007426253636,0.0032089482992887,0.0004220250120852,0.0007854009745642,0.0036322658415883,0.0032089482992887,0.0004220250120852,0.0006346306181512,0.0007854009745642,0.0118642441874972,0.0082872928176795,0.4099004566669464
wault_finance_2021,wault_finance_2021__hnc007,wault_finance_2021,hard_negative_mined_v2_complexity,bsc,0,k_3,3,19,0.0626086956521739,0.0070796460176991,0.0822543143287332,0.0497728246161684,0.0008117828401736,0.0016039952170103,0.0008117828401736,0.0051660519093275,0.0016411875840276,0.0016039952170103,0.0033264344092458,0.0051660519093275,0.0016411875840276,0.0019548090640455,0.0016039952170103,0.0161114726343395,0.0204081632653061,0.6597520709037781
wault_finance_2021,wault_finance_2021__hnc007,wault_finance_2021,hard_negative_mined_v2_complexity,bsc,0,ratio_25,5,19,0.0626086956521739,0.0070796460176991,0.0822543143287332,0.0693068708888055,0.0004783508193213,0.0012842713622376,0.0004783508193213,0.0026198604609817,0.0009701789822429,0.0012842713622376,0.0033264344092458,0.0026198604609817,0.0009701789822429,0.0018423619912937,0.0012842713622376,0.0146491244519287,0.0204081632653061,0.6961883306503296
wault_finance_2021,wault_finance_2021__hnc007,wault_finance_2021,hard_negative_mined_v2_complexity,bsc,0,k_7,7,19,0.0626086956521739,0.0070796460176991,0.0822543143287332,0.0448348048017466,7.54610518924892e-05,0.0007111927261576,7.54610518924892e-05,0.0023875886108726,0.0001505588006693,0.0007111927261576,0.0016086003743112,0.0023875886108726,0.0001505588006693,0.0002329214476048,0.0007111927261576,0.0113692857454389,0.0082872928176795,0.8623075485229492
wault_finance_2021,wault_finance_2021__hnc007,wault_finance_2021,hard_negative_mined_v2_complexity,bsc,0,ratio_50,10,19,0.0626086956521739,0.0070796460176991,0.0822543143287332,0.0123369878518532,0.0003810906200669,0.0009119861060753,0.0003810906200669,0.0023147219326347,0.000426820362918,0.0009119861060753,0.0009374485234729,0.0023147219326347,0.000426820362918,0.0003908590006176,0.0009119861060753,0.0126499411582944,0.0082872928176795,0.22974058985710144
wault_finance_2021,wault_finance_2021__hnc007,wault_finance_2021,hard_negative_mined_v2_complexity,bsc,0,ratio_75,15,19,0.0626086956521739,0.0070796460176991,0.0822543143287332,0.0082932971353679,1.1198076208529528e-05,0.0001993891200982,1.1198076208529528e-05,0.0001463979133404,1.013957898976514e-05,0.0001993891200982,0.0018864817684516,0.0001463979133404,1.013957898976514e-05,0.000177303343662,0.0001993891200982,0.0065766394401412,0.0082872928176795,0.0005453969934023917
wault_finance_2021,wault_finance_2021__hnc007,wault_finance_2021,hard_negative_mined_v2_complexity,bsc,0,ratio_100,19,19,0.0626086956521739,0.0070796460176991,0.0822543143287332,0.0132932971353679,2.3704606064711697e-05,0.0002488984027877,2.3704606064711697e-05,0.0001514412579126,2.313091499672737e-05,0.0002488984027877,0.0004666558525059,0.0001514412579126,2.313091499672737e-05,8.790930587565526e-05,0.0002488984027877,0.0072366078468486,0.0082872928176795,0.12901511788368225
wault_finance_2021,wault_finance_2021__hnc008,wault_finance_2021,hard_negative_mined_v2_complexity,bsc,0,ratio_25,1,2,0.0626086956521739,0.0,0.0822543143287332,0.0001449275362318,8.044315472943708e-05,0.0001432229910278,8.044315472943708e-05,0.0001635021180845,7.101939991116524e-05,0.0001432229910278,0.0005085017182864,0.0001635021180845,7.101939991116524e-05,0.0001174055578303,0.0001432229910278,0.0057016984510099,0.0,0.2746465504169464
wault_finance_2021,wault_finance_2021__hnc008,wault_finance_2021,hard_negative_mined_v2_complexity,bsc,0,ratio_75,2,2,0.0626086956521739,0.0070796460176991,0.083397962299705,0.5230487698169679,0.0314656272530555,0.0277639087289571,0.0314656272530555,0.0843536332249641,0.0626151636242866,0.0277639087289571,0.0244907978922128,0.0843536332249641,0.0626151636242866,0.0719325244426727,0.0277639087289571,0.0540230673833673,0.0397923875432525,0.6823846101760864
wault_finance_2021,wault_finance_2021__hnc009,wault_finance_2021,hard_negative_mined_v2_complexity,bsc,0,k_2,2,20,0.0626086956521739,0.0070796460176991,0.0822543143287332,0.0754494887489646,0.0023754001595079,0.0031910811085253,0.0023754001595079,0.0045531843788921,0.003660341957584,0.0031910811085253,0.0153039824217557,0.0045531843788921,0.003660341957584,0.0030155086424201,0.0031910811085253,0.0216109478203905,0.0397923875432525,0.592311680316925
wault_finance_2021,wault_finance_2021__hnc009,wault_finance_2021,hard_negative_mined_v2_complexity,bsc,0,k_3,3,20,0.0626086956521739,0.0070796460176991,0.0822543143287332,0.0656554138055858,0.0011319100158289,0.0013434649445116,0.0011319100158289,0.0018348650773987,0.0008204158511944,0.0013434649445116,0.0033264344092458,0.0018348650773987,0.0008204158511944,0.0021291612647473,0.0013434649445116,0.0149345333508396,0.0204081632653061,0.033121973276138306
wault_finance_2021,wault_finance_2021__hnc009,wault_finance_2021,hard_negative_mined_v2_complexity,bsc,0,ratio_25,5,20,0.0626086956521739,0.0070796460176991,0.0822543143287332,0.003428432270503,2.257560845464468e-05,0.0002381344966124,2.257560845464468e-05,0.0002689042594283,1.339693244517548e-05,0.0002381344966124,0.0016086003743112,0.0002689042594283,1.339693244517548e-05,0.0001076339030987,0.0002381344966124,0.007100004631631,0.0082872928176795,0.0015308536821976304
wault_finance_2021,wault_finance_2021__hnc009,wault_finance_2021,hard_negative_mined_v2_complexity,bsc,0,k_7,7,20,0.0626086956521739,0.0070796460176991,0.0822543143287332,0.0053515091935799,2.4490567739121616e-05,0.0003228742280043,2.4490567739121616e-05,0.0002851006574928,1.9010725736734457e-05,0.0003228742280043,0.002488458296284,0.0002851006574928,1.9010725736734457e-05,0.000177303343662,0.0003228742280043,0.0080952164579825,0.0082872928176795,0.00010541297524468973
wault_finance_2021,wault_finance_2021__hnc009,wault_finance_2021,hard_negative_mined_v2_complexity,bsc,0,ratio_50,10,20,0.0626086956521739,0.0070796460176991,0.0822543143287332,0.003428432270503,2.4490567739121616e-05,0.0002924919826909,2.4490567739121616e-05,0.0002265827351948,1.6559682990191504e-05,0.0002924919826909,0.0033264344092458,0.0002265827351948,1.6559682990191504e-05,0.0001688521297182,0.0002924919826909,0.0077578295524424,0.0082872928176795,0.008060062304139137
wault_finance_2021,wault_finance_2021__hnc009,wault_finance_2021,hard_negative_mined_v2_complexity,bsc,0,ratio_75,15,20,0.0626086956521739,0.0070796460176991,0.0822543143287332,0.0032932971353679,1.1198076208529528e-05,0.0001993891200982,1.1198076208529528e-05,0.0001463979133404,1.013957898976514e-05,0.0001993891200982,0.0038045195396989,0.0001463979133404,1.013957898976514e-05,0.0001874217705335,0.0001993891200982,0.0065766394401412,0.0082872928176795,0.013728639110922813
wault_finance_2021,wault_finance_2021__hnc009,wault_finance_2021,hard_negative_mined_v2_complexity,bsc,0,ratio_100,20,20,0.0626086956521739,0.0070796460176991,0.0822543143287332,0.0032932971353679,1.0322507478122134e-05,0.0001470539427828,1.0322507478122134e-05,0.0001392852718709,7.0369455897889566e-06,0.0001470539427828,0.0016086003743112,0.0001392852718709,7.0369455897889566e-06,8.41947621665895e-05,0.0001470539427828,0.0057670354748154,0.0,0.016273407265543938
paraluni_2022,paraluni_2022__hnc000,paraluni_2022,hard_negative_mined_v2_complexity,bsc,0,ratio_25,1,3,0.0614334470989761,0.0,0.0736729944820717,0.0003092783505154,8.165134931914508e-05,0.0001660099806031,8.165134931914508e-05,0.0002685450599528,0.0001209748515975,0.0001660099806031,0.0007712858496233,0.0002685450599528,0.0001209748515975,0.0002201638271799,0.0002201638271799,0.0086196901489494,0.0059790732436472,0.17899760603904724
paraluni_2022,paraluni_2022__hnc000,paraluni_2022,hard_negative_mined_v2_complexity,bsc,0,ratio_50,2,3,0.0614334470989761,0.0070796460176991,0.0736729944820717,0.0016385158051824,3.283955447841436e-05,1.722478737065103e-05,3.283955447841436e-05,4.8448750021634623e-05,1.924868774949573e-05,1.722478737065103e-05,0.0014217075658962,4.8448750021634623e-05,1.924868774949573e-05,2.5232806365238503e-05,2.5232806365238503e-05,0.0034948469715438,0.0,0.3589128255844116
paraluni_2022,paraluni_2022__hnc000,paraluni_2022,hard_negative_mined_v2_complexity,bsc,0,ratio_75,3,3,0.0614334470989761,0.0070796460176991,0.0736729944820717,0.0,2.6098241505678743e-05,5.2604350457841065e-06,2.6098241505678743e-05,2.0333920474513437e-05,1.7567441318533383e-05,5.2604350457841065e-06,0.0012510557426139,2.0333920474513437e-05,1.7567441318533383e-05,1.2313689694565255e-05,1.2313689694565255e-05,0.0021756512545397,0.0,0.004553726874291897
paraluni_2022,paraluni_2022__hnc001,paraluni_2022,hard_negative_mined_v2_complexity,bsc,0,k_2,2,854,0.0614334470989761,0.0070796460176991,0.0736729944820717,0.0479041625837365,0.0007662369171157,0.0004221099079586,0.0007662369171157,0.0010658837854862,0.0004532548191491,0.0004221099079586,0.0014217075658962,0.0010658837854862,0.0004532548191491,0.0003924420743715,0.0003924420743715,0.0124807330121024,0.0059790732436472,0.5834370851516724
paraluni_2022,paraluni_2022__hnc001,paraluni_2022,hard_negative_mined_v2_complexity,bsc,0,k_3,3,854,0.0614334470989761,0.0070796460176991,0.0736729944820717,0.0430289874366392,0.0002166574267903,0.0005772697040811,0.0002166574267903,0.0017743945354595,0.0003668979334179,0.0005772697040811,0.0005296702729538,0.0017743945354595,0.0003668979334179,0.0004986223648302,0.0004986223648302,0.0141259882909727,0.0059790732436472,0.41045087575912476
paraluni_2022,paraluni_2022__hnc001,paraluni_2022,hard_negative_mined_v2_complexity,bsc,0,k_5,5,854,0.0614334470989761,0.0070796460176991,0.0736729944820717,0.0448652459129057,0.0017902146792039,0.000430658867117,0.0017902146792039,0.0009522094624117,0.0020774146541953,0.000430658867117,0.0002707805251702,0.0009522094624117,0.0020774146541953,0.0002929452166426,0.0002929452166426,0.0125801853550922,0.0059790732436472,0.22668741643428802
paraluni_2022,paraluni_2022__hnc001,paraluni_2022,hard_negative_mined_v2_complexity,bsc,0,k_7,7,854,0.0614334470989761,0.0070796460176991,0.0736729944820717,0.0448652459129057,0.0016802601749077,0.0004630529438145,0.0016802601749077,0.0009522094624117,0.0020774146541953,0.0004630529438145,0.0002784222306217,0.0009522094624117,0.0020774146541953,0.0002929452166426,0.0002929452166426,0.0129464993917063,0.0059790732436472,0.22675760090351105
paraluni_2022,paraluni_2022__hnc001,paraluni_2022,hard_negative_mined_v2_complexity,bsc,0,ratio_25,214,854,0.0614334470989761,0.0070796460176991,0.0736729944820717,0.0,5.671910184901208e-05,4.517868728726171e-05,5.671910184901208e-05,7.402038318105042e-05,3.264032784500159e-05,4.517868728726171e-05,0.0002707805251702,7.402038318105042e-05,3.264032784500159e-05,2.6161709683947265e-05,2.6161709683947265e-05,0.0051347705896608,0.0059790732436472,0.656822681427002
paraluni_2022,paraluni_2022__hnc001,paraluni_2022,hard_negative_mined_v2_complexity,bsc,0,ratio_50,427,854,0.0614334470989761,0.0070796460176991,0.0736729944820717,0.0002597402597402,3.589034531614743e-05,7.10229214746505e-05,3.589034531614743e-05,0.0001351411337964,8.738983888179064e-05,7.10229214746505e-05,0.0002784222306217,0.0001351411337964,8.738983888179064e-05,7.677498069824651e-05,7.677498069824651e-05,0.0061490107028783,0.0059790732436472,0.691770076751709
paraluni_2022,paraluni_2022__hnc001,paraluni_2022,hard_negative_mined_v2_complexity,bsc,0,ratio_75,641,854,0.0614334470989761,0.0070796460176991,0.0736729944820717,0.0002597402597402,4.201827323413454e-05,7.10229214746505e-05,4.201827323413454e-05,0.0001448971888748,8.358350896742195e-05,7.10229214746505e-05,0.0002707805251702,0.0001448971888748,8.358350896742195e-05,7.677498069824651e-05,7.677498069824651e-05,0.0061490107028783,0.0059790732436472,0.656822681427002
paraluni_2022,paraluni_2022__hnc001,paraluni_2022,hard_negative_mined_v2_complexity,bsc,0,ratio_100,854,854,0.0614334470989761,0.0070796460176991,0.0736729944820717,0.0023529411764705,9.860534191830084e-06,3.670857768156566e-05,9.860534191830084e-06,7.631249900441617e-05,3.664124960778281e-05,3.670857768156566e-05,0.0002784222306217,7.631249900441617e-05,3.664124960778281e-05,5.505828812601976e-05,5.505828812601976e-05,0.0047268134030131,0.0059790732436472,0.656822681427002
paraluni_2022,paraluni_2022__hnc002,paraluni_2022,hard_negative_mined_v2_complexity,bsc,0,k_2,2,26,0.0614334470989761,0.0070796460176991,0.1162425187090555,0.354016953940158,0.0413339249789714,0.047206275165081,0.0413339249789714,0.0482487268745899,0.0614225827157497,0.047206275165081,0.2679575681686401,0.0482487268745899,0.0614225827157497,0.0434116162359714,0.0434116162359714,0.0785861578203158,0.0510204081632653,0.11170265078544617
paraluni_2022,paraluni_2022__hnc002,paraluni_2022,hard_negative_mined_v2_complexity,bsc,0,k_3,3,26,0.0614334470989761,0.0070796460176991,0.1162425187090555,0.3461291779116509,0.029589969664812,0.0256526637822389,0.029589969664812,0.040156215429306,0.0322723314166069,0.0256526637822389,0.2561157941818237,0.040156215429306,0.0322723314166069,0.0337144955992698,0.0337144955992698,0.0620909231923226,0.0510204081632653,0.0189902912825346
paraluni_2022,paraluni_2022__hnc002,paraluni_2022,hard_negative_mined_v2_complexity,bsc,0,k_5,5,26,0.0614334470989761,0.0070796460176991,0.1162425187090555,0.4811388854756809,0.0280171018093824,0.0141931334510445,0.0280171018093824,0.0259068422019481,0.0393506325781345,0.0141931334510445,0.068232238292694,0.0259068422019481,0.0393506325781345,0.0129392845556139,0.0129392845556139,0.0494111320493029,0.04,0.0039690956473350525
paraluni_2022,paraluni_2022__hnc002,paraluni_2022,hard_negative_mined_v2_complexity,bsc,0,ratio_25,7,26,0.0614334470989761,0.0070796460176991,0.1162425187090555,0.4759525863946448,0.0238994397222995,0.0141931334510445,0.0238994397222995,0.0259068422019481,0.0365831889212131,0.0141931334510445,0.068232238292694,0.0259068422019481,0.0365831889212131,0.0129392845556139,0.0129392845556139,0.0494111320493029,0.04,0.0017460295930504799
paraluni_2022,paraluni_2022__hnc002,paraluni_2022,hard_negative_mined_v2_complexity,bsc,0,ratio_50,13,26,0.0614334470989761,0.0070796460176991,0.1162425187090555,0.5375485517978643,0.0131781436502933,0.0145595110952854,0.0131781436502933,0.0333998091518878,0.0303629431873559,0.0145595110952854,0.0102900974452495,0.0333998091518878,0.0303629431873559,0.0161692183464765,0.0161692183464765,0.0499000702884174,0.04,0.000793497369159013
paraluni_2022,paraluni_2022__hnc002,paraluni_2022,hard_negative_mined_v2_complexity,bsc,0,ratio_75,20,26,0.0614334470989761,0.0070796460176991,0.1162425187090555,0.5570735148670607,0.0346589088439941,0.0623499490320682,0.0346589088439941,0.0800264999270439,0.1343220621347427,0.0623499490320682,0.0102900974452495,0.0800264999270439,0.1343220621347427,0.0484603717923164,0.0484603717923164,0.0875593755875815,0.0952380952380952,0.0037424450274556875
paraluni_2022,paraluni_2022__hnc002,paraluni_2022,hard_negative_mined_v2_complexity,bsc,0,ratio_100,26,26,0.0614334470989761,0.0070796460176991,0.1162425187090555,0.5330527069803557,0.0440508387982845,0.0707153305411338,0.0440508387982845,0.0800264999270439,0.1919601410627365,0.0707153305411338,0.0102900974452495,0.0800264999270439,0.1919601410627365,0.0558626912534236,0.0558626912534236,0.0919739619052102,0.0952380952380952,0.0007218688260763884
paraluni_2022,paraluni_2022__hnc003,paraluni_2022,hard_negative_mined_v2_complexity,bsc,0,ratio_25,1,1,0.0614334470989761,0.0,0.0736729944820717,0.0003092783505154,8.165134931914508e-05,0.0001660099806031,8.165134931914508e-05,0.0002685450599528,0.0001209748515975,0.0001660099806031,0.0007712858496233,0.0002685450599528,0.0001209748515975,0.0002201638271799,0.0002201638271799,0.0086196901489494,0.0059790732436472,0.17899760603904724
paraluni_2022,paraluni_2022__hnc005,paraluni_2022,hard_negative_mined_v2_complexity,bsc,0,k_2,2,13,0.0614334470989761,0.0070796460176991,0.0927889546022794,0.2284211206871212,0.0010541711235418,0.0109729766845703,0.0010541711235418,0.0423716604709625,0.0009922523749992,0.0109729766845703,0.2506382167339325,0.0423716604709625,0.0009922523749992,0.0051479171961545,0.0051479171961545,0.0447312307727437,0.04,0.07843043655157089
paraluni_2022,paraluni_2022__hnc005,paraluni_2022,hard_negative_mined_v2_complexity,bsc,0,k_3,3,13,0.0614334470989761,0.0070796460176991,0.1000922799747597,0.0091239316239316,4.926012024952797e-06,5.139322820468806e-05,4.926012024952797e-06,0.0001055850152624,2.7333824164088583e-06,5.139322820468806e-05,0.0140245920047163,0.0001055850152624,2.7333824164088583e-06,7.900466152932495e-05,7.900466152932495e-05,0.0054054495091398,0.0059790732436472,0.006147739943116903
paraluni_2022,paraluni_2022__hnc005,paraluni_2022,hard_negative_mined_v2_complexity,bsc,0,ratio_25,4,13,0.0614334470989761,0.0070796460176991,0.0927889546022794,0.023539516039516,0.0003490991366561,0.0002738785406108,0.0003490991366561,0.0008538649417459,0.0002753557637333,0.0002738785406108,0.2506382167339325,0.0008538649417459,0.0002753557637333,0.0003121533081866,0.0003121533081866,0.0105147820071392,0.0059790732436472,0.004580568987876177
paraluni_2022,paraluni_2022__hnc005,paraluni_2022,hard_negative_mined_v2_complexity,bsc,0,k_5,5,13,0.0614334470989761,0.0070796460176991,0.088639884194025,0.023539516039516,0.0003490991366561,0.000222311617108,0.0003490991366561,0.0008538649417459,0.0002753557637333,0.000222311617108,0.2506382167339325,0.0008538649417459,0.0002753557637333,0.0002306151000084,0.0002306151000084,0.0096795761441875,0.0059790732436472,0.0015636858297511935
paraluni_2022,paraluni_2022__hnc005,paraluni_2022,hard_negative_mined_v2_complexity,bsc,0,ratio_50,7,13,0.0614334470989761,0.0070796460176991,0.0898079364597744,0.0091239316239316,1.4506880688713863e-05,0.0002257768355775,1.4506880688713863e-05,0.0004713365633506,1.0021517482527996e-05,0.0002257768355775,0.1879209727048874,0.0004713365633506,1.0021517482527996e-05,0.0001242059370269,0.0001242059370269,0.0097391794594206,0.0059790732436472,0.0004799018206540495
paraluni_2022,paraluni_2022__hnc005,paraluni_2022,hard_negative_mined_v2_complexity,bsc,0,ratio_75,10,13,0.0614334470989761,0.0070796460176991,0.088639884194025,0.0141239316239316,0.000388692569686,0.000222311617108,0.000388692569686,0.0009177667670883,0.000288256938802,0.000222311617108,0.2344650030136108,0.0009177667670883,0.000288256938802,0.0002306151000084,0.0002306151000084,0.0096795761441875,0.0059790732436472,0.0009289852459914982
paraluni_2022,paraluni_2022__hnc005,paraluni_2022,hard_negative_mined_v2_complexity,bsc,0,ratio_100,13,13,0.0614334470989761,0.0070796460176991,0.0849593953329792,0.0141239316239316,0.0004294020473025,0.0001777042925823,0.0004294020473025,0.00086809968343,0.0002752893487922,0.0001777042925823,0.1855829358100891,0.00086809968343,0.0002752893487922,0.0002241039765067,0.0002241039765067,0.0088559719040898,0.0059790732436472,0.0008205898338928819
paraluni_2022,paraluni_2022__hnc008,paraluni_2022,hard_negative_mined_v2_complexity,bsc,0,ratio_25,1,1,0.0614334470989761,0.0,0.1162425187090555,0.2085567644950439,0.0604582913219928,0.001936777611263,0.0604582913219928,0.0020268827211111,0.1263502687215805,0.001936777611263,0.0003620500210672,0.0020268827211111,0.1263502687215805,0.0034034547861665,0.0034034547861665,0.0227553654368908,0.0358565737051792,0.15690496563911438
paraluni_2022,paraluni_2022__hnc009,paraluni_2022,hard_negative_mined_v2_complexity,bsc,0,k_2,2,83,0.0614334470989761,0.0070796460176991,0.0736729944820717,0.2463456239041093,0.0100590093061327,0.0641698986291885,0.0100590093061327,0.1004642844200134,0.0104669574648141,0.0641698986291885,0.062595322728157,0.1004642844200134,0.0104669574648141,0.0665429309010505,0.0665429309010505,0.0885476245289714,0.0952380952380952,0.5103480815887451
paraluni_2022,paraluni_2022__hnc009,paraluni_2022,hard_negative_mined_v2_complexity,bsc,0,k_3,3,83,0.0614334470989761,0.0070796460176991,0.0736729944820717,0.2090978581879633,0.0088034877553582,0.0517015792429447,0.0088034877553582,0.0835165828466415,0.0109992194920778,0.0517015792429447,0.0124661913141608,0.0835165828466415,0.0109992194920778,0.0325743742287159,0.0325743742287159,0.0814078262399394,0.0510204081632653,0.8508126735687256
paraluni_2022,paraluni_2022__hnc009,paraluni_2022,hard_negative_mined_v2_complexity,bsc,0,k_5,5,83,0.0614334470989761,0.0070796460176991,0.0736729944820717,0.1594560820573079,0.0079065663740038,0.030849739909172,0.0079065663740038,0.0522774346172809,0.0065235439687967,0.030849739909172,0.047741811722517,0.0522774346172809,0.0065235439687967,0.0227227173745632,0.0227227173745632,0.0666708893333626,0.0510204081632653,0.9490460157394409
paraluni_2022,paraluni_2022__hnc009,paraluni_2022,hard_negative_mined_v2_complexity,bsc,0,k_7,7,83,0.0614334470989761,0.0070796460176991,0.0736729944820717,0.2768218213223611,0.2441158592700958,0.0633325055241584,0.2441158592700958,0.1074923798441886,0.1647168844938278,0.0633325055241584,0.0177149791270494,0.1074923798441886,0.1647168844938278,0.0604778379201889,0.0604778379201889,0.0880949596452118,0.0952380952380952,0.953059196472168
paraluni_2022,paraluni_2022__hnc009,paraluni_2022,hard_negative_mined_v2_complexity,bsc,0,ratio_25,21,83,0.0614334470989761,0.0070796460176991,0.0736729944820717,0.3191935473310657,0.0232815947383642,0.0608792677521705,0.0232815947383642,0.0855582505464553,0.038355678319931,0.0608792677521705,0.0124661913141608,0.0855582505464553,0.038355678319931,0.0310953352600336,0.0310953352600336,0.086748471496271,0.0952380952380952,0.9287804961204529
paraluni_2022,paraluni_2022__hnc009,paraluni_2022,hard_negative_mined_v2_complexity,bsc,0,ratio_50,42,83,0.0614334470989761,0.0070796460176991,0.0736729944820717,0.2340263329769347,0.0092054596170783,0.0422256588935852,0.0092054596170783,0.073627695441246,0.0219329819083213,0.0422256588935852,0.0383568257093429,0.073627695441246,0.0219329819083213,0.0255327820777893,0.0255327820777893,0.0752658394166322,0.0510204081632653,0.7462213039398193
paraluni_2022,paraluni_2022__hnc009,paraluni_2022,hard_negative_mined_v2_complexity,bsc,0,ratio_75,63,83,0.0614334470989761,0.0070796460176991,0.0736729944820717,0.1517992934414706,0.1231104508042335,0.0149425296112895,0.1231104508042335,0.0327109210193157,0.1116306334733963,0.0149425296112895,0.0177149791270494,0.0327109210193157,0.1116306334733963,0.0100358547642827,0.0100358547642827,0.0504031378177507,0.04,0.9356332421302795
paraluni_2022,paraluni_2022__hnc009,paraluni_2022,hard_negative_mined_v2_complexity,bsc,0,ratio_100,83,83,0.0614334470989761,0.0070796460176991,0.0736729944820717,0.1091569215607443,0.0036188852973282,0.0023904093541204,0.0036188852973282,0.0033220867626369,0.0035483541432768,0.0023904093541204,0.0177149791270494,0.0033220867626369,0.0035483541432768,0.001254100468941,0.001254100468941,0.0247122899194824,0.0358565737051792,0.9819685816764832
