trajectory_id,source_id,group_id,kind,chain,label,prefix_label,prefix_len,trajectory_len,oof_prob_B0,oof_prob_B1,oof_prob_B2,oof_prob_B3,oof_prob_M1
ronin_bridge_2022,ronin_bridge_2022,ronin_bridge_2022,positive,eth,1,k_2,2,113,0.05668358714043993,0.0,0.06564231888680856,0.3717111961870811,0.9355851411819458
ronin_bridge_2022,ronin_bridge_2022,ronin_bridge_2022,positive,eth,1,k_3,3,113,0.05668358714043993,0.06060606060606061,0.065025644686968,0.49103017627392537,0.9686912894248962
ronin_bridge_2022,ronin_bridge_2022,ronin_bridge_2022,positive,eth,1,k_5,5,113,0.05668358714043993,0.06060606060606061,0.06453619086558401,0.54297145972915,0.9639726877212524
ronin_bridge_2022,ronin_bridge_2022,ronin_bridge_2022,positive,eth,1,k_7,7,113,0.05668358714043993,0.15151515151515152,0.06485044451948492,0.6839497077758899,0.9966478943824768
ronin_bridge_2022,ronin_bridge_2022,ronin_bridge_2022,positive,eth,1,ratio_25,29,113,0.05668358714043993,0.2878787878787879,0.06405851955388409,0.8718212245081454,0.993003785610199
ronin_bridge_2022,ronin_bridge_2022,ronin_bridge_2022,positive,eth,1,ratio_50,57,113,0.05668358714043993,0.2878787878787879,0.06393555877195088,0.8532351876481205,0.9713922142982483
ronin_bridge_2022,ronin_bridge_2022,ronin_bridge_2022,positive,eth,1,ratio_75,85,113,0.05668358714043993,0.2878787878787879,0.06389365778099879,0.6993801169590642,0.9161105155944824
ronin_bridge_2022,ronin_bridge_2022,ronin_bridge_2022,positive,eth,1,ratio_100,113,113,0.05668358714043993,0.2878787878787879,0.0638725315924016,0.8379517989177759,0.9773882031440735
ronin_benign_control_2022,ronin_benign_control_2022,ronin_bridge_2022,hard_negative_control,eth,0,k_2,2,18,0.05668358714043993,0.015151515151515152,0.06380843838357166,0.18173034330011073,0.206510990858078
ronin_benign_control_2022,ronin_benign_control_2022,ronin_bridge_2022,hard_negative_control,eth,0,k_3,3,18,0.05668358714043993,0.07575757575757576,0.06380843838357166,0.20225964412115882,0.004074533469974995
ronin_benign_control_2022,ronin_benign_control_2022,ronin_bridge_2022,hard_negative_control,eth,0,ratio_25,5,18,0.05668358714043993,0.07575757575757576,0.06380843838357166,0.37005056963012595,0.01856929250061512
ronin_benign_control_2022,ronin_benign_control_2022,ronin_bridge_2022,hard_negative_control,eth,0,k_7,7,18,0.05668358714043993,0.07575757575757576,0.06380843838357166,0.4022043165467626,0.023706186562776566
ronin_benign_control_2022,ronin_benign_control_2022,ronin_bridge_2022,hard_negative_control,eth,0,ratio_50,9,18,0.05668358714043993,0.07575757575757576,0.06380843838357166,0.3522043165467626,0.014371950179338455
ronin_benign_control_2022,ronin_benign_control_2022,ronin_bridge_2022,hard_negative_control,eth,0,ratio_75,14,18,0.05668358714043993,0.15151515151515152,0.06380843838357166,0.5542264851485149,0.11259900778532028
ronin_benign_control_2022,ronin_benign_control_2022,ronin_bridge_2022,hard_negative_control,eth,0,ratio_100,18,18,0.05668358714043993,0.18181818181818182,0.06380843838357166,0.5292264851485149,0.21450887620449066
qbridge_qubit_2022,qbridge_qubit_2022,qbridge_qubit_2022,positive,bsc,1,k_2,2,52,0.06209453197405004,0.08,0.08020096186478894,0.7385997092312409,0.9597967267036438
qbridge_qubit_2022,qbridge_qubit_2022,qbridge_qubit_2022,positive,bsc,1,k_3,3,52,0.06209453197405004,0.1,0.08229377554040297,0.8917319696799093,0.9804000854492188
qbridge_qubit_2022,qbridge_qubit_2022,qbridge_qubit_2022,positive,bsc,1,k_5,5,52,0.06209453197405004,0.14,0.08145074927018961,0.6266176567289802,0.997956395149231
qbridge_qubit_2022,qbridge_qubit_2022,qbridge_qubit_2022,positive,bsc,1,k_7,7,52,0.06209453197405004,0.18,0.08199178677655208,0.6476233917812954,0.9906749129295349
qbridge_qubit_2022,qbridge_qubit_2022,qbridge_qubit_2022,positive,bsc,1,ratio_25,13,52,0.06209453197405004,0.28,0.08213104059916303,0.6810240663643186,0.9977898597717285
qbridge_qubit_2022,qbridge_qubit_2022,qbridge_qubit_2022,positive,bsc,1,ratio_50,26,52,0.06209453197405004,0.52,0.08164459249666563,0.9745140493640136,0.9998682737350464
qbridge_qubit_2022,qbridge_qubit_2022,qbridge_qubit_2022,positive,bsc,1,ratio_75,39,52,0.06209453197405004,0.94,0.08148302732285559,0.9898640493640136,0.999840497970581
qbridge_qubit_2022,qbridge_qubit_2022,qbridge_qubit_2022,positive,bsc,1,ratio_100,52,52,0.06209453197405004,1.0,0.08128148059843177,0.9748640493640136,0.999618649482727
feg_bridge_2024,feg_bridge_2024,feg_bridge_2024,positive,eth,1,k_2,2,9,0.05582137161084529,0.06060606060606061,0.11864898098070115,0.1802254730530256,0.008867025375366211
feg_bridge_2024,feg_bridge_2024,feg_bridge_2024,positive,eth,1,ratio_25,3,9,0.05582137161084529,0.06060606060606061,0.11864898098070115,0.19128851562676139,0.0009611396817490458
feg_bridge_2024,feg_bridge_2024,feg_bridge_2024,positive,eth,1,ratio_50,5,9,0.05582137161084529,0.06060606060606061,0.11864898098070115,0.05907162370915624,2.2202184482011944e-05
feg_bridge_2024,feg_bridge_2024,feg_bridge_2024,positive,eth,1,ratio_75,7,9,0.05582137161084529,0.06060606060606061,0.11864898098070115,0.016460886768036746,1.4455755263043102e-05
feg_bridge_2024,feg_bridge_2024,feg_bridge_2024,positive,eth,1,ratio_100,9,9,0.05582137161084529,0.06060606060606061,0.11864898098070115,0.006707484599962997,5.939283801126294e-05
deltaprime_arbitrum_2024,deltaprime_arbitrum_2024,deltaprime_arbitrum_2024,positive,arbitrum,1,ratio_25,2,5,0.06179286335944299,0.06060606060606061,0.07005226170772745,0.23702176577008335,0.0433434322476387
deltaprime_arbitrum_2024,deltaprime_arbitrum_2024,deltaprime_arbitrum_2024,positive,arbitrum,1,ratio_50,3,5,0.06179286335944299,0.07575757575757576,0.07005226170772745,0.30548176891889894,0.27486708760261536
deltaprime_arbitrum_2024,deltaprime_arbitrum_2024,deltaprime_arbitrum_2024,positive,arbitrum,1,ratio_75,4,5,0.06179286335944299,0.09090909090909091,0.07005226170772745,0.532412995034571,0.940864086151123
deltaprime_arbitrum_2024,deltaprime_arbitrum_2024,deltaprime_arbitrum_2024,positive,arbitrum,1,ratio_100,5,5,0.06179286335944299,0.13636363636363635,0.05488900472997342,0.8232264523029391,0.9997959733009338
bsc_token_hub_2022,bsc_token_hub_2022,bsc_token_hub_2022,positive,bsc,1,k_2,2,74,0.059082892416225746,0.06060606060606061,0.08644974446181479,0.18585609969677302,0.053179141134023666
bsc_token_hub_2022,bsc_token_hub_2022,bsc_token_hub_2022,positive,bsc,1,k_3,3,74,0.059082892416225746,0.06060606060606061,0.08644974446181479,0.07958035596987481,0.007065116427838802
bsc_token_hub_2022,bsc_token_hub_2022,bsc_token_hub_2022,positive,bsc,1,k_5,5,74,0.059082892416225746,0.06060606060606061,0.08264186345512868,0.23404004328376826,0.01527020987123251
bsc_token_hub_2022,bsc_token_hub_2022,bsc_token_hub_2022,positive,bsc,1,k_7,7,74,0.059082892416225746,0.06060606060606061,0.08070244509247326,0.24689656553941763,0.02027728594839573
bsc_token_hub_2022,bsc_token_hub_2022,bsc_token_hub_2022,positive,bsc,1,ratio_25,19,74,0.059082892416225746,0.3939393939393939,0.07888965929017915,0.7744897959183673,0.9956297874450684
bsc_token_hub_2022,bsc_token_hub_2022,bsc_token_hub_2022,positive,bsc,1,ratio_50,37,74,0.059082892416225746,0.3939393939393939,0.07748855150037942,0.8843246320067516,0.996729850769043
bsc_token_hub_2022,bsc_token_hub_2022,bsc_token_hub_2022,positive,bsc,1,ratio_75,56,74,0.059082892416225746,0.3939393939393939,0.0769923331946888,0.8943246320067516,0.993071973323822
bsc_token_hub_2022,bsc_token_hub_2022,bsc_token_hub_2022,positive,bsc,1,ratio_100,74,74,0.059082892416225746,0.48484848484848486,0.07701455021422658,0.873569796805541,0.9892182350158691
qbridge_benign_control_2022,qbridge_benign_control_2022,qbridge_qubit_2022,hard_negative_control,bsc,0,ratio_25,1,1,0.06209453197405004,0.0,0.08020096186478894,0.0,1.938685636559967e-05
feg_benign_control_2024,feg_benign_control_2024,feg_bridge_2024,hard_negative_control,eth,0,ratio_25,1,1,0.05582137161084529,0.0,0.11864898098070115,0.0,7.30239389667986e-06
deltaprime_benign_control_2024,deltaprime_benign_control_2024,deltaprime_arbitrum_2024,hard_negative_control,arbitrum,0,ratio_25,1,1,0.06179286335944299,0.030303030303030304,0.020106528330673664,0.0,3.237088822061196e-05
bsc_token_hub_benign_control_2022,bsc_token_hub_benign_control_2022,bsc_token_hub_2022,hard_negative_control,bsc,0,ratio_25,1,1,0.059082892416225746,0.0,0.07841404512717061,0.0,0.0001390542311128229
chibi_finance_2023,chibi_finance_2023,chibi_finance_2023,positive,arbitrum,1,k_2,2,16,0.05429497568881685,0.015151515151515152,0.05955055826352761,0.8249733391893027,0.9902487397193909
chibi_finance_2023,chibi_finance_2023,chibi_finance_2023,positive,arbitrum,1,k_3,3,16,0.05429497568881685,0.09090909090909091,0.05955055826352761,0.48087083999600255,0.8659150004386902
chibi_finance_2023,chibi_finance_2023,chibi_finance_2023,positive,arbitrum,1,ratio_25,4,16,0.05429497568881685,0.16666666666666666,0.05955055826352761,0.5159358562571817,0.9682014584541321
chibi_finance_2023,chibi_finance_2023,chibi_finance_2023,positive,arbitrum,1,k_5,5,16,0.05429497568881685,0.16666666666666666,0.05955055826352761,0.5076398417644281,0.9463052153587341
chibi_finance_2023,chibi_finance_2023,chibi_finance_2023,positive,arbitrum,1,k_7,7,16,0.05429497568881685,0.2878787878787879,0.05023688467074216,0.9226845732038065,0.9956811666488647
chibi_finance_2023,chibi_finance_2023,chibi_finance_2023,positive,arbitrum,1,ratio_50,8,16,0.05429497568881685,0.3787878787878788,0.04417519344205972,0.9045884949267413,0.9978196620941162
chibi_finance_2023,chibi_finance_2023,chibi_finance_2023,positive,arbitrum,1,ratio_75,12,16,0.05429497568881685,0.7121212121212122,0.050454565066552874,0.999355456533201,0.9947080612182617
chibi_finance_2023,chibi_finance_2023,chibi_finance_2023,positive,arbitrum,1,ratio_100,16,16,0.05429497568881685,0.7575757575757576,0.05259699028181657,0.9743569809234449,0.9840339422225952
wooppv2_2024,wooppv2_2024,wooppv2_2024,positive,arbitrum,1,ratio_25,2,6,0.05693664795509222,0.06060606060606061,0.0559913172835078,0.4867480616691722,0.003691204125061631
wooppv2_2024,wooppv2_2024,wooppv2_2024,positive,arbitrum,1,ratio_50,3,6,0.05693664795509222,0.06060606060606061,0.0559913172835078,0.25878349988510047,0.006000207271426916
wooppv2_2024,wooppv2_2024,wooppv2_2024,positive,arbitrum,1,ratio_75,5,6,0.05693664795509222,0.10606060606060606,0.0444406035038041,0.29735479832533573,0.03573429957032204
wooppv2_2024,wooppv2_2024,wooppv2_2024,positive,arbitrum,1,ratio_100,6,6,0.05693664795509222,0.10606060606060606,0.03804200614462678,0.2897858513990257,0.04984838888049126
utopiasphere_2024,utopiasphere_2024,utopiasphere_2024,positive,bsc,1,k_2,2,17,0.05506072874493927,0.015151515151515152,0.06410045562666511,0.8647467285918151,0.8410174250602722
utopiasphere_2024,utopiasphere_2024,utopiasphere_2024,positive,bsc,1,k_3,3,17,0.05506072874493927,0.09090909090909091,0.06410045562666511,0.763707947564181,0.9237548112869263
utopiasphere_2024,utopiasphere_2024,utopiasphere_2024,positive,bsc,1,ratio_25,5,17,0.05506072874493927,0.16666666666666666,0.06410045562666511,0.9590968366087315,0.9996998310089111
utopiasphere_2024,utopiasphere_2024,utopiasphere_2024,positive,bsc,1,k_7,7,17,0.05506072874493927,0.21212121212121213,0.04154677902163866,0.9888452481816767,0.9995300769805908
utopiasphere_2024,utopiasphere_2024,utopiasphere_2024,positive,bsc,1,ratio_50,9,17,0.05506072874493927,0.21212121212121213,0.03252639083158544,0.9888452481816767,0.9995061159133911
utopiasphere_2024,utopiasphere_2024,utopiasphere_2024,positive,bsc,1,ratio_75,13,17,0.05506072874493927,0.21212121212121213,0.024932832310883,0.9791227153538807,0.9976083040237427
utopiasphere_2024,utopiasphere_2024,utopiasphere_2024,positive,bsc,1,ratio_100,17,17,0.05506072874493927,0.4696969696969697,0.023910424056525843,0.9993950888947367,0.9945822358131409
xkingdom_2024,xkingdom_2024,xkingdom_2024,positive,arbitrum,1,k_2,2,13,0.05501618122977346,0.10606060606060606,0.033083319888098754,0.667744043944838,0.43424689769744873
xkingdom_2024,xkingdom_2024,xkingdom_2024,positive,arbitrum,1,k_3,3,13,0.05501618122977346,0.10606060606060606,0.04402463672047916,0.8655701221740789,0.9892362952232361
xkingdom_2024,xkingdom_2024,xkingdom_2024,positive,arbitrum,1,ratio_25,4,13,0.05501618122977346,0.10606060606060606,0.050717637708206455,0.8424740002162473,0.7388041019439697
xkingdom_2024,xkingdom_2024,xkingdom_2024,positive,arbitrum,1,k_5,5,13,0.05501618122977346,0.10606060606060606,0.05518476621434011,0.7381694408552874,0.5598259568214417
xkingdom_2024,xkingdom_2024,xkingdom_2024,positive,arbitrum,1,ratio_50,7,13,0.05501618122977346,0.10606060606060606,0.058944046210417635,0.8996833901222842,0.8358721137046814
xkingdom_2024,xkingdom_2024,xkingdom_2024,positive,arbitrum,1,ratio_75,10,13,0.05501618122977346,0.2727272727272727,0.06257291028121299,0.9846798554984347,0.9998038411140442
xkingdom_2024,xkingdom_2024,xkingdom_2024,positive,arbitrum,1,ratio_100,13,13,0.05501618122977346,0.2727272727272727,0.0656606836026548,0.9878188758806737,0.9994926452636719
wault_finance_2021,wault_finance_2021,wault_finance_2021,positive,bsc,1,k_2,2,15,0.058771929824561406,0.07575757575757576,0.06988177473694294,0.40384665036224177,0.04734455421566963
wault_finance_2021,wault_finance_2021,wault_finance_2021,positive,bsc,1,k_3,3,15,0.058771929824561406,0.09090909090909091,0.06591292343626784,0.5466654627655863,0.02488698624074459
wault_finance_2021,wault_finance_2021,wault_finance_2021,positive,bsc,1,ratio_25,4,15,0.058771929824561406,0.10606060606060606,0.06988177473694294,0.38226101182303074,0.015873128548264503
wault_finance_2021,wault_finance_2021,wault_finance_2021,positive,bsc,1,k_5,5,15,0.058771929824561406,0.12121212121212122,0.06747468495695427,0.45856467498848485,0.0044241840951144695
wault_finance_2021,wault_finance_2021,wault_finance_2021,positive,bsc,1,k_7,7,15,0.058771929824561406,0.15151515151515152,0.06815446558890224,0.8730849518442865,0.9917439818382263
wault_finance_2021,wault_finance_2021,wault_finance_2021,positive,bsc,1,ratio_50,8,15,0.058771929824561406,0.21212121212121213,0.06688504174445539,0.9637362171331637,0.9911726117134094
wault_finance_2021,wault_finance_2021,wault_finance_2021,positive,bsc,1,ratio_75,12,15,0.058771929824561406,0.2878787878787879,0.06988177473694294,0.42091727914685106,0.369613915681839
wault_finance_2021,wault_finance_2021,wault_finance_2021,positive,bsc,1,ratio_100,15,15,0.058771929824561406,0.3181818181818182,0.0690707150349225,0.555,0.8735752701759338
paraluni_2022,paraluni_2022,paraluni_2022,positive,bsc,1,k_2,2,24,0.058260869565217394,0.06060606060606061,0.06855531755787685,0.08971542666513944,0.0006949552334845066
paraluni_2022,paraluni_2022,paraluni_2022,positive,bsc,1,k_3,3,24,0.058260869565217394,0.06060606060606061,0.06855531755787685,0.03192969149905304,0.0005076888483017683
paraluni_2022,paraluni_2022,paraluni_2022,positive,bsc,1,k_5,5,24,0.058260869565217394,0.07575757575757576,0.06855531755787685,0.1351367646026743,0.0006419405108317733
paraluni_2022,paraluni_2022,paraluni_2022,positive,bsc,1,ratio_25,6,24,0.058260869565217394,0.09090909090909091,0.06855531755787685,0.09586512688613529,0.000317514524795115
paraluni_2022,paraluni_2022,paraluni_2022,positive,bsc,1,k_7,7,24,0.058260869565217394,0.10606060606060606,0.06855531755787685,0.19398986979582386,0.0012752466136589646
paraluni_2022,paraluni_2022,paraluni_2022,positive,bsc,1,ratio_50,12,24,0.058260869565217394,0.2878787878787879,0.06855531755787685,0.8738872734842785,0.9875112771987915
paraluni_2022,paraluni_2022,paraluni_2022,positive,bsc,1,ratio_75,18,24,0.058260869565217394,0.36363636363636365,0.07082407603010082,0.8985062944347466,0.9991497993469238
paraluni_2022,paraluni_2022,paraluni_2022,positive,bsc,1,ratio_100,24,24,0.058260869565217394,0.4393939393939394,0.07111250035657196,0.8988997513794084,0.9985222220420837
ronin_bridge_2022,ronin_bridge_2022__hn000,ronin_bridge_2022,hard_negative_mined,eth,0,ratio_25,1,1,0.05668358714043993,0.030303030303030304,0.02034339200047519,0.0,5.043338387622498e-05
ronin_bridge_2022,ronin_bridge_2022__hn001,ronin_bridge_2022,hard_negative_mined,eth,0,ratio_25,1,1,0.05668358714043993,0.0,0.06380843838357166,0.0,1.9353936295374297e-05
ronin_bridge_2022,ronin_bridge_2022__hn002,ronin_bridge_2022,hard_negative_mined,eth,0,ratio_25,1,1,0.05668358714043993,0.030303030303030304,0.02034339200047519,0.0,5.043338387622498e-05
ronin_bridge_2022,ronin_bridge_2022__hn003,ronin_bridge_2022,hard_negative_mined,eth,0,ratio_25,1,4,0.05668358714043993,0.030303030303030304,0.02034339200047519,0.0,0.0001963265531230718
ronin_bridge_2022,ronin_bridge_2022__hn003,ronin_bridge_2022,hard_negative_mined,eth,0,ratio_50,2,4,0.05668358714043993,0.09090909090909091,0.036257065546133206,0.011020234520234519,0.0001300380245083943
ronin_bridge_2022,ronin_bridge_2022__hn003,ronin_bridge_2022,hard_negative_mined,eth,0,ratio_75,3,4,0.05668358714043993,0.09090909090909091,0.04385146673557542,0.03603174603174603,0.000248153432039544
ronin_bridge_2022,ronin_bridge_2022__hn003,ronin_bridge_2022,hard_negative_mined,eth,0,ratio_100,4,4,0.05668358714043993,0.09090909090909091,0.04819694527148033,0.031031746031746032,0.0002888938470277935
ronin_bridge_2022,ronin_bridge_2022__hn004,ronin_bridge_2022,hard_negative_mined,eth,0,ratio_25,1,1,0.05668358714043993,0.030303030303030304,0.02034339200047519,0.0,5.043338387622498e-05
ronin_bridge_2022,ronin_bridge_2022__hn005,ronin_bridge_2022,hard_negative_mined,eth,0,ratio_25,1,1,0.05668358714043993,0.030303030303030304,0.02034339200047519,0.0,5.043338387622498e-05
ronin_bridge_2022,ronin_bridge_2022__hn006,ronin_bridge_2022,hard_negative_mined,eth,0,ratio_25,1,1,0.05668358714043993,0.030303030303030304,0.02034339200047519,0.0,5.043338387622498e-05
ronin_bridge_2022,ronin_bridge_2022__hn007,ronin_bridge_2022,hard_negative_mined,eth,0,ratio_25,1,4,0.05668358714043993,0.0,0.06380843838357166,0.0,0.00011015099153155461
ronin_bridge_2022,ronin_bridge_2022__hn007,ronin_bridge_2022,hard_negative_mined,eth,0,ratio_50,2,4,0.05668358714043993,0.0,0.06380843838357166,0.015,0.0011662262259051204
ronin_bridge_2022,ronin_bridge_2022__hn007,ronin_bridge_2022,hard_negative_mined,eth,0,ratio_75,3,4,0.05668358714043993,0.06060606060606061,0.06380843838357166,0.017550641591178497,5.752704237238504e-05
ronin_bridge_2022,ronin_bridge_2022__hn007,ronin_bridge_2022,hard_negative_mined,eth,0,ratio_100,4,4,0.05668358714043993,0.12121212121212122,0.06380843838357166,0.10416005291005291,0.004673178307712078
ronin_bridge_2022,ronin_bridge_2022__hn008,ronin_bridge_2022,hard_negative_mined,eth,0,ratio_25,1,1,0.05668358714043993,0.030303030303030304,0.02034339200047519,0.0,5.043338387622498e-05
ronin_bridge_2022,ronin_bridge_2022__hn009,ronin_bridge_2022,hard_negative_mined,eth,0,ratio_25,1,1,0.05668358714043993,0.030303030303030304,0.02034339200047519,0.0,5.043338387622498e-05
ronin_bridge_2022,ronin_bridge_2022__hn010,ronin_bridge_2022,hard_negative_mined,eth,0,ratio_25,1,2,0.05668358714043993,0.030303030303030304,0.02034339200047519,0.0,5.642787800752558e-05
ronin_bridge_2022,ronin_bridge_2022__hn010,ronin_bridge_2022,hard_negative_mined,eth,0,ratio_75,2,2,0.05668358714043993,0.09090909090909091,0.02034339200047519,0.06593971751347621,0.0014386324910447001
ronin_bridge_2022,ronin_bridge_2022__hn011,ronin_bridge_2022,hard_negative_mined,eth,0,ratio_25,1,1,0.05668358714043993,0.0,0.06380843838357166,0.0,1.9353936295374297e-05
ronin_bridge_2022,ronin_bridge_2022__hn012,ronin_bridge_2022,hard_negative_mined,eth,0,ratio_25,1,3,0.05668358714043993,0.0,0.06380843838357166,0.004329896907216495,0.000714243040420115
ronin_bridge_2022,ronin_bridge_2022__hn012,ronin_bridge_2022,hard_negative_mined,eth,0,ratio_50,2,3,0.05668358714043993,0.015151515151515152,0.06380843838357166,0.4743505478450083,0.9872127175331116
ronin_bridge_2022,ronin_bridge_2022__hn012,ronin_bridge_2022,hard_negative_mined,eth,0,ratio_75,3,3,0.05668358714043993,0.07575757575757576,0.06380843838357166,0.5636783564421893,0.9798640012741089
ronin_bridge_2022,ronin_bridge_2022__hn013,ronin_bridge_2022,hard_negative_mined,eth,0,ratio_25,1,2,0.05668358714043993,0.030303030303030304,0.02034339200047519,0.0,5.642787800752558e-05
ronin_bridge_2022,ronin_bridge_2022__hn013,ronin_bridge_2022,hard_negative_mined,eth,0,ratio_75,2,2,0.05668358714043993,0.09090909090909091,0.02034339200047519,0.04143971751347623,0.00048721281928010285
ronin_bridge_2022,ronin_bridge_2022__hn014,ronin_bridge_2022,hard_negative_mined,eth,0,ratio_25,1,1,0.05668358714043993,0.0,0.06380843838357166,0.01,2.2617845388595015e-05
ronin_bridge_2022,ronin_bridge_2022__hn016,ronin_bridge_2022,hard_negative_mined,eth,0,ratio_25,1,1,0.05668358714043993,0.030303030303030304,0.02034339200047519,0.0,5.043338387622498e-05
ronin_bridge_2022,ronin_bridge_2022__hn017,ronin_bridge_2022,hard_negative_mined,eth,0,ratio_25,1,1,0.05668358714043993,0.030303030303030304,0.02034339200047519,0.0,0.0001589625171618536
ronin_bridge_2022,ronin_bridge_2022__hn018,ronin_bridge_2022,hard_negative_mined,eth,0,ratio_25,1,1,0.05668358714043993,0.030303030303030304,0.02034339200047519,0.0,5.043338387622498e-05
ronin_bridge_2022,ronin_bridge_2022__hn019,ronin_bridge_2022,hard_negative_mined,eth,0,ratio_25,1,1,0.05668358714043993,0.030303030303030304,0.02034339200047519,0.0,5.043338387622498e-05
ronin_bridge_2022,ronin_bridge_2022__hn020,ronin_bridge_2022,hard_negative_mined,eth,0,ratio_25,1,1,0.05668358714043993,0.0,0.06752510427937007,0.0,4.9937621952267364e-05
ronin_bridge_2022,ronin_bridge_2022__hn021,ronin_bridge_2022,hard_negative_mined,eth,0,ratio_25,1,3,0.05668358714043993,0.0,0.06380843838357166,0.0,8.508021710440516e-05
ronin_bridge_2022,ronin_bridge_2022__hn021,ronin_bridge_2022,hard_negative_mined,eth,0,ratio_50,2,3,0.05668358714043993,0.06060606060606061,0.06380843838357166,0.10853297231520634,0.0011148980120196939
ronin_bridge_2022,ronin_bridge_2022__hn021,ronin_bridge_2022,hard_negative_mined,eth,0,ratio_75,3,3,0.05668358714043993,0.06060606060606061,0.06380843838357166,0.06792496843188117,0.0008418469224125147
ronin_bridge_2022,ronin_bridge_2022__hn022,ronin_bridge_2022,hard_negative_mined,eth,0,ratio_25,1,1,0.05668358714043993,0.030303030303030304,0.02034339200047519,0.0,5.043338387622498e-05
ronin_bridge_2022,ronin_bridge_2022__hn024,ronin_bridge_2022,hard_negative_mined,eth,0,ratio_25,1,1,0.05668358714043993,0.030303030303030304,0.02034339200047519,0.0,5.043338387622498e-05
ronin_bridge_2022,ronin_bridge_2022__hn025,ronin_bridge_2022,hard_negative_mined,eth,0,ratio_25,1,1,0.05668358714043993,0.030303030303030304,0.02034339200047519,0.0,5.043338387622498e-05
ronin_bridge_2022,ronin_bridge_2022__hn026,ronin_bridge_2022,hard_negative_mined,eth,0,ratio_25,1,2,0.05668358714043993,0.030303030303030304,0.02034339200047519,0.0,5.642787800752558e-05
ronin_bridge_2022,ronin_bridge_2022__hn026,ronin_bridge_2022,hard_negative_mined,eth,0,ratio_75,2,2,0.05668358714043993,0.09090909090909091,0.036257065546133206,0.028613964234310837,0.00041372174746356905
ronin_bridge_2022,ronin_bridge_2022__hn027,ronin_bridge_2022,hard_negative_mined,eth,0,ratio_25,1,1,0.05668358714043993,0.030303030303030304,0.02034339200047519,0.005,6.847005715826526e-05
ronin_bridge_2022,ronin_bridge_2022__hn028,ronin_bridge_2022,hard_negative_mined,eth,0,ratio_25,1,1,0.05668358714043993,0.030303030303030304,0.02034339200047519,0.0,5.043338387622498e-05
ronin_bridge_2022,ronin_bridge_2022__hn030,ronin_bridge_2022,hard_negative_mined,eth,0,ratio_25,1,1,0.05668358714043993,0.030303030303030304,0.02034339200047519,0.0,5.043338387622498e-05
ronin_bridge_2022,ronin_bridge_2022__hn031,ronin_bridge_2022,hard_negative_mined,eth,0,ratio_25,1,1,0.05668358714043993,0.030303030303030304,0.02034339200047519,0.0,5.043338387622498e-05
ronin_bridge_2022,ronin_bridge_2022__hn032,ronin_bridge_2022,hard_negative_mined,eth,0,ratio_25,1,1,0.05668358714043993,0.030303030303030304,0.02034339200047519,0.0,5.043338387622498e-05
ronin_bridge_2022,ronin_bridge_2022__hn033,ronin_bridge_2022,hard_negative_mined,eth,0,ratio_25,1,3,0.05668358714043993,0.030303030303030304,0.02034339200047519,0.0,0.0001963265531230718
ronin_bridge_2022,ronin_bridge_2022__hn033,ronin_bridge_2022,hard_negative_mined,eth,0,ratio_50,2,3,0.05668358714043993,0.09090909090909091,0.02034339200047519,0.04819394920685178,0.00017786126409191638
ronin_bridge_2022,ronin_bridge_2022__hn033,ronin_bridge_2022,hard_negative_mined,eth,0,ratio_75,3,3,0.05668358714043993,0.09090909090909091,0.029936718548262693,0.16984668041721512,0.00023961924307513982
ronin_bridge_2022,ronin_bridge_2022__hn034,ronin_bridge_2022,hard_negative_mined,eth,0,ratio_25,1,2,0.05668358714043993,0.030303030303030304,0.02034339200047519,0.0,5.642787800752558e-05
ronin_bridge_2022,ronin_bridge_2022__hn034,ronin_bridge_2022,hard_negative_mined,eth,0,ratio_75,2,2,0.05668358714043993,0.09090909090909091,0.02034339200047519,0.10075930929738107,0.00045725033851340413
ronin_bridge_2022,ronin_bridge_2022__hn035,ronin_bridge_2022,hard_negative_mined,eth,0,ratio_25,1,1,0.05668358714043993,0.030303030303030304,0.02034339200047519,0.0,5.043338387622498e-05
ronin_bridge_2022,ronin_bridge_2022__hn037,ronin_bridge_2022,hard_negative_mined,eth,0,ratio_25,1,1,0.05668358714043993,0.030303030303030304,0.02034339200047519,0.0,5.043338387622498e-05
ronin_bridge_2022,ronin_bridge_2022__hn038,ronin_bridge_2022,hard_negative_mined,eth,0,ratio_25,1,1,0.05668358714043993,0.030303030303030304,0.02034339200047519,0.0,6.847005715826526e-05
ronin_bridge_2022,ronin_bridge_2022__hn039,ronin_bridge_2022,hard_negative_mined,eth,0,ratio_25,1,1,0.05668358714043993,0.030303030303030304,0.02034339200047519,0.0,6.847005715826526e-05
ronin_bridge_2022,ronin_bridge_2022__hn040,ronin_bridge_2022,hard_negative_mined,eth,0,ratio_25,1,1,0.05668358714043993,0.030303030303030304,0.02034339200047519,0.0,5.043338387622498e-05
ronin_bridge_2022,ronin_bridge_2022__hn041,ronin_bridge_2022,hard_negative_mined,eth,0,ratio_25,1,3,0.05668358714043993,0.030303030303030304,0.02034339200047519,0.0,0.0001963265531230718
ronin_bridge_2022,ronin_bridge_2022__hn041,ronin_bridge_2022,hard_negative_mined,eth,0,ratio_50,2,3,0.05668358714043993,0.09090909090909091,0.02034339200047519,0.07717277184388625,0.00039839308010414243
ronin_bridge_2022,ronin_bridge_2022__hn041,ronin_bridge_2022,hard_negative_mined,eth,0,ratio_75,3,3,0.05668358714043993,0.09090909090909091,0.02034339200047519,0.040516934046345814,0.0021139131858944893
ronin_bridge_2022,ronin_bridge_2022__hn042,ronin_bridge_2022,hard_negative_mined,eth,0,ratio_25,1,1,0.05668358714043993,0.030303030303030304,0.02034339200047519,0.0,5.043338387622498e-05
ronin_bridge_2022,ronin_bridge_2022__hn043,ronin_bridge_2022,hard_negative_mined,eth,0,ratio_25,1,1,0.05668358714043993,0.030303030303030304,0.02034339200047519,0.0,5.043338387622498e-05
ronin_bridge_2022,ronin_bridge_2022__hn044,ronin_bridge_2022,hard_negative_mined,eth,0,ratio_25,1,2,0.05668358714043993,0.030303030303030304,0.02034339200047519,0.0,5.642787800752558e-05
ronin_bridge_2022,ronin_bridge_2022__hn044,ronin_bridge_2022,hard_negative_mined,eth,0,ratio_75,2,2,0.05668358714043993,0.09090909090909091,0.036257065546133206,0.0067556842556842555,9.194460290018469e-05
ronin_bridge_2022,ronin_bridge_2022__hn045,ronin_bridge_2022,hard_negative_mined,eth,0,ratio_25,1,1,0.05668358714043993,0.030303030303030304,0.02034339200047519,0.0,5.043338387622498e-05
ronin_bridge_2022,ronin_bridge_2022__hn046,ronin_bridge_2022,hard_negative_mined,eth,0,ratio_25,1,1,0.05668358714043993,0.030303030303030304,0.02034339200047519,0.0,5.043338387622498e-05
ronin_bridge_2022,ronin_bridge_2022__hn047,ronin_bridge_2022,hard_negative_mined,eth,0,ratio_25,1,1,0.05668358714043993,0.0,0.06380843838357166,0.0,3.706752977450378e-05
ronin_bridge_2022,ronin_bridge_2022__hn048,ronin_bridge_2022,hard_negative_mined,eth,0,ratio_25,1,1,0.05668358714043993,0.0,0.06380843838357166,0.0,1.9353936295374297e-05
ronin_bridge_2022,ronin_bridge_2022__hn049,ronin_bridge_2022,hard_negative_mined,eth,0,ratio_25,1,3,0.05668358714043993,0.030303030303030304,0.02034339200047519,0.0,0.0001963265531230718
ronin_bridge_2022,ronin_bridge_2022__hn049,ronin_bridge_2022,hard_negative_mined,eth,0,ratio_50,2,3,0.05668358714043993,0.09090909090909091,0.02034339200047519,0.05978586551437606,0.0016816090792417526
ronin_bridge_2022,ronin_bridge_2022__hn049,ronin_bridge_2022,hard_negative_mined,eth,0,ratio_75,3,3,0.05668358714043993,0.09090909090909091,0.029936718548262693,0.002936507936507936,0.00015801965491846204
ronin_bridge_2022,ronin_bridge_2022__hn050,ronin_bridge_2022,hard_negative_mined,eth,0,ratio_25,1,1,0.05668358714043993,0.030303030303030304,0.02034339200047519,0.0,0.0001589625171618536
ronin_bridge_2022,ronin_bridge_2022__hn051,ronin_bridge_2022,hard_negative_mined,eth,0,ratio_25,1,2,0.05668358714043993,0.030303030303030304,0.02034339200047519,0.0,5.642787800752558e-05
ronin_bridge_2022,ronin_bridge_2022__hn051,ronin_bridge_2022,hard_negative_mined,eth,0,ratio_75,2,2,0.05668358714043993,0.09090909090909091,0.036257065546133206,0.030544593481904588,0.00077539321500808
ronin_bridge_2022,ronin_bridge_2022__hn052,ronin_bridge_2022,hard_negative_mined,eth,0,ratio_25,1,1,0.05668358714043993,0.030303030303030304,0.02034339200047519,0.0,5.043338387622498e-05
ronin_bridge_2022,ronin_bridge_2022__hn054,ronin_bridge_2022,hard_negative_mined,eth,0,ratio_25,1,1,0.05668358714043993,0.030303030303030304,0.02034339200047519,0.0,5.043338387622498e-05
ronin_bridge_2022,ronin_bridge_2022__hn055,ronin_bridge_2022,hard_negative_mined,eth,0,ratio_25,1,2,0.05668358714043993,0.030303030303030304,0.02034339200047519,0.0,5.642787800752558e-05
ronin_bridge_2022,ronin_bridge_2022__hn055,ronin_bridge_2022,hard_negative_mined,eth,0,ratio_75,2,2,0.05668358714043993,0.09090909090909091,0.036257065546133206,0.005448412698412699,0.00023778963077347726
ronin_bridge_2022,ronin_bridge_2022__hn056,ronin_bridge_2022,hard_negative_mined,eth,0,ratio_25,1,1,0.05668358714043993,0.030303030303030304,0.02034339200047519,0.0,0.0011214750120416284
ronin_bridge_2022,ronin_bridge_2022__hn057,ronin_bridge_2022,hard_negative_mined,eth,0,ratio_25,1,1,0.05668358714043993,0.0,0.06380843838357166,0.0,0.0009056786075234413
ronin_bridge_2022,ronin_bridge_2022__hn058,ronin_bridge_2022,hard_negative_mined,eth,0,ratio_25,1,1,0.05668358714043993,0.030303030303030304,0.02034339200047519,0.0,5.043338387622498e-05
ronin_bridge_2022,ronin_bridge_2022__hn059,ronin_bridge_2022,hard_negative_mined,eth,0,ratio_25,1,1,0.05668358714043993,0.030303030303030304,0.02034339200047519,0.0,5.043338387622498e-05
ronin_bridge_2022,ronin_bridge_2022__hn060,ronin_bridge_2022,hard_negative_mined,eth,0,ratio_25,1,1,0.05668358714043993,0.030303030303030304,0.02034339200047519,0.0,5.043338387622498e-05
ronin_bridge_2022,ronin_bridge_2022__hn061,ronin_bridge_2022,hard_negative_mined,eth,0,ratio_25,1,1,0.05668358714043993,0.0,0.06380843838357166,0.0,2.2617845388595015e-05
ronin_bridge_2022,ronin_bridge_2022__hn062,ronin_bridge_2022,hard_negative_mined,eth,0,ratio_25,1,2,0.05668358714043993,0.0,0.06380843838357166,0.004329896907216495,0.0016294236993417144
ronin_bridge_2022,ronin_bridge_2022__hn062,ronin_bridge_2022,hard_negative_mined,eth,0,ratio_75,2,2,0.05668358714043993,0.06060606060606061,0.06380843838357166,0.08114048440116112,0.0109499366953969
ronin_bridge_2022,ronin_bridge_2022__hn063,ronin_bridge_2022,hard_negative_mined,eth,0,ratio_25,1,1,0.05668358714043993,0.0,0.06380843838357166,0.0,1.9353936295374297e-05
ronin_bridge_2022,ronin_bridge_2022__hn064,ronin_bridge_2022,hard_negative_mined,eth,0,ratio_25,1,1,0.05668358714043993,0.030303030303030304,0.02034339200047519,0.0,5.043338387622498e-05
ronin_bridge_2022,ronin_bridge_2022__hn065,ronin_bridge_2022,hard_negative_mined,eth,0,ratio_25,1,1,0.05668358714043993,0.030303030303030304,0.02034339200047519,0.0,5.043338387622498e-05
ronin_bridge_2022,ronin_bridge_2022__hn066,ronin_bridge_2022,hard_negative_mined,eth,0,ratio_25,1,2,0.05668358714043993,0.0,0.06380843838357166,0.0,2.7492764274938963e-05
ronin_bridge_2022,ronin_bridge_2022__hn066,ronin_bridge_2022,hard_negative_mined,eth,0,ratio_75,2,2,0.05668358714043993,0.06060606060606061,0.06380843838357166,0.015501670843776107,0.00022807983623351902
ronin_bridge_2022,ronin_bridge_2022__hn067,ronin_bridge_2022,hard_negative_mined,eth,0,ratio_25,1,1,0.05668358714043993,0.030303030303030304,0.02034339200047519,0.0,5.043338387622498e-05
ronin_bridge_2022,ronin_bridge_2022__hn068,ronin_bridge_2022,hard_negative_mined,eth,0,ratio_25,1,3,0.05668358714043993,0.0,0.06752510427937007,0.0,0.0001816526346374303
ronin_bridge_2022,ronin_bridge_2022__hn068,ronin_bridge_2022,hard_negative_mined,eth,0,ratio_50,2,3,0.05668358714043993,0.06060606060606061,0.06752510427937007,0.058724604450966764,0.0008587798802182078
ronin_bridge_2022,ronin_bridge_2022__hn068,ronin_bridge_2022,hard_negative_mined,eth,0,ratio_75,3,3,0.05668358714043993,0.07575757575757576,0.06626442686572731,0.05504472385969314,0.007619616109877825
ronin_bridge_2022,ronin_bridge_2022__hn069,ronin_bridge_2022,hard_negative_mined,eth,0,ratio_25,1,1,0.05668358714043993,0.0,0.06380843838357166,0.0,3.3388991141691804e-05
deltaprime_arbitrum_2024,deltaprime_arbitrum_2024__hn000,deltaprime_arbitrum_2024,hard_negative_mined,arbitrum,0,ratio_25,1,4,0.06179286335944299,0.0,0.07005226170772745,0.01,0.0006076793652027845
deltaprime_arbitrum_2024,deltaprime_arbitrum_2024__hn000,deltaprime_arbitrum_2024,hard_negative_mined,arbitrum,0,ratio_50,2,4,0.06179286335944299,0.07575757575757576,0.07005226170772745,0.5528314928535993,0.6923717856407166
deltaprime_arbitrum_2024,deltaprime_arbitrum_2024__hn000,deltaprime_arbitrum_2024,hard_negative_mined,arbitrum,0,ratio_75,3,4,0.06179286335944299,0.09090909090909091,0.07291843853121298,0.36664675953993525,0.12075003236532211
deltaprime_arbitrum_2024,deltaprime_arbitrum_2024__hn000,deltaprime_arbitrum_2024,hard_negative_mined,arbitrum,0,ratio_100,4,4,0.06179286335944299,0.09090909090909091,0.07439171147325971,0.10463596850641702,0.005391500424593687
deltaprime_arbitrum_2024,deltaprime_arbitrum_2024__hn001,deltaprime_arbitrum_2024,hard_negative_mined,arbitrum,0,ratio_25,1,1,0.06179286335944299,0.0,0.07897714315479286,0.0,7.675879896851256e-05
deltaprime_arbitrum_2024,deltaprime_arbitrum_2024__hn002,deltaprime_arbitrum_2024,hard_negative_mined,arbitrum,0,ratio_25,1,1,0.06179286335944299,0.0,0.07005226170772745,0.0,9.254371252609417e-05
deltaprime_arbitrum_2024,deltaprime_arbitrum_2024__hn003,deltaprime_arbitrum_2024,hard_negative_mined,arbitrum,0,ratio_25,1,1,0.06179286335944299,0.0,0.07005226170772745,0.0,1.9708191757672466e-05
deltaprime_arbitrum_2024,deltaprime_arbitrum_2024__hn004,deltaprime_arbitrum_2024,hard_negative_mined,arbitrum,0,ratio_25,1,1,0.06179286335944299,0.030303030303030304,0.020106528330673664,0.0,3.237088822061196e-05
deltaprime_arbitrum_2024,deltaprime_arbitrum_2024__hn005,deltaprime_arbitrum_2024,hard_negative_mined,arbitrum,0,ratio_25,1,1,0.06179286335944299,0.030303030303030304,0.020106528330673664,0.0,3.237088822061196e-05
deltaprime_arbitrum_2024,deltaprime_arbitrum_2024__hn006,deltaprime_arbitrum_2024,hard_negative_mined,arbitrum,0,ratio_25,1,1,0.06179286335944299,0.030303030303030304,0.020106528330673664,0.0,0.0004529015568550676
deltaprime_arbitrum_2024,deltaprime_arbitrum_2024__hn007,deltaprime_arbitrum_2024,hard_negative_mined,arbitrum,0,k_2,2,91,0.06179286335944299,0.09090909090909091,0.020106528330673664,0.3825008147324654,0.2551220953464508
deltaprime_arbitrum_2024,deltaprime_arbitrum_2024__hn007,deltaprime_arbitrum_2024,hard_negative_mined,arbitrum,0,k_3,3,91,0.06179286335944299,0.09090909090909091,0.020106528330673664,0.5488414731739099,0.9864756464958191
deltaprime_arbitrum_2024,deltaprime_arbitrum_2024__hn007,deltaprime_arbitrum_2024,hard_negative_mined,arbitrum,0,k_5,5,91,0.06179286335944299,0.09090909090909091,0.020106528330673664,0.18501916775570243,0.009698624722659588
deltaprime_arbitrum_2024,deltaprime_arbitrum_2024__hn007,deltaprime_arbitrum_2024,hard_negative_mined,arbitrum,0,k_7,7,91,0.06179286335944299,0.09090909090909091,0.020106528330673664,0.07596804205990726,0.011789586395025253
deltaprime_arbitrum_2024,deltaprime_arbitrum_2024__hn007,deltaprime_arbitrum_2024,hard_negative_mined,arbitrum,0,ratio_25,23,91,0.06179286335944299,0.09090909090909091,0.020106528330673664,0.005470548916486113,9.737403161125258e-05
deltaprime_arbitrum_2024,deltaprime_arbitrum_2024__hn007,deltaprime_arbitrum_2024,hard_negative_mined,arbitrum,0,ratio_50,46,91,0.06179286335944299,0.09090909090909091,0.020106528330673664,0.004521009662197588,0.0005015647038817406
deltaprime_arbitrum_2024,deltaprime_arbitrum_2024__hn007,deltaprime_arbitrum_2024,hard_negative_mined,arbitrum,0,ratio_75,69,91,0.06179286335944299,0.09090909090909091,0.020106528330673664,0.029522889303334524,0.00019344285828992724
deltaprime_arbitrum_2024,deltaprime_arbitrum_2024__hn007,deltaprime_arbitrum_2024,hard_negative_mined,arbitrum,0,ratio_100,91,91,0.06179286335944299,0.09090909090909091,0.020106528330673664,0.0015670469582348841,0.00013315476826392114
deltaprime_arbitrum_2024,deltaprime_arbitrum_2024__hn008,deltaprime_arbitrum_2024,hard_negative_mined,arbitrum,0,k_2,2,121,0.06179286335944299,0.09090909090909091,0.020106528330673664,0.04806390006775522,0.0004376955912448466
deltaprime_arbitrum_2024,deltaprime_arbitrum_2024__hn008,deltaprime_arbitrum_2024,hard_negative_mined,arbitrum,0,k_3,3,121,0.06179286335944299,0.09090909090909091,0.020106528330673664,0.03301282831319488,0.0003721302200574428
deltaprime_arbitrum_2024,deltaprime_arbitrum_2024__hn008,deltaprime_arbitrum_2024,hard_negative_mined,arbitrum,0,k_5,5,121,0.06179286335944299,0.09090909090909091,0.020106528330673664,0.005521860350570418,0.00011245081986999139
deltaprime_arbitrum_2024,deltaprime_arbitrum_2024__hn008,deltaprime_arbitrum_2024,hard_negative_mined,arbitrum,0,k_7,7,121,0.06179286335944299,0.09090909090909091,0.020106528330673664,0.03335397224740863,0.00024243687221314758
deltaprime_arbitrum_2024,deltaprime_arbitrum_2024__hn008,deltaprime_arbitrum_2024,hard_negative_mined,arbitrum,0,ratio_25,31,121,0.06179286335944299,0.09090909090909091,0.020106528330673664,0.10765742760420581,0.0034778621047735214
deltaprime_arbitrum_2024,deltaprime_arbitrum_2024__hn008,deltaprime_arbitrum_2024,hard_negative_mined,arbitrum,0,ratio_50,61,121,0.06179286335944299,0.09090909090909091,0.020106528330673664,0.03133241311285834,0.0005726513918489218
deltaprime_arbitrum_2024,deltaprime_arbitrum_2024__hn008,deltaprime_arbitrum_2024,hard_negative_mined,arbitrum,0,ratio_75,91,121,0.06179286335944299,0.09090909090909091,0.020106528330673664,0.03133241311285834,0.00040918364538811147
deltaprime_arbitrum_2024,deltaprime_arbitrum_2024__hn008,deltaprime_arbitrum_2024,hard_negative_mined,arbitrum,0,ratio_100,121,121,0.06179286335944299,0.09090909090909091,0.020106528330673664,0.03133241311285834,0.0004346134955994785
deltaprime_arbitrum_2024,deltaprime_arbitrum_2024__hn009,deltaprime_arbitrum_2024,hard_negative_mined,arbitrum,0,ratio_25,1,1,0.06179286335944299,0.030303030303030304,0.020106528330673664,0.0,3.237088822061196e-05
deltaprime_arbitrum_2024,deltaprime_arbitrum_2024__hn010,deltaprime_arbitrum_2024,hard_negative_mined,arbitrum,0,ratio_25,1,1,0.06179286335944299,0.030303030303030304,0.020106528330673664,0.0,3.237088822061196e-05
deltaprime_arbitrum_2024,deltaprime_arbitrum_2024__hn011,deltaprime_arbitrum_2024,hard_negative_mined,arbitrum,0,ratio_25,1,1,0.06179286335944299,0.0,0.07005226170772745,0.0,1.9708191757672466e-05
deltaprime_arbitrum_2024,deltaprime_arbitrum_2024__hn012,deltaprime_arbitrum_2024,hard_negative_mined,arbitrum,0,ratio_25,1,3,0.06179286335944299,0.030303030303030304,0.020106528330673664,0.00455607476635514,0.002781779272481799
deltaprime_arbitrum_2024,deltaprime_arbitrum_2024__hn012,deltaprime_arbitrum_2024,hard_negative_mined,arbitrum,0,ratio_50,2,3,0.06179286335944299,0.10606060606060606,0.020106528330673664,0.0646219150703891,0.0031486349180340767
deltaprime_arbitrum_2024,deltaprime_arbitrum_2024__hn012,deltaprime_arbitrum_2024,hard_negative_mined,arbitrum,0,ratio_75,3,3,0.06179286335944299,0.10606060606060606,0.020106528330673664,0.07625728999810388,0.10565532743930817
deltaprime_arbitrum_2024,deltaprime_arbitrum_2024__hn013,deltaprime_arbitrum_2024,hard_negative_mined,arbitrum,0,ratio_25,1,1,0.06179286335944299,0.0,0.07005226170772745,0.0,1.9708191757672466e-05
deltaprime_arbitrum_2024,deltaprime_arbitrum_2024__hn014,deltaprime_arbitrum_2024,hard_negative_mined,arbitrum,0,ratio_25,1,1,0.06179286335944299,0.030303030303030304,0.020106528330673664,0.0,0.00040203906246460974
deltaprime_arbitrum_2024,deltaprime_arbitrum_2024__hn015,deltaprime_arbitrum_2024,hard_negative_mined,arbitrum,0,ratio_25,1,1,0.06179286335944299,0.0,0.07897714315479286,0.0,7.675879896851256e-05
deltaprime_arbitrum_2024,deltaprime_arbitrum_2024__hn016,deltaprime_arbitrum_2024,hard_negative_mined,arbitrum,0,k_2,2,168,0.06179286335944299,0.030303030303030304,0.03782802149372659,0.26932657657657655,0.019809087738394737
deltaprime_arbitrum_2024,deltaprime_arbitrum_2024__hn016,deltaprime_arbitrum_2024,hard_negative_mined,arbitrum,0,k_3,3,168,0.06179286335944299,0.09090909090909091,0.0306826370225381,0.27802767901235287,0.024897500872612
deltaprime_arbitrum_2024,deltaprime_arbitrum_2024__hn016,deltaprime_arbitrum_2024,hard_negative_mined,arbitrum,0,k_5,5,168,0.06179286335944299,0.09090909090909091,0.025924589286571438,0.20468068507410386,0.019109997898340225
deltaprime_arbitrum_2024,deltaprime_arbitrum_2024__hn016,deltaprime_arbitrum_2024,hard_negative_mined,arbitrum,0,k_7,7,168,0.06179286335944299,0.09090909090909091,0.02411262056444594,0.19260017247082697,0.04072379693388939
deltaprime_arbitrum_2024,deltaprime_arbitrum_2024__hn016,deltaprime_arbitrum_2024,hard_negative_mined,arbitrum,0,ratio_25,42,168,0.06179286335944299,0.09090909090909091,0.02072575247394937,0.13953273524937646,0.00890113040804863
deltaprime_arbitrum_2024,deltaprime_arbitrum_2024__hn016,deltaprime_arbitrum_2024,hard_negative_mined,arbitrum,0,ratio_50,84,168,0.06179286335944299,0.09090909090909091,0.0204138415499099,0.12178052785544931,0.014026523567736149
deltaprime_arbitrum_2024,deltaprime_arbitrum_2024__hn016,deltaprime_arbitrum_2024,hard_negative_mined,arbitrum,0,ratio_75,126,168,0.06179286335944299,0.09090909090909091,0.02031089617572114,0.1125988210818308,0.014734087511897087
deltaprime_arbitrum_2024,deltaprime_arbitrum_2024__hn016,deltaprime_arbitrum_2024,hard_negative_mined,arbitrum,0,ratio_100,168,168,0.06179286335944299,0.09090909090909091,0.020259614302409173,0.14693674348483454,0.014978929422795773
deltaprime_arbitrum_2024,deltaprime_arbitrum_2024__hn017,deltaprime_arbitrum_2024,hard_negative_mined,arbitrum,0,ratio_25,1,1,0.06179286335944299,0.0,0.07005226170772745,0.0,8.745736704440787e-05
deltaprime_arbitrum_2024,deltaprime_arbitrum_2024__hn018,deltaprime_arbitrum_2024,hard_negative_mined,arbitrum,0,ratio_25,1,1,0.06179286335944299,0.0,0.07005226170772745,0.0,1.9708191757672466e-05
deltaprime_arbitrum_2024,deltaprime_arbitrum_2024__hn019,deltaprime_arbitrum_2024,hard_negative_mined,arbitrum,0,ratio_25,1,1,0.06179286335944299,0.0,0.07005226170772745,0.0,1.9708191757672466e-05
deltaprime_arbitrum_2024,deltaprime_arbitrum_2024__hn020,deltaprime_arbitrum_2024,hard_negative_mined,arbitrum,0,ratio_25,1,1,0.06179286335944299,0.030303030303030304,0.020106528330673664,0.0,3.237088822061196e-05
deltaprime_arbitrum_2024,deltaprime_arbitrum_2024__hn021,deltaprime_arbitrum_2024,hard_negative_mined,arbitrum,0,ratio_25,1,2,0.06179286335944299,0.0,0.07005226170772745,0.0,2.0622910597012378e-05
deltaprime_arbitrum_2024,deltaprime_arbitrum_2024__hn021,deltaprime_arbitrum_2024,hard_negative_mined,arbitrum,0,ratio_75,2,2,0.06179286335944299,0.06060606060606061,0.07005226170772745,0.05396221383633793,0.0007066001417115331
deltaprime_arbitrum_2024,deltaprime_arbitrum_2024__hn022,deltaprime_arbitrum_2024,hard_negative_mined,arbitrum,0,k_2,2,219,0.06179286335944299,0.030303030303030304,0.03782802149372659,0.28348609630213406,0.03796820715069771
deltaprime_arbitrum_2024,deltaprime_arbitrum_2024__hn022,deltaprime_arbitrum_2024,hard_negative_mined,arbitrum,0,k_3,3,219,0.06179286335944299,0.09090909090909091,0.0306826370225381,0.20043656113407618,0.007645928766578436
deltaprime_arbitrum_2024,deltaprime_arbitrum_2024__hn022,deltaprime_arbitrum_2024,hard_negative_mined,arbitrum,0,k_5,5,219,0.06179286335944299,0.09090909090909091,0.025924589286571438,0.2049102453446025,0.007199225015938282
deltaprime_arbitrum_2024,deltaprime_arbitrum_2024__hn022,deltaprime_arbitrum_2024,hard_negative_mined,arbitrum,0,k_7,7,219,0.06179286335944299,0.09090909090909091,0.02411262056444594,0.12216642461938694,0.003952092956751585
deltaprime_arbitrum_2024,deltaprime_arbitrum_2024__hn022,deltaprime_arbitrum_2024,hard_negative_mined,arbitrum,0,ratio_25,55,219,0.06179286335944299,0.09090909090909091,0.020577726519667654,0.15277907282899428,0.008482531644403934
deltaprime_arbitrum_2024,deltaprime_arbitrum_2024__hn022,deltaprime_arbitrum_2024,hard_negative_mined,arbitrum,0,ratio_50,110,219,0.06179286335944299,0.09090909090909091,0.02034079137371884,0.15143674348483455,0.006335309240967035
deltaprime_arbitrum_2024,deltaprime_arbitrum_2024__hn022,deltaprime_arbitrum_2024,hard_negative_mined,arbitrum,0,ratio_75,165,219,0.06179286335944299,0.09090909090909091,0.020262408223016184,0.09259882108183079,0.013014069758355618
deltaprime_arbitrum_2024,deltaprime_arbitrum_2024__hn022,deltaprime_arbitrum_2024,hard_negative_mined,arbitrum,0,ratio_100,219,219,0.06179286335944299,0.09090909090909091,0.0202238625005537,0.15143674348483455,0.004814874846488237
deltaprime_arbitrum_2024,deltaprime_arbitrum_2024__hn023,deltaprime_arbitrum_2024,hard_negative_mined,arbitrum,0,ratio_25,1,3,0.06179286335944299,0.0,0.07005226170772745,0.0,5.5838521802797914e-05
deltaprime_arbitrum_2024,deltaprime_arbitrum_2024__hn023,deltaprime_arbitrum_2024,hard_negative_mined,arbitrum,0,ratio_50,2,3,0.06179286335944299,0.06060606060606061,0.07005226170772745,0.11069926364591161,0.0008864837582223117
deltaprime_arbitrum_2024,deltaprime_arbitrum_2024__hn023,deltaprime_arbitrum_2024,hard_negative_mined,arbitrum,0,ratio_75,3,3,0.06179286335944299,0.06060606060606061,0.07005226170772745,0.00433036056770234,0.00015710244770161808
deltaprime_arbitrum_2024,deltaprime_arbitrum_2024__hn025,deltaprime_arbitrum_2024,hard_negative_mined,arbitrum,0,ratio_25,1,2,0.06179286335944299,0.0,0.07897714315479286,0.0,6.72259702696465e-05
deltaprime_arbitrum_2024,deltaprime_arbitrum_2024__hn025,deltaprime_arbitrum_2024,hard_negative_mined,arbitrum,0,ratio_75,2,2,0.06179286335944299,0.07575757575757576,0.07439171147325971,0.047028424186898767,0.0008858707151375711
deltaprime_arbitrum_2024,deltaprime_arbitrum_2024__hn026,deltaprime_arbitrum_2024,hard_negative_mined,arbitrum,0,ratio_25,1,1,0.06179286335944299,0.0,0.07005226170772745,0.0,0.00010161171667277813
deltaprime_arbitrum_2024,deltaprime_arbitrum_2024__hn027,deltaprime_arbitrum_2024,hard_negative_mined,arbitrum,0,ratio_25,1,1,0.06179286335944299,0.0,0.07005226170772745,0.0,8.733077993383631e-05
deltaprime_arbitrum_2024,deltaprime_arbitrum_2024__hn028,deltaprime_arbitrum_2024,hard_negative_mined,arbitrum,0,ratio_25,1,2,0.06179286335944299,0.030303030303030304,0.020106528330673664,0.0,3.387333345017396e-05
deltaprime_arbitrum_2024,deltaprime_arbitrum_2024__hn028,deltaprime_arbitrum_2024,hard_negative_mined,arbitrum,0,ratio_75,2,2,0.06179286335944299,0.09090909090909091,0.03782802149372659,0.01621833471432457,0.00012757450167555362
deltaprime_arbitrum_2024,deltaprime_arbitrum_2024__hn029,deltaprime_arbitrum_2024,hard_negative_mined,arbitrum,0,ratio_25,1,1,0.06179286335944299,0.0,0.07897714315479286,0.0,0.00016479745681863278
deltaprime_arbitrum_2024,deltaprime_arbitrum_2024__hn030,deltaprime_arbitrum_2024,hard_negative_mined,arbitrum,0,ratio_25,1,1,0.06179286335944299,0.030303030303030304,0.020106528330673664,0.0,0.0004529015568550676
deltaprime_arbitrum_2024,deltaprime_arbitrum_2024__hn031,deltaprime_arbitrum_2024,hard_negative_mined,arbitrum,0,ratio_25,1,1,0.06179286335944299,0.0,0.07005226170772745,0.0,1.9708191757672466e-05
deltaprime_arbitrum_2024,deltaprime_arbitrum_2024__hn032,deltaprime_arbitrum_2024,hard_negative_mined,arbitrum,0,ratio_25,1,1,0.06179286335944299,0.0,0.07005226170772745,0.0,1.9708191757672466e-05
deltaprime_arbitrum_2024,deltaprime_arbitrum_2024__hn033,deltaprime_arbitrum_2024,hard_negative_mined,arbitrum,0,ratio_25,1,1,0.06179286335944299,0.0,0.07005226170772745,0.0,1.9708191757672466e-05
deltaprime_arbitrum_2024,deltaprime_arbitrum_2024__hn035,deltaprime_arbitrum_2024,hard_negative_mined,arbitrum,0,ratio_25,1,2,0.06179286335944299,0.030303030303030304,0.020106528330673664,0.0,3.387333345017396e-05
deltaprime_arbitrum_2024,deltaprime_arbitrum_2024__hn035,deltaprime_arbitrum_2024,hard_negative_mined,arbitrum,0,ratio_75,2,2,0.06179286335944299,0.09090909090909091,0.03782802149372659,0.011765504525645322,7.798964361427352e-05
deltaprime_arbitrum_2024,deltaprime_arbitrum_2024__hn036,deltaprime_arbitrum_2024,hard_negative_mined,arbitrum,0,ratio_25,1,2,0.06179286335944299,0.030303030303030304,0.020106528330673664,0.0,3.387333345017396e-05
deltaprime_arbitrum_2024,deltaprime_arbitrum_2024__hn036,deltaprime_arbitrum_2024,hard_negative_mined,arbitrum,0,ratio_75,2,2,0.06179286335944299,0.09090909090909091,0.020106528330673664,0.04258114127227701,0.0012388273607939482
deltaprime_arbitrum_2024,deltaprime_arbitrum_2024__hn037,deltaprime_arbitrum_2024,hard_negative_mined,arbitrum,0,ratio_25,1,1,0.06179286335944299,0.030303030303030304,0.020106528330673664,0.0,3.237088822061196e-05
deltaprime_arbitrum_2024,deltaprime_arbitrum_2024__hn038,deltaprime_arbitrum_2024,hard_negative_mined,arbitrum,0,ratio_25,1,2,0.06179286335944299,0.0,0.07005226170772745,0.0,2.0622910597012378e-05
deltaprime_arbitrum_2024,deltaprime_arbitrum_2024__hn038,deltaprime_arbitrum_2024,hard_negative_mined,arbitrum,0,ratio_75,2,2,0.06179286335944299,0.06060606060606061,0.07005226170772745,0.016217424629535,5.942365896771662e-05
deltaprime_arbitrum_2024,deltaprime_arbitrum_2024__hn040,deltaprime_arbitrum_2024,hard_negative_mined,arbitrum,0,ratio_25,1,3,0.06179286335944299,0.030303030303030304,0.020106528330673664,0.0,0.0012265308760106564
deltaprime_arbitrum_2024,deltaprime_arbitrum_2024__hn040,deltaprime_arbitrum_2024,hard_negative_mined,arbitrum,0,ratio_50,2,3,0.06179286335944299,0.10606060606060606,0.03782802149372659,0.0036066763425253987,0.0003916064160875976
deltaprime_arbitrum_2024,deltaprime_arbitrum_2024__hn040,deltaprime_arbitrum_2024,hard_negative_mined,arbitrum,0,ratio_75,3,3,0.06179286335944299,0.12121212121212122,0.0306826370225381,0.001153846153846154,0.0002204650518251583
deltaprime_arbitrum_2024,deltaprime_arbitrum_2024__hn041,deltaprime_arbitrum_2024,hard_negative_mined,arbitrum,0,ratio_25,1,1,0.06179286335944299,0.0,0.07005226170772745,0.0,1.9708191757672466e-05
deltaprime_arbitrum_2024,deltaprime_arbitrum_2024__hn042,deltaprime_arbitrum_2024,hard_negative_mined,arbitrum,0,ratio_25,1,1,0.06179286335944299,0.030303030303030304,0.020106528330673664,0.0,3.237088822061196e-05
deltaprime_arbitrum_2024,deltaprime_arbitrum_2024__hn043,deltaprime_arbitrum_2024,hard_negative_mined,arbitrum,0,ratio_25,1,1,0.06179286335944299,0.0,0.07897714315479286,0.0,0.00011999050184385851
deltaprime_arbitrum_2024,deltaprime_arbitrum_2024__hn044,deltaprime_arbitrum_2024,hard_negative_mined,arbitrum,0,ratio_25,1,2,0.06179286335944299,0.030303030303030304,0.020106528330673664,0.0,3.387333345017396e-05
deltaprime_arbitrum_2024,deltaprime_arbitrum_2024__hn044,deltaprime_arbitrum_2024,hard_negative_mined,arbitrum,0,ratio_75,2,2,0.06179286335944299,0.10606060606060606,0.03782802149372659,0.05323881744064852,0.0017231699312105775
deltaprime_arbitrum_2024,deltaprime_arbitrum_2024__hn045,deltaprime_arbitrum_2024,hard_negative_mined,arbitrum,0,ratio_25,1,1,0.06179286335944299,0.030303030303030304,0.020106528330673664,0.0,3.237088822061196e-05
deltaprime_arbitrum_2024,deltaprime_arbitrum_2024__hn046,deltaprime_arbitrum_2024,hard_negative_mined,arbitrum,0,ratio_25,1,1,0.06179286335944299,0.030303030303030304,0.020106528330673664,0.0,0.00040203906246460974
deltaprime_arbitrum_2024,deltaprime_arbitrum_2024__hn047,deltaprime_arbitrum_2024,hard_negative_mined,arbitrum,0,ratio_25,1,1,0.06179286335944299,0.0,0.07897714315479286,0.0,6.424439197871834e-05
deltaprime_arbitrum_2024,deltaprime_arbitrum_2024__hn048,deltaprime_arbitrum_2024,hard_negative_mined,arbitrum,0,ratio_25,1,1,0.06179286335944299,0.0,0.07005226170772745,0.0,1.9708191757672466e-05
deltaprime_arbitrum_2024,deltaprime_arbitrum_2024__hn050,deltaprime_arbitrum_2024,hard_negative_mined,arbitrum,0,ratio_25,2,5,0.06179286335944299,0.015151515151515152,0.07439171147325971,0.2268058658965747,0.020093878731131554
deltaprime_arbitrum_2024,deltaprime_arbitrum_2024__hn050,deltaprime_arbitrum_2024,hard_negative_mined,arbitrum,0,ratio_50,3,5,0.06179286335944299,0.07575757575757576,0.07291843853121298,0.4986480528614566,0.13158349692821503
deltaprime_arbitrum_2024,deltaprime_arbitrum_2024__hn050,deltaprime_arbitrum_2024,hard_negative_mined,arbitrum,0,ratio_75,4,5,0.06179286335944299,0.13636363636363635,0.07219192387743116,0.5326794871794871,0.08693169802427292
deltaprime_arbitrum_2024,deltaprime_arbitrum_2024__hn050,deltaprime_arbitrum_2024,hard_negative_mined,arbitrum,0,ratio_100,5,5,0.06179286335944299,0.13636363636363635,0.07175922495109659,0.5526794871794871,0.08905050158500671
deltaprime_arbitrum_2024,deltaprime_arbitrum_2024__hn051,deltaprime_arbitrum_2024,hard_negative_mined,arbitrum,0,k_2,2,15,0.06179286335944299,0.09090909090909091,0.020106528330673664,0.23004452225129346,0.02048438787460327
deltaprime_arbitrum_2024,deltaprime_arbitrum_2024__hn051,deltaprime_arbitrum_2024,hard_negative_mined,arbitrum,0,k_3,3,15,0.06179286335944299,0.09090909090909091,0.020106528330673664,0.14168562457010248,0.12338252365589142
deltaprime_arbitrum_2024,deltaprime_arbitrum_2024__hn051,deltaprime_arbitrum_2024,hard_negative_mined,arbitrum,0,ratio_25,4,15,0.06179286335944299,0.09090909090909091,0.020106528330673664,0.1008119040116162,0.005198188591748476
deltaprime_arbitrum_2024,deltaprime_arbitrum_2024__hn051,deltaprime_arbitrum_2024,hard_negative_mined,arbitrum,0,k_5,5,15,0.06179286335944299,0.09090909090909091,0.020106528330673664,0.06880313847160069,0.03361247479915619
deltaprime_arbitrum_2024,deltaprime_arbitrum_2024__hn051,deltaprime_arbitrum_2024,hard_negative_mined,arbitrum,0,k_7,7,15,0.06179286335944299,0.09090909090909091,0.020106528330673664,0.011476769180457107,0.013040666468441486
deltaprime_arbitrum_2024,deltaprime_arbitrum_2024__hn051,deltaprime_arbitrum_2024,hard_negative_mined,arbitrum,0,ratio_50,8,15,0.06179286335944299,0.09090909090909091,0.020106528330673664,0.03147676918045711,0.005986938253045082
deltaprime_arbitrum_2024,deltaprime_arbitrum_2024__hn051,deltaprime_arbitrum_2024,hard_negative_mined,arbitrum,0,ratio_75,12,15,0.06179286335944299,0.09090909090909091,0.020106528330673664,0.03154242574611368,0.011065302416682243
deltaprime_arbitrum_2024,deltaprime_arbitrum_2024__hn051,deltaprime_arbitrum_2024,hard_negative_mined,arbitrum,0,ratio_100,15,15,0.06179286335944299,0.09090909090909091,0.020106528330673664,0.046542425746113676,0.012339458800852299
deltaprime_arbitrum_2024,deltaprime_arbitrum_2024__hn052,deltaprime_arbitrum_2024,hard_negative_mined,arbitrum,0,ratio_25,1,2,0.06179286335944299,0.0,0.07005226170772745,0.0,5.484793655341491e-05
deltaprime_arbitrum_2024,deltaprime_arbitrum_2024__hn052,deltaprime_arbitrum_2024,hard_negative_mined,arbitrum,0,ratio_75,2,2,0.06179286335944299,0.0,0.07005226170772745,0.015,0.0001946900156326592
deltaprime_arbitrum_2024,deltaprime_arbitrum_2024__hn053,deltaprime_arbitrum_2024,hard_negative_mined,arbitrum,0,ratio_25,1,2,0.06179286335944299,0.0,0.07005226170772745,0.005,2.0622910597012378e-05
deltaprime_arbitrum_2024,deltaprime_arbitrum_2024__hn053,deltaprime_arbitrum_2024,hard_negative_mined,arbitrum,0,ratio_75,2,2,0.06179286335944299,0.06060606060606061,0.07005226170772745,0.06265099403613483,0.00023870599397923797
deltaprime_arbitrum_2024,deltaprime_arbitrum_2024__hn054,deltaprime_arbitrum_2024,hard_negative_mined,arbitrum,0,ratio_25,1,1,0.06179286335944299,0.030303030303030304,0.020106528330673664,0.005,0.0005261700716800988
deltaprime_arbitrum_2024,deltaprime_arbitrum_2024__hn055,deltaprime_arbitrum_2024,hard_negative_mined,arbitrum,0,ratio_25,1,1,0.06179286335944299,0.0,0.07005226170772745,0.0,1.9708191757672466e-05
deltaprime_arbitrum_2024,deltaprime_arbitrum_2024__hn056,deltaprime_arbitrum_2024,hard_negative_mined,arbitrum,0,ratio_25,1,1,0.06179286335944299,0.030303030303030304,0.020106528330673664,0.0,0.0005309164989739656
deltaprime_arbitrum_2024,deltaprime_arbitrum_2024__hn057,deltaprime_arbitrum_2024,hard_negative_mined,arbitrum,0,ratio_25,1,1,0.06179286335944299,0.030303030303030304,0.020106528330673664,0.0,3.237088822061196e-05
deltaprime_arbitrum_2024,deltaprime_arbitrum_2024__hn058,deltaprime_arbitrum_2024,hard_negative_mined,arbitrum,0,ratio_25,1,1,0.06179286335944299,0.030303030303030304,0.020106528330673664,0.0,3.237088822061196e-05
deltaprime_arbitrum_2024,deltaprime_arbitrum_2024__hn059,deltaprime_arbitrum_2024,hard_negative_mined,arbitrum,0,ratio_25,1,2,0.06179286335944299,0.0,0.07005226170772745,0.0027906976744186047,0.00017545239825267345
deltaprime_arbitrum_2024,deltaprime_arbitrum_2024__hn059,deltaprime_arbitrum_2024,hard_negative_mined,arbitrum,0,ratio_75,2,2,0.06179286335944299,0.0,0.07005226170772745,0.5424392701537323,0.1530204862356186
deltaprime_arbitrum_2024,deltaprime_arbitrum_2024__hn060,deltaprime_arbitrum_2024,hard_negative_mined,arbitrum,0,ratio_25,1,2,0.06179286335944299,0.0,0.07897714315479286,0.0,6.72259702696465e-05
deltaprime_arbitrum_2024,deltaprime_arbitrum_2024__hn060,deltaprime_arbitrum_2024,hard_negative_mined,arbitrum,0,ratio_75,2,2,0.06179286335944299,0.07575757575757576,0.07439171147325971,0.05871413847261306,0.0007928752456791699
deltaprime_arbitrum_2024,deltaprime_arbitrum_2024__hn061,deltaprime_arbitrum_2024,hard_negative_mined,arbitrum,0,ratio_25,1,1,0.06179286335944299,0.030303030303030304,0.020106528330673664,0.0,3.237088822061196e-05
deltaprime_arbitrum_2024,deltaprime_arbitrum_2024__hn062,deltaprime_arbitrum_2024,hard_negative_mined,arbitrum,0,ratio_25,1,2,0.06179286335944299,0.0,0.07005226170772745,0.0,2.0622910597012378e-05
deltaprime_arbitrum_2024,deltaprime_arbitrum_2024__hn062,deltaprime_arbitrum_2024,hard_negative_mined,arbitrum,0,ratio_75,2,2,0.06179286335944299,0.06060606060606061,0.07005226170772745,0.01853582614009625,0.0001939002686413005
deltaprime_arbitrum_2024,deltaprime_arbitrum_2024__hn063,deltaprime_arbitrum_2024,hard_negative_mined,arbitrum,0,ratio_25,1,2,0.06179286335944299,0.030303030303030304,0.020106528330673664,0.0,3.387333345017396e-05
deltaprime_arbitrum_2024,deltaprime_arbitrum_2024__hn063,deltaprime_arbitrum_2024,hard_negative_mined,arbitrum,0,ratio_75,2,2,0.06179286335944299,0.10606060606060606,0.020106528330673664,0.03888888888888889,0.00023952487390488386
deltaprime_arbitrum_2024,deltaprime_arbitrum_2024__hn064,deltaprime_arbitrum_2024,hard_negative_mined,arbitrum,0,ratio_25,2,6,0.06179286335944299,0.06060606060606061,0.07005226170772745,0.331180651531855,0.03288508579134941
deltaprime_arbitrum_2024,deltaprime_arbitrum_2024__hn064,deltaprime_arbitrum_2024,hard_negative_mined,arbitrum,0,ratio_50,3,6,0.06179286335944299,0.06060606060606061,0.07005226170772745,0.3337318203076046,0.004507992882281542
deltaprime_arbitrum_2024,deltaprime_arbitrum_2024__hn064,deltaprime_arbitrum_2024,hard_negative_mined,arbitrum,0,ratio_75,5,6,0.06179286335944299,0.06060606060606061,0.07005226170772745,0.05397126867869437,0.00029568298486992717
deltaprime_arbitrum_2024,deltaprime_arbitrum_2024__hn064,deltaprime_arbitrum_2024,hard_negative_mined,arbitrum,0,ratio_100,6,6,0.06179286335944299,0.06060606060606061,0.07005226170772745,0.0903131127974346,0.0007877222960814834
deltaprime_arbitrum_2024,deltaprime_arbitrum_2024__hn065,deltaprime_arbitrum_2024,hard_negative_mined,arbitrum,0,ratio_25,1,1,0.06179286335944299,0.0,0.07005226170772745,0.0,1.9708191757672466e-05
deltaprime_arbitrum_2024,deltaprime_arbitrum_2024__hn066,deltaprime_arbitrum_2024,hard_negative_mined,arbitrum,0,ratio_25,1,1,0.06179286335944299,0.0,0.07005226170772745,0.0,1.9708191757672466e-05
deltaprime_arbitrum_2024,deltaprime_arbitrum_2024__hn067,deltaprime_arbitrum_2024,hard_negative_mined,arbitrum,0,ratio_25,1,2,0.06179286335944299,0.030303030303030304,0.020106528330673664,0.007790697674418605,0.0009353643981739879
deltaprime_arbitrum_2024,deltaprime_arbitrum_2024__hn067,deltaprime_arbitrum_2024,hard_negative_mined,arbitrum,0,ratio_75,2,2,0.06179286335944299,0.10606060606060606,0.03782802149372659,0.5257823622307166,0.3549603521823883
deltaprime_arbitrum_2024,deltaprime_arbitrum_2024__hn068,deltaprime_arbitrum_2024,hard_negative_mined,arbitrum,0,ratio_25,1,2,0.06179286335944299,0.0,0.07897714315479286,0.0,6.72259702696465e-05
deltaprime_arbitrum_2024,deltaprime_arbitrum_2024__hn068,deltaprime_arbitrum_2024,hard_negative_mined,arbitrum,0,ratio_75,2,2,0.06179286335944299,0.07575757575757576,0.07439171147325971,0.047028424186898767,0.0005136185791343451
deltaprime_arbitrum_2024,deltaprime_arbitrum_2024__hn069,deltaprime_arbitrum_2024,hard_negative_mined,arbitrum,0,ratio_25,1,1,0.06179286335944299,0.0,0.07005226170772745,0.0,1.9708191757672466e-05
bsc_token_hub_2022,bsc_token_hub_2022__hn000,bsc_token_hub_2022,hard_negative_mined,bsc,0,ratio_25,1,1,0.059082892416225746,0.030303030303030304,0.016597308190508656,0.0,4.087816341780126e-05
bsc_token_hub_2022,bsc_token_hub_2022__hn001,bsc_token_hub_2022,hard_negative_mined,bsc,0,ratio_25,1,1,0.059082892416225746,0.030303030303030304,0.016597308190508656,0.0,4.087816341780126e-05
bsc_token_hub_2022,bsc_token_hub_2022__hn002,bsc_token_hub_2022,hard_negative_mined,bsc,0,ratio_25,1,3,0.059082892416225746,0.030303030303030304,0.016597308190508656,0.0,0.00012031611549900845
bsc_token_hub_2022,bsc_token_hub_2022__hn002,bsc_token_hub_2022,hard_negative_mined,bsc,0,ratio_50,2,3,0.059082892416225746,0.10606060606060606,0.016597308190508656,0.11,0.0005588021012954414
bsc_token_hub_2022,bsc_token_hub_2022__hn002,bsc_token_hub_2022,hard_negative_mined,bsc,0,ratio_75,3,3,0.059082892416225746,0.10606060606060606,0.016597308190508656,0.07305267992651171,0.001810773741453886
bsc_token_hub_2022,bsc_token_hub_2022__hn003,bsc_token_hub_2022,hard_negative_mined,bsc,0,ratio_25,1,1,0.059082892416225746,0.0,0.07841404512717061,0.0,2.895547731895931e-05
bsc_token_hub_2022,bsc_token_hub_2022__hn004,bsc_token_hub_2022,hard_negative_mined,bsc,0,ratio_25,1,1,0.059082892416225746,0.0,0.07841404512717061,0.0,2.895547731895931e-05
bsc_token_hub_2022,bsc_token_hub_2022__hn005,bsc_token_hub_2022,hard_negative_mined,bsc,0,ratio_25,1,2,0.059082892416225746,0.0,0.07841404512717061,0.0,0.00026377016911283135
bsc_token_hub_2022,bsc_token_hub_2022__hn005,bsc_token_hub_2022,hard_negative_mined,bsc,0,ratio_75,2,2,0.059082892416225746,0.06060606060606061,0.07841404512717061,0.07224416076883625,0.002027415204793215
bsc_token_hub_2022,bsc_token_hub_2022__hn007,bsc_token_hub_2022,hard_negative_mined,bsc,0,ratio_25,1,1,0.059082892416225746,0.0,0.07841404512717061,0.0,2.895547731895931e-05
bsc_token_hub_2022,bsc_token_hub_2022__hn008,bsc_token_hub_2022,hard_negative_mined,bsc,0,ratio_25,1,2,0.059082892416225746,0.0,0.07603436394550418,0.0,8.358318882528692e-05
bsc_token_hub_2022,bsc_token_hub_2022__hn008,bsc_token_hub_2022,hard_negative_mined,bsc,0,ratio_75,2,2,0.059082892416225746,0.07575757575757576,0.07603436394550418,0.01438034188034188,8.315619197674096e-05
bsc_token_hub_2022,bsc_token_hub_2022__hn009,bsc_token_hub_2022,hard_negative_mined,bsc,0,ratio_25,1,1,0.059082892416225746,0.0,0.07603436394550418,0.0,0.00017081836995203048
bsc_token_hub_2022,bsc_token_hub_2022__hn010,bsc_token_hub_2022,hard_negative_mined,bsc,0,ratio_25,2,6,0.059082892416225746,0.0,0.07841404512717061,0.11488536113094891,0.0029818860348314047
bsc_token_hub_2022,bsc_token_hub_2022__hn010,bsc_token_hub_2022,hard_negative_mined,bsc,0,ratio_50,3,6,0.059082892416225746,0.06060606060606061,0.07841404512717061,0.0010869565217391304,7.01120516168885e-05
bsc_token_hub_2022,bsc_token_hub_2022__hn010,bsc_token_hub_2022,hard_negative_mined,bsc,0,ratio_75,5,6,0.059082892416225746,0.12121212121212122,0.07841404512717061,0.0,7.213585922727361e-05
bsc_token_hub_2022,bsc_token_hub_2022__hn010,bsc_token_hub_2022,hard_negative_mined,bsc,0,ratio_100,6,6,0.059082892416225746,0.12121212121212122,0.07841404512717061,0.005,0.0001361291215289384
bsc_token_hub_2022,bsc_token_hub_2022__hn011,bsc_token_hub_2022,hard_negative_mined,bsc,0,ratio_25,1,1,0.059082892416225746,0.0,0.07841404512717061,0.0,2.895547731895931e-05
bsc_token_hub_2022,bsc_token_hub_2022__hn012,bsc_token_hub_2022,hard_negative_mined,bsc,0,ratio_25,1,2,0.059082892416225746,0.030303030303030304,0.016597308190508656,0.0,4.918895865557715e-05
bsc_token_hub_2022,bsc_token_hub_2022__hn012,bsc_token_hub_2022,hard_negative_mined,bsc,0,ratio_75,2,2,0.059082892416225746,0.09090909090909091,0.016597308190508656,0.054775472535667565,0.0005338269402272999
bsc_token_hub_2022,bsc_token_hub_2022__hn013,bsc_token_hub_2022,hard_negative_mined,bsc,0,ratio_25,1,1,0.059082892416225746,0.030303030303030304,0.016597308190508656,0.0,4.087816341780126e-05
bsc_token_hub_2022,bsc_token_hub_2022__hn014,bsc_token_hub_2022,hard_negative_mined,bsc,0,ratio_25,1,1,0.059082892416225746,0.030303030303030304,0.016597308190508656,0.0,4.087816341780126e-05
bsc_token_hub_2022,bsc_token_hub_2022__hn015,bsc_token_hub_2022,hard_negative_mined,bsc,0,ratio_25,1,2,0.059082892416225746,0.0,0.07603436394550418,0.0,0.0002007597649935633
bsc_token_hub_2022,bsc_token_hub_2022__hn015,bsc_token_hub_2022,hard_negative_mined,bsc,0,ratio_75,2,2,0.059082892416225746,0.06060606060606061,0.07603436394550418,0.4433271951410111,0.003919158596545458
bsc_token_hub_2022,bsc_token_hub_2022__hn016,bsc_token_hub_2022,hard_negative_mined,bsc,0,ratio_25,1,4,0.059082892416225746,0.0,0.07841404512717061,0.0,0.00023564214643556625
bsc_token_hub_2022,bsc_token_hub_2022__hn016,bsc_token_hub_2022,hard_negative_mined,bsc,0,ratio_50,2,4,0.059082892416225746,0.06060606060606061,0.07841404512717061,0.16689141587342618,0.006480675656348467
bsc_token_hub_2022,bsc_token_hub_2022__hn016,bsc_token_hub_2022,hard_negative_mined,bsc,0,ratio_75,3,4,0.059082892416225746,0.06060606060606061,0.07841404512717061,0.13402515514527863,0.007638497278094292
bsc_token_hub_2022,bsc_token_hub_2022__hn016,bsc_token_hub_2022,hard_negative_mined,bsc,0,ratio_100,4,4,0.059082892416225746,0.06060606060606061,0.07841404512717061,0.04013875041542041,0.0002358122874284163
bsc_token_hub_2022,bsc_token_hub_2022__hn017,bsc_token_hub_2022,hard_negative_mined,bsc,0,ratio_25,1,2,0.059082892416225746,0.0,0.07841404512717061,0.0,4.3014661059714854e-05
bsc_token_hub_2022,bsc_token_hub_2022__hn017,bsc_token_hub_2022,hard_negative_mined,bsc,0,ratio_75,2,2,0.059082892416225746,0.0,0.07841404512717061,0.05333142368353047,0.00035273339017294347
bsc_token_hub_2022,bsc_token_hub_2022__hn018,bsc_token_hub_2022,hard_negative_mined,bsc,0,ratio_25,1,1,0.059082892416225746,0.0,0.07841404512717061,0.0,2.895547731895931e-05
bsc_token_hub_2022,bsc_token_hub_2022__hn019,bsc_token_hub_2022,hard_negative_mined,bsc,0,ratio_25,1,1,0.059082892416225746,0.030303030303030304,0.016597308190508656,0.0,4.087816341780126e-05
bsc_token_hub_2022,bsc_token_hub_2022__hn020,bsc_token_hub_2022,hard_negative_mined,bsc,0,ratio_25,1,2,0.059082892416225746,0.0,0.07603436394550418,0.0,6.858193228254095e-05
bsc_token_hub_2022,bsc_token_hub_2022__hn020,bsc_token_hub_2022,hard_negative_mined,bsc,0,ratio_75,2,2,0.059082892416225746,0.07575757575757576,0.07721580474861996,0.008769230769230769,0.00017806420510169119
bsc_token_hub_2022,bsc_token_hub_2022__hn021,bsc_token_hub_2022,hard_negative_mined,bsc,0,ratio_25,1,3,0.059082892416225746,0.0,0.07841404512717061,0.0036666666666666666,0.00157787068746984
bsc_token_hub_2022,bsc_token_hub_2022__hn021,bsc_token_hub_2022,hard_negative_mined,bsc,0,ratio_50,2,3,0.059082892416225746,0.06060606060606061,0.07841404512717061,0.2540496550720977,0.02381760999560356
bsc_token_hub_2022,bsc_token_hub_2022__hn021,bsc_token_hub_2022,hard_negative_mined,bsc,0,ratio_75,3,3,0.059082892416225746,0.10606060606060606,0.04727604951689585,0.06122549019607844,0.0009994140127673745
bsc_token_hub_2022,bsc_token_hub_2022__hn022,bsc_token_hub_2022,hard_negative_mined,bsc,0,ratio_25,1,1,0.059082892416225746,0.030303030303030304,0.016597308190508656,0.0,3.883077806676738e-05
bsc_token_hub_2022,bsc_token_hub_2022__hn023,bsc_token_hub_2022,hard_negative_mined,bsc,0,ratio_25,1,2,0.059082892416225746,0.0,0.07603436394550418,0.008885658914728683,0.00047054424067027867
bsc_token_hub_2022,bsc_token_hub_2022__hn023,bsc_token_hub_2022,hard_negative_mined,bsc,0,ratio_75,2,2,0.059082892416225746,0.06060606060606061,0.07603436394550418,0.19075053838794878,0.00823624525219202
bsc_token_hub_2022,bsc_token_hub_2022__hn024,bsc_token_hub_2022,hard_negative_mined,bsc,0,ratio_25,2,5,0.059082892416225746,0.07575757575757576,0.07721580474861996,0.7277940670556248,0.42428040504455566
bsc_token_hub_2022,bsc_token_hub_2022__hn024,bsc_token_hub_2022,hard_negative_mined,bsc,0,ratio_50,3,5,0.059082892416225746,0.09090909090909091,0.07682013390409284,0.02298694627891708,0.00083543686196208
bsc_token_hub_2022,bsc_token_hub_2022__hn024,bsc_token_hub_2022,hard_negative_mined,bsc,0,ratio_75,4,5,0.059082892416225746,0.10606060606060606,0.07721580474861996,0.03802530017855095,0.001365165924653411
bsc_token_hub_2022,bsc_token_hub_2022__hn024,bsc_token_hub_2022,hard_negative_mined,bsc,0,ratio_100,5,5,0.059082892416225746,0.10606060606060606,0.07745410277974213,0.01927039821776664,0.0013419215101748705
bsc_token_hub_2022,bsc_token_hub_2022__hn025,bsc_token_hub_2022,hard_negative_mined,bsc,0,ratio_25,1,1,0.059082892416225746,0.0,0.07841404512717061,0.0,2.895547731895931e-05
bsc_token_hub_2022,bsc_token_hub_2022__hn026,bsc_token_hub_2022,hard_negative_mined,bsc,0,ratio_25,1,3,0.059082892416225746,0.0,0.07603436394550418,0.0036666666666666666,0.0004785024793818593
bsc_token_hub_2022,bsc_token_hub_2022__hn026,bsc_token_hub_2022,hard_negative_mined,bsc,0,ratio_50,2,3,0.059082892416225746,0.06060606060606061,0.07603436394550418,0.1810769132533811,0.0008791298605501652
bsc_token_hub_2022,bsc_token_hub_2022__hn026,bsc_token_hub_2022,hard_negative_mined,bsc,0,ratio_75,3,3,0.059082892416225746,0.06060606060606061,0.07603436394550418,0.014205664563638715,7.774704863550141e-05
bsc_token_hub_2022,bsc_token_hub_2022__hn027,bsc_token_hub_2022,hard_negative_mined,bsc,0,ratio_25,1,3,0.059082892416225746,0.0,0.07603436394550418,0.00825,0.00045147439232096076
bsc_token_hub_2022,bsc_token_hub_2022__hn027,bsc_token_hub_2022,hard_negative_mined,bsc,0,ratio_50,2,3,0.059082892416225746,0.06060606060606061,0.07603436394550418,0.5895664563464044,0.009520309045910835
bsc_token_hub_2022,bsc_token_hub_2022__hn027,bsc_token_hub_2022,hard_negative_mined,bsc,0,ratio_75,3,3,0.059082892416225746,0.06060606060606061,0.07603436394550418,0.5133036030792969,0.09308495372533798
bsc_token_hub_2022,bsc_token_hub_2022__hn028,bsc_token_hub_2022,hard_negative_mined,bsc,0,ratio_25,1,2,0.059082892416225746,0.0,0.07603436394550418,0.0,0.00020746071822941303
bsc_token_hub_2022,bsc_token_hub_2022__hn028,bsc_token_hub_2022,hard_negative_mined,bsc,0,ratio_75,2,2,0.059082892416225746,0.06060606060606061,0.07721580474861996,0.01923497688751926,0.0005050821346230805
bsc_token_hub_2022,bsc_token_hub_2022__hn029,bsc_token_hub_2022,hard_negative_mined,bsc,0,ratio_25,1,1,0.059082892416225746,0.0,0.07603436394550418,0.005,0.0004093972675036639
bsc_token_hub_2022,bsc_token_hub_2022__hn030,bsc_token_hub_2022,hard_negative_mined,bsc,0,ratio_25,1,1,0.059082892416225746,0.0,0.07603436394550418,0.0,0.00022234383504837751
bsc_token_hub_2022,bsc_token_hub_2022__hn032,bsc_token_hub_2022,hard_negative_mined,bsc,0,ratio_25,1,2,0.059082892416225746,0.0,0.07603436394550418,0.0,0.00020746071822941303
bsc_token_hub_2022,bsc_token_hub_2022__hn032,bsc_token_hub_2022,hard_negative_mined,bsc,0,ratio_75,2,2,0.059082892416225746,0.07575757575757576,0.07721580474861996,0.041547590373739486,0.0012930792290717363
bsc_token_hub_2022,bsc_token_hub_2022__hn033,bsc_token_hub_2022,hard_negative_mined,bsc,0,ratio_25,1,2,0.059082892416225746,0.030303030303030304,0.016597308190508656,0.0,4.918895865557715e-05
bsc_token_hub_2022,bsc_token_hub_2022__hn033,bsc_token_hub_2022,hard_negative_mined,bsc,0,ratio_75,2,2,0.059082892416225746,0.09090909090909091,0.03651141885397555,0.0015,8.022658585105091e-05
bsc_token_hub_2022,bsc_token_hub_2022__hn034,bsc_token_hub_2022,hard_negative_mined,bsc,0,ratio_25,1,2,0.059082892416225746,0.030303030303030304,0.016597308190508656,0.0,4.918895865557715e-05
bsc_token_hub_2022,bsc_token_hub_2022__hn034,bsc_token_hub_2022,hard_negative_mined,bsc,0,ratio_75,2,2,0.059082892416225746,0.2727272727272727,0.03592852713305325,0.013857142857142856,0.00042592050158418715
bsc_token_hub_2022,bsc_token_hub_2022__hn035,bsc_token_hub_2022,hard_negative_mined,bsc,0,ratio_25,1,1,0.059082892416225746,0.030303030303030304,0.016597308190508656,0.0,4.087816341780126e-05
bsc_token_hub_2022,bsc_token_hub_2022__hn036,bsc_token_hub_2022,hard_negative_mined,bsc,0,ratio_25,1,1,0.059082892416225746,0.030303030303030304,0.016597308190508656,0.0,4.087816341780126e-05
bsc_token_hub_2022,bsc_token_hub_2022__hn037,bsc_token_hub_2022,hard_negative_mined,bsc,0,ratio_25,1,1,0.059082892416225746,0.030303030303030304,0.016597308190508656,0.0,3.883077806676738e-05
bsc_token_hub_2022,bsc_token_hub_2022__hn038,bsc_token_hub_2022,hard_negative_mined,bsc,0,ratio_25,1,3,0.059082892416225746,0.0,0.07841404512717061,0.0,0.00017564355221111327
bsc_token_hub_2022,bsc_token_hub_2022__hn038,bsc_token_hub_2022,hard_negative_mined,bsc,0,ratio_50,2,3,0.059082892416225746,0.06060606060606061,0.07841404512717061,0.044164292565820516,0.0037515710573643446
bsc_token_hub_2022,bsc_token_hub_2022__hn038,bsc_token_hub_2022,hard_negative_mined,bsc,0,ratio_75,3,3,0.059082892416225746,0.06060606060606061,0.07841404512717061,0.0363020810888458,0.0013292036019265652
bsc_token_hub_2022,bsc_token_hub_2022__hn039,bsc_token_hub_2022,hard_negative_mined,bsc,0,ratio_25,1,3,0.059082892416225746,0.0,0.07603436394550418,0.012552325581395346,0.0007326335762627423
bsc_token_hub_2022,bsc_token_hub_2022__hn039,bsc_token_hub_2022,hard_negative_mined,bsc,0,ratio_50,2,3,0.059082892416225746,0.10606060606060606,0.03592852713305325,0.1194423184775626,0.010681184008717537
bsc_token_hub_2022,bsc_token_hub_2022__hn039,bsc_token_hub_2022,hard_negative_mined,bsc,0,ratio_75,3,3,0.059082892416225746,0.10606060606060606,0.027822808764671494,0.04357851825593761,0.00046584432129748166
bsc_token_hub_2022,bsc_token_hub_2022__hn040,bsc_token_hub_2022,hard_negative_mined,bsc,0,ratio_25,2,6,0.059082892416225746,0.06060606060606061,0.07603436394550418,0.2640967018341736,0.011388890445232391
bsc_token_hub_2022,bsc_token_hub_2022__hn040,bsc_token_hub_2022,hard_negative_mined,bsc,0,ratio_50,3,6,0.059082892416225746,0.07575757575757576,0.07682013390409284,0.0705247523533773,0.014315753243863583
bsc_token_hub_2022,bsc_token_hub_2022__hn040,bsc_token_hub_2022,hard_negative_mined,bsc,0,ratio_75,5,6,0.059082892416225746,0.09090909090909091,0.0769781786983425,0.13470899470899472,0.01506337895989418
bsc_token_hub_2022,bsc_token_hub_2022__hn040,bsc_token_hub_2022,hard_negative_mined,bsc,0,ratio_100,6,6,0.059082892416225746,0.09090909090909091,0.07682013390409284,0.12970899470899472,0.013640363700687885
bsc_token_hub_2022,bsc_token_hub_2022__hn041,bsc_token_hub_2022,hard_negative_mined,bsc,0,ratio_25,1,1,0.059082892416225746,0.0,0.07841404512717061,0.0,2.895547731895931e-05
bsc_token_hub_2022,bsc_token_hub_2022__hn042,bsc_token_hub_2022,hard_negative_mined,bsc,0,ratio_25,1,1,0.059082892416225746,0.0,0.07841404512717061,0.0,0.00016511738067492843
bsc_token_hub_2022,bsc_token_hub_2022__hn044,bsc_token_hub_2022,hard_negative_mined,bsc,0,ratio_25,1,1,0.059082892416225746,0.0,0.07841404512717061,0.0,2.75052479992155e-05
bsc_token_hub_2022,bsc_token_hub_2022__hn045,bsc_token_hub_2022,hard_negative_mined,bsc,0,ratio_25,1,1,0.059082892416225746,0.0,0.07603436394550418,0.0,0.0001532886817585677
bsc_token_hub_2022,bsc_token_hub_2022__hn046,bsc_token_hub_2022,hard_negative_mined,bsc,0,ratio_25,1,1,0.059082892416225746,0.030303030303030304,0.016597308190508656,0.0,4.087816341780126e-05
bsc_token_hub_2022,bsc_token_hub_2022__hn047,bsc_token_hub_2022,hard_negative_mined,bsc,0,ratio_25,1,1,0.059082892416225746,0.030303030303030304,0.016597308190508656,0.0,4.087816341780126e-05
bsc_token_hub_2022,bsc_token_hub_2022__hn048,bsc_token_hub_2022,hard_negative_mined,bsc,0,ratio_25,2,5,0.059082892416225746,0.07575757575757576,0.07841404512717061,0.13334001505030768,0.011861344799399376
bsc_token_hub_2022,bsc_token_hub_2022__hn048,bsc_token_hub_2022,hard_negative_mined,bsc,0,ratio_50,3,5,0.059082892416225746,0.09090909090909091,0.07841404512717061,0.035849068730080896,0.004661650396883488
bsc_token_hub_2022,bsc_token_hub_2022__hn048,bsc_token_hub_2022,hard_negative_mined,bsc,0,ratio_75,4,5,0.059082892416225746,0.10606060606060606,0.07841404512717061,0.004166666666666667,0.0011777265463024378
bsc_token_hub_2022,bsc_token_hub_2022__hn048,bsc_token_hub_2022,hard_negative_mined,bsc,0,ratio_100,5,5,0.059082892416225746,0.12121212121212122,0.07841404512717061,0.01,0.0011444651754572988
bsc_token_hub_2022,bsc_token_hub_2022__hn049,bsc_token_hub_2022,hard_negative_mined,bsc,0,ratio_25,1,4,0.059082892416225746,0.0,0.07603436394550418,0.0036666666666666666,0.0006594577571377158
bsc_token_hub_2022,bsc_token_hub_2022__hn049,bsc_token_hub_2022,hard_negative_mined,bsc,0,ratio_50,2,4,0.059082892416225746,0.06060606060606061,0.07603436394550418,0.6723297011280909,0.008705740794539452
bsc_token_hub_2022,bsc_token_hub_2022__hn049,bsc_token_hub_2022,hard_negative_mined,bsc,0,ratio_75,3,4,0.059082892416225746,0.07575757575757576,0.07682013390409284,0.4419554390076367,0.02409304864704609
bsc_token_hub_2022,bsc_token_hub_2022__hn049,bsc_token_hub_2022,hard_negative_mined,bsc,0,ratio_100,4,4,0.059082892416225746,0.07575757575757576,0.07721580474861996,0.39939603521443606,0.04562083259224892
bsc_token_hub_2022,bsc_token_hub_2022__hn050,bsc_token_hub_2022,hard_negative_mined,bsc,0,ratio_25,1,2,0.059082892416225746,0.0,0.07603436394550418,0.013885658914728682,0.0006401061546057463
bsc_token_hub_2022,bsc_token_hub_2022__hn050,bsc_token_hub_2022,hard_negative_mined,bsc,0,ratio_75,2,2,0.059082892416225746,0.06060606060606061,0.07603436394550418,0.09752062288392065,0.009744175709784031
bsc_token_hub_2022,bsc_token_hub_2022__hn051,bsc_token_hub_2022,hard_negative_mined,bsc,0,ratio_25,1,1,0.059082892416225746,0.0,0.07841404512717061,0.0,2.895547731895931e-05
bsc_token_hub_2022,bsc_token_hub_2022__hn052,bsc_token_hub_2022,hard_negative_mined,bsc,0,ratio_25,1,1,0.059082892416225746,0.0,0.07603436394550418,0.0,0.0001251700596185401
bsc_token_hub_2022,bsc_token_hub_2022__hn053,bsc_token_hub_2022,hard_negative_mined,bsc,0,ratio_25,1,1,0.059082892416225746,0.0,0.07841404512717061,0.0,2.895547731895931e-05
bsc_token_hub_2022,bsc_token_hub_2022__hn054,bsc_token_hub_2022,hard_negative_mined,bsc,0,ratio_25,1,1,0.059082892416225746,0.0,0.07603436394550418,0.0,0.00020378710178192705
bsc_token_hub_2022,bsc_token_hub_2022__hn055,bsc_token_hub_2022,hard_negative_mined,bsc,0,ratio_25,1,3,0.059082892416225746,0.0,0.07841404512717061,0.0,0.000126215789350681
bsc_token_hub_2022,bsc_token_hub_2022__hn055,bsc_token_hub_2022,hard_negative_mined,bsc,0,ratio_50,2,3,0.059082892416225746,0.06060606060606061,0.07841404512717061,0.05503568420005379,0.00014791940338909626
bsc_token_hub_2022,bsc_token_hub_2022__hn055,bsc_token_hub_2022,hard_negative_mined,bsc,0,ratio_75,3,3,0.059082892416225746,0.12121212121212122,0.07841404512717061,0.0016666666666666666,5.2932588005205616e-05
bsc_token_hub_2022,bsc_token_hub_2022__hn056,bsc_token_hub_2022,hard_negative_mined,bsc,0,ratio_25,1,1,0.059082892416225746,0.030303030303030304,0.016597308190508656,0.0,4.087816341780126e-05
bsc_token_hub_2022,bsc_token_hub_2022__hn057,bsc_token_hub_2022,hard_negative_mined,bsc,0,ratio_25,1,1,0.059082892416225746,0.030303030303030304,0.016597308190508656,0.0,3.883077806676738e-05
bsc_token_hub_2022,bsc_token_hub_2022__hn058,bsc_token_hub_2022,hard_negative_mined,bsc,0,ratio_25,1,1,0.059082892416225746,0.030303030303030304,0.016597308190508656,0.0,4.087816341780126e-05
bsc_token_hub_2022,bsc_token_hub_2022__hn059,bsc_token_hub_2022,hard_negative_mined,bsc,0,k_2,2,14,0.059082892416225746,0.0,0.07841404512717061,0.1111702392927998,0.016366014257073402
bsc_token_hub_2022,bsc_token_hub_2022__hn059,bsc_token_hub_2022,hard_negative_mined,bsc,0,k_3,3,14,0.059082892416225746,0.06060606060606061,0.07841404512717061,0.08729205734859422,0.009157910943031311
bsc_token_hub_2022,bsc_token_hub_2022__hn059,bsc_token_hub_2022,hard_negative_mined,bsc,0,ratio_25,4,14,0.059082892416225746,0.12121212121212122,0.07841404512717061,0.03759947178425439,0.055526990443468094
bsc_token_hub_2022,bsc_token_hub_2022__hn059,bsc_token_hub_2022,hard_negative_mined,bsc,0,k_5,5,14,0.059082892416225746,0.12121212121212122,0.07841404512717061,0.013634580743092166,0.0007428578101098537
bsc_token_hub_2022,bsc_token_hub_2022__hn059,bsc_token_hub_2022,hard_negative_mined,bsc,0,ratio_50,7,14,0.059082892416225746,0.12121212121212122,0.07841404512717061,0.0010869565217391304,0.000921201950404793
bsc_token_hub_2022,bsc_token_hub_2022__hn059,bsc_token_hub_2022,hard_negative_mined,bsc,0,ratio_75,11,14,0.059082892416225746,0.15151515151515152,0.0684239270170678,0.012727272727272728,0.00038843625225126743
bsc_token_hub_2022,bsc_token_hub_2022__hn059,bsc_token_hub_2022,hard_negative_mined,bsc,0,ratio_100,14,14,0.059082892416225746,0.15151515151515152,0.07046017910046354,0.007727272727272727,0.00018684826500248164
bsc_token_hub_2022,bsc_token_hub_2022__hn060,bsc_token_hub_2022,hard_negative_mined,bsc,0,ratio_25,1,1,0.059082892416225746,0.0,0.07841404512717061,0.0,2.895547731895931e-05
bsc_token_hub_2022,bsc_token_hub_2022__hn061,bsc_token_hub_2022,hard_negative_mined,bsc,0,ratio_25,2,6,0.059082892416225746,0.06060606060606061,0.07603436394550418,0.1620027904204969,0.0022636963985860348
bsc_token_hub_2022,bsc_token_hub_2022__hn061,bsc_token_hub_2022,hard_negative_mined,bsc,0,ratio_50,3,6,0.059082892416225746,0.06060606060606061,0.07603436394550418,0.05945161198611928,0.00010855725849978626
bsc_token_hub_2022,bsc_token_hub_2022__hn061,bsc_token_hub_2022,hard_negative_mined,bsc,0,ratio_75,5,6,0.059082892416225746,0.06060606060606061,0.07603436394550418,0.05536259626526465,8.330794662469998e-05
bsc_token_hub_2022,bsc_token_hub_2022__hn061,bsc_token_hub_2022,hard_negative_mined,bsc,0,ratio_100,6,6,0.059082892416225746,0.06060606060606061,0.07603436394550418,0.03293019783501307,8.117482502711937e-05
bsc_token_hub_2022,bsc_token_hub_2022__hn062,bsc_token_hub_2022,hard_negative_mined,bsc,0,ratio_25,1,1,0.059082892416225746,0.0,0.07841404512717061,0.0,0.0001739229919621721
bsc_token_hub_2022,bsc_token_hub_2022__hn063,bsc_token_hub_2022,hard_negative_mined,bsc,0,ratio_25,1,3,0.059082892416225746,0.030303030303030304,0.016597308190508656,0.0,0.00012031611549900845
bsc_token_hub_2022,bsc_token_hub_2022__hn063,bsc_token_hub_2022,hard_negative_mined,bsc,0,ratio_50,2,3,0.059082892416225746,0.09090909090909091,0.016597308190508656,0.019246016909588694,0.00038959181983955204
bsc_token_hub_2022,bsc_token_hub_2022__hn063,bsc_token_hub_2022,hard_negative_mined,bsc,0,ratio_75,3,3,0.059082892416225746,0.09090909090909091,0.02812550731016753,0.006121323529411764,9.22788240131922e-05
bsc_token_hub_2022,bsc_token_hub_2022__hn064,bsc_token_hub_2022,hard_negative_mined,bsc,0,ratio_25,1,1,0.059082892416225746,0.0,0.07841404512717061,0.0,2.75052479992155e-05
bsc_token_hub_2022,bsc_token_hub_2022__hn065,bsc_token_hub_2022,hard_negative_mined,bsc,0,ratio_25,2,8,0.059082892416225746,0.06060606060606061,0.07603436394550418,0.4208488324405999,0.1258821040391922
bsc_token_hub_2022,bsc_token_hub_2022__hn065,bsc_token_hub_2022,hard_negative_mined,bsc,0,k_3,3,8,0.059082892416225746,0.06060606060606061,0.07603436394550418,0.3837123716874076,0.6009376645088196
bsc_token_hub_2022,bsc_token_hub_2022__hn065,bsc_token_hub_2022,hard_negative_mined,bsc,0,ratio_50,4,8,0.059082892416225746,0.06060606060606061,0.07603436394550418,0.3519904606676497,0.7537597417831421
bsc_token_hub_2022,bsc_token_hub_2022__hn065,bsc_token_hub_2022,hard_negative_mined,bsc,0,k_5,5,8,0.059082892416225746,0.06060606060606061,0.07603436394550418,0.003876207199297629,0.0009926494676619768
bsc_token_hub_2022,bsc_token_hub_2022__hn065,bsc_token_hub_2022,hard_negative_mined,bsc,0,ratio_75,6,8,0.059082892416225746,0.06060606060606061,0.07603436394550418,0.00887620719929763,0.0006142157944850624
bsc_token_hub_2022,bsc_token_hub_2022__hn065,bsc_token_hub_2022,hard_negative_mined,bsc,0,k_7,7,8,0.059082892416225746,0.06060606060606061,0.07603436394550418,0.003876207199297629,0.0009419493726454675
bsc_token_hub_2022,bsc_token_hub_2022__hn065,bsc_token_hub_2022,hard_negative_mined,bsc,0,ratio_100,8,8,0.059082892416225746,0.06060606060606061,0.07603436394550418,0.003876207199297629,0.0014146415051072836
bsc_token_hub_2022,bsc_token_hub_2022__hn066,bsc_token_hub_2022,hard_negative_mined,bsc,0,ratio_25,2,5,0.059082892416225746,0.06060606060606061,0.07841404512717061,0.10538459082304515,0.0012052423553541303
bsc_token_hub_2022,bsc_token_hub_2022__hn066,bsc_token_hub_2022,hard_negative_mined,bsc,0,ratio_50,3,5,0.059082892416225746,0.06060606060606061,0.07841404512717061,0.011432019646189638,8.310568955494091e-05
bsc_token_hub_2022,bsc_token_hub_2022__hn066,bsc_token_hub_2022,hard_negative_mined,bsc,0,ratio_75,4,5,0.059082892416225746,0.06060606060606061,0.07841404512717061,0.0002941176470588235,0.00013312454393599182
bsc_token_hub_2022,bsc_token_hub_2022__hn066,bsc_token_hub_2022,hard_negative_mined,bsc,0,ratio_100,5,5,0.059082892416225746,0.06060606060606061,0.07841404512717061,0.0002941176470588235,0.0001452247379347682
bsc_token_hub_2022,bsc_token_hub_2022__hn067,bsc_token_hub_2022,hard_negative_mined,bsc,0,ratio_25,1,2,0.059082892416225746,0.0,0.07603436394550418,0.0,8.358318882528692e-05
bsc_token_hub_2022,bsc_token_hub_2022__hn067,bsc_token_hub_2022,hard_negative_mined,bsc,0,ratio_75,2,2,0.059082892416225746,0.07575757575757576,0.07721580474861996,0.02845474664224664,6.330654287012294e-05
bsc_token_hub_2022,bsc_token_hub_2022__hn068,bsc_token_hub_2022,hard_negative_mined,bsc,0,ratio_25,1,2,0.059082892416225746,0.0,0.07603436394550418,0.0,0.00019573945610318333
bsc_token_hub_2022,bsc_token_hub_2022__hn068,bsc_token_hub_2022,hard_negative_mined,bsc,0,ratio_75,2,2,0.059082892416225746,0.07575757575757576,0.07721580474861996,0.3513906504028765,0.06620995700359344
bsc_token_hub_2022,bsc_token_hub_2022__hn069,bsc_token_hub_2022,hard_negative_mined,bsc,0,ratio_25,1,3,0.059082892416225746,0.0,0.07841404512717061,0.0036666666666666666,0.0009115864522755146
bsc_token_hub_2022,bsc_token_hub_2022__hn069,bsc_token_hub_2022,hard_negative_mined,bsc,0,ratio_50,2,3,0.059082892416225746,0.06060606060606061,0.07841404512717061,0.2764410464077532,0.0007874524453654885
bsc_token_hub_2022,bsc_token_hub_2022__hn069,bsc_token_hub_2022,hard_negative_mined,bsc,0,ratio_75,3,3,0.059082892416225746,0.10606060606060606,0.04727604951689585,0.3332248709119614,0.3824012577533722
qbridge_qubit_2022,qbridge_qubit_2022__hn000,qbridge_qubit_2022,hard_negative_mined,bsc,0,ratio_25,1,1,0.06209453197405004,0.0,0.08662910869729674,0.0,4.861267370870337e-05
qbridge_qubit_2022,qbridge_qubit_2022__hn001,qbridge_qubit_2022,hard_negative_mined,bsc,0,k_2,2,458,0.06209453197405004,0.08,0.08020096186478894,0.06054451882782445,0.00030920765129849315
qbridge_qubit_2022,qbridge_qubit_2022__hn001,qbridge_qubit_2022,hard_negative_mined,bsc,0,k_3,3,458,0.06209453197405004,0.08,0.08020096186478894,0.02706590907366516,0.0004112856404390186
qbridge_qubit_2022,qbridge_qubit_2022__hn001,qbridge_qubit_2022,hard_negative_mined,bsc,0,k_5,5,458,0.06209453197405004,0.08,0.08020096186478894,0.08079394061548456,0.0005869918968528509
qbridge_qubit_2022,qbridge_qubit_2022__hn001,qbridge_qubit_2022,hard_negative_mined,bsc,0,k_7,7,458,0.06209453197405004,0.08,0.08020096186478894,0.07492332041056264,0.003230816451832652
qbridge_qubit_2022,qbridge_qubit_2022__hn001,qbridge_qubit_2022,hard_negative_mined,bsc,0,ratio_25,115,458,0.06209453197405004,0.08,0.08020096186478894,0.14125376272911125,0.00015230479766614735
qbridge_qubit_2022,qbridge_qubit_2022__hn001,qbridge_qubit_2022,hard_negative_mined,bsc,0,ratio_50,229,458,0.06209453197405004,0.08,0.08020096186478894,0.07553508568483736,5.1535356760723516e-05
qbridge_qubit_2022,qbridge_qubit_2022__hn001,qbridge_qubit_2022,hard_negative_mined,bsc,0,ratio_75,344,458,0.06209453197405004,0.08,0.08020096186478894,0.041565877011803476,1.6473743016831577e-05
qbridge_qubit_2022,qbridge_qubit_2022__hn001,qbridge_qubit_2022,hard_negative_mined,bsc,0,ratio_100,458,458,0.06209453197405004,0.08,0.08020096186478894,0.04476484785228375,3.195943281752989e-05
qbridge_qubit_2022,qbridge_qubit_2022__hn002,qbridge_qubit_2022,hard_negative_mined,bsc,0,ratio_25,1,3,0.06209453197405004,0.0,0.08662910869729674,0.014266949152542372,0.00030686092213727534
qbridge_qubit_2022,qbridge_qubit_2022__hn002,qbridge_qubit_2022,hard_negative_mined,bsc,0,ratio_50,2,3,0.06209453197405004,0.1,0.08662910869729674,0.05851568457979562,0.00018629644182510674
qbridge_qubit_2022,qbridge_qubit_2022__hn002,qbridge_qubit_2022,hard_negative_mined,bsc,0,ratio_75,3,3,0.06209453197405004,0.12,0.08662910869729674,0.029563725490196077,0.00041638233233243227
qbridge_qubit_2022,qbridge_qubit_2022__hn003,qbridge_qubit_2022,hard_negative_mined,bsc,0,ratio_25,1,1,0.06209453197405004,0.0,0.08020096186478894,0.0,1.938685636559967e-05
qbridge_qubit_2022,qbridge_qubit_2022__hn004,qbridge_qubit_2022,hard_negative_mined,bsc,0,ratio_25,1,3,0.06209453197405004,0.0,0.08020096186478894,0.001016949152542373,5.4531730711460114e-05
qbridge_qubit_2022,qbridge_qubit_2022__hn004,qbridge_qubit_2022,hard_negative_mined,bsc,0,ratio_50,2,3,0.06209453197405004,0.1,0.1054627771802928,0.016522869218713727,2.078592478937935e-05
qbridge_qubit_2022,qbridge_qubit_2022__hn004,qbridge_qubit_2022,hard_negative_mined,bsc,0,ratio_75,3,3,0.06209453197405004,0.1,0.11533262698271834,0.11250021833714975,0.00019471545238047838
qbridge_qubit_2022,qbridge_qubit_2022__hn005,qbridge_qubit_2022,hard_negative_mined,bsc,0,ratio_25,1,3,0.06209453197405004,0.0,0.13749217754713527,0.008588377723970943,0.0033555589616298676
qbridge_qubit_2022,qbridge_qubit_2022__hn005,qbridge_qubit_2022,hard_negative_mined,bsc,0,ratio_50,2,3,0.06209453197405004,0.08,0.13749217754713527,0.038414107196627516,0.004403211642056704
qbridge_qubit_2022,qbridge_qubit_2022__hn005,qbridge_qubit_2022,hard_negative_mined,bsc,0,ratio_75,3,3,0.06209453197405004,0.1,0.13749217754713527,0.14037904645132987,0.10311342775821686
qbridge_qubit_2022,qbridge_qubit_2022__hn006,qbridge_qubit_2022,hard_negative_mined,bsc,0,ratio_25,1,2,0.06209453197405004,0.0,0.08020096186478894,0.0,2.4214394215960056e-05
qbridge_qubit_2022,qbridge_qubit_2022__hn006,qbridge_qubit_2022,hard_negative_mined,bsc,0,ratio_75,2,2,0.06209453197405004,0.08,0.08020096186478894,0.01742559523809524,0.0020593744702637196
qbridge_qubit_2022,qbridge_qubit_2022__hn007,qbridge_qubit_2022,hard_negative_mined,bsc,0,ratio_25,1,2,0.06209453197405004,0.0,0.08020096186478894,0.0,2.010252865147777e-05
qbridge_qubit_2022,qbridge_qubit_2022__hn007,qbridge_qubit_2022,hard_negative_mined,bsc,0,ratio_75,2,2,0.06209453197405004,0.08,0.08020096186478894,0.008826911027568923,0.00042475725058466196
qbridge_qubit_2022,qbridge_qubit_2022__hn008,qbridge_qubit_2022,hard_negative_mined,bsc,0,ratio_25,2,7,0.06209453197405004,0.08,0.08020096186478894,0.09176203775491143,0.00011035137868020684
qbridge_qubit_2022,qbridge_qubit_2022__hn008,qbridge_qubit_2022,hard_negative_mined,bsc,0,k_3,3,7,0.06209453197405004,0.08,0.08020096186478894,0.06801716283564443,0.0011580752907320857
qbridge_qubit_2022,qbridge_qubit_2022__hn008,qbridge_qubit_2022,hard_negative_mined,bsc,0,ratio_50,4,7,0.06209453197405004,0.08,0.08020096186478894,0.05541724348844248,0.001071094418875873
qbridge_qubit_2022,qbridge_qubit_2022__hn008,qbridge_qubit_2022,hard_negative_mined,bsc,0,k_5,5,7,0.06209453197405004,0.08,0.08020096186478894,0.0255738444264238,0.000769518781453371
qbridge_qubit_2022,qbridge_qubit_2022__hn008,qbridge_qubit_2022,hard_negative_mined,bsc,0,ratio_75,6,7,0.06209453197405004,0.08,0.08020096186478894,0.044577227384292914,0.004248879849910736
qbridge_qubit_2022,qbridge_qubit_2022__hn008,qbridge_qubit_2022,hard_negative_mined,bsc,0,ratio_100,7,7,0.06209453197405004,0.08,0.08020096186478894,0.025958897423400993,2.921888153650798e-05
qbridge_qubit_2022,qbridge_qubit_2022__hn009,qbridge_qubit_2022,hard_negative_mined,bsc,0,k_2,2,858,0.06209453197405004,0.08,0.08020096186478894,0.06539508813556588,0.0007443452486768365
qbridge_qubit_2022,qbridge_qubit_2022__hn009,qbridge_qubit_2022,hard_negative_mined,bsc,0,k_3,3,858,0.06209453197405004,0.08,0.08020096186478894,0.04560476495719318,0.0017086219741031528
qbridge_qubit_2022,qbridge_qubit_2022__hn009,qbridge_qubit_2022,hard_negative_mined,bsc,0,k_5,5,858,0.06209453197405004,0.08,0.08020096186478894,0.027905060062816144,0.0006314838537946343
qbridge_qubit_2022,qbridge_qubit_2022__hn009,qbridge_qubit_2022,hard_negative_mined,bsc,0,k_7,7,858,0.06209453197405004,0.08,0.08020096186478894,0.01033231596445093,0.0003064381598960608
qbridge_qubit_2022,qbridge_qubit_2022__hn009,qbridge_qubit_2022,hard_negative_mined,bsc,0,ratio_25,215,858,0.06209453197405004,0.08,0.08020096186478894,0.002135564378899603,8.403297397308052e-05
qbridge_qubit_2022,qbridge_qubit_2022__hn009,qbridge_qubit_2022,hard_negative_mined,bsc,0,ratio_50,429,858,0.06209453197405004,0.08,0.08020096186478894,0.002135564378899603,2.6502975742914714e-05
qbridge_qubit_2022,qbridge_qubit_2022__hn009,qbridge_qubit_2022,hard_negative_mined,bsc,0,ratio_75,644,858,0.06209453197405004,0.08,0.08020096186478894,0.0353590785907859,8.238199370680377e-05
qbridge_qubit_2022,qbridge_qubit_2022__hn009,qbridge_qubit_2022,hard_negative_mined,bsc,0,ratio_100,858,858,0.06209453197405004,0.08,0.08020096186478894,0.03677177700348432,7.217618258437142e-05
qbridge_qubit_2022,qbridge_qubit_2022__hn010,qbridge_qubit_2022,hard_negative_mined,bsc,0,k_2,2,176,0.06209453197405004,0.08,0.08020096186478894,0.06523201882782445,0.0004791288811247796
qbridge_qubit_2022,qbridge_qubit_2022__hn010,qbridge_qubit_2022,hard_negative_mined,bsc,0,k_3,3,176,0.06209453197405004,0.08,0.08020096186478894,0.0372081071344209,0.0005694200517609715
qbridge_qubit_2022,qbridge_qubit_2022__hn010,qbridge_qubit_2022,hard_negative_mined,bsc,0,k_5,5,176,0.06209453197405004,0.08,0.08020096186478894,0.12181370000473125,0.002583378693088889
qbridge_qubit_2022,qbridge_qubit_2022__hn010,qbridge_qubit_2022,hard_negative_mined,bsc,0,k_7,7,176,0.06209453197405004,0.08,0.08020096186478894,0.09962136476268128,0.0015246812254190445
qbridge_qubit_2022,qbridge_qubit_2022__hn010,qbridge_qubit_2022,hard_negative_mined,bsc,0,ratio_25,44,176,0.06209453197405004,0.08,0.08020096186478894,0.002135564378899603,0.00026259460719302297
qbridge_qubit_2022,qbridge_qubit_2022__hn010,qbridge_qubit_2022,hard_negative_mined,bsc,0,ratio_50,88,176,0.06209453197405004,0.08,0.08020096186478894,0.002135564378899603,2.7016767489840277e-05
qbridge_qubit_2022,qbridge_qubit_2022__hn010,qbridge_qubit_2022,hard_negative_mined,bsc,0,ratio_75,132,176,0.06209453197405004,0.08,0.08020096186478894,0.0059146341463414635,2.2272972273640335e-05
qbridge_qubit_2022,qbridge_qubit_2022__hn010,qbridge_qubit_2022,hard_negative_mined,bsc,0,ratio_100,176,176,0.06209453197405004,0.08,0.08020096186478894,0.0017717770034843205,2.6054971385747194e-05
qbridge_qubit_2022,qbridge_qubit_2022__hn011,qbridge_qubit_2022,hard_negative_mined,bsc,0,k_2,2,773,0.06209453197405004,0.08,0.08020096186478894,0.029456687208426525,0.0013715801760554314
qbridge_qubit_2022,qbridge_qubit_2022__hn011,qbridge_qubit_2022,hard_negative_mined,bsc,0,k_3,3,773,0.06209453197405004,0.08,0.08020096186478894,0.04103497175569265,0.0029063329566270113
qbridge_qubit_2022,qbridge_qubit_2022__hn011,qbridge_qubit_2022,hard_negative_mined,bsc,0,k_5,5,773,0.06209453197405004,0.08,0.08020096186478894,0.026184293761721978,0.0007738921558484435
qbridge_qubit_2022,qbridge_qubit_2022__hn011,qbridge_qubit_2022,hard_negative_mined,bsc,0,k_7,7,773,0.06209453197405004,0.08,0.08020096186478894,0.026184293761721978,0.0007260930142365396
qbridge_qubit_2022,qbridge_qubit_2022__hn011,qbridge_qubit_2022,hard_negative_mined,bsc,0,ratio_25,194,773,0.06209453197405004,0.08,0.08020096186478894,0.0184318606751959,0.0004081034567207098
qbridge_qubit_2022,qbridge_qubit_2022__hn011,qbridge_qubit_2022,hard_negative_mined,bsc,0,ratio_50,387,773,0.06209453197405004,0.08,0.08020096186478894,0.01215143739477262,0.0001640080299694091
qbridge_qubit_2022,qbridge_qubit_2022__hn011,qbridge_qubit_2022,hard_negative_mined,bsc,0,ratio_75,580,773,0.06209453197405004,0.08,0.08020096186478894,0.028628919860627176,0.00010142807877855375
qbridge_qubit_2022,qbridge_qubit_2022__hn011,qbridge_qubit_2022,hard_negative_mined,bsc,0,ratio_100,773,773,0.06209453197405004,0.08,0.08020096186478894,0.009387755102040816,0.0012305077398195863
qbridge_qubit_2022,qbridge_qubit_2022__hn012,qbridge_qubit_2022,hard_negative_mined,bsc,0,ratio_25,1,2,0.06209453197405004,0.0,0.13749217754713527,0.0,0.0008137313998304307
qbridge_qubit_2022,qbridge_qubit_2022__hn012,qbridge_qubit_2022,hard_negative_mined,bsc,0,ratio_75,2,2,0.06209453197405004,0.08,0.13749217754713527,0.045817292797204964,0.0013221879489719868
qbridge_qubit_2022,qbridge_qubit_2022__hn013,qbridge_qubit_2022,hard_negative_mined,bsc,0,k_2,2,521,0.06209453197405004,0.08,0.08020096186478894,0.038158809837098163,0.0005944799049757421
qbridge_qubit_2022,qbridge_qubit_2022__hn013,qbridge_qubit_2022,hard_negative_mined,bsc,0,k_3,3,521,0.06209453197405004,0.08,0.08020096186478894,0.03302090902866511,0.0003357189707458019
qbridge_qubit_2022,qbridge_qubit_2022__hn013,qbridge_qubit_2022,hard_negative_mined,bsc,0,k_5,5,521,0.06209453197405004,0.08,0.08145074927018961,0.044506480545446904,0.004967326298356056
qbridge_qubit_2022,qbridge_qubit_2022__hn013,qbridge_qubit_2022,hard_negative_mined,bsc,0,k_7,7,521,0.06209453197405004,0.08,0.08109186714323509,0.05392888684285322,0.005652532912790775
qbridge_qubit_2022,qbridge_qubit_2022__hn013,qbridge_qubit_2022,hard_negative_mined,bsc,0,ratio_25,131,521,0.06209453197405004,0.08,0.08034317499049298,0.015553725969777088,0.0006071175448596478
qbridge_qubit_2022,qbridge_qubit_2022__hn013,qbridge_qubit_2022,hard_negative_mined,bsc,0,ratio_50,261,521,0.06209453197405004,0.08,0.08027231212189807,0.01893521594684385,0.00029927861760370433
qbridge_qubit_2022,qbridge_qubit_2022__hn013,qbridge_qubit_2022,hard_negative_mined,bsc,0,ratio_75,391,521,0.06209453197405004,0.08,0.08024858310325088,0.0009146341463414634,4.7981600800994784e-05
qbridge_qubit_2022,qbridge_qubit_2022__hn013,qbridge_qubit_2022,hard_negative_mined,bsc,0,ratio_100,521,521,0.06209453197405004,0.08,0.08023669822856622,0.00677177700348432,5.937239620834589e-05
qbridge_qubit_2022,qbridge_qubit_2022__hn014,qbridge_qubit_2022,hard_negative_mined,bsc,0,k_2,2,11,0.06209453197405004,0.08,0.08662910869729674,0.4512782513526032,0.1230149194598198
qbridge_qubit_2022,qbridge_qubit_2022__hn014,qbridge_qubit_2022,hard_negative_mined,bsc,0,ratio_25,3,11,0.06209453197405004,0.08,0.08662910869729674,0.37896176330814996,0.020808594301342964
qbridge_qubit_2022,qbridge_qubit_2022__hn014,qbridge_qubit_2022,hard_negative_mined,bsc,0,k_5,5,11,0.06209453197405004,0.08,0.08662910869729674,0.024235690235690235,0.0002409732696833089
qbridge_qubit_2022,qbridge_qubit_2022__hn014,qbridge_qubit_2022,hard_negative_mined,bsc,0,ratio_50,6,11,0.06209453197405004,0.08,0.08662910869729674,0.013383838383838382,0.00010686737368814647
qbridge_qubit_2022,qbridge_qubit_2022__hn014,qbridge_qubit_2022,hard_negative_mined,bsc,0,k_7,7,11,0.06209453197405004,0.08,0.08662910869729674,0.00893939393939394,5.2410665375646204e-05
qbridge_qubit_2022,qbridge_qubit_2022__hn014,qbridge_qubit_2022,hard_negative_mined,bsc,0,ratio_75,9,11,0.06209453197405004,0.08,0.08662910869729674,0.02598355348355348,0.00022205570712685585
qbridge_qubit_2022,qbridge_qubit_2022__hn014,qbridge_qubit_2022,hard_negative_mined,bsc,0,ratio_100,11,11,0.06209453197405004,0.1,0.08602597775218532,0.014736842105263158,0.0007560995873063803
qbridge_qubit_2022,qbridge_qubit_2022__hn015,qbridge_qubit_2022,hard_negative_mined,bsc,0,k_2,2,23,0.06209453197405004,0.08,0.08020096186478894,0.20685560275378417,0.4252451956272125
qbridge_qubit_2022,qbridge_qubit_2022__hn015,qbridge_qubit_2022,hard_negative_mined,bsc,0,k_3,3,23,0.06209453197405004,0.08,0.08020096186478894,0.2799377080356225,0.6654606461524963
qbridge_qubit_2022,qbridge_qubit_2022__hn015,qbridge_qubit_2022,hard_negative_mined,bsc,0,k_5,5,23,0.06209453197405004,0.08,0.08020096186478894,0.1292480952580524,0.1908150613307953
qbridge_qubit_2022,qbridge_qubit_2022__hn015,qbridge_qubit_2022,hard_negative_mined,bsc,0,ratio_25,6,23,0.06209453197405004,0.08,0.08020096186478894,0.06962342766303463,0.012661258690059185
qbridge_qubit_2022,qbridge_qubit_2022__hn015,qbridge_qubit_2022,hard_negative_mined,bsc,0,k_7,7,23,0.06209453197405004,0.08,0.08020096186478894,0.06212342766303463,0.003133042249828577
qbridge_qubit_2022,qbridge_qubit_2022__hn015,qbridge_qubit_2022,hard_negative_mined,bsc,0,ratio_50,12,23,0.06209453197405004,0.08,0.08020096186478894,0.0027142857142857142,0.000525634444784373
qbridge_qubit_2022,qbridge_qubit_2022__hn015,qbridge_qubit_2022,hard_negative_mined,bsc,0,ratio_75,18,23,0.06209453197405004,0.08,0.08020096186478894,0.0027142857142857142,0.0005586455226875842
qbridge_qubit_2022,qbridge_qubit_2022__hn015,qbridge_qubit_2022,hard_negative_mined,bsc,0,ratio_100,23,23,0.06209453197405004,0.08,0.08020096186478894,0.0027142857142857142,0.0005877460353076458
qbridge_qubit_2022,qbridge_qubit_2022__hn016,qbridge_qubit_2022,hard_negative_mined,bsc,0,ratio_25,1,4,0.06209453197405004,0.0,0.08662910869729674,0.003588377723970944,0.0006216626497916877
qbridge_qubit_2022,qbridge_qubit_2022__hn016,qbridge_qubit_2022,hard_negative_mined,bsc,0,ratio_50,2,4,0.06209453197405004,0.08,0.08662910869729674,0.19963182497723334,0.001133494544774294
qbridge_qubit_2022,qbridge_qubit_2022__hn016,qbridge_qubit_2022,hard_negative_mined,bsc,0,ratio_75,3,4,0.06209453197405004,0.08,0.08662910869729674,0.30780718078639047,0.0005489753093570471
qbridge_qubit_2022,qbridge_qubit_2022__hn016,qbridge_qubit_2022,hard_negative_mined,bsc,0,ratio_100,4,4,0.06209453197405004,0.08,0.08662910869729674,0.2425623862002837,0.00045013619819656014
qbridge_qubit_2022,qbridge_qubit_2022__hn017,qbridge_qubit_2022,hard_negative_mined,bsc,0,ratio_25,1,2,0.06209453197405004,0.0,0.08020096186478894,0.0,2.010252865147777e-05
qbridge_qubit_2022,qbridge_qubit_2022__hn017,qbridge_qubit_2022,hard_negative_mined,bsc,0,ratio_75,2,2,0.06209453197405004,0.1,0.08020096186478894,0.019102942792197125,2.598574064904824e-05
qbridge_qubit_2022,qbridge_qubit_2022__hn018,qbridge_qubit_2022,hard_negative_mined,bsc,0,ratio_25,1,2,0.06209453197405004,0.0,0.08662910869729674,0.0,9.054395195562392e-05
qbridge_qubit_2022,qbridge_qubit_2022__hn018,qbridge_qubit_2022,hard_negative_mined,bsc,0,ratio_75,2,2,0.06209453197405004,0.08,0.08662910869729674,0.2761381304796253,0.0010103032691404223
qbridge_qubit_2022,qbridge_qubit_2022__hn019,qbridge_qubit_2022,hard_negative_mined,bsc,0,ratio_25,1,1,0.06209453197405004,0.0,0.08020096186478894,0.0,1.938685636559967e-05
qbridge_qubit_2022,qbridge_qubit_2022__hn020,qbridge_qubit_2022,hard_negative_mined,bsc,0,ratio_25,1,3,0.06209453197405004,0.0,0.08662910869729674,0.009683615819209039,0.00030686092213727534
qbridge_qubit_2022,qbridge_qubit_2022__hn020,qbridge_qubit_2022,hard_negative_mined,bsc,0,ratio_50,2,3,0.06209453197405004,0.08,0.08662910869729674,0.38053737279874644,0.0005974193336442113
qbridge_qubit_2022,qbridge_qubit_2022__hn020,qbridge_qubit_2022,hard_negative_mined,bsc,0,ratio_75,3,3,0.06209453197405004,0.08,0.08662910869729674,0.24819763654204116,0.0048385970294475555
qbridge_qubit_2022,qbridge_qubit_2022__hn021,qbridge_qubit_2022,hard_negative_mined,bsc,0,k_2,2,12,0.06209453197405004,0.08,0.08662910869729674,0.6906145867328831,0.6882016062736511
qbridge_qubit_2022,qbridge_qubit_2022__hn021,qbridge_qubit_2022,hard_negative_mined,bsc,0,ratio_25,3,12,0.06209453197405004,0.08,0.08662910869729674,0.5407208381245932,0.36253494024276733
qbridge_qubit_2022,qbridge_qubit_2022__hn021,qbridge_qubit_2022,hard_negative_mined,bsc,0,k_5,5,12,0.06209453197405004,0.08,0.08662910869729674,0.4566404303859277,0.18240979313850403
qbridge_qubit_2022,qbridge_qubit_2022__hn021,qbridge_qubit_2022,hard_negative_mined,bsc,0,ratio_50,6,12,0.06209453197405004,0.08,0.08662910869729674,0.4763199220221642,0.18539103865623474
qbridge_qubit_2022,qbridge_qubit_2022__hn021,qbridge_qubit_2022,hard_negative_mined,bsc,0,k_7,7,12,0.06209453197405004,0.08,0.08662910869729674,0.4634708125766453,0.20691755414009094
qbridge_qubit_2022,qbridge_qubit_2022__hn021,qbridge_qubit_2022,hard_negative_mined,bsc,0,ratio_75,9,12,0.06209453197405004,0.08,0.08662910869729674,0.13603341519407247,0.005622000899165869
qbridge_qubit_2022,qbridge_qubit_2022__hn021,qbridge_qubit_2022,hard_negative_mined,bsc,0,ratio_100,12,12,0.06209453197405004,0.08,0.08662910869729674,0.1413727917795944,0.006362030282616615
qbridge_qubit_2022,qbridge_qubit_2022__hn022,qbridge_qubit_2022,hard_negative_mined,bsc,0,k_2,2,77,0.06209453197405004,0.08,0.08662910869729674,0.7073880056981393,0.06589476764202118
qbridge_qubit_2022,qbridge_qubit_2022__hn022,qbridge_qubit_2022,hard_negative_mined,bsc,0,k_3,3,77,0.06209453197405004,0.08,0.08662910869729674,0.6668833956830426,0.1697525978088379
qbridge_qubit_2022,qbridge_qubit_2022__hn022,qbridge_qubit_2022,hard_negative_mined,bsc,0,k_5,5,77,0.06209453197405004,0.1,0.08400369328059686,0.7838541631696816,0.9544598460197449
qbridge_qubit_2022,qbridge_qubit_2022__hn022,qbridge_qubit_2022,hard_negative_mined,bsc,0,k_7,7,77,0.06209453197405004,0.14,0.08381895543164836,0.7918574930631066,0.9835311770439148
qbridge_qubit_2022,qbridge_qubit_2022__hn022,qbridge_qubit_2022,hard_negative_mined,bsc,0,ratio_25,20,77,0.06209453197405004,0.2,0.08303793123272352,0.7851502654521021,0.9433274269104004
qbridge_qubit_2022,qbridge_qubit_2022__hn022,qbridge_qubit_2022,hard_negative_mined,bsc,0,ratio_50,39,77,0.06209453197405004,0.2,0.08443618716976106,0.38237375105220095,0.7514002919197083
qbridge_qubit_2022,qbridge_qubit_2022__hn022,qbridge_qubit_2022,hard_negative_mined,bsc,0,ratio_75,58,77,0.06209453197405004,0.2,0.08302688943888126,0.22682847142855572,0.25446614623069763
qbridge_qubit_2022,qbridge_qubit_2022__hn022,qbridge_qubit_2022,hard_negative_mined,bsc,0,ratio_100,77,77,0.06209453197405004,0.2,0.08232127921609894,0.10603482323610632,0.04571835324168205
qbridge_qubit_2022,qbridge_qubit_2022__hn023,qbridge_qubit_2022,hard_negative_mined,bsc,0,k_2,2,253,0.06209453197405004,0.08,0.08020096186478894,0.05824072771153333,0.00037743852590210736
qbridge_qubit_2022,qbridge_qubit_2022__hn023,qbridge_qubit_2022,hard_negative_mined,bsc,0,k_3,3,253,0.06209453197405004,0.08,0.08020096186478894,0.02102268495258552,0.0011203757021576166
qbridge_qubit_2022,qbridge_qubit_2022__hn023,qbridge_qubit_2022,hard_negative_mined,bsc,0,k_5,5,253,0.06209453197405004,0.08,0.08020096186478894,0.010735085905250399,0.0005170511431060731
qbridge_qubit_2022,qbridge_qubit_2022__hn023,qbridge_qubit_2022,hard_negative_mined,bsc,0,k_7,7,253,0.06209453197405004,0.08,0.08020096186478894,0.03639963859193276,0.002818652195855975
qbridge_qubit_2022,qbridge_qubit_2022__hn023,qbridge_qubit_2022,hard_negative_mined,bsc,0,ratio_25,64,253,0.06209453197405004,0.08,0.08020096186478894,0.002135564378899603,0.0011789179407060146
qbridge_qubit_2022,qbridge_qubit_2022__hn023,qbridge_qubit_2022,hard_negative_mined,bsc,0,ratio_50,127,253,0.06209453197405004,0.08,0.08020096186478894,0.0012209302325581395,0.0005041470867581666
qbridge_qubit_2022,qbridge_qubit_2022__hn023,qbridge_qubit_2022,hard_negative_mined,bsc,0,ratio_75,190,253,0.06209453197405004,0.08,0.08020096186478894,0.005,0.0007259179255925119
qbridge_qubit_2022,qbridge_qubit_2022__hn023,qbridge_qubit_2022,hard_negative_mined,bsc,0,ratio_100,253,253,0.06209453197405004,0.08,0.08020096186478894,0.005857142857142858,0.0006922249449416995
qbridge_qubit_2022,qbridge_qubit_2022__hn024,qbridge_qubit_2022,hard_negative_mined,bsc,0,ratio_25,1,2,0.06209453197405004,0.0,0.08020096186478894,0.0,2.010252865147777e-05
qbridge_qubit_2022,qbridge_qubit_2022__hn024,qbridge_qubit_2022,hard_negative_mined,bsc,0,ratio_75,2,2,0.06209453197405004,0.1,0.08020096186478894,0.01836523787416434,4.583496775012463e-05
qbridge_qubit_2022,qbridge_qubit_2022__hn025,qbridge_qubit_2022,hard_negative_mined,bsc,0,k_2,2,43,0.06209453197405004,0.08,0.08020096186478894,0.025891366807004115,0.000966945372056216
qbridge_qubit_2022,qbridge_qubit_2022__hn025,qbridge_qubit_2022,hard_negative_mined,bsc,0,k_3,3,43,0.06209453197405004,0.08,0.08020096186478894,0.03547973053895106,0.0008749736007303
qbridge_qubit_2022,qbridge_qubit_2022__hn025,qbridge_qubit_2022,hard_negative_mined,bsc,0,k_5,5,43,0.06209453197405004,0.08,0.08020096186478894,0.05378396334318387,0.0014362240908667445
qbridge_qubit_2022,qbridge_qubit_2022__hn025,qbridge_qubit_2022,hard_negative_mined,bsc,0,k_7,7,43,0.06209453197405004,0.08,0.08020096186478894,0.05245417610914131,0.0014071814948692918
qbridge_qubit_2022,qbridge_qubit_2022__hn025,qbridge_qubit_2022,hard_negative_mined,bsc,0,ratio_25,11,43,0.06209453197405004,0.08,0.08020096186478894,0.0376021962222777,0.0001215887168655172
qbridge_qubit_2022,qbridge_qubit_2022__hn025,qbridge_qubit_2022,hard_negative_mined,bsc,0,ratio_50,22,43,0.06209453197405004,0.26,0.08162254370761632,0.1115749364940455,0.004843303933739662
qbridge_qubit_2022,qbridge_qubit_2022__hn025,qbridge_qubit_2022,hard_negative_mined,bsc,0,ratio_75,33,43,0.06209453197405004,0.46,0.08210148392626707,0.31645903761389454,0.05038384720683098
qbridge_qubit_2022,qbridge_qubit_2022__hn025,qbridge_qubit_2022,hard_negative_mined,bsc,0,ratio_100,43,43,0.06209453197405004,0.6,0.08254032746786813,0.18715615845488792,0.12303265929222107
qbridge_qubit_2022,qbridge_qubit_2022__hn026,qbridge_qubit_2022,hard_negative_mined,bsc,0,ratio_25,1,1,0.06209453197405004,0.0,0.08020096186478894,0.0,1.938685636559967e-05
qbridge_qubit_2022,qbridge_qubit_2022__hn027,qbridge_qubit_2022,hard_negative_mined,bsc,0,ratio_25,1,3,0.06209453197405004,0.0,0.13749217754713527,0.008588377723970943,0.0033555589616298676
qbridge_qubit_2022,qbridge_qubit_2022__hn027,qbridge_qubit_2022,hard_negative_mined,bsc,0,ratio_50,2,3,0.06209453197405004,0.08,0.13749217754713527,0.03836781090033123,0.0011595715768635273
qbridge_qubit_2022,qbridge_qubit_2022__hn027,qbridge_qubit_2022,hard_negative_mined,bsc,0,ratio_75,3,3,0.06209453197405004,0.1,0.13749217754713527,0.14029283955477814,0.058355558663606644
qbridge_qubit_2022,qbridge_qubit_2022__hn028,qbridge_qubit_2022,hard_negative_mined,bsc,0,ratio_25,2,8,0.06209453197405004,0.1,0.08335872469086458,0.1452153921772981,0.006531125865876675
qbridge_qubit_2022,qbridge_qubit_2022__hn028,qbridge_qubit_2022,hard_negative_mined,bsc,0,k_3,3,8,0.06209453197405004,0.12,0.08229377554040297,0.2052746085709345,0.020727409049868584
qbridge_qubit_2022,qbridge_qubit_2022__hn028,qbridge_qubit_2022,hard_negative_mined,bsc,0,ratio_50,4,8,0.06209453197405004,0.14,0.08335872469086458,0.017727272727272727,0.02297196537256241
qbridge_qubit_2022,qbridge_qubit_2022__hn028,qbridge_qubit_2022,hard_negative_mined,bsc,0,k_5,5,8,0.06209453197405004,0.16,0.08271826089544669,0.008636363636363636,0.015080678276717663
qbridge_qubit_2022,qbridge_qubit_2022__hn028,qbridge_qubit_2022,hard_negative_mined,bsc,0,ratio_75,6,8,0.06209453197405004,0.16,0.08229377554040297,0.006363636363636364,0.010399109683930874
qbridge_qubit_2022,qbridge_qubit_2022__hn028,qbridge_qubit_2022,hard_negative_mined,bsc,0,k_7,7,8,0.06209453197405004,0.18,0.08290079231397554,0.012727272727272728,0.011689665727317333
qbridge_qubit_2022,qbridge_qubit_2022__hn028,qbridge_qubit_2022,hard_negative_mined,bsc,0,ratio_100,8,8,0.06209453197405004,0.2,0.082558845935943,0.008636363636363636,0.005273381248116493
qbridge_qubit_2022,qbridge_qubit_2022__hn029,qbridge_qubit_2022,hard_negative_mined,bsc,0,ratio_25,1,2,0.06209453197405004,0.0,0.08020096186478894,0.0,2.010252865147777e-05
qbridge_qubit_2022,qbridge_qubit_2022__hn029,qbridge_qubit_2022,hard_negative_mined,bsc,0,ratio_75,2,2,0.06209453197405004,0.1,0.08020096186478894,0.007500145855941004,2.767503247014247e-05
qbridge_qubit_2022,qbridge_qubit_2022__hn030,qbridge_qubit_2022,hard_negative_mined,bsc,0,ratio_25,1,1,0.06209453197405004,0.0,0.08662910869729674,0.0,3.078425652347505e-05
qbridge_qubit_2022,qbridge_qubit_2022__hn031,qbridge_qubit_2022,hard_negative_mined,bsc,0,ratio_25,1,2,0.06209453197405004,0.0,0.08662910869729674,0.0,9.625080565456301e-05
qbridge_qubit_2022,qbridge_qubit_2022__hn031,qbridge_qubit_2022,hard_negative_mined,bsc,0,ratio_75,2,2,0.06209453197405004,0.1,0.08335872469086458,0.047994516074472145,0.0002184177574235946
qbridge_qubit_2022,qbridge_qubit_2022__hn032,qbridge_qubit_2022,hard_negative_mined,bsc,0,k_2,2,56,0.06209453197405004,0.1,0.13749217754713527,0.10054638807118838,0.032671015709638596
qbridge_qubit_2022,qbridge_qubit_2022__hn032,qbridge_qubit_2022,hard_negative_mined,bsc,0,k_3,3,56,0.06209453197405004,0.12,0.13749217754713527,0.7543812252715527,0.5836111903190613
qbridge_qubit_2022,qbridge_qubit_2022__hn032,qbridge_qubit_2022,hard_negative_mined,bsc,0,k_5,5,56,0.06209453197405004,0.16,0.13749217754713527,0.7510266106865039,0.7516337633132935
qbridge_qubit_2022,qbridge_qubit_2022__hn032,qbridge_qubit_2022,hard_negative_mined,bsc,0,k_7,7,56,0.06209453197405004,0.2,0.13749217754713527,0.571814074475054,0.4055657982826233
qbridge_qubit_2022,qbridge_qubit_2022__hn032,qbridge_qubit_2022,hard_negative_mined,bsc,0,ratio_25,14,56,0.06209453197405004,0.34,0.13749217754713527,0.32156380556169517,0.1564681977033615
qbridge_qubit_2022,qbridge_qubit_2022__hn032,qbridge_qubit_2022,hard_negative_mined,bsc,0,ratio_50,28,56,0.06209453197405004,0.34,0.1054627771802928,0.07101575130185372,0.0007298176060430706
qbridge_qubit_2022,qbridge_qubit_2022__hn032,qbridge_qubit_2022,hard_negative_mined,bsc,0,ratio_75,42,56,0.06209453197405004,0.34,0.0963455762711419,0.047187983565204414,0.0007299709832295775
qbridge_qubit_2022,qbridge_qubit_2022__hn032,qbridge_qubit_2022,hard_negative_mined,bsc,0,ratio_100,56,56,0.06209453197405004,0.34,0.09205612878876586,0.029288253106983388,0.000358124787453562
qbridge_qubit_2022,qbridge_qubit_2022__hn033,qbridge_qubit_2022,hard_negative_mined,bsc,0,k_2,2,89,0.06209453197405004,0.08,0.08020096186478894,0.012952173296742675,0.0007206394802778959
qbridge_qubit_2022,qbridge_qubit_2022__hn033,qbridge_qubit_2022,hard_negative_mined,bsc,0,k_3,3,89,0.06209453197405004,0.08,0.08229377554040297,0.028397371401824502,0.001944983727298677
qbridge_qubit_2022,qbridge_qubit_2022__hn033,qbridge_qubit_2022,hard_negative_mined,bsc,0,k_5,5,89,0.06209453197405004,0.08,0.08400369328059686,0.029786945969305586,0.009399580769240856
qbridge_qubit_2022,qbridge_qubit_2022__hn033,qbridge_qubit_2022,hard_negative_mined,bsc,0,k_7,7,89,0.06209453197405004,0.08,0.08474634792157686,0.05789912117734712,0.01666104793548584
qbridge_qubit_2022,qbridge_qubit_2022__hn033,qbridge_qubit_2022,hard_negative_mined,bsc,0,ratio_25,23,89,0.06209453197405004,0.08,0.08238588595070406,0.15271120627697812,0.0009124446078203619
qbridge_qubit_2022,qbridge_qubit_2022__hn033,qbridge_qubit_2022,hard_negative_mined,bsc,0,ratio_50,45,89,0.06209453197405004,0.08,0.08131101232276834,0.07731829214741302,0.001140077831223607
qbridge_qubit_2022,qbridge_qubit_2022__hn033,qbridge_qubit_2022,hard_negative_mined,bsc,0,ratio_75,67,89,0.06209453197405004,0.08,0.08094498252117445,0.04817303888412263,0.00010253844811813906
qbridge_qubit_2022,qbridge_qubit_2022__hn033,qbridge_qubit_2022,hard_negative_mined,bsc,0,ratio_100,89,89,0.06209453197405004,0.08,0.0807604837456799,0.0438360018470856,0.001117645762860775
qbridge_qubit_2022,qbridge_qubit_2022__hn034,qbridge_qubit_2022,hard_negative_mined,bsc,0,ratio_25,1,1,0.06209453197405004,0.0,0.08662910869729674,0.0,6.595942977583036e-05
feg_bridge_2024,feg_bridge_2024__hn000,feg_bridge_2024,hard_negative_mined,eth,0,ratio_25,1,1,0.05582137161084529,0.0,0.11864898098070115,0.0,7.30239389667986e-06
feg_bridge_2024,feg_bridge_2024__hn001,feg_bridge_2024,hard_negative_mined,eth,0,ratio_25,1,1,0.05582137161084529,0.0,0.11864898098070115,0.0,7.30239389667986e-06
feg_bridge_2024,feg_bridge_2024__hn002,feg_bridge_2024,hard_negative_mined,eth,0,ratio_25,1,1,0.05582137161084529,0.0,0.11864898098070115,0.0,7.30239389667986e-06
feg_bridge_2024,feg_bridge_2024__hn003,feg_bridge_2024,hard_negative_mined,eth,0,ratio_25,1,2,0.05582137161084529,0.0,0.11864898098070115,0.0,2.1677067707059905e-05
feg_bridge_2024,feg_bridge_2024__hn003,feg_bridge_2024,hard_negative_mined,eth,0,ratio_75,2,2,0.05582137161084529,0.06060606060606061,0.09182671327696873,0.01071846671846672,7.703708979533985e-05
feg_bridge_2024,feg_bridge_2024__hn004,feg_bridge_2024,hard_negative_mined,eth,0,ratio_25,1,1,0.05582137161084529,0.0,0.11864898098070115,0.0,7.30239389667986e-06
feg_bridge_2024,feg_bridge_2024__hn005,feg_bridge_2024,hard_negative_mined,eth,0,ratio_25,1,1,0.05582137161084529,0.0,0.11864898098070115,0.0,4.677148535847664e-05
feg_bridge_2024,feg_bridge_2024__hn006,feg_bridge_2024,hard_negative_mined,eth,0,ratio_25,1,1,0.05582137161084529,0.0,0.11864898098070115,0.0,4.677148535847664e-05
feg_bridge_2024,feg_bridge_2024__hn007,feg_bridge_2024,hard_negative_mined,eth,0,ratio_25,1,1,0.05582137161084529,0.0,0.11864898098070115,0.0,7.30239389667986e-06
feg_bridge_2024,feg_bridge_2024__hn008,feg_bridge_2024,hard_negative_mined,eth,0,ratio_25,1,1,0.05582137161084529,0.0,0.11864898098070115,0.0,4.677148535847664e-05
feg_bridge_2024,feg_bridge_2024__hn009,feg_bridge_2024,hard_negative_mined,eth,0,ratio_25,1,1,0.05582137161084529,0.0,0.11864898098070115,0.0,7.30239389667986e-06
feg_bridge_2024,feg_bridge_2024__hn010,feg_bridge_2024,hard_negative_mined,eth,0,ratio_25,1,1,0.05582137161084529,0.0,0.11864898098070115,0.0,7.30239389667986e-06
feg_bridge_2024,feg_bridge_2024__hn011,feg_bridge_2024,hard_negative_mined,eth,0,ratio_25,1,1,0.05582137161084529,0.0,0.11864898098070115,0.0,7.30239389667986e-06
feg_bridge_2024,feg_bridge_2024__hn012,feg_bridge_2024,hard_negative_mined,eth,0,ratio_25,1,1,0.05582137161084529,0.0,0.11864898098070115,0.0,4.677148535847664e-05
feg_bridge_2024,feg_bridge_2024__hn013,feg_bridge_2024,hard_negative_mined,eth,0,ratio_25,1,1,0.05582137161084529,0.0,0.11864898098070115,0.0,7.30239389667986e-06
feg_bridge_2024,feg_bridge_2024__hn014,feg_bridge_2024,hard_negative_mined,eth,0,ratio_25,1,1,0.05582137161084529,0.0,0.11864898098070115,0.0,7.30239389667986e-06
feg_bridge_2024,feg_bridge_2024__hn015,feg_bridge_2024,hard_negative_mined,eth,0,ratio_25,1,1,0.05582137161084529,0.0,0.11864898098070115,0.0,7.30239389667986e-06
feg_bridge_2024,feg_bridge_2024__hn016,feg_bridge_2024,hard_negative_mined,eth,0,ratio_25,1,1,0.05582137161084529,0.0,0.11864898098070115,0.0,7.30239389667986e-06
feg_bridge_2024,feg_bridge_2024__hn017,feg_bridge_2024,hard_negative_mined,eth,0,ratio_25,1,1,0.05582137161084529,0.0,0.11864898098070115,0.0,4.677148535847664e-05
feg_bridge_2024,feg_bridge_2024__hn018,feg_bridge_2024,hard_negative_mined,eth,0,ratio_25,1,1,0.05582137161084529,0.0,0.11864898098070115,0.0,4.677148535847664e-05
feg_bridge_2024,feg_bridge_2024__hn019,feg_bridge_2024,hard_negative_mined,eth,0,ratio_25,1,1,0.05582137161084529,0.0,0.11864898098070115,0.0,7.30239389667986e-06
feg_bridge_2024,feg_bridge_2024__hn020,feg_bridge_2024,hard_negative_mined,eth,0,ratio_25,1,1,0.05582137161084529,0.0,0.11864898098070115,0.0,4.677148535847664e-05
feg_bridge_2024,feg_bridge_2024__hn021,feg_bridge_2024,hard_negative_mined,eth,0,ratio_25,1,1,0.05582137161084529,0.0,0.11864898098070115,0.0,7.30239389667986e-06
feg_bridge_2024,feg_bridge_2024__hn022,feg_bridge_2024,hard_negative_mined,eth,0,ratio_25,1,1,0.05582137161084529,0.0,0.11864898098070115,0.0,7.30239389667986e-06
feg_bridge_2024,feg_bridge_2024__hn023,feg_bridge_2024,hard_negative_mined,eth,0,ratio_25,1,1,0.05582137161084529,0.0,0.11864898098070115,0.0,7.30239389667986e-06
feg_bridge_2024,feg_bridge_2024__hn024,feg_bridge_2024,hard_negative_mined,eth,0,ratio_25,1,1,0.05582137161084529,0.0,0.11864898098070115,0.0,7.30239389667986e-06
feg_bridge_2024,feg_bridge_2024__hn025,feg_bridge_2024,hard_negative_mined,eth,0,ratio_25,1,1,0.05582137161084529,0.0,0.11864898098070115,0.0,7.30239389667986e-06
feg_bridge_2024,feg_bridge_2024__hn027,feg_bridge_2024,hard_negative_mined,eth,0,ratio_25,1,1,0.05582137161084529,0.0,0.11864898098070115,0.0,7.30239389667986e-06
feg_bridge_2024,feg_bridge_2024__hn028,feg_bridge_2024,hard_negative_mined,eth,0,ratio_25,1,1,0.05582137161084529,0.0,0.11864898098070115,0.0,7.30239389667986e-06
feg_bridge_2024,feg_bridge_2024__hn029,feg_bridge_2024,hard_negative_mined,eth,0,ratio_25,1,1,0.05582137161084529,0.0,0.11864898098070115,0.0,7.30239389667986e-06
feg_bridge_2024,feg_bridge_2024__hn030,feg_bridge_2024,hard_negative_mined,eth,0,ratio_25,1,1,0.05582137161084529,0.0,0.11864898098070115,0.0,7.30239389667986e-06
feg_bridge_2024,feg_bridge_2024__hn031,feg_bridge_2024,hard_negative_mined,eth,0,ratio_25,1,1,0.05582137161084529,0.0,0.11864898098070115,0.0,7.30239389667986e-06
chibi_finance_2023,chibi_finance_2023__hn000,chibi_finance_2023,hard_negative_mined,arbitrum,0,ratio_25,1,1,0.05429497568881685,0.030303030303030304,0.017652836239820315,0.0,5.310975757311098e-05
chibi_finance_2023,chibi_finance_2023__hn001,chibi_finance_2023,hard_negative_mined,arbitrum,0,ratio_25,1,1,0.05429497568881685,0.0,0.05955055826352761,0.0,1.0126755114470143e-05
chibi_finance_2023,chibi_finance_2023__hn002,chibi_finance_2023,hard_negative_mined,arbitrum,0,ratio_25,1,3,0.05429497568881685,0.030303030303030304,0.017652836239820315,0.0,0.00024627582752145827
chibi_finance_2023,chibi_finance_2023__hn002,chibi_finance_2023,hard_negative_mined,arbitrum,0,ratio_50,2,3,0.05429497568881685,0.2727272727272727,0.03606621629910489,0.036930352678056035,0.0017667455831542611
chibi_finance_2023,chibi_finance_2023__hn002,chibi_finance_2023,hard_negative_mined,arbitrum,0,ratio_75,3,3,0.05429497568881685,0.2878787878787879,0.042684870820533495,0.23788860260280437,0.0010874200379475951
chibi_finance_2023,chibi_finance_2023__hn003,chibi_finance_2023,hard_negative_mined,arbitrum,0,ratio_25,1,1,0.05429497568881685,0.030303030303030304,0.017652836239820315,0.0,5.310975757311098e-05
chibi_finance_2023,chibi_finance_2023__hn004,chibi_finance_2023,hard_negative_mined,arbitrum,0,ratio_25,2,8,0.05429497568881685,0.09090909090909091,0.03263185210371997,0.19940879285331012,0.795924186706543
chibi_finance_2023,chibi_finance_2023__hn004,chibi_finance_2023,hard_negative_mined,arbitrum,0,k_3,3,8,0.05429497568881685,0.09090909090909091,0.039949454525437404,0.05974587941249418,0.004224889911711216
chibi_finance_2023,chibi_finance_2023__hn004,chibi_finance_2023,hard_negative_mined,arbitrum,0,ratio_50,4,8,0.05429497568881685,0.15151515151515152,0.04417519344205972,0.027328544949026878,0.0013947775587439537
chibi_finance_2023,chibi_finance_2023__hn004,chibi_finance_2023,hard_negative_mined,arbitrum,0,k_5,5,8,0.05429497568881685,0.21212121212121213,0.04691192377781269,0.027328544949026878,0.0012663726229220629
chibi_finance_2023,chibi_finance_2023__hn004,chibi_finance_2023,hard_negative_mined,arbitrum,0,ratio_75,6,8,0.05429497568881685,0.21212121212121213,0.04882518657493718,0.022328544949026873,0.0012663726229220629
chibi_finance_2023,chibi_finance_2023__hn004,chibi_finance_2023,hard_negative_mined,arbitrum,0,k_7,7,8,0.05429497568881685,0.21212121212121213,0.05023688467074216,0.022328544949026873,0.0025811349041759968
chibi_finance_2023,chibi_finance_2023__hn004,chibi_finance_2023,hard_negative_mined,arbitrum,0,ratio_100,8,8,0.05429497568881685,0.21212121212121213,0.05132093837549843,0.026802229159553194,0.003014293033629656
chibi_finance_2023,chibi_finance_2023__hn005,chibi_finance_2023,hard_negative_mined,arbitrum,0,ratio_25,1,1,0.05429497568881685,0.030303030303030304,0.017652836239820315,0.0,5.310975757311098e-05
chibi_finance_2023,chibi_finance_2023__hn006,chibi_finance_2023,hard_negative_mined,arbitrum,0,ratio_25,1,2,0.05429497568881685,0.030303030303030304,0.017652836239820315,0.0,7.266803731909022e-05
chibi_finance_2023,chibi_finance_2023__hn006,chibi_finance_2023,hard_negative_mined,arbitrum,0,ratio_75,2,2,0.05429497568881685,0.09090909090909091,0.03263185210371997,0.023366237519572293,8.67654089233838e-05
chibi_finance_2023,chibi_finance_2023__hn007,chibi_finance_2023,hard_negative_mined,arbitrum,0,ratio_25,1,2,0.05429497568881685,0.030303030303030304,0.017652836239820315,0.0,7.266803731909022e-05
chibi_finance_2023,chibi_finance_2023__hn007,chibi_finance_2023,hard_negative_mined,arbitrum,0,ratio_75,2,2,0.05429497568881685,0.09090909090909091,0.017652836239820315,0.0226818006993007,0.0035894422326236963
chibi_finance_2023,chibi_finance_2023__hn008,chibi_finance_2023,hard_negative_mined,arbitrum,0,ratio_25,1,1,0.05429497568881685,0.030303030303030304,0.017652836239820315,0.0,5.310975757311098e-05
chibi_finance_2023,chibi_finance_2023__hn009,chibi_finance_2023,hard_negative_mined,arbitrum,0,ratio_25,1,2,0.05429497568881685,0.030303030303030304,0.017652836239820315,0.0,7.266803731909022e-05
chibi_finance_2023,chibi_finance_2023__hn009,chibi_finance_2023,hard_negative_mined,arbitrum,0,ratio_75,2,2,0.05429497568881685,0.09090909090909091,0.03263185210371997,0.01861938498839108,7.247060420922935e-05
chibi_finance_2023,chibi_finance_2023__hn010,chibi_finance_2023,hard_negative_mined,arbitrum,0,ratio_25,1,2,0.05429497568881685,0.030303030303030304,0.017652836239820315,0.005,7.266803731909022e-05
chibi_finance_2023,chibi_finance_2023__hn010,chibi_finance_2023,hard_negative_mined,arbitrum,0,ratio_75,2,2,0.05429497568881685,0.09090909090909091,0.017652836239820315,0.04021391287537934,0.0002630589297041297
chibi_finance_2023,chibi_finance_2023__hn011,chibi_finance_2023,hard_negative_mined,arbitrum,0,ratio_25,1,2,0.05429497568881685,0.030303030303030304,0.017652836239820315,0.0,7.266803731909022e-05
chibi_finance_2023,chibi_finance_2023__hn011,chibi_finance_2023,hard_negative_mined,arbitrum,0,ratio_75,2,2,0.05429497568881685,0.09090909090909091,0.017652836239820315,0.033127655305181504,5.007357322028838e-05
chibi_finance_2023,chibi_finance_2023__hn012,chibi_finance_2023,hard_negative_mined,arbitrum,0,ratio_25,1,1,0.05429497568881685,0.030303030303030304,0.017652836239820315,0.0,5.310975757311098e-05
chibi_finance_2023,chibi_finance_2023__hn013,chibi_finance_2023,hard_negative_mined,arbitrum,0,ratio_25,1,2,0.05429497568881685,0.030303030303030304,0.017652836239820315,0.0,7.266803731909022e-05
chibi_finance_2023,chibi_finance_2023__hn013,chibi_finance_2023,hard_negative_mined,arbitrum,0,ratio_75,2,2,0.05429497568881685,0.09090909090909091,0.017652836239820315,0.0342049841328646,5.8777899539563805e-05
chibi_finance_2023,chibi_finance_2023__hn014,chibi_finance_2023,hard_negative_mined,arbitrum,0,ratio_25,1,1,0.05429497568881685,0.030303030303030304,0.017652836239820315,0.0,5.310975757311098e-05
chibi_finance_2023,chibi_finance_2023__hn015,chibi_finance_2023,hard_negative_mined,arbitrum,0,ratio_25,2,6,0.05429497568881685,0.09090909090909091,0.017652836239820315,0.28408584363634687,0.02476917952299118
chibi_finance_2023,chibi_finance_2023__hn015,chibi_finance_2023,hard_negative_mined,arbitrum,0,ratio_50,3,6,0.05429497568881685,0.09090909090909091,0.017652836239820315,0.1577636539136539,0.00713490741327405
chibi_finance_2023,chibi_finance_2023__hn015,chibi_finance_2023,hard_negative_mined,arbitrum,0,ratio_75,5,6,0.05429497568881685,0.09090909090909091,0.017652836239820315,0.03,0.0025289019104093313
chibi_finance_2023,chibi_finance_2023__hn015,chibi_finance_2023,hard_negative_mined,arbitrum,0,ratio_100,6,6,0.05429497568881685,0.09090909090909091,0.021686738952662578,0.012328544949026876,0.003691056976094842
chibi_finance_2023,chibi_finance_2023__hn016,chibi_finance_2023,hard_negative_mined,arbitrum,0,ratio_25,1,1,0.05429497568881685,0.030303030303030304,0.017652836239820315,0.0,5.310975757311098e-05
chibi_finance_2023,chibi_finance_2023__hn017,chibi_finance_2023,hard_negative_mined,arbitrum,0,ratio_25,1,1,0.05429497568881685,0.030303030303030304,0.017652836239820315,0.0,5.310975757311098e-05
chibi_finance_2023,chibi_finance_2023__hn018,chibi_finance_2023,hard_negative_mined,arbitrum,0,ratio_25,1,2,0.05429497568881685,0.030303030303030304,0.017652836239820315,0.0,7.266803731909022e-05
chibi_finance_2023,chibi_finance_2023__hn018,chibi_finance_2023,hard_negative_mined,arbitrum,0,ratio_75,2,2,0.05429497568881685,0.09090909090909091,0.017652836239820315,0.03725265530518151,6.151840352686122e-05
chibi_finance_2023,chibi_finance_2023__hn019,chibi_finance_2023,hard_negative_mined,arbitrum,0,ratio_25,1,1,0.05429497568881685,0.030303030303030304,0.017652836239820315,0.0,5.310975757311098e-05
chibi_finance_2023,chibi_finance_2023__hn020,chibi_finance_2023,hard_negative_mined,arbitrum,0,ratio_25,1,1,0.05429497568881685,0.030303030303030304,0.017652836239820315,0.0,5.310975757311098e-05
chibi_finance_2023,chibi_finance_2023__hn021,chibi_finance_2023,hard_negative_mined,arbitrum,0,ratio_25,1,1,0.05429497568881685,0.030303030303030304,0.017652836239820315,0.0,5.310975757311098e-05
chibi_finance_2023,chibi_finance_2023__hn022,chibi_finance_2023,hard_negative_mined,arbitrum,0,ratio_25,1,1,0.05429497568881685,0.030303030303030304,0.017652836239820315,0.0,5.310975757311098e-05
chibi_finance_2023,chibi_finance_2023__hn023,chibi_finance_2023,hard_negative_mined,arbitrum,0,ratio_25,1,1,0.05429497568881685,0.030303030303030304,0.017652836239820315,0.0,5.310975757311098e-05
chibi_finance_2023,chibi_finance_2023__hn024,chibi_finance_2023,hard_negative_mined,arbitrum,0,ratio_25,1,1,0.05429497568881685,0.030303030303030304,0.017652836239820315,0.0,5.310975757311098e-05
wooppv2_2024,wooppv2_2024__hn000,wooppv2_2024,hard_negative_mined,arbitrum,0,ratio_25,1,1,0.05693664795509222,0.030303030303030304,0.017276816454879707,0.0,1.6114448953885585e-05
wooppv2_2024,wooppv2_2024__hn001,wooppv2_2024,hard_negative_mined,arbitrum,0,ratio_25,2,5,0.05693664795509222,0.0,0.0718170771718237,0.02601572039072039,7.35650974093005e-05
wooppv2_2024,wooppv2_2024__hn001,wooppv2_2024,hard_negative_mined,arbitrum,0,ratio_50,3,5,0.05693664795509222,0.06060606060606061,0.0718170771718237,0.012197272111357682,0.001095494837500155
wooppv2_2024,wooppv2_2024__hn001,wooppv2_2024,hard_negative_mined,arbitrum,0,ratio_75,4,5,0.05693664795509222,0.12121212121212122,0.0718170771718237,0.01888157221312278,2.6664820325095206e-05
wooppv2_2024,wooppv2_2024__hn001,wooppv2_2024,hard_negative_mined,arbitrum,0,ratio_100,5,5,0.05693664795509222,0.12121212121212122,0.0718170771718237,0.025169792764501223,4.007485040347092e-05
wooppv2_2024,wooppv2_2024__hn002,wooppv2_2024,hard_negative_mined,arbitrum,0,ratio_25,1,3,0.05693664795509222,0.030303030303030304,0.017276816454879707,0.000783132530120482,9.474985563429072e-05
wooppv2_2024,wooppv2_2024__hn002,wooppv2_2024,hard_negative_mined,arbitrum,0,ratio_50,2,3,0.05693664795509222,0.09090909090909091,0.017276816454879707,0.027793511805628737,4.676590833696537e-05
wooppv2_2024,wooppv2_2024__hn002,wooppv2_2024,hard_negative_mined,arbitrum,0,ratio_75,3,3,0.05693664795509222,0.09090909090909091,0.02800384151455425,0.015550959736873206,2.909503564296756e-05
wooppv2_2024,wooppv2_2024__hn003,wooppv2_2024,hard_negative_mined,arbitrum,0,ratio_25,1,3,0.05693664795509222,0.030303030303030304,0.017276816454879707,0.000783132530120482,9.474985563429072e-05
wooppv2_2024,wooppv2_2024__hn003,wooppv2_2024,hard_negative_mined,arbitrum,0,ratio_50,2,3,0.05693664795509222,0.09090909090909091,0.017276816454879707,0.027793511805628737,4.457246541278437e-05
wooppv2_2024,wooppv2_2024__hn003,wooppv2_2024,hard_negative_mined,arbitrum,0,ratio_75,3,3,0.05693664795509222,0.09090909090909091,0.02800384151455425,0.01680736999328346,1.743864777381532e-05
wooppv2_2024,wooppv2_2024__hn004,wooppv2_2024,hard_negative_mined,arbitrum,0,ratio_25,1,1,0.05693664795509222,0.030303030303030304,0.017276816454879707,0.0,1.6114448953885585e-05
wooppv2_2024,wooppv2_2024__hn005,wooppv2_2024,hard_negative_mined,arbitrum,0,ratio_25,1,3,0.05693664795509222,0.030303030303030304,0.017276816454879707,0.000783132530120482,9.474985563429072e-05
wooppv2_2024,wooppv2_2024__hn005,wooppv2_2024,hard_negative_mined,arbitrum,0,ratio_50,2,3,0.05693664795509222,0.09090909090909091,0.03557001430826953,0.011704805890719362,2.1010047930758446e-05
wooppv2_2024,wooppv2_2024__hn005,wooppv2_2024,hard_negative_mined,arbitrum,0,ratio_75,3,3,0.05693664795509222,0.09090909090909091,0.04508561946299716,0.07813837266943326,5.824120307806879e-05
wooppv2_2024,wooppv2_2024__hn006,wooppv2_2024,hard_negative_mined,arbitrum,0,ratio_25,1,1,0.05693664795509222,0.030303030303030304,0.017276816454879707,0.0,1.6114448953885585e-05
wooppv2_2024,wooppv2_2024__hn007,wooppv2_2024,hard_negative_mined,arbitrum,0,ratio_25,1,1,0.05693664795509222,0.030303030303030304,0.017276816454879707,0.0,1.6114448953885585e-05
wooppv2_2024,wooppv2_2024__hn008,wooppv2_2024,hard_negative_mined,arbitrum,0,ratio_25,1,1,0.05693664795509222,0.030303030303030304,0.017276816454879707,0.0,3.672226739581674e-05
wooppv2_2024,wooppv2_2024__hn009,wooppv2_2024,hard_negative_mined,arbitrum,0,ratio_25,1,1,0.05693664795509222,0.030303030303030304,0.017276816454879707,0.0,1.6114448953885585e-05
wooppv2_2024,wooppv2_2024__hn010,wooppv2_2024,hard_negative_mined,arbitrum,0,ratio_25,1,1,0.05693664795509222,0.030303030303030304,0.017276816454879707,0.0,1.6114448953885585e-05
wooppv2_2024,wooppv2_2024__hn011,wooppv2_2024,hard_negative_mined,arbitrum,0,ratio_25,1,1,0.05693664795509222,0.030303030303030304,0.017276816454879707,0.0,3.672226739581674e-05
wooppv2_2024,wooppv2_2024__hn012,wooppv2_2024,hard_negative_mined,arbitrum,0,ratio_25,1,1,0.05693664795509222,0.030303030303030304,0.017276816454879707,0.0,0.0001576787472004071
wooppv2_2024,wooppv2_2024__hn013,wooppv2_2024,hard_negative_mined,arbitrum,0,ratio_25,1,1,0.05693664795509222,0.030303030303030304,0.017276816454879707,0.0,1.6114448953885585e-05
wooppv2_2024,wooppv2_2024__hn014,wooppv2_2024,hard_negative_mined,arbitrum,0,ratio_25,1,1,0.05693664795509222,0.030303030303030304,0.017276816454879707,0.0,1.6114448953885585e-05
wooppv2_2024,wooppv2_2024__hn015,wooppv2_2024,hard_negative_mined,arbitrum,0,ratio_25,2,6,0.05693664795509222,0.09090909090909091,0.017276816454879707,0.06825056664193178,0.0004103954415768385
wooppv2_2024,wooppv2_2024__hn015,wooppv2_2024,hard_negative_mined,arbitrum,0,ratio_50,3,6,0.05693664795509222,0.09090909090909091,0.017276816454879707,0.03673955771475245,9.083755867322907e-05
wooppv2_2024,wooppv2_2024__hn015,wooppv2_2024,hard_negative_mined,arbitrum,0,ratio_75,5,6,0.05693664795509222,0.09090909090909091,0.017276816454879707,0.03049935060905621,5.533826697501354e-05
wooppv2_2024,wooppv2_2024__hn015,wooppv2_2024,hard_negative_mined,arbitrum,0,ratio_100,6,6,0.05693664795509222,0.09090909090909091,0.02201035497136508,0.019012498198411668,0.0003165998787153512
wooppv2_2024,wooppv2_2024__hn016,wooppv2_2024,hard_negative_mined,arbitrum,0,ratio_25,1,1,0.05693664795509222,0.030303030303030304,0.017276816454879707,0.0,1.6114448953885585e-05
wooppv2_2024,wooppv2_2024__hn017,wooppv2_2024,hard_negative_mined,arbitrum,0,ratio_25,1,1,0.05693664795509222,0.030303030303030304,0.017276816454879707,0.0,3.672226739581674e-05
wooppv2_2024,wooppv2_2024__hn018,wooppv2_2024,hard_negative_mined,arbitrum,0,ratio_25,1,1,0.05693664795509222,0.030303030303030304,0.017276816454879707,0.0,1.6114448953885585e-05
wooppv2_2024,wooppv2_2024__hn019,wooppv2_2024,hard_negative_mined,arbitrum,0,ratio_25,1,1,0.05693664795509222,0.030303030303030304,0.017276816454879707,0.0,3.672226739581674e-05
wooppv2_2024,wooppv2_2024__hn020,wooppv2_2024,hard_negative_mined,arbitrum,0,ratio_25,1,1,0.05693664795509222,0.030303030303030304,0.017276816454879707,0.0,3.672226739581674e-05
wooppv2_2024,wooppv2_2024__hn021,wooppv2_2024,hard_negative_mined,arbitrum,0,ratio_25,1,1,0.05693664795509222,0.030303030303030304,0.017276816454879707,0.0,1.6114448953885585e-05
wooppv2_2024,wooppv2_2024__hn022,wooppv2_2024,hard_negative_mined,arbitrum,0,ratio_25,1,1,0.05693664795509222,0.030303030303030304,0.017276816454879707,0.0,1.6114448953885585e-05
wooppv2_2024,wooppv2_2024__hn023,wooppv2_2024,hard_negative_mined,arbitrum,0,ratio_25,1,1,0.05693664795509222,0.030303030303030304,0.017276816454879707,0.0,3.672226739581674e-05
wooppv2_2024,wooppv2_2024__hn024,wooppv2_2024,hard_negative_mined,arbitrum,0,ratio_25,1,1,0.05693664795509222,0.030303030303030304,0.017276816454879707,0.0,3.672226739581674e-05
utopiasphere_2024,utopiasphere_2024__hn000,utopiasphere_2024,hard_negative_mined,bsc,0,ratio_25,1,2,0.05506072874493927,0.030303030303030304,0.013625259318262677,0.0,3.135307997581549e-05
utopiasphere_2024,utopiasphere_2024__hn000,utopiasphere_2024,hard_negative_mined,bsc,0,ratio_75,2,2,0.05506072874493927,0.10606060606060606,0.029840793469098216,0.02153584352367173,3.461830419837497e-05
utopiasphere_2024,utopiasphere_2024__hn001,utopiasphere_2024,hard_negative_mined,bsc,0,k_2,2,229,0.05506072874493927,0.09090909090909091,0.013625259318262677,0.18778135203483115,0.005103906150907278
utopiasphere_2024,utopiasphere_2024__hn001,utopiasphere_2024,hard_negative_mined,bsc,0,k_3,3,229,0.05506072874493927,0.09090909090909091,0.013625259318262677,0.13817814875800685,0.00018781192193273455
utopiasphere_2024,utopiasphere_2024__hn001,utopiasphere_2024,hard_negative_mined,bsc,0,k_5,5,229,0.05506072874493927,0.09090909090909091,0.013625259318262677,0.04113032174882661,0.00263723311945796
utopiasphere_2024,utopiasphere_2024__hn001,utopiasphere_2024,hard_negative_mined,bsc,0,k_7,7,229,0.05506072874493927,0.09090909090909091,0.013625259318262677,0.1805495820002923,0.01972174644470215
utopiasphere_2024,utopiasphere_2024__hn001,utopiasphere_2024,hard_negative_mined,bsc,0,ratio_25,58,229,0.05506072874493927,0.09090909090909091,0.013625259318262677,0.04743108974358974,0.0017978897085413337
utopiasphere_2024,utopiasphere_2024__hn001,utopiasphere_2024,hard_negative_mined,bsc,0,ratio_50,115,229,0.05506072874493927,0.09090909090909091,0.013625259318262677,0.018000000000000002,0.00026772444834932685
utopiasphere_2024,utopiasphere_2024__hn001,utopiasphere_2024,hard_negative_mined,bsc,0,ratio_75,172,229,0.05506072874493927,0.09090909090909091,0.013625259318262677,0.0,7.111237937351689e-05
utopiasphere_2024,utopiasphere_2024__hn001,utopiasphere_2024,hard_negative_mined,bsc,0,ratio_100,229,229,0.05506072874493927,0.09090909090909091,0.013625259318262677,0.0046129032258064515,0.00017789706180337816
utopiasphere_2024,utopiasphere_2024__hn002,utopiasphere_2024,hard_negative_mined,bsc,0,ratio_25,1,1,0.05506072874493927,0.0,0.06410045562666511,0.0,1.1957511560467537e-05
utopiasphere_2024,utopiasphere_2024__hn003,utopiasphere_2024,hard_negative_mined,bsc,0,ratio_25,1,1,0.05506072874493927,0.030303030303030304,0.013625259318262677,0.0,3.4215947380289435e-05
utopiasphere_2024,utopiasphere_2024__hn004,utopiasphere_2024,hard_negative_mined,bsc,0,ratio_25,2,5,0.05506072874493927,0.10606060606060606,0.029840793469098216,0.05390640796897697,5.753472214564681e-05
utopiasphere_2024,utopiasphere_2024__hn004,utopiasphere_2024,hard_negative_mined,bsc,0,ratio_50,3,5,0.05506072874493927,0.12121212121212122,0.023012727205684206,0.02782967032967033,0.00044218095717951655
utopiasphere_2024,utopiasphere_2024__hn004,utopiasphere_2024,hard_negative_mined,bsc,0,ratio_75,4,5,0.05506072874493927,0.13636363636363635,0.029840793469098216,0.008543956043956046,0.0005874732742086053
utopiasphere_2024,utopiasphere_2024__hn004,utopiasphere_2024,hard_negative_mined,bsc,0,ratio_100,5,5,0.05506072874493927,0.13636363636363635,0.034841659344614535,0.015,0.0005165808834135532
utopiasphere_2024,utopiasphere_2024__hn005,utopiasphere_2024,hard_negative_mined,bsc,0,ratio_25,1,1,0.05506072874493927,0.0,0.06410045562666511,0.0,1.1957511560467537e-05
utopiasphere_2024,utopiasphere_2024__hn006,utopiasphere_2024,hard_negative_mined,bsc,0,ratio_25,1,1,0.05506072874493927,0.0,0.06410045562666511,0.0,1.1957511560467537e-05
utopiasphere_2024,utopiasphere_2024__hn007,utopiasphere_2024,hard_negative_mined,bsc,0,ratio_25,1,1,0.05506072874493927,0.0,0.06410045562666511,0.0,1.1957511560467537e-05
utopiasphere_2024,utopiasphere_2024__hn008,utopiasphere_2024,hard_negative_mined,bsc,0,ratio_25,1,3,0.05506072874493927,0.030303030303030304,0.013625259318262677,0.0,0.00010532145097386092
utopiasphere_2024,utopiasphere_2024__hn008,utopiasphere_2024,hard_negative_mined,bsc,0,ratio_50,2,3,0.05506072874493927,0.10606060606060606,0.029840793469098216,0.03493208428855656,2.1411435227491893e-05
utopiasphere_2024,utopiasphere_2024__hn008,utopiasphere_2024,hard_negative_mined,bsc,0,ratio_75,3,3,0.05506072874493927,0.12121212121212122,0.023012727205684206,0.22548453120001377,0.10592862218618393
utopiasphere_2024,utopiasphere_2024__hn009,utopiasphere_2024,hard_negative_mined,bsc,0,ratio_25,1,2,0.05506072874493927,0.030303030303030304,0.013625259318262677,0.0,3.135307997581549e-05
utopiasphere_2024,utopiasphere_2024__hn009,utopiasphere_2024,hard_negative_mined,bsc,0,ratio_75,2,2,0.05506072874493927,0.10606060606060606,0.029840793469098216,0.03153584352367174,3.461830419837497e-05
utopiasphere_2024,utopiasphere_2024__hn010,utopiasphere_2024,hard_negative_mined,bsc,0,ratio_25,1,1,0.05506072874493927,0.0,0.06410045562666511,0.0,1.1957511560467537e-05
utopiasphere_2024,utopiasphere_2024__hn011,utopiasphere_2024,hard_negative_mined,bsc,0,ratio_25,1,1,0.05506072874493927,0.0,0.06410045562666511,0.0,1.1957511560467537e-05
utopiasphere_2024,utopiasphere_2024__hn012,utopiasphere_2024,hard_negative_mined,bsc,0,ratio_25,1,1,0.05506072874493927,0.0,0.06410045562666511,0.0,1.1957511560467537e-05
utopiasphere_2024,utopiasphere_2024__hn014,utopiasphere_2024,hard_negative_mined,bsc,0,ratio_25,1,1,0.05506072874493927,0.030303030303030304,0.013625259318262677,0.0,3.4215947380289435e-05
utopiasphere_2024,utopiasphere_2024__hn015,utopiasphere_2024,hard_negative_mined,bsc,0,ratio_25,1,1,0.05506072874493927,0.0,0.06410045562666511,0.0,1.1957511560467537e-05
utopiasphere_2024,utopiasphere_2024__hn016,utopiasphere_2024,hard_negative_mined,bsc,0,ratio_25,1,1,0.05506072874493927,0.0,0.06410045562666511,0.0,1.1957511560467537e-05
utopiasphere_2024,utopiasphere_2024__hn017,utopiasphere_2024,hard_negative_mined,bsc,0,ratio_25,2,6,0.05506072874493927,0.10606060606060606,0.013625259318262677,0.18586868849587604,0.013174163177609444
utopiasphere_2024,utopiasphere_2024__hn017,utopiasphere_2024,hard_negative_mined,bsc,0,ratio_50,3,6,0.05506072874493927,0.12121212121212122,0.013625259318262677,0.1796426025622045,0.007614123169332743
utopiasphere_2024,utopiasphere_2024__hn017,utopiasphere_2024,hard_negative_mined,bsc,0,ratio_75,5,6,0.05506072874493927,0.15151515151515152,0.013625259318262677,0.10194791666666667,0.03513426333665848
utopiasphere_2024,utopiasphere_2024__hn017,utopiasphere_2024,hard_negative_mined,bsc,0,ratio_100,6,6,0.05506072874493927,0.16666666666666666,0.013625259318262677,0.022319424964936885,0.011681564152240753
utopiasphere_2024,utopiasphere_2024__hn018,utopiasphere_2024,hard_negative_mined,bsc,0,ratio_25,1,2,0.05506072874493927,0.030303030303030304,0.013625259318262677,0.0,3.135307997581549e-05
utopiasphere_2024,utopiasphere_2024__hn018,utopiasphere_2024,hard_negative_mined,bsc,0,ratio_75,2,2,0.05506072874493927,0.10606060606060606,0.013625259318262677,0.05415268579948631,0.0001073112798621878
utopiasphere_2024,utopiasphere_2024__hn019,utopiasphere_2024,hard_negative_mined,bsc,0,ratio_25,1,1,0.05506072874493927,0.0,0.06410045562666511,0.0,1.1957511560467537e-05
utopiasphere_2024,utopiasphere_2024__hn020,utopiasphere_2024,hard_negative_mined,bsc,0,ratio_25,1,2,0.05506072874493927,0.030303030303030304,0.013625259318262677,0.0,3.135307997581549e-05
utopiasphere_2024,utopiasphere_2024__hn020,utopiasphere_2024,hard_negative_mined,bsc,0,ratio_75,2,2,0.05506072874493927,0.10606060606060606,0.029840793469098216,0.08570251019033841,3.461830419837497e-05
utopiasphere_2024,utopiasphere_2024__hn021,utopiasphere_2024,hard_negative_mined,bsc,0,ratio_25,1,1,0.05506072874493927,0.030303030303030304,0.013625259318262677,0.0,3.4215947380289435e-05
utopiasphere_2024,utopiasphere_2024__hn022,utopiasphere_2024,hard_negative_mined,bsc,0,ratio_25,1,2,0.05506072874493927,0.030303030303030304,0.013625259318262677,0.0,3.135307997581549e-05
utopiasphere_2024,utopiasphere_2024__hn022,utopiasphere_2024,hard_negative_mined,bsc,0,ratio_75,2,2,0.05506072874493927,0.09090909090909091,0.013625259318262677,0.058718765740465084,0.0004591104807332158
utopiasphere_2024,utopiasphere_2024__hn024,utopiasphere_2024,hard_negative_mined,bsc,0,ratio_25,1,2,0.05506072874493927,0.030303030303030304,0.013625259318262677,0.0,3.135307997581549e-05
utopiasphere_2024,utopiasphere_2024__hn024,utopiasphere_2024,hard_negative_mined,bsc,0,ratio_75,2,2,0.05506072874493927,0.10606060606060606,0.013625259318262677,0.0465526857994863,4.064365566591732e-05
xkingdom_2024,xkingdom_2024__hn000,xkingdom_2024,hard_negative_mined,arbitrum,0,ratio_25,1,2,0.05501618122977346,0.030303030303030304,0.013838245810889547,0.0,3.890835796482861e-05
xkingdom_2024,xkingdom_2024__hn000,xkingdom_2024,hard_negative_mined,arbitrum,0,ratio_75,2,2,0.05501618122977346,0.10606060606060606,0.03133939103882301,0.0,0.00010380639287177473
xkingdom_2024,xkingdom_2024__hn001,xkingdom_2024,hard_negative_mined,arbitrum,0,ratio_25,1,2,0.05501618122977346,0.030303030303030304,0.013838245810889547,0.0,3.890835796482861e-05
xkingdom_2024,xkingdom_2024__hn001,xkingdom_2024,hard_negative_mined,arbitrum,0,ratio_75,2,2,0.05501618122977346,0.09090909090909091,0.03133939103882301,0.009137811893022561,4.729093416244723e-05
xkingdom_2024,xkingdom_2024__hn002,xkingdom_2024,hard_negative_mined,arbitrum,0,ratio_25,1,3,0.05501618122977346,0.030303030303030304,0.013838245810889547,0.0016666666666666666,0.00010909303091466427
xkingdom_2024,xkingdom_2024__hn002,xkingdom_2024,hard_negative_mined,arbitrum,0,ratio_50,2,3,0.05501618122977346,0.09090909090909091,0.03133939103882301,0.03848173174454717,4.956461634719744e-05
xkingdom_2024,xkingdom_2024__hn002,xkingdom_2024,hard_negative_mined,arbitrum,0,ratio_75,3,3,0.05501618122977346,0.09090909090909091,0.04098934900546669,0.07267730889457233,0.0001123500696849078
xkingdom_2024,xkingdom_2024__hn003,xkingdom_2024,hard_negative_mined,arbitrum,0,ratio_25,1,1,0.05501618122977346,0.030303030303030304,0.013838245810889547,0.0,3.9846014260547236e-05
xkingdom_2024,xkingdom_2024__hn004,xkingdom_2024,hard_negative_mined,arbitrum,0,ratio_25,1,1,0.05501618122977346,0.030303030303030304,0.013838245810889547,0.0,5.605764818028547e-05
xkingdom_2024,xkingdom_2024__hn005,xkingdom_2024,hard_negative_mined,arbitrum,0,ratio_25,1,3,0.05501618122977346,0.030303030303030304,0.013838245810889547,0.0016666666666666666,0.00010909303091466427
xkingdom_2024,xkingdom_2024__hn005,xkingdom_2024,hard_negative_mined,arbitrum,0,ratio_50,2,3,0.05501618122977346,0.09090909090909091,0.03133939103882301,0.03848173174454717,4.956461634719744e-05
xkingdom_2024,xkingdom_2024__hn005,xkingdom_2024,hard_negative_mined,arbitrum,0,ratio_75,3,3,0.05501618122977346,0.09090909090909091,0.04098934900546669,0.07767730889457232,0.0001426068920409307
xkingdom_2024,xkingdom_2024__hn006,xkingdom_2024,hard_negative_mined,arbitrum,0,ratio_25,1,1,0.05501618122977346,0.030303030303030304,0.013838245810889547,0.0,3.9846014260547236e-05
xkingdom_2024,xkingdom_2024__hn007,xkingdom_2024,hard_negative_mined,arbitrum,0,ratio_25,1,1,0.05501618122977346,0.030303030303030304,0.013838245810889547,0.0,3.9846014260547236e-05
xkingdom_2024,xkingdom_2024__hn008,xkingdom_2024,hard_negative_mined,arbitrum,0,ratio_25,1,1,0.05501618122977346,0.030303030303030304,0.013838245810889547,0.0,3.9846014260547236e-05
xkingdom_2024,xkingdom_2024__hn009,xkingdom_2024,hard_negative_mined,arbitrum,0,ratio_25,1,2,0.05501618122977346,0.030303030303030304,0.013838245810889547,0.0,3.890835796482861e-05
xkingdom_2024,xkingdom_2024__hn009,xkingdom_2024,hard_negative_mined,arbitrum,0,ratio_75,2,2,0.05501618122977346,0.09090909090909091,0.03133939103882301,0.012387811893022562,4.729093416244723e-05
xkingdom_2024,xkingdom_2024__hn010,xkingdom_2024,hard_negative_mined,arbitrum,0,ratio_25,1,3,0.05501618122977346,0.030303030303030304,0.013838245810889547,0.0016666666666666666,0.00010909303091466427
xkingdom_2024,xkingdom_2024__hn010,xkingdom_2024,hard_negative_mined,arbitrum,0,ratio_50,2,3,0.05501618122977346,0.09090909090909091,0.03133939103882301,0.03848173174454717,4.956461634719744e-05
xkingdom_2024,xkingdom_2024__hn010,xkingdom_2024,hard_negative_mined,arbitrum,0,ratio_75,3,3,0.05501618122977346,0.09090909090909091,0.04098934900546669,0.08267730889457234,0.00010810201638378203
xkingdom_2024,xkingdom_2024__hn011,xkingdom_2024,hard_negative_mined,arbitrum,0,ratio_25,1,1,0.05501618122977346,0.030303030303030304,0.013838245810889547,0.035,0.0010684813605621457
xkingdom_2024,xkingdom_2024__hn012,xkingdom_2024,hard_negative_mined,arbitrum,0,ratio_25,1,2,0.05501618122977346,0.030303030303030304,0.013838245810889547,0.0,3.890835796482861e-05
xkingdom_2024,xkingdom_2024__hn012,xkingdom_2024,hard_negative_mined,arbitrum,0,ratio_75,2,2,0.05501618122977346,0.09090909090909091,0.03133939103882301,0.009137811893022561,4.729093416244723e-05
xkingdom_2024,xkingdom_2024__hn013,xkingdom_2024,hard_negative_mined,arbitrum,0,ratio_25,1,3,0.05501618122977346,0.030303030303030304,0.013838245810889547,0.0016666666666666666,0.00010909303091466427
xkingdom_2024,xkingdom_2024__hn013,xkingdom_2024,hard_negative_mined,arbitrum,0,ratio_50,2,3,0.05501618122977346,0.09090909090909091,0.03133939103882301,0.03848173174454717,4.956461634719744e-05
xkingdom_2024,xkingdom_2024__hn013,xkingdom_2024,hard_negative_mined,arbitrum,0,ratio_75,3,3,0.05501618122977346,0.09090909090909091,0.04098934900546669,0.0803343137254902,0.00010051213757833466
xkingdom_2024,xkingdom_2024__hn014,xkingdom_2024,hard_negative_mined,arbitrum,0,ratio_25,1,1,0.05501618122977346,0.030303030303030304,0.013838245810889547,0.0,3.9846014260547236e-05
xkingdom_2024,xkingdom_2024__hn015,xkingdom_2024,hard_negative_mined,arbitrum,0,ratio_25,1,1,0.05501618122977346,0.030303030303030304,0.013838245810889547,0.0,3.9846014260547236e-05
xkingdom_2024,xkingdom_2024__hn016,xkingdom_2024,hard_negative_mined,arbitrum,0,ratio_25,1,1,0.05501618122977346,0.030303030303030304,0.013838245810889547,0.0,3.9846014260547236e-05
xkingdom_2024,xkingdom_2024__hn017,xkingdom_2024,hard_negative_mined,arbitrum,0,ratio_25,1,3,0.05501618122977346,0.030303030303030304,0.013838245810889547,0.0016666666666666666,0.00010909303091466427
xkingdom_2024,xkingdom_2024__hn017,xkingdom_2024,hard_negative_mined,arbitrum,0,ratio_50,2,3,0.05501618122977346,0.09090909090909091,0.03133939103882301,0.03848173174454717,5.708575918106362e-05
xkingdom_2024,xkingdom_2024__hn017,xkingdom_2024,hard_negative_mined,arbitrum,0,ratio_75,3,3,0.05501618122977346,0.09090909090909091,0.04098934900546669,0.0803343137254902,8.808811980998144e-05
xkingdom_2024,xkingdom_2024__hn018,xkingdom_2024,hard_negative_mined,arbitrum,0,ratio_25,1,1,0.05501618122977346,0.030303030303030304,0.013838245810889547,0.0,3.9846014260547236e-05
xkingdom_2024,xkingdom_2024__hn019,xkingdom_2024,hard_negative_mined,arbitrum,0,ratio_25,1,1,0.05501618122977346,0.030303030303030304,0.013838245810889547,0.0,3.9846014260547236e-05
xkingdom_2024,xkingdom_2024__hn020,xkingdom_2024,hard_negative_mined,arbitrum,0,ratio_25,1,3,0.05501618122977346,0.030303030303030304,0.013838245810889547,0.0016666666666666666,0.00017381622456014156
xkingdom_2024,xkingdom_2024__hn020,xkingdom_2024,hard_negative_mined,arbitrum,0,ratio_50,2,3,0.05501618122977346,0.09090909090909091,0.013838245810889547,0.05893592716322732,0.0009699349757283926
xkingdom_2024,xkingdom_2024__hn020,xkingdom_2024,hard_negative_mined,arbitrum,0,ratio_75,3,3,0.05501618122977346,0.09090909090909091,0.02390465495859977,0.045028786766756985,0.0004096787888556719
xkingdom_2024,xkingdom_2024__hn021,xkingdom_2024,hard_negative_mined,arbitrum,0,ratio_25,1,3,0.05501618122977346,0.030303030303030304,0.013838245810889547,0.0016666666666666666,0.00017381622456014156
xkingdom_2024,xkingdom_2024__hn021,xkingdom_2024,hard_negative_mined,arbitrum,0,ratio_50,2,3,0.05501618122977346,0.09090909090909091,0.013838245810889547,0.05893592716322732,0.0009699349757283926
xkingdom_2024,xkingdom_2024__hn021,xkingdom_2024,hard_negative_mined,arbitrum,0,ratio_75,3,3,0.05501618122977346,0.09090909090909091,0.02390465495859977,0.045028786766756985,0.0004096787888556719
wault_finance_2021,wault_finance_2021__hn000,wault_finance_2021,hard_negative_mined,bsc,0,k_2,2,449,0.058771929824561406,0.06060606060606061,0.0831481550642381,0.010621501514358658,0.0004996019415557384
wault_finance_2021,wault_finance_2021__hn000,wault_finance_2021,hard_negative_mined,bsc,0,k_3,3,449,0.058771929824561406,0.06060606060606061,0.0831481550642381,0.02549483388749164,0.00046242811367847025
wault_finance_2021,wault_finance_2021__hn000,wault_finance_2021,hard_negative_mined,bsc,0,k_5,5,449,0.058771929824561406,0.06060606060606061,0.0831481550642381,0.011397502647303255,0.0005188019713386893
wault_finance_2021,wault_finance_2021__hn000,wault_finance_2021,hard_negative_mined,bsc,0,k_7,7,449,0.058771929824561406,0.06060606060606061,0.0831481550642381,0.01711112991767066,0.00019352254457771778
wault_finance_2021,wault_finance_2021__hn000,wault_finance_2021,hard_negative_mined,bsc,0,ratio_25,113,449,0.058771929824561406,0.06060606060606061,0.0831481550642381,0.02708339076911614,8.28640186227858e-05
wault_finance_2021,wault_finance_2021__hn000,wault_finance_2021,hard_negative_mined,bsc,0,ratio_50,225,449,0.058771929824561406,0.06060606060606061,0.0831481550642381,0.009713170362209773,1.6515412426088005e-05
wault_finance_2021,wault_finance_2021__hn000,wault_finance_2021,hard_negative_mined,bsc,0,ratio_75,337,449,0.058771929824561406,0.06060606060606061,0.0831481550642381,0.006358739982462938,1.1685589925036766e-05
wault_finance_2021,wault_finance_2021__hn000,wault_finance_2021,hard_negative_mined,bsc,0,ratio_100,449,449,0.058771929824561406,0.06060606060606061,0.0831481550642381,0.009713170362209773,1.8487478882889263e-05
wault_finance_2021,wault_finance_2021__hn001,wault_finance_2021,hard_negative_mined,bsc,0,k_2,2,353,0.058771929824561406,0.06060606060606061,0.0831481550642381,0.1375226966010729,0.0010101126972585917
wault_finance_2021,wault_finance_2021__hn001,wault_finance_2021,hard_negative_mined,bsc,0,k_3,3,353,0.058771929824561406,0.06060606060606061,0.0831481550642381,0.12772363172191434,0.0007450857665389776
wault_finance_2021,wault_finance_2021__hn001,wault_finance_2021,hard_negative_mined,bsc,0,k_5,5,353,0.058771929824561406,0.06060606060606061,0.0831481550642381,0.13995738652593015,0.0003856529074255377
wault_finance_2021,wault_finance_2021__hn001,wault_finance_2021,hard_negative_mined,bsc,0,k_7,7,353,0.058771929824561406,0.06060606060606061,0.0831481550642381,0.3283962293387612,0.005304140970110893
wault_finance_2021,wault_finance_2021__hn001,wault_finance_2021,hard_negative_mined,bsc,0,ratio_25,89,353,0.058771929824561406,0.06060606060606061,0.0831481550642381,0.204154976502448,0.0015576451551169157
wault_finance_2021,wault_finance_2021__hn001,wault_finance_2021,hard_negative_mined,bsc,0,ratio_50,177,353,0.058771929824561406,0.06060606060606061,0.0831481550642381,0.22771230430887332,0.00034228921867907047
wault_finance_2021,wault_finance_2021__hn001,wault_finance_2021,hard_negative_mined,bsc,0,ratio_75,265,353,0.058771929824561406,0.06060606060606061,0.0831481550642381,0.2038131071040371,0.00013785797636955976
wault_finance_2021,wault_finance_2021__hn001,wault_finance_2021,hard_negative_mined,bsc,0,ratio_100,353,353,0.058771929824561406,0.06060606060606061,0.0831481550642381,0.216390427150513,0.0003141925553791225
wault_finance_2021,wault_finance_2021__hn002,wault_finance_2021,hard_negative_mined,bsc,0,ratio_25,1,1,0.058771929824561406,0.0,0.05859678219260947,0.0011363636363636363,0.0005480590625666082
wault_finance_2021,wault_finance_2021__hn003,wault_finance_2021,hard_negative_mined,bsc,0,k_2,2,850,0.058771929824561406,0.06060606060606061,0.0831481550642381,0.027915749625051955,0.0006378063699230552
wault_finance_2021,wault_finance_2021__hn003,wault_finance_2021,hard_negative_mined,bsc,0,k_3,3,850,0.058771929824561406,0.06060606060606061,0.0831481550642381,0.08676540698919318,0.0013750571524724364
wault_finance_2021,wault_finance_2021__hn003,wault_finance_2021,hard_negative_mined,bsc,0,k_5,5,850,0.058771929824561406,0.06060606060606061,0.0831481550642381,0.043626086684175204,0.0008037204970605671
wault_finance_2021,wault_finance_2021__hn003,wault_finance_2021,hard_negative_mined,bsc,0,k_7,7,850,0.058771929824561406,0.06060606060606061,0.0831481550642381,0.043626086684175204,0.0007761332090012729
wault_finance_2021,wault_finance_2021__hn003,wault_finance_2021,hard_negative_mined,bsc,0,ratio_25,213,850,0.058771929824561406,0.06060606060606061,0.0831481550642381,0.11694681272672768,0.0028292506467550993
wault_finance_2021,wault_finance_2021__hn003,wault_finance_2021,hard_negative_mined,bsc,0,ratio_50,425,850,0.058771929824561406,0.06060606060606061,0.0831481550642381,0.06990860643709132,0.00015387460007332265
wault_finance_2021,wault_finance_2021__hn003,wault_finance_2021,hard_negative_mined,bsc,0,ratio_75,638,850,0.058771929824561406,0.06060606060606061,0.0831481550642381,0.05350655702048389,0.00010548014688538387
wault_finance_2021,wault_finance_2021__hn003,wault_finance_2021,hard_negative_mined,bsc,0,ratio_100,850,850,0.058771929824561406,0.06060606060606061,0.0831481550642381,0.050606138395039996,9.705966658657417e-05
wault_finance_2021,wault_finance_2021__hn004,wault_finance_2021,hard_negative_mined,bsc,0,k_2,2,439,0.058771929824561406,0.06060606060606061,0.0831481550642381,0.0010204081632653062,0.0001253250811714679
wault_finance_2021,wault_finance_2021__hn004,wault_finance_2021,hard_negative_mined,bsc,0,k_3,3,439,0.058771929824561406,0.06060606060606061,0.0831481550642381,0.0010204081632653062,0.0001253250811714679
wault_finance_2021,wault_finance_2021__hn004,wault_finance_2021,hard_negative_mined,bsc,0,k_5,5,439,0.058771929824561406,0.06060606060606061,0.0831481550642381,0.009097331240188383,0.00019197822257410735
wault_finance_2021,wault_finance_2021__hn004,wault_finance_2021,hard_negative_mined,bsc,0,k_7,7,439,0.058771929824561406,0.06060606060606061,0.0831481550642381,0.00717425431711146,0.0001254263479495421
wault_finance_2021,wault_finance_2021__hn004,wault_finance_2021,hard_negative_mined,bsc,0,ratio_25,110,439,0.058771929824561406,0.06060606060606061,0.0831481550642381,0.011789638932496077,0.0008522384450770915
wault_finance_2021,wault_finance_2021__hn004,wault_finance_2021,hard_negative_mined,bsc,0,ratio_50,220,439,0.058771929824561406,0.06060606060606061,0.0831481550642381,0.005723563445020594,0.00021949080110061914
wault_finance_2021,wault_finance_2021__hn004,wault_finance_2021,hard_negative_mined,bsc,0,ratio_75,330,439,0.058771929824561406,0.06060606060606061,0.0831481550642381,0.009190162635303995,0.00015447248006239533
wault_finance_2021,wault_finance_2021__hn004,wault_finance_2021,hard_negative_mined,bsc,0,ratio_100,439,439,0.058771929824561406,0.06060606060606061,0.0831481550642381,0.011501739946881306,0.000244367663981393
wault_finance_2021,wault_finance_2021__hn005,wault_finance_2021,hard_negative_mined,bsc,0,ratio_25,1,1,0.058771929824561406,0.0,0.0831481550642381,0.0,2.1734716938226484e-05
wault_finance_2021,wault_finance_2021__hn006,wault_finance_2021,hard_negative_mined,bsc,0,k_2,2,1000,0.058771929824561406,0.06060606060606061,0.0831481550642381,0.00866443080728795,0.00048597599379718304
wault_finance_2021,wault_finance_2021__hn006,wault_finance_2021,hard_negative_mined,bsc,0,k_3,3,1000,0.058771929824561406,0.06060606060606061,0.0831481550642381,0.009097331240188383,0.0006792225176468492
wault_finance_2021,wault_finance_2021__hn006,wault_finance_2021,hard_negative_mined,bsc,0,k_5,5,1000,0.058771929824561406,0.06060606060606061,0.0831481550642381,0.015657068606177972,9.344030695501715e-05
wault_finance_2021,wault_finance_2021__hn006,wault_finance_2021,hard_negative_mined,bsc,0,k_7,7,1000,0.058771929824561406,0.06060606060606061,0.0831481550642381,0.01582509502420439,0.00018303799151908606
wault_finance_2021,wault_finance_2021__hn006,wault_finance_2021,hard_negative_mined,bsc,0,ratio_25,250,1000,0.058771929824561406,0.06060606060606061,0.0831481550642381,0.10543585310368458,0.00047067092964425683
wault_finance_2021,wault_finance_2021__hn006,wault_finance_2021,hard_negative_mined,bsc,0,ratio_50,500,1000,0.058771929824561406,0.06060606060606061,0.0831481550642381,0.07931657196960663,0.00011466134310467169
wault_finance_2021,wault_finance_2021__hn006,wault_finance_2021,hard_negative_mined,bsc,0,ratio_75,750,1000,0.058771929824561406,0.06060606060606061,0.0831481550642381,0.09035822219158315,0.0001077434717444703
wault_finance_2021,wault_finance_2021__hn006,wault_finance_2021,hard_negative_mined,bsc,0,ratio_100,1000,1000,0.058771929824561406,0.06060606060606061,0.0831481550642381,0.1242289707323367,0.002636869205161929
wault_finance_2021,wault_finance_2021__hn007,wault_finance_2021,hard_negative_mined,bsc,0,ratio_25,1,4,0.058771929824561406,0.0,0.11814326830374156,0.0011363636363636363,0.002903224201872945
wault_finance_2021,wault_finance_2021__hn007,wault_finance_2021,hard_negative_mined,bsc,0,ratio_50,2,4,0.058771929824561406,0.06060606060606061,0.11814326830374156,0.06747393778390663,0.12672528624534607
wault_finance_2021,wault_finance_2021__hn007,wault_finance_2021,hard_negative_mined,bsc,0,ratio_75,3,4,0.058771929824561406,0.06060606060606061,0.11814326830374156,0.06223020110714126,0.03641059622168541
wault_finance_2021,wault_finance_2021__hn007,wault_finance_2021,hard_negative_mined,bsc,0,ratio_100,4,4,0.058771929824561406,0.06060606060606061,0.11814326830374156,0.17972475413945038,0.024926144629716873
wault_finance_2021,wault_finance_2021__hn008,wault_finance_2021,hard_negative_mined,bsc,0,ratio_25,1,3,0.058771929824561406,0.0,0.0831481550642381,0.0,3.730402386281639e-05
wault_finance_2021,wault_finance_2021__hn008,wault_finance_2021,hard_negative_mined,bsc,0,ratio_50,2,3,0.058771929824561406,0.06060606060606061,0.0831481550642381,0.054182268422890735,5.582116500590928e-05
wault_finance_2021,wault_finance_2021__hn008,wault_finance_2021,hard_negative_mined,bsc,0,ratio_75,3,3,0.058771929824561406,0.06060606060606061,0.0831481550642381,0.0022990075481558537,9.616566967451945e-05
wault_finance_2021,wault_finance_2021__hn009,wault_finance_2021,hard_negative_mined,bsc,0,ratio_25,2,6,0.058771929824561406,0.06060606060606061,0.05859678219260947,0.28271536550201687,0.006005050148814917
wault_finance_2021,wault_finance_2021__hn009,wault_finance_2021,hard_negative_mined,bsc,0,ratio_50,3,6,0.058771929824561406,0.06060606060606061,0.05859678219260947,0.06361000758658221,0.00014553872460965067
wault_finance_2021,wault_finance_2021__hn009,wault_finance_2021,hard_negative_mined,bsc,0,ratio_75,5,6,0.058771929824561406,0.09090909090909091,0.06288974756194193,0.0007692307692307692,0.00016278482507914305
wault_finance_2021,wault_finance_2021__hn009,wault_finance_2021,hard_negative_mined,bsc,0,ratio_100,6,6,0.058771929824561406,0.10606060606060606,0.06591292343626784,0.005769230769230769,9.908449283102527e-05
wault_finance_2021,wault_finance_2021__hn010,wault_finance_2021,hard_negative_mined,bsc,0,ratio_25,2,7,0.058771929824561406,0.06060606060606061,0.0831481550642381,0.018074298995351627,0.0006070246454328299
wault_finance_2021,wault_finance_2021__hn010,wault_finance_2021,hard_negative_mined,bsc,0,k_3,3,7,0.058771929824561406,0.06060606060606061,0.0831481550642381,0.0949005369755316,0.000490823935251683
wault_finance_2021,wault_finance_2021__hn010,wault_finance_2021,hard_negative_mined,bsc,0,ratio_50,4,7,0.058771929824561406,0.06060606060606061,0.0831481550642381,0.09577172261897911,0.0003669323632493615
wault_finance_2021,wault_finance_2021__hn010,wault_finance_2021,hard_negative_mined,bsc,0,k_5,5,7,0.058771929824561406,0.06060606060606061,0.0831481550642381,0.05480891714876938,0.00023218177375383675
wault_finance_2021,wault_finance_2021__hn010,wault_finance_2021,hard_negative_mined,bsc,0,ratio_75,6,7,0.058771929824561406,0.06060606060606061,0.0831481550642381,0.043976663557207286,6.0396239859983325e-05
wault_finance_2021,wault_finance_2021__hn010,wault_finance_2021,hard_negative_mined,bsc,0,ratio_100,7,7,0.058771929824561406,0.06060606060606061,0.0831481550642381,0.05342110800165173,3.642184310592711e-05
wault_finance_2021,wault_finance_2021__hn011,wault_finance_2021,hard_negative_mined,bsc,0,k_2,2,46,0.058771929824561406,0.06060606060606061,0.06988177473694294,0.458090030413708,0.0772494301199913
wault_finance_2021,wault_finance_2021__hn011,wault_finance_2021,hard_negative_mined,bsc,0,k_3,3,46,0.058771929824561406,0.06060606060606061,0.0740706542963466,0.0781137451721204,0.00030927517218515277
wault_finance_2021,wault_finance_2021__hn011,wault_finance_2021,hard_negative_mined,bsc,0,k_5,5,46,0.058771929824561406,0.06060606060606061,0.07758680826775688,0.06836656661801765,0.0006324385176412761
wault_finance_2021,wault_finance_2021__hn011,wault_finance_2021,hard_negative_mined,bsc,0,k_7,7,46,0.058771929824561406,0.06060606060606061,0.07914004201487561,0.04176195621802506,0.0007642501150257885
wault_finance_2021,wault_finance_2021__hn011,wault_finance_2021,hard_negative_mined,bsc,0,ratio_25,12,46,0.058771929824561406,0.06060606060606061,0.08078817136022283,0.03783895426870732,0.0004684843588620424
wault_finance_2021,wault_finance_2021__hn011,wault_finance_2021,hard_negative_mined,bsc,0,ratio_50,23,46,0.058771929824561406,0.06060606060606061,0.08190913944409647,0.038281158968271535,0.0002198120637331158
wault_finance_2021,wault_finance_2021__hn011,wault_finance_2021,hard_negative_mined,bsc,0,ratio_75,35,46,0.058771929824561406,0.06060606060606061,0.08233203881264153,0.039947825634938205,0.0002570980868767947
wault_finance_2021,wault_finance_2021__hn011,wault_finance_2021,hard_negative_mined,bsc,0,ratio_100,46,46,0.058771929824561406,0.06060606060606061,0.08252653118295013,0.04744331625542882,0.00038193000364117324
wault_finance_2021,wault_finance_2021__hn012,wault_finance_2021,hard_negative_mined,bsc,0,k_2,2,13,0.058771929824561406,0.06060606060606061,0.0831481550642381,0.16057198950688745,0.0017969760810956359
wault_finance_2021,wault_finance_2021__hn012,wault_finance_2021,hard_negative_mined,bsc,0,k_3,3,13,0.058771929824561406,0.06060606060606061,0.0831481550642381,0.09890814573518908,0.0012777920346707106
wault_finance_2021,wault_finance_2021__hn012,wault_finance_2021,hard_negative_mined,bsc,0,ratio_25,4,13,0.058771929824561406,0.06060606060606061,0.0831481550642381,0.06713316808214233,0.006822801195085049
wault_finance_2021,wault_finance_2021__hn012,wault_finance_2021,hard_negative_mined,bsc,0,k_5,5,13,0.058771929824561406,0.06060606060606061,0.0831481550642381,0.08595146959629638,0.0022689190227538347
wault_finance_2021,wault_finance_2021__hn012,wault_finance_2021,hard_negative_mined,bsc,0,ratio_50,7,13,0.058771929824561406,0.06060606060606061,0.07914004201487561,0.004109486819865502,0.00022234764765016735
wault_finance_2021,wault_finance_2021__hn012,wault_finance_2021,hard_negative_mined,bsc,0,ratio_75,10,13,0.058771929824561406,0.06060606060606061,0.07758680826775688,0.06346432552954293,0.029732102528214455
wault_finance_2021,wault_finance_2021__hn012,wault_finance_2021,hard_negative_mined,bsc,0,ratio_100,13,13,0.058771929824561406,0.06060606060606061,0.07883915224222206,0.004839484439530597,7.794183329679072e-05
wault_finance_2021,wault_finance_2021__hn013,wault_finance_2021,hard_negative_mined,bsc,0,ratio_25,1,1,0.058771929824561406,0.0,0.0831481550642381,0.0,2.1734716938226484e-05
wault_finance_2021,wault_finance_2021__hn014,wault_finance_2021,hard_negative_mined,bsc,0,ratio_25,2,7,0.058771929824561406,0.06060606060606061,0.05859678219260947,0.7323171669524697,0.23315002024173737
wault_finance_2021,wault_finance_2021__hn014,wault_finance_2021,hard_negative_mined,bsc,0,k_3,3,7,0.058771929824561406,0.07575757575757576,0.05859678219260947,0.07401509798962379,0.0014542338903993368
wault_finance_2021,wault_finance_2021__hn014,wault_finance_2021,hard_negative_mined,bsc,0,ratio_50,4,7,0.058771929824561406,0.09090909090909091,0.0640079737663467,0.01956395348837209,0.0009110086248256266
wault_finance_2021,wault_finance_2021__hn014,wault_finance_2021,hard_negative_mined,bsc,0,k_5,5,7,0.058771929824561406,0.09090909090909091,0.06747468495695427,0.03377284988476849,0.0006971827824600041
wault_finance_2021,wault_finance_2021__hn014,wault_finance_2021,hard_negative_mined,bsc,0,ratio_75,6,7,0.058771929824561406,0.09090909090909091,0.06591292343626784,0.04347873223770967,0.0005628775688819587
wault_finance_2021,wault_finance_2021__hn014,wault_finance_2021,hard_negative_mined,bsc,0,ratio_100,7,7,0.058771929824561406,0.09090909090909091,0.06481801879649388,0.040543683218101825,0.0032324492931365967
wault_finance_2021,wault_finance_2021__hn015,wault_finance_2021,hard_negative_mined,bsc,0,ratio_25,1,2,0.058771929824561406,0.0,0.0831481550642381,0.0,1.9538943888619542e-05
wault_finance_2021,wault_finance_2021__hn015,wault_finance_2021,hard_negative_mined,bsc,0,ratio_75,2,2,0.058771929824561406,0.06060606060606061,0.06988177473694294,0.050424796308505486,0.000389765074942261
wault_finance_2021,wault_finance_2021__hn016,wault_finance_2021,hard_negative_mined,bsc,0,k_2,2,997,0.058771929824561406,0.06060606060606061,0.0831481550642381,0.008831862581862582,0.0004969935980625451
wault_finance_2021,wault_finance_2021__hn016,wault_finance_2021,hard_negative_mined,bsc,0,k_3,3,997,0.058771929824561406,0.06060606060606061,0.0831481550642381,0.027956348239914927,0.0002201978350058198
wault_finance_2021,wault_finance_2021__hn016,wault_finance_2021,hard_negative_mined,bsc,0,k_5,5,997,0.058771929824561406,0.06060606060606061,0.0831481550642381,0.03845770659683703,0.00025728961918503046
wault_finance_2021,wault_finance_2021__hn016,wault_finance_2021,hard_negative_mined,bsc,0,k_7,7,997,0.058771929824561406,0.06060606060606061,0.0831481550642381,0.03995770659683703,0.00018996432481799275
wault_finance_2021,wault_finance_2021__hn016,wault_finance_2021,hard_negative_mined,bsc,0,ratio_25,250,997,0.058771929824561406,0.06060606060606061,0.0831481550642381,0.020976443317938808,0.0002736960886977613
wault_finance_2021,wault_finance_2021__hn016,wault_finance_2021,hard_negative_mined,bsc,0,ratio_50,499,997,0.058771929824561406,0.06060606060606061,0.0831481550642381,0.014402175480144165,0.00021414057118818164
wault_finance_2021,wault_finance_2021__hn016,wault_finance_2021,hard_negative_mined,bsc,0,ratio_75,748,997,0.058771929824561406,0.06060606060606061,0.0831481550642381,0.011861698588769422,0.00041288291686214507
wault_finance_2021,wault_finance_2021__hn016,wault_finance_2021,hard_negative_mined,bsc,0,ratio_100,997,997,0.058771929824561406,0.06060606060606061,0.0831481550642381,0.01772028444735528,0.0008204765035770833
wault_finance_2021,wault_finance_2021__hn017,wault_finance_2021,hard_negative_mined,bsc,0,ratio_25,1,3,0.058771929824561406,0.0,0.11814326830374156,0.0,0.00429640244692564
wault_finance_2021,wault_finance_2021__hn017,wault_finance_2021,hard_negative_mined,bsc,0,ratio_50,2,3,0.058771929824561406,0.06060606060606061,0.11814326830374156,0.010770940170940171,0.007884934544563293
wault_finance_2021,wault_finance_2021__hn017,wault_finance_2021,hard_negative_mined,bsc,0,ratio_75,3,3,0.058771929824561406,0.07575757575757576,0.11814326830374156,0.08841039492241692,0.06278755515813828
wault_finance_2021,wault_finance_2021__hn018,wault_finance_2021,hard_negative_mined,bsc,0,ratio_25,2,7,0.058771929824561406,0.06060606060606061,0.05859678219260947,0.29426265555953873,0.05244867131114006
wault_finance_2021,wault_finance_2021__hn018,wault_finance_2021,hard_negative_mined,bsc,0,k_3,3,7,0.058771929824561406,0.06060606060606061,0.05859678219260947,0.07744750833088322,0.0016251226188614964
wault_finance_2021,wault_finance_2021__hn018,wault_finance_2021,hard_negative_mined,bsc,0,ratio_50,4,7,0.058771929824561406,0.06060606060606061,0.05859678219260947,0.08201468820857785,0.0031411603558808565
wault_finance_2021,wault_finance_2021__hn018,wault_finance_2021,hard_negative_mined,bsc,0,k_5,5,7,0.058771929824561406,0.06060606060606061,0.05859678219260947,0.0560257662005945,0.006470947060734034
wault_finance_2021,wault_finance_2021__hn018,wault_finance_2021,hard_negative_mined,bsc,0,ratio_75,6,7,0.058771929824561406,0.06060606060606061,0.05859678219260947,0.03324821875414205,0.0008849604637362063
wault_finance_2021,wault_finance_2021__hn018,wault_finance_2021,hard_negative_mined,bsc,0,ratio_100,7,7,0.058771929824561406,0.06060606060606061,0.05859678219260947,0.027481313042444104,0.0002912995114456862
wault_finance_2021,wault_finance_2021__hn019,wault_finance_2021,hard_negative_mined,bsc,0,ratio_25,2,6,0.058771929824561406,0.06060606060606061,0.05859678219260947,0.6644129811242346,0.029274968430399895
wault_finance_2021,wault_finance_2021__hn019,wault_finance_2021,hard_negative_mined,bsc,0,ratio_50,3,6,0.058771929824561406,0.06060606060606061,0.05859678219260947,0.026470552360295496,0.0003010666696354747
wault_finance_2021,wault_finance_2021__hn019,wault_finance_2021,hard_negative_mined,bsc,0,ratio_75,5,6,0.058771929824561406,0.06060606060606061,0.05859678219260947,0.03452054640444813,7.100227230694145e-05
wault_finance_2021,wault_finance_2021__hn019,wault_finance_2021,hard_negative_mined,bsc,0,ratio_100,6,6,0.058771929824561406,0.06060606060606061,0.05859678219260947,0.04355150429684684,0.0001344547636108473
wault_finance_2021,wault_finance_2021__hn020,wault_finance_2021,hard_negative_mined,bsc,0,ratio_25,1,1,0.058771929824561406,0.0,0.0831481550642381,0.0,2.1734716938226484e-05
wault_finance_2021,wault_finance_2021__hn021,wault_finance_2021,hard_negative_mined,bsc,0,ratio_25,1,3,0.058771929824561406,0.0,0.0831481550642381,0.0,3.730402386281639e-05
wault_finance_2021,wault_finance_2021__hn021,wault_finance_2021,hard_negative_mined,bsc,0,ratio_50,2,3,0.058771929824561406,0.06060606060606061,0.06988177473694294,0.04100902160989236,3.7925907236058265e-05
wault_finance_2021,wault_finance_2021__hn021,wault_finance_2021,hard_negative_mined,bsc,0,ratio_75,3,3,0.058771929824561406,0.07575757575757576,0.0740706542963466,0.09561856998287785,0.0002351898729102686
paraluni_2022,paraluni_2022__hn000,paraluni_2022,hard_negative_mined,bsc,0,ratio_25,1,3,0.058260869565217394,0.0,0.06855531755787685,0.0,8.968079055193812e-05
paraluni_2022,paraluni_2022__hn000,paraluni_2022,hard_negative_mined,bsc,0,ratio_50,2,3,0.058260869565217394,0.06060606060606061,0.06855531755787685,0.11700875995968733,0.0002840365923475474
paraluni_2022,paraluni_2022__hn000,paraluni_2022,hard_negative_mined,bsc,0,ratio_75,3,3,0.058260869565217394,0.07575757575757576,0.06855531755787685,0.06975984531280251,1.3769879842584487e-05
paraluni_2022,paraluni_2022__hn001,paraluni_2022,hard_negative_mined,bsc,0,k_2,2,1000,0.058260869565217394,0.06060606060606061,0.06855531755787685,0.0011206896551724137,0.0006704821134917438
paraluni_2022,paraluni_2022__hn001,paraluni_2022,hard_negative_mined,bsc,0,k_3,3,1000,0.058260869565217394,0.06060606060606061,0.06855531755787685,0.00902766639935846,0.0006545188371092081
paraluni_2022,paraluni_2022__hn001,paraluni_2022,hard_negative_mined,bsc,0,k_5,5,1000,0.058260869565217394,0.06060606060606061,0.06855531755787685,0.00662574016022292,0.0003682742244563997
paraluni_2022,paraluni_2022__hn001,paraluni_2022,hard_negative_mined,bsc,0,k_7,7,1000,0.058260869565217394,0.06060606060606061,0.06855531755787685,0.0045322702498516,0.0003756118530873209
paraluni_2022,paraluni_2022__hn001,paraluni_2022,hard_negative_mined,bsc,0,ratio_25,250,1000,0.058260869565217394,0.06060606060606061,0.06855531755787685,0.007323633595040875,9.323523408966139e-05
paraluni_2022,paraluni_2022__hn001,paraluni_2022,hard_negative_mined,bsc,0,ratio_50,500,1000,0.058260869565217394,0.06060606060606061,0.06855531755787685,0.008290322580645161,0.0007907301769591868
paraluni_2022,paraluni_2022__hn001,paraluni_2022,hard_negative_mined,bsc,0,ratio_75,750,1000,0.058260869565217394,0.06060606060606061,0.06855531755787685,0.008290322580645161,4.3387626647017896e-05
paraluni_2022,paraluni_2022__hn001,paraluni_2022,hard_negative_mined,bsc,0,ratio_100,1000,1000,0.058260869565217394,0.06060606060606061,0.06855531755787685,0.05988487386269645,0.0014295807341113687
paraluni_2022,paraluni_2022__hn002,paraluni_2022,hard_negative_mined,bsc,0,k_2,2,560,0.058260869565217394,0.06060606060606061,0.12216761708253575,0.09565906659218747,0.22640714049339294
paraluni_2022,paraluni_2022__hn002,paraluni_2022,hard_negative_mined,bsc,0,k_3,3,560,0.058260869565217394,0.07575757575757576,0.12216761708253575,0.2085591432644164,0.16622431576251984
paraluni_2022,paraluni_2022__hn002,paraluni_2022,hard_negative_mined,bsc,0,k_5,5,560,0.058260869565217394,0.09090909090909091,0.12216761708253575,0.5723451253592403,0.5520102977752686
paraluni_2022,paraluni_2022__hn002,paraluni_2022,hard_negative_mined,bsc,0,k_7,7,560,0.058260869565217394,0.10606060606060606,0.11273872387914965,0.3961452812483304,0.3411782383918762
paraluni_2022,paraluni_2022__hn002,paraluni_2022,hard_negative_mined,bsc,0,ratio_25,140,560,0.058260869565217394,0.25757575757575757,0.07491436142749691,0.004207317073170732,0.00021739181829616427
paraluni_2022,paraluni_2022__hn002,paraluni_2022,hard_negative_mined,bsc,0,ratio_50,280,560,0.058260869565217394,0.25757575757575757,0.07166978430590101,0.004207317073170732,0.0002599327708594501
paraluni_2022,paraluni_2022__hn002,paraluni_2022,hard_negative_mined,bsc,0,ratio_75,420,560,0.058260869565217394,0.25757575757575757,0.07061738703374425,0.005503613369467027,0.00026444325339980423
paraluni_2022,paraluni_2022__hn002,paraluni_2022,hard_negative_mined,bsc,0,ratio_100,560,560,0.058260869565217394,0.25757575757575757,0.07009655910908748,0.010503613369467027,0.0003199836064595729
paraluni_2022,paraluni_2022__hn003,paraluni_2022,hard_negative_mined,bsc,0,ratio_25,1,1,0.058260869565217394,0.0,0.09161068041943089,0.0,4.7769670345587656e-05
paraluni_2022,paraluni_2022__hn004,paraluni_2022,hard_negative_mined,bsc,0,ratio_25,1,2,0.058260869565217394,0.0,0.06855531755787685,0.0,0.0007348122890107334
paraluni_2022,paraluni_2022__hn004,paraluni_2022,hard_negative_mined,bsc,0,ratio_75,2,2,0.058260869565217394,0.07575757575757576,0.06855531755787685,0.08749034403847018,0.012456519529223442
paraluni_2022,paraluni_2022__hn005,paraluni_2022,hard_negative_mined,bsc,0,k_2,2,108,0.058260869565217394,0.07575757575757576,0.09190623705121871,0.26081217667543144,0.31889569759368896
paraluni_2022,paraluni_2022__hn005,paraluni_2022,hard_negative_mined,bsc,0,k_3,3,108,0.058260869565217394,0.07575757575757576,0.10115956735653756,0.35944006843565196,0.5790773034095764
paraluni_2022,paraluni_2022__hn005,paraluni_2022,hard_negative_mined,bsc,0,k_5,5,108,0.058260869565217394,0.10606060606060606,0.10914849190768267,0.5413676410777278,0.9187465310096741
paraluni_2022,paraluni_2022__hn005,paraluni_2022,hard_negative_mined,bsc,0,k_7,7,108,0.058260869565217394,0.12121212121212122,0.11273872387914965,0.3826784608285165,0.6068704128265381
paraluni_2022,paraluni_2022__hn005,paraluni_2022,hard_negative_mined,bsc,0,ratio_25,27,108,0.058260869565217394,0.24242424242424243,0.10115956735653756,0.14765658077387442,0.027717849239706993
paraluni_2022,paraluni_2022__hn005,paraluni_2022,hard_negative_mined,bsc,0,ratio_50,54,108,0.058260869565217394,0.24242424242424243,0.08342077682030373,0.009207317073170731,0.00034759307163767517
paraluni_2022,paraluni_2022__hn005,paraluni_2022,hard_negative_mined,bsc,0,ratio_75,81,108,0.058260869565217394,0.24242424242424243,0.07816583536439062,0.014951127181621721,0.0004874671285506338
paraluni_2022,paraluni_2022__hn005,paraluni_2022,hard_negative_mined,bsc,0,ratio_100,108,108,0.058260869565217394,0.24242424242424243,0.0756534881626435,0.014819548234253301,0.0006822147988714278
paraluni_2022,paraluni_2022__hn006,paraluni_2022,hard_negative_mined,bsc,0,k_2,2,15,0.058260869565217394,0.07575757575757576,0.06855531755787685,0.15963589014196167,0.0002654319105204195
paraluni_2022,paraluni_2022__hn006,paraluni_2022,hard_negative_mined,bsc,0,k_3,3,15,0.058260869565217394,0.07575757575757576,0.06855531755787685,0.22509755222843095,0.0009034692193381488
paraluni_2022,paraluni_2022__hn006,paraluni_2022,hard_negative_mined,bsc,0,ratio_25,4,15,0.058260869565217394,0.07575757575757576,0.06855531755787685,0.20368922029128636,0.14474846422672272
paraluni_2022,paraluni_2022__hn006,paraluni_2022,hard_negative_mined,bsc,0,k_5,5,15,0.058260869565217394,0.07575757575757576,0.06855531755787685,0.45639963724894317,0.8531491756439209
paraluni_2022,paraluni_2022__hn006,paraluni_2022,hard_negative_mined,bsc,0,k_7,7,15,0.058260869565217394,0.07575757575757576,0.06855531755787685,0.44492121714925403,0.12085980176925659
paraluni_2022,paraluni_2022__hn006,paraluni_2022,hard_negative_mined,bsc,0,ratio_50,8,15,0.058260869565217394,0.07575757575757576,0.06855531755787685,0.5375702908591208,0.09115162491798401
paraluni_2022,paraluni_2022__hn006,paraluni_2022,hard_negative_mined,bsc,0,ratio_75,12,15,0.058260869565217394,0.07575757575757576,0.06855531755787685,0.551796271276977,0.023096121847629547
paraluni_2022,paraluni_2022__hn006,paraluni_2022,hard_negative_mined,bsc,0,ratio_100,15,15,0.058260869565217394,0.07575757575757576,0.06855531755787685,0.49055998809965007,0.016660289838910103
paraluni_2022,paraluni_2022__hn007,paraluni_2022,hard_negative_mined,bsc,0,k_2,2,13,0.058260869565217394,0.06060606060606061,0.09161068041943089,0.4026681331072116,0.019043656066060066
paraluni_2022,paraluni_2022__hn007,paraluni_2022,hard_negative_mined,bsc,0,k_3,3,13,0.058260869565217394,0.06060606060606061,0.09161068041943089,0.38700749666134654,0.012445438653230667
paraluni_2022,paraluni_2022__hn007,paraluni_2022,hard_negative_mined,bsc,0,ratio_25,4,13,0.058260869565217394,0.06060606060606061,0.09161068041943089,0.42986208866916265,0.011556564830243587
paraluni_2022,paraluni_2022__hn007,paraluni_2022,hard_negative_mined,bsc,0,k_5,5,13,0.058260869565217394,0.06060606060606061,0.09161068041943089,0.3777517399753677,0.007795786950737238
paraluni_2022,paraluni_2022__hn007,paraluni_2022,hard_negative_mined,bsc,0,ratio_50,7,13,0.058260869565217394,0.06060606060606061,0.09161068041943089,0.07515162729469735,0.0032087943982332945
paraluni_2022,paraluni_2022__hn007,paraluni_2022,hard_negative_mined,bsc,0,ratio_75,10,13,0.058260869565217394,0.2727272727272727,0.07788026083020994,0.042777415121521535,0.008733924478292465
paraluni_2022,paraluni_2022__hn007,paraluni_2022,hard_negative_mined,bsc,0,ratio_100,13,13,0.058260869565217394,0.2727272727272727,0.0790884005682399,0.054677684509734224,0.009607705287635326
paraluni_2022,paraluni_2022__hn008,paraluni_2022,hard_negative_mined,bsc,0,ratio_25,1,3,0.058260869565217394,0.0,0.09161068041943089,0.005,0.001073590014129877
paraluni_2022,paraluni_2022__hn008,paraluni_2022,hard_negative_mined,bsc,0,ratio_50,2,3,0.058260869565217394,0.06060606060606061,0.07932085554341413,0.14237494820538343,0.002384957391768694
paraluni_2022,paraluni_2022__hn008,paraluni_2022,hard_negative_mined,bsc,0,ratio_75,3,3,0.058260869565217394,0.06060606060606061,0.08324017637312138,0.005331600831600832,0.00043517982703633606
paraluni_2022,paraluni_2022__hn009,paraluni_2022,hard_negative_mined,bsc,0,k_2,2,334,0.058260869565217394,0.06060606060606061,0.06855531755787685,0.06421543732904582,0.0012169326655566692
paraluni_2022,paraluni_2022__hn009,paraluni_2022,hard_negative_mined,bsc,0,k_3,3,334,0.058260869565217394,0.06060606060606061,0.06855531755787685,0.05233436522023128,0.001029502716846764
paraluni_2022,paraluni_2022__hn009,paraluni_2022,hard_negative_mined,bsc,0,k_5,5,334,0.058260869565217394,0.06060606060606061,0.06855531755787685,0.0464458021703779,0.00027060401043854654
paraluni_2022,paraluni_2022__hn009,paraluni_2022,hard_negative_mined,bsc,0,k_7,7,334,0.058260869565217394,0.06060606060606061,0.06855531755787685,0.04645899337064856,0.00017985694285016507
paraluni_2022,paraluni_2022__hn009,paraluni_2022,hard_negative_mined,bsc,0,ratio_25,84,334,0.058260869565217394,0.06060606060606061,0.06855531755787685,0.0464430851764255,9.279733058065176e-05
paraluni_2022,paraluni_2022__hn009,paraluni_2022,hard_negative_mined,bsc,0,ratio_50,167,334,0.058260869565217394,0.06060606060606061,0.06855531755787685,0.005028782894736842,6.205878162290901e-05
paraluni_2022,paraluni_2022__hn009,paraluni_2022,hard_negative_mined,bsc,0,ratio_75,251,334,0.058260869565217394,0.06060606060606061,0.06855531755787685,0.0,0.00018736546917352825
paraluni_2022,paraluni_2022__hn009,paraluni_2022,hard_negative_mined,bsc,0,ratio_100,334,334,0.058260869565217394,0.06060606060606061,0.06855531755787685,0.02214416751012146,0.00028575214673765004
paraluni_2022,paraluni_2022__hn010,paraluni_2022,hard_negative_mined,bsc,0,ratio_25,1,1,0.058260869565217394,0.0,0.09161068041943089,0.0,4.7769670345587656e-05
paraluni_2022,paraluni_2022__hn011,paraluni_2022,hard_negative_mined,bsc,0,ratio_25,1,4,0.058260869565217394,0.0,0.09161068041943089,0.005,0.001157109858468175
paraluni_2022,paraluni_2022__hn011,paraluni_2022,hard_negative_mined,bsc,0,ratio_50,2,4,0.058260869565217394,0.06060606060606061,0.09161068041943089,0.3869743730087471,0.054101310670375824
paraluni_2022,paraluni_2022__hn011,paraluni_2022,hard_negative_mined,bsc,0,ratio_75,3,4,0.058260869565217394,0.06060606060606061,0.09161068041943089,0.2708842378199564,0.0009659307543188334
paraluni_2022,paraluni_2022__hn011,paraluni_2022,hard_negative_mined,bsc,0,ratio_100,4,4,0.058260869565217394,0.06060606060606061,0.09161068041943089,0.17511369497361154,0.0010635281214490533
paraluni_2022,paraluni_2022__hn012,paraluni_2022,hard_negative_mined,bsc,0,k_2,2,25,0.058260869565217394,0.07575757575757576,0.09161068041943089,0.5484049248334875,0.06477818638086319
paraluni_2022,paraluni_2022__hn012,paraluni_2022,hard_negative_mined,bsc,0,k_3,3,25,0.058260869565217394,0.09090909090909091,0.09161068041943089,0.5708662008613102,0.002244500210508704
paraluni_2022,paraluni_2022__hn012,paraluni_2022,hard_negative_mined,bsc,0,k_5,5,25,0.058260869565217394,0.09090909090909091,0.09161068041943089,0.5537327124188024,0.0036983692552894354
paraluni_2022,paraluni_2022__hn012,paraluni_2022,hard_negative_mined,bsc,0,ratio_25,7,25,0.058260869565217394,0.09090909090909091,0.09161068041943089,0.5407689406797624,0.003508541267365217
paraluni_2022,paraluni_2022__hn012,paraluni_2022,hard_negative_mined,bsc,0,ratio_50,13,25,0.058260869565217394,0.15151515151515152,0.09161068041943089,0.24492564548345772,0.002335716038942337
paraluni_2022,paraluni_2022__hn012,paraluni_2022,hard_negative_mined,bsc,0,ratio_75,19,25,0.058260869565217394,0.18181818181818182,0.09161068041943089,0.2113582854062039,0.0006034870748408139
paraluni_2022,paraluni_2022__hn012,paraluni_2022,hard_negative_mined,bsc,0,ratio_100,25,25,0.058260869565217394,0.21212121212121213,0.09161068041943089,0.13193591453637205,0.0006644874811172485
paraluni_2022,paraluni_2022__hn013,paraluni_2022,hard_negative_mined,bsc,0,k_2,2,9,0.058260869565217394,0.06060606060606061,0.06855531755787685,0.17658826015992024,0.3472304344177246
paraluni_2022,paraluni_2022__hn013,paraluni_2022,hard_negative_mined,bsc,0,ratio_25,3,9,0.058260869565217394,0.06060606060606061,0.06855531755787685,0.5112363068820123,0.8726697564125061
paraluni_2022,paraluni_2022__hn013,paraluni_2022,hard_negative_mined,bsc,0,ratio_50,5,9,0.058260869565217394,0.06060606060606061,0.06855531755787685,0.5187573438420039,0.9855352640151978
paraluni_2022,paraluni_2022__hn013,paraluni_2022,hard_negative_mined,bsc,0,ratio_75,7,9,0.058260869565217394,0.06060606060606061,0.08113043115446755,0.1614035952430603,0.048048634082078934
paraluni_2022,paraluni_2022__hn013,paraluni_2022,hard_negative_mined,bsc,0,ratio_100,9,9,0.058260869565217394,0.06060606060606061,0.08899489204142047,0.13456398498692862,0.04752374440431595
paraluni_2022,paraluni_2022__hn014,paraluni_2022,hard_negative_mined,bsc,0,k_2,2,219,0.058260869565217394,0.06060606060606061,0.07932085554341413,0.3510877034453561,0.36028531193733215
paraluni_2022,paraluni_2022__hn014,paraluni_2022,hard_negative_mined,bsc,0,k_3,3,219,0.058260869565217394,0.06060606060606061,0.07557086187680453,0.04287396397643004,8.22796137072146e-05
paraluni_2022,paraluni_2022__hn014,paraluni_2022,hard_negative_mined,bsc,0,k_5,5,219,0.058260869565217394,0.06060606060606061,0.07268881353100055,0.03019904137581085,0.0004059621714986861
paraluni_2022,paraluni_2022__hn014,paraluni_2022,hard_negative_mined,bsc,0,k_7,7,219,0.058260869565217394,0.06060606060606061,0.07769332713733505,0.10309856837435832,0.00021769589511677623
paraluni_2022,paraluni_2022__hn014,paraluni_2022,hard_negative_mined,bsc,0,ratio_25,55,219,0.058260869565217394,0.06060606060606061,0.07268881353100055,0.0,0.00023241851886268705
paraluni_2022,paraluni_2022__hn014,paraluni_2022,hard_negative_mined,bsc,0,ratio_50,110,219,0.058260869565217394,0.06060606060606061,0.07059411503782148,0.0,0.0002551584329921752
paraluni_2022,paraluni_2022__hn014,paraluni_2022,hard_negative_mined,bsc,0,ratio_75,165,219,0.058260869565217394,0.06060606060606061,0.06990836598959267,0.0012962962962962963,0.00030514696845784783
paraluni_2022,paraluni_2022__hn014,paraluni_2022,hard_negative_mined,bsc,0,ratio_100,219,219,0.058260869565217394,0.06060606060606061,0.06957246108293005,0.013411680911680912,0.00032975352951325476
paraluni_2022,paraluni_2022__hn015,paraluni_2022,hard_negative_mined,bsc,0,ratio_25,1,1,0.058260869565217394,0.0,0.09161068041943089,0.0,5.0614107749424875e-05
paraluni_2022,paraluni_2022__hn016,paraluni_2022,hard_negative_mined,bsc,0,ratio_25,1,2,0.058260869565217394,0.0,0.09161068041943089,0.0,0.0001441377680748701
paraluni_2022,paraluni_2022__hn016,paraluni_2022,hard_negative_mined,bsc,0,ratio_75,2,2,0.058260869565217394,0.06060606060606061,0.09161068041943089,0.3939390076429899,0.0024527350906282663
paraluni_2022,paraluni_2022__hn017,paraluni_2022,hard_negative_mined,bsc,0,k_2,2,1000,0.058260869565217394,0.06060606060606061,0.06855531755787685,0.058738103424187144,0.0028288376051932573
paraluni_2022,paraluni_2022__hn017,paraluni_2022,hard_negative_mined,bsc,0,k_3,3,1000,0.058260869565217394,0.06060606060606061,0.06855531755787685,0.035989663728607,0.001209969981573522
paraluni_2022,paraluni_2022__hn017,paraluni_2022,hard_negative_mined,bsc,0,k_5,5,1000,0.058260869565217394,0.06060606060606061,0.06855531755787685,0.0733603316983915,0.004666993860155344
paraluni_2022,paraluni_2022__hn017,paraluni_2022,hard_negative_mined,bsc,0,k_7,7,1000,0.058260869565217394,0.06060606060606061,0.06855531755787685,0.06801732311239264,0.0023774902801960707
paraluni_2022,paraluni_2022__hn017,paraluni_2022,hard_negative_mined,bsc,0,ratio_25,250,1000,0.058260869565217394,0.06060606060606061,0.06855531755787685,0.0002631578947368421,0.00013823747576680034
paraluni_2022,paraluni_2022__hn017,paraluni_2022,hard_negative_mined,bsc,0,ratio_50,500,1000,0.058260869565217394,0.06060606060606061,0.06855531755787685,0.0002631578947368421,1.999885353143327e-05
paraluni_2022,paraluni_2022__hn017,paraluni_2022,hard_negative_mined,bsc,0,ratio_75,750,1000,0.058260869565217394,0.06060606060606061,0.06855531755787685,0.011296296296296296,0.0005623378092423081
paraluni_2022,paraluni_2022__hn017,paraluni_2022,hard_negative_mined,bsc,0,ratio_100,1000,1000,0.058260869565217394,0.06060606060606061,0.06855531755787685,0.008411680911680913,0.0007463191286660731
paraluni_2022,paraluni_2022__hn018,paraluni_2022,hard_negative_mined,bsc,0,ratio_25,2,5,0.058260869565217394,0.0,0.06855531755787685,0.16076255290326827,0.04223338142037392
paraluni_2022,paraluni_2022__hn018,paraluni_2022,hard_negative_mined,bsc,0,ratio_50,3,5,0.058260869565217394,0.06060606060606061,0.06855531755787685,0.06453096988267268,0.0022642777767032385
paraluni_2022,paraluni_2022__hn018,paraluni_2022,hard_negative_mined,bsc,0,ratio_75,4,5,0.058260869565217394,0.12121212121212122,0.06855531755787685,0.11494766058883707,0.002185840392485261
paraluni_2022,paraluni_2022__hn018,paraluni_2022,hard_negative_mined,bsc,0,ratio_100,5,5,0.058260869565217394,0.12121212121212122,0.06855531755787685,0.09583001353001354,0.0005561095313169062
paraluni_2022,paraluni_2022__hn019,paraluni_2022,hard_negative_mined,bsc,0,ratio_25,1,2,0.058260869565217394,0.0,0.09161068041943089,0.0,6.62280508549884e-05
paraluni_2022,paraluni_2022__hn019,paraluni_2022,hard_negative_mined,bsc,0,ratio_75,2,2,0.058260869565217394,0.07575757575757576,0.09161068041943089,0.0658752488875642,0.00015838803665246814
paraluni_2022,paraluni_2022__hn020,paraluni_2022,hard_negative_mined,bsc,0,ratio_25,1,1,0.058260869565217394,0.0,0.09161068041943089,0.0,8.858722867444158e-05
paraluni_2022,paraluni_2022__hn021,paraluni_2022,hard_negative_mined,bsc,0,ratio_25,1,1,0.058260869565217394,0.0,0.06855531755787685,0.0,1.7906491848407313e-05
chibi_finance_2023,chibi_finance_2023__hnc000,chibi_finance_2023,hard_negative_mined_v2_complexity,arbitrum,0,ratio_25,1,3,0.05429497568881685,0.030303030303030304,0.017652836239820315,0.0,0.00024627582752145827
chibi_finance_2023,chibi_finance_2023__hnc000,chibi_finance_2023,hard_negative_mined_v2_complexity,arbitrum,0,ratio_50,2,3,0.05429497568881685,0.09090909090909091,0.03263185210371997,0.021999465385925857,5.5757860536687076e-05
chibi_finance_2023,chibi_finance_2023__hnc000,chibi_finance_2023,hard_negative_mined_v2_complexity,arbitrum,0,ratio_75,3,3,0.05429497568881685,0.09090909090909091,0.02661746403846536,0.006027639971651311,5.738956679124385e-05
chibi_finance_2023,chibi_finance_2023__hnc001,chibi_finance_2023,hard_negative_mined_v2_complexity,arbitrum,0,ratio_25,1,2,0.05429497568881685,0.030303030303030304,0.017652836239820315,0.0,7.266803731909022e-05
chibi_finance_2023,chibi_finance_2023__hnc001,chibi_finance_2023,hard_negative_mined_v2_complexity,arbitrum,0,ratio_75,2,2,0.05429497568881685,0.09090909090909091,0.017652836239820315,0.018296919132031797,0.00015757983783259988
chibi_finance_2023,chibi_finance_2023__hnc002,chibi_finance_2023,hard_negative_mined_v2_complexity,arbitrum,0,ratio_25,1,2,0.05429497568881685,0.030303030303030304,0.017652836239820315,0.0,7.266803731909022e-05
chibi_finance_2023,chibi_finance_2023__hnc002,chibi_finance_2023,hard_negative_mined_v2_complexity,arbitrum,0,ratio_75,2,2,0.05429497568881685,0.09090909090909091,0.017652836239820315,0.03811870862306038,9.022281301440671e-05
chibi_finance_2023,chibi_finance_2023__hnc003,chibi_finance_2023,hard_negative_mined_v2_complexity,arbitrum,0,ratio_25,1,1,0.05429497568881685,0.030303030303030304,0.017652836239820315,0.0,5.310975757311098e-05
chibi_finance_2023,chibi_finance_2023__hnc004,chibi_finance_2023,hard_negative_mined_v2_complexity,arbitrum,0,ratio_25,1,3,0.05429497568881685,0.030303030303030304,0.017652836239820315,0.0,0.00024627582752145827
chibi_finance_2023,chibi_finance_2023__hnc004,chibi_finance_2023,hard_negative_mined_v2_complexity,arbitrum,0,ratio_50,2,3,0.05429497568881685,0.09090909090909091,0.017652836239820315,0.05395334297263098,7.564001862192526e-05
chibi_finance_2023,chibi_finance_2023__hnc004,chibi_finance_2023,hard_negative_mined_v2_complexity,arbitrum,0,ratio_75,3,3,0.05429497568881685,0.09090909090909091,0.017652836239820315,0.035042786003466025,0.0001261334982700646
chibi_finance_2023,chibi_finance_2023__hnc005,chibi_finance_2023,hard_negative_mined_v2_complexity,arbitrum,0,ratio_25,1,2,0.05429497568881685,0.030303030303030304,0.017652836239820315,0.0,7.266803731909022e-05
chibi_finance_2023,chibi_finance_2023__hnc005,chibi_finance_2023,hard_negative_mined_v2_complexity,arbitrum,0,ratio_75,2,2,0.05429497568881685,0.09090909090909091,0.03263185210371997,0.0024854838709677416,6.900158041389659e-05
chibi_finance_2023,chibi_finance_2023__hnc006,chibi_finance_2023,hard_negative_mined_v2_complexity,arbitrum,0,ratio_25,1,1,0.05429497568881685,0.030303030303030304,0.017652836239820315,0.0,5.310975757311098e-05
chibi_finance_2023,chibi_finance_2023__hnc007,chibi_finance_2023,hard_negative_mined_v2_complexity,arbitrum,0,ratio_25,1,2,0.05429497568881685,0.030303030303030304,0.017652836239820315,0.0,0.00011205262853763998
chibi_finance_2023,chibi_finance_2023__hnc007,chibi_finance_2023,hard_negative_mined_v2_complexity,arbitrum,0,ratio_75,2,2,0.05429497568881685,0.09090909090909091,0.03263185210371997,0.029473315559499703,5.090982813271694e-05
chibi_finance_2023,chibi_finance_2023__hnc008,chibi_finance_2023,hard_negative_mined_v2_complexity,arbitrum,0,ratio_25,1,2,0.05429497568881685,0.030303030303030304,0.017652836239820315,0.0,7.266803731909022e-05
chibi_finance_2023,chibi_finance_2023__hnc008,chibi_finance_2023,hard_negative_mined_v2_complexity,arbitrum,0,ratio_75,2,2,0.05429497568881685,0.09090909090909091,0.03263185210371997,0.014998740960831498,5.8243702369509265e-05
chibi_finance_2023,chibi_finance_2023__hnc009,chibi_finance_2023,hard_negative_mined_v2_complexity,arbitrum,0,ratio_25,1,1,0.05429497568881685,0.030303030303030304,0.017652836239820315,0.0,5.310975757311098e-05
deltaprime_arbitrum_2024,deltaprime_arbitrum_2024__hnc000,deltaprime_arbitrum_2024,hard_negative_mined_v2_complexity,arbitrum,0,k_2,2,224,0.06179286335944299,0.09090909090909091,0.020106528330673664,0.05199231536830165,0.0003412480291444808
deltaprime_arbitrum_2024,deltaprime_arbitrum_2024__hnc000,deltaprime_arbitrum_2024,hard_negative_mined_v2_complexity,arbitrum,0,k_3,3,224,0.06179286335944299,0.09090909090909091,0.020106528330673664,0.13456089312245118,0.012156471610069275
deltaprime_arbitrum_2024,deltaprime_arbitrum_2024__hnc000,deltaprime_arbitrum_2024,hard_negative_mined_v2_complexity,arbitrum,0,k_5,5,224,0.06179286335944299,0.09090909090909091,0.020106528330673664,0.10786101625112338,0.0035156505182385445
deltaprime_arbitrum_2024,deltaprime_arbitrum_2024__hnc000,deltaprime_arbitrum_2024,hard_negative_mined_v2_complexity,arbitrum,0,k_7,7,224,0.06179286335944299,0.09090909090909091,0.020106528330673664,0.0334364225693243,0.0003746875445358455
deltaprime_arbitrum_2024,deltaprime_arbitrum_2024__hnc000,deltaprime_arbitrum_2024,hard_negative_mined_v2_complexity,arbitrum,0,ratio_25,56,224,0.06179286335944299,0.09090909090909091,0.020106528330673664,0.03533503525572436,0.0005485503352247179
deltaprime_arbitrum_2024,deltaprime_arbitrum_2024__hnc000,deltaprime_arbitrum_2024,hard_negative_mined_v2_complexity,arbitrum,0,ratio_50,112,224,0.06179286335944299,0.09090909090909091,0.020106528330673664,0.006378933159465348,0.0008259234018623829
deltaprime_arbitrum_2024,deltaprime_arbitrum_2024__hnc000,deltaprime_arbitrum_2024,hard_negative_mined_v2_complexity,arbitrum,0,ratio_75,168,224,0.06179286335944299,0.09090909090909091,0.020106528330673664,0.007917394697926886,0.0010035989107564092
deltaprime_arbitrum_2024,deltaprime_arbitrum_2024__hnc000,deltaprime_arbitrum_2024,hard_negative_mined_v2_complexity,arbitrum,0,ratio_100,224,224,0.06179286335944299,0.09090909090909091,0.020106528330673664,0.050191504021949246,0.000605952984187752
deltaprime_arbitrum_2024,deltaprime_arbitrum_2024__hnc001,deltaprime_arbitrum_2024,hard_negative_mined_v2_complexity,arbitrum,0,ratio_25,1,1,0.06179286335944299,0.0,0.07005226170772745,0.0,0.00011430535960244015
deltaprime_arbitrum_2024,deltaprime_arbitrum_2024__hnc002,deltaprime_arbitrum_2024,hard_negative_mined_v2_complexity,arbitrum,0,ratio_25,1,1,0.06179286335944299,0.0,0.07005226170772745,0.0,7.76322849560529e-05
deltaprime_arbitrum_2024,deltaprime_arbitrum_2024__hnc003,deltaprime_arbitrum_2024,hard_negative_mined_v2_complexity,arbitrum,0,ratio_25,1,1,0.06179286335944299,0.0,0.07897714315479286,0.0,0.00015174482541624457
deltaprime_arbitrum_2024,deltaprime_arbitrum_2024__hnc004,deltaprime_arbitrum_2024,hard_negative_mined_v2_complexity,arbitrum,0,ratio_25,1,1,0.06179286335944299,0.030303030303030304,0.020106528330673664,0.0,0.00010032646241597831
deltaprime_arbitrum_2024,deltaprime_arbitrum_2024__hnc007,deltaprime_arbitrum_2024,hard_negative_mined_v2_complexity,arbitrum,0,ratio_25,1,3,0.06179286335944299,0.0,0.07897714315479286,0.0,0.00016097503248602152
deltaprime_arbitrum_2024,deltaprime_arbitrum_2024__hnc007,deltaprime_arbitrum_2024,hard_negative_mined_v2_complexity,arbitrum,0,ratio_50,2,3,0.06179286335944299,0.07575757575757576,0.07439171147325971,0.06046445139133059,0.003704242641106248
deltaprime_arbitrum_2024,deltaprime_arbitrum_2024__hnc007,deltaprime_arbitrum_2024,hard_negative_mined_v2_complexity,arbitrum,0,ratio_75,3,3,0.06179286335944299,0.07575757575757576,0.07291843853121298,0.13635515510607754,0.003997458145022392
deltaprime_arbitrum_2024,deltaprime_arbitrum_2024__hnc008,deltaprime_arbitrum_2024,hard_negative_mined_v2_complexity,arbitrum,0,ratio_25,1,3,0.06179286335944299,0.0,0.07897714315479286,0.0,0.00016097503248602152
deltaprime_arbitrum_2024,deltaprime_arbitrum_2024__hnc008,deltaprime_arbitrum_2024,hard_negative_mined_v2_complexity,arbitrum,0,ratio_50,2,3,0.06179286335944299,0.07575757575757576,0.07439171147325971,0.06046445139133059,0.003704242641106248
deltaprime_arbitrum_2024,deltaprime_arbitrum_2024__hnc008,deltaprime_arbitrum_2024,hard_negative_mined_v2_complexity,arbitrum,0,ratio_75,3,3,0.06179286335944299,0.07575757575757576,0.07291843853121298,0.13187896462988707,0.003997458145022392
deltaprime_arbitrum_2024,deltaprime_arbitrum_2024__hnc009,deltaprime_arbitrum_2024,hard_negative_mined_v2_complexity,arbitrum,0,ratio_25,1,1,0.06179286335944299,0.0,0.07897714315479286,0.01,0.00015174482541624457
feg_bridge_2024,feg_bridge_2024__hnc000,feg_bridge_2024,hard_negative_mined_v2_complexity,eth,0,ratio_25,1,2,0.05582137161084529,0.0,0.11864898098070115,0.0,2.3191856598714367e-05
feg_bridge_2024,feg_bridge_2024__hnc000,feg_bridge_2024,hard_negative_mined_v2_complexity,eth,0,ratio_75,2,2,0.05582137161084529,0.06060606060606061,0.09182671327696873,0.0475,0.0006554857245646417
feg_bridge_2024,feg_bridge_2024__hnc001,feg_bridge_2024,hard_negative_mined_v2_complexity,eth,0,ratio_25,1,1,0.05582137161084529,0.0,0.11864898098070115,0.0,7.30239389667986e-06
feg_bridge_2024,feg_bridge_2024__hnc002,feg_bridge_2024,hard_negative_mined_v2_complexity,eth,0,ratio_25,1,1,0.05582137161084529,0.0,0.11864898098070115,0.0,7.30239389667986e-06
feg_bridge_2024,feg_bridge_2024__hnc003,feg_bridge_2024,hard_negative_mined_v2_complexity,eth,0,ratio_25,1,1,0.05582137161084529,0.0,0.11864898098070115,0.0,7.30239389667986e-06
feg_bridge_2024,feg_bridge_2024__hnc004,feg_bridge_2024,hard_negative_mined_v2_complexity,eth,0,ratio_25,1,1,0.05582137161084529,0.0,0.11864898098070115,0.0,7.30239389667986e-06
feg_bridge_2024,feg_bridge_2024__hnc005,feg_bridge_2024,hard_negative_mined_v2_complexity,eth,0,ratio_25,1,1,0.05582137161084529,0.0,0.11864898098070115,0.0,7.30239389667986e-06
feg_bridge_2024,feg_bridge_2024__hnc006,feg_bridge_2024,hard_negative_mined_v2_complexity,eth,0,ratio_25,1,1,0.05582137161084529,0.0,0.11864898098070115,0.0,4.677148535847664e-05
feg_bridge_2024,feg_bridge_2024__hnc007,feg_bridge_2024,hard_negative_mined_v2_complexity,eth,0,ratio_25,1,1,0.05582137161084529,0.0,0.11864898098070115,0.0,7.30239389667986e-06
feg_bridge_2024,feg_bridge_2024__hnc008,feg_bridge_2024,hard_negative_mined_v2_complexity,eth,0,ratio_25,1,2,0.05582137161084529,0.0,0.11864898098070115,0.0,2.3191856598714367e-05
feg_bridge_2024,feg_bridge_2024__hnc008,feg_bridge_2024,hard_negative_mined_v2_complexity,eth,0,ratio_75,2,2,0.05582137161084529,0.06060606060606061,0.09182671327696873,0.028897305669777582,0.00014510555774904788
feg_bridge_2024,feg_bridge_2024__hnc009,feg_bridge_2024,hard_negative_mined_v2_complexity,eth,0,ratio_25,1,1,0.05582137161084529,0.0,0.11864898098070115,0.0,7.30239389667986e-06
ronin_bridge_2022,ronin_bridge_2022__hnc000,ronin_bridge_2022,hard_negative_mined_v2_complexity,eth,0,ratio_25,1,2,0.05668358714043993,0.0,0.06380843838357166,0.004329896907216495,4.8225185310002416e-05
ronin_bridge_2022,ronin_bridge_2022__hnc000,ronin_bridge_2022,hard_negative_mined_v2_complexity,eth,0,ratio_75,2,2,0.05668358714043993,0.07575757575757576,0.06380843838357166,0.06110257337633882,0.0032908108551055193
ronin_bridge_2022,ronin_bridge_2022__hnc001,ronin_bridge_2022,hard_negative_mined_v2_complexity,eth,0,ratio_25,1,1,0.05668358714043993,0.0,0.06380843838357166,0.0,3.798983379965648e-05
ronin_bridge_2022,ronin_bridge_2022__hnc003,ronin_bridge_2022,hard_negative_mined_v2_complexity,eth,0,ratio_25,1,2,0.05668358714043993,0.030303030303030304,0.02034339200047519,0.0,5.642787800752558e-05
ronin_bridge_2022,ronin_bridge_2022__hnc003,ronin_bridge_2022,hard_negative_mined_v2_complexity,eth,0,ratio_75,2,2,0.05668358714043993,0.09090909090909091,0.02034339200047519,0.027630193703952415,0.0005996092804707587
ronin_bridge_2022,ronin_bridge_2022__hnc004,ronin_bridge_2022,hard_negative_mined_v2_complexity,eth,0,ratio_25,1,1,0.05668358714043993,0.030303030303030304,0.02034339200047519,0.0,5.043338387622498e-05
ronin_bridge_2022,ronin_bridge_2022__hnc005,ronin_bridge_2022,hard_negative_mined_v2_complexity,eth,0,ratio_25,1,2,0.05668358714043993,0.030303030303030304,0.02034339200047519,0.0,5.642787800752558e-05
ronin_bridge_2022,ronin_bridge_2022__hnc005,ronin_bridge_2022,hard_negative_mined_v2_complexity,eth,0,ratio_75,2,2,0.05668358714043993,0.09090909090909091,0.02034339200047519,0.025013612937183228,0.0007551760063506663
ronin_bridge_2022,ronin_bridge_2022__hnc006,ronin_bridge_2022,hard_negative_mined_v2_complexity,eth,0,ratio_25,1,3,0.05668358714043993,0.030303030303030304,0.02034339200047519,0.0,0.0001963265531230718
ronin_bridge_2022,ronin_bridge_2022__hnc006,ronin_bridge_2022,hard_negative_mined_v2_complexity,eth,0,ratio_50,2,3,0.05668358714043993,0.09090909090909091,0.02034339200047519,0.04350517222922599,0.0005450010066851974
ronin_bridge_2022,ronin_bridge_2022__hnc006,ronin_bridge_2022,hard_negative_mined_v2_complexity,eth,0,ratio_75,3,3,0.05668358714043993,0.09090909090909091,0.02034339200047519,0.021431363720508276,0.0004102980310562998
ronin_bridge_2022,ronin_bridge_2022__hnc007,ronin_bridge_2022,hard_negative_mined_v2_complexity,eth,0,ratio_25,1,1,0.05668358714043993,0.0,0.06380843838357166,0.0,0.000879357336089015
ronin_bridge_2022,ronin_bridge_2022__hnc008,ronin_bridge_2022,hard_negative_mined_v2_complexity,eth,0,ratio_25,1,1,0.05668358714043993,0.030303030303030304,0.02034339200047519,0.0,9.753080666996539e-05
ronin_bridge_2022,ronin_bridge_2022__hnc009,ronin_bridge_2022,hard_negative_mined_v2_complexity,eth,0,ratio_25,1,2,0.05668358714043993,0.030303030303030304,0.02034339200047519,0.0,7.983926479937509e-05
ronin_bridge_2022,ronin_bridge_2022__hnc009,ronin_bridge_2022,hard_negative_mined_v2_complexity,eth,0,ratio_75,2,2,0.05668358714043993,0.09090909090909091,0.02034339200047519,0.036051346004111716,0.00023588670592289418
wooppv2_2024,wooppv2_2024__hnc000,wooppv2_2024,hard_negative_mined_v2_complexity,arbitrum,0,ratio_25,1,1,0.05693664795509222,0.030303030303030304,0.017276816454879707,0.0,3.672226739581674e-05
wooppv2_2024,wooppv2_2024__hnc001,wooppv2_2024,hard_negative_mined_v2_complexity,arbitrum,0,ratio_25,1,1,0.05693664795509222,0.030303030303030304,0.017276816454879707,0.0,1.6114448953885585e-05
wooppv2_2024,wooppv2_2024__hnc002,wooppv2_2024,hard_negative_mined_v2_complexity,arbitrum,0,ratio_25,1,2,0.05693664795509222,0.030303030303030304,0.017276816454879707,0.0,2.5308960175607353e-05
wooppv2_2024,wooppv2_2024__hnc002,wooppv2_2024,hard_negative_mined_v2_complexity,arbitrum,0,ratio_75,2,2,0.05693664795509222,0.09090909090909091,0.03557001430826953,0.013214777400690872,1.1111557796539273e-05
wooppv2_2024,wooppv2_2024__hnc003,wooppv2_2024,hard_negative_mined_v2_complexity,arbitrum,0,ratio_25,2,6,0.05693664795509222,0.09090909090909091,0.017276816454879707,0.06825056664193178,0.0004103954415768385
wooppv2_2024,wooppv2_2024__hnc003,wooppv2_2024,hard_negative_mined_v2_complexity,arbitrum,0,ratio_50,3,6,0.05693664795509222,0.09090909090909091,0.017276816454879707,0.02701693001078146,8.439894008915871e-05
wooppv2_2024,wooppv2_2024__hnc003,wooppv2_2024,hard_negative_mined_v2_complexity,arbitrum,0,ratio_75,5,6,0.05693664795509222,0.09090909090909091,0.017276816454879707,0.025499350609056212,5.533826697501354e-05
wooppv2_2024,wooppv2_2024__hnc003,wooppv2_2024,hard_negative_mined_v2_complexity,arbitrum,0,ratio_100,6,6,0.05693664795509222,0.09090909090909091,0.02201035497136508,0.019012498198411668,0.0003165998787153512
wooppv2_2024,wooppv2_2024__hnc004,wooppv2_2024,hard_negative_mined_v2_complexity,arbitrum,0,ratio_25,1,1,0.05693664795509222,0.030303030303030304,0.017276816454879707,0.0,3.672226739581674e-05
wooppv2_2024,wooppv2_2024__hnc005,wooppv2_2024,hard_negative_mined_v2_complexity,arbitrum,0,ratio_25,1,1,0.05693664795509222,0.030303030303030304,0.017276816454879707,0.0,0.00014278186426963657
wooppv2_2024,wooppv2_2024__hnc006,wooppv2_2024,hard_negative_mined_v2_complexity,arbitrum,0,ratio_25,1,1,0.05693664795509222,0.030303030303030304,0.017276816454879707,0.0,1.6114448953885585e-05
wooppv2_2024,wooppv2_2024__hnc007,wooppv2_2024,hard_negative_mined_v2_complexity,arbitrum,0,ratio_25,1,3,0.05693664795509222,0.030303030303030304,0.017276816454879707,0.000783132530120482,9.474985563429072e-05
wooppv2_2024,wooppv2_2024__hnc007,wooppv2_2024,hard_negative_mined_v2_complexity,arbitrum,0,ratio_50,2,3,0.05693664795509222,0.09090909090909091,0.017276816454879707,0.027793511805628737,4.457246541278437e-05
wooppv2_2024,wooppv2_2024__hnc007,wooppv2_2024,hard_negative_mined_v2_complexity,arbitrum,0,ratio_75,3,3,0.05693664795509222,0.09090909090909091,0.02800384151455425,0.01680736999328346,2.1914289391133934e-05
wooppv2_2024,wooppv2_2024__hnc008,wooppv2_2024,hard_negative_mined_v2_complexity,arbitrum,0,ratio_25,1,1,0.05693664795509222,0.030303030303030304,0.017276816454879707,0.0,1.6114448953885585e-05
wooppv2_2024,wooppv2_2024__hnc009,wooppv2_2024,hard_negative_mined_v2_complexity,arbitrum,0,ratio_25,1,1,0.05693664795509222,0.030303030303030304,0.017276816454879707,0.0,1.6114448953885585e-05
xkingdom_2024,xkingdom_2024__hnc000,xkingdom_2024,hard_negative_mined_v2_complexity,arbitrum,0,ratio_25,1,2,0.05501618122977346,0.030303030303030304,0.013838245810889547,0.0,3.890835796482861e-05
xkingdom_2024,xkingdom_2024__hnc000,xkingdom_2024,hard_negative_mined_v2_complexity,arbitrum,0,ratio_75,2,2,0.05501618122977346,0.09090909090909091,0.03133939103882301,0.009137811893022561,4.729093416244723e-05
xkingdom_2024,xkingdom_2024__hnc001,xkingdom_2024,hard_negative_mined_v2_complexity,arbitrum,0,ratio_25,1,3,0.05501618122977346,0.030303030303030304,0.013838245810889547,0.0016666666666666666,0.00010909303091466427
xkingdom_2024,xkingdom_2024__hnc001,xkingdom_2024,hard_negative_mined_v2_complexity,arbitrum,0,ratio_50,2,3,0.05501618122977346,0.09090909090909091,0.03133939103882301,0.03848173174454717,4.956461634719744e-05
xkingdom_2024,xkingdom_2024__hnc001,xkingdom_2024,hard_negative_mined_v2_complexity,arbitrum,0,ratio_75,3,3,0.05501618122977346,0.09090909090909091,0.04098934900546669,0.0803343137254902,8.808811980998144e-05
xkingdom_2024,xkingdom_2024__hnc002,xkingdom_2024,hard_negative_mined_v2_complexity,arbitrum,0,ratio_25,1,2,0.05501618122977346,0.030303030303030304,0.013838245810889547,0.0,3.890835796482861e-05
xkingdom_2024,xkingdom_2024__hnc002,xkingdom_2024,hard_negative_mined_v2_complexity,arbitrum,0,ratio_75,2,2,0.05501618122977346,0.09090909090909091,0.03133939103882301,0.009137811893022561,4.729093416244723e-05
xkingdom_2024,xkingdom_2024__hnc003,xkingdom_2024,hard_negative_mined_v2_complexity,arbitrum,0,ratio_25,1,3,0.05501618122977346,0.030303030303030304,0.013838245810889547,0.0016666666666666666,0.00010909303091466427
xkingdom_2024,xkingdom_2024__hnc003,xkingdom_2024,hard_negative_mined_v2_complexity,arbitrum,0,ratio_50,2,3,0.05501618122977346,0.09090909090909091,0.03133939103882301,0.03848173174454717,4.956461634719744e-05
xkingdom_2024,xkingdom_2024__hnc003,xkingdom_2024,hard_negative_mined_v2_complexity,arbitrum,0,ratio_75,3,3,0.05501618122977346,0.09090909090909091,0.04098934900546669,0.0803343137254902,8.808811980998144e-05
xkingdom_2024,xkingdom_2024__hnc004,xkingdom_2024,hard_negative_mined_v2_complexity,arbitrum,0,ratio_25,1,1,0.05501618122977346,0.030303030303030304,0.013838245810889547,0.0,3.9846014260547236e-05
xkingdom_2024,xkingdom_2024__hnc005,xkingdom_2024,hard_negative_mined_v2_complexity,arbitrum,0,ratio_25,1,2,0.05501618122977346,0.030303030303030304,0.013838245810889547,0.0,3.890835796482861e-05
xkingdom_2024,xkingdom_2024__hnc005,xkingdom_2024,hard_negative_mined_v2_complexity,arbitrum,0,ratio_75,2,2,0.05501618122977346,0.09090909090909091,0.03133939103882301,0.009137811893022561,4.729093416244723e-05
xkingdom_2024,xkingdom_2024__hnc006,xkingdom_2024,hard_negative_mined_v2_complexity,arbitrum,0,ratio_25,1,2,0.05501618122977346,0.030303030303030304,0.013838245810889547,0.0,5.473852434079163e-05
xkingdom_2024,xkingdom_2024__hnc006,xkingdom_2024,hard_negative_mined_v2_complexity,arbitrum,0,ratio_75,2,2,0.05501618122977346,0.09090909090909091,0.03133939103882301,0.034953373441343666,4.429711771081202e-05
xkingdom_2024,xkingdom_2024__hnc007,xkingdom_2024,hard_negative_mined_v2_complexity,arbitrum,0,ratio_25,1,2,0.05501618122977346,0.030303030303030304,0.013838245810889547,0.0,5.473852434079163e-05
xkingdom_2024,xkingdom_2024__hnc007,xkingdom_2024,hard_negative_mined_v2_complexity,arbitrum,0,ratio_75,2,2,0.05501618122977346,0.09090909090909091,0.03133939103882301,0.034953373441343666,4.429711771081202e-05
xkingdom_2024,xkingdom_2024__hnc008,xkingdom_2024,hard_negative_mined_v2_complexity,arbitrum,0,ratio_25,1,2,0.05501618122977346,0.030303030303030304,0.013838245810889547,0.0,5.473852434079163e-05
xkingdom_2024,xkingdom_2024__hnc008,xkingdom_2024,hard_negative_mined_v2_complexity,arbitrum,0,ratio_75,2,2,0.05501618122977346,0.09090909090909091,0.03133939103882301,0.034953373441343666,4.429711771081202e-05
xkingdom_2024,xkingdom_2024__hnc009,xkingdom_2024,hard_negative_mined_v2_complexity,arbitrum,0,ratio_25,1,2,0.05501618122977346,0.030303030303030304,0.013838245810889547,0.0,5.473852434079163e-05
xkingdom_2024,xkingdom_2024__hnc009,xkingdom_2024,hard_negative_mined_v2_complexity,arbitrum,0,ratio_75,2,2,0.05501618122977346,0.09090909090909091,0.03133939103882301,0.034953373441343666,4.429711771081202e-05
bsc_token_hub_2022,bsc_token_hub_2022__hnc000,bsc_token_hub_2022,hard_negative_mined_v2_complexity,bsc,0,ratio_25,1,1,0.059082892416225746,0.0,0.07603436394550418,0.0,0.00020378710178192705
bsc_token_hub_2022,bsc_token_hub_2022__hnc001,bsc_token_hub_2022,hard_negative_mined_v2_complexity,bsc,0,ratio_25,1,3,0.059082892416225746,0.0,0.07841404512717061,0.0,0.000126215789350681
bsc_token_hub_2022,bsc_token_hub_2022__hnc001,bsc_token_hub_2022,hard_negative_mined_v2_complexity,bsc,0,ratio_50,2,3,0.059082892416225746,0.06060606060606061,0.07841404512717061,0.05077779679284586,0.0028094423469156027
bsc_token_hub_2022,bsc_token_hub_2022__hnc001,bsc_token_hub_2022,hard_negative_mined_v2_complexity,bsc,0,ratio_75,3,3,0.059082892416225746,0.06060606060606061,0.07841404512717061,0.023094384707287932,0.0001355930435238406
bsc_token_hub_2022,bsc_token_hub_2022__hnc002,bsc_token_hub_2022,hard_negative_mined_v2_complexity,bsc,0,ratio_25,1,2,0.059082892416225746,0.0,0.07841404512717061,0.0,0.00026377016911283135
bsc_token_hub_2022,bsc_token_hub_2022__hnc002,bsc_token_hub_2022,hard_negative_mined_v2_complexity,bsc,0,ratio_75,2,2,0.059082892416225746,0.06060606060606061,0.07841404512717061,0.21819521404599165,0.0006301542744040489
bsc_token_hub_2022,bsc_token_hub_2022__hnc003,bsc_token_hub_2022,hard_negative_mined_v2_complexity,bsc,0,ratio_25,1,2,0.059082892416225746,0.0,0.07603436394550418,0.0,0.00020746071822941303
bsc_token_hub_2022,bsc_token_hub_2022__hnc003,bsc_token_hub_2022,hard_negative_mined_v2_complexity,bsc,0,ratio_75,2,2,0.059082892416225746,0.06060606060606061,0.07603436394550418,0.22025644295037833,0.046476736664772034
bsc_token_hub_2022,bsc_token_hub_2022__hnc004,bsc_token_hub_2022,hard_negative_mined_v2_complexity,bsc,0,ratio_25,1,1,0.059082892416225746,0.0,0.07841404512717061,0.0,2.895547731895931e-05
bsc_token_hub_2022,bsc_token_hub_2022__hnc005,bsc_token_hub_2022,hard_negative_mined_v2_complexity,bsc,0,ratio_25,1,1,0.059082892416225746,0.0,0.07603436394550418,0.0,0.0001251700596185401
bsc_token_hub_2022,bsc_token_hub_2022__hnc006,bsc_token_hub_2022,hard_negative_mined_v2_complexity,bsc,0,k_2,2,37,0.059082892416225746,0.06060606060606061,0.07841404512717061,0.12520211507925505,0.006026479881256819
bsc_token_hub_2022,bsc_token_hub_2022__hnc006,bsc_token_hub_2022,hard_negative_mined_v2_complexity,bsc,0,k_3,3,37,0.059082892416225746,0.06060606060606061,0.07841404512717061,0.08106164300444281,0.0042015076614916325
bsc_token_hub_2022,bsc_token_hub_2022__hnc006,bsc_token_hub_2022,hard_negative_mined_v2_complexity,bsc,0,k_5,5,37,0.059082892416225746,0.06060606060606061,0.07841404512717061,0.02137253128860717,0.002281289780512452
bsc_token_hub_2022,bsc_token_hub_2022__hnc006,bsc_token_hub_2022,hard_negative_mined_v2_complexity,bsc,0,k_7,7,37,0.059082892416225746,0.06060606060606061,0.07841404512717061,0.02258801211564118,0.0006345489528030157
bsc_token_hub_2022,bsc_token_hub_2022__hnc006,bsc_token_hub_2022,hard_negative_mined_v2_complexity,bsc,0,ratio_25,10,37,0.059082892416225746,0.06060606060606061,0.07841404512717061,0.0013810741687979538,0.0007602202822454274
bsc_token_hub_2022,bsc_token_hub_2022__hnc006,bsc_token_hub_2022,hard_negative_mined_v2_complexity,bsc,0,ratio_50,19,37,0.059082892416225746,0.09090909090909091,0.07841404512717061,0.03890068702306097,0.003873672103509307
bsc_token_hub_2022,bsc_token_hub_2022__hnc006,bsc_token_hub_2022,hard_negative_mined_v2_complexity,bsc,0,ratio_75,28,37,0.059082892416225746,0.15151515151515152,0.07841404512717061,0.027908653846153847,0.0010511475848034024
bsc_token_hub_2022,bsc_token_hub_2022__hnc006,bsc_token_hub_2022,hard_negative_mined_v2_complexity,bsc,0,ratio_100,37,37,0.059082892416225746,0.24242424242424243,0.07841404512717061,0.025808823529411766,0.0016456876182928681
bsc_token_hub_2022,bsc_token_hub_2022__hnc007,bsc_token_hub_2022,hard_negative_mined_v2_complexity,bsc,0,ratio_25,1,2,0.059082892416225746,0.0,0.07603436394550418,0.013885658914728682,0.00046645753900520504
bsc_token_hub_2022,bsc_token_hub_2022__hnc007,bsc_token_hub_2022,hard_negative_mined_v2_complexity,bsc,0,ratio_75,2,2,0.059082892416225746,0.06060606060606061,0.07603436394550418,0.43593395592343553,0.010248529724776745
bsc_token_hub_2022,bsc_token_hub_2022__hnc008,bsc_token_hub_2022,hard_negative_mined_v2_complexity,bsc,0,ratio_25,1,2,0.059082892416225746,0.0,0.07841404512717061,0.0,3.4842461900552735e-05
bsc_token_hub_2022,bsc_token_hub_2022__hnc008,bsc_token_hub_2022,hard_negative_mined_v2_complexity,bsc,0,ratio_75,2,2,0.059082892416225746,0.06060606060606061,0.07841404512717061,0.028510248769114014,5.2336148655740544e-05
bsc_token_hub_2022,bsc_token_hub_2022__hnc009,bsc_token_hub_2022,hard_negative_mined_v2_complexity,bsc,0,ratio_25,1,4,0.059082892416225746,0.0,0.07603436394550418,0.012552325581395346,0.0007326335762627423
bsc_token_hub_2022,bsc_token_hub_2022__hnc009,bsc_token_hub_2022,hard_negative_mined_v2_complexity,bsc,0,ratio_50,2,4,0.059082892416225746,0.07575757575757576,0.07603436394550418,0.08504055958389653,0.0196625217795372
bsc_token_hub_2022,bsc_token_hub_2022__hnc009,bsc_token_hub_2022,hard_negative_mined_v2_complexity,bsc,0,ratio_75,3,4,0.059082892416225746,0.09090909090909091,0.07603436394550418,0.049161549453520255,0.002155172871425748
bsc_token_hub_2022,bsc_token_hub_2022__hnc009,bsc_token_hub_2022,hard_negative_mined_v2_complexity,bsc,0,ratio_100,4,4,0.059082892416225746,0.09090909090909091,0.07603436394550418,0.029161549453520258,0.001327798468992114
utopiasphere_2024,utopiasphere_2024__hnc000,utopiasphere_2024,hard_negative_mined_v2_complexity,bsc,0,ratio_25,1,3,0.05506072874493927,0.030303030303030304,0.013625259318262677,0.00875,0.0013795425184071064
utopiasphere_2024,utopiasphere_2024__hnc000,utopiasphere_2024,hard_negative_mined_v2_complexity,bsc,0,ratio_50,2,3,0.05506072874493927,0.10606060606060606,0.013625259318262677,0.026239737274220035,0.0029563745483756065
utopiasphere_2024,utopiasphere_2024__hnc000,utopiasphere_2024,hard_negative_mined_v2_complexity,bsc,0,ratio_75,3,3,0.05506072874493927,0.30303030303030304,0.024026804083539605,0.02782967032967033,0.0015057055279612541
utopiasphere_2024,utopiasphere_2024__hnc001,utopiasphere_2024,hard_negative_mined_v2_complexity,bsc,0,ratio_25,2,5,0.05506072874493927,0.10606060606060606,0.013625259318262677,0.134041213699113,0.00010601974645396695
utopiasphere_2024,utopiasphere_2024__hnc001,utopiasphere_2024,hard_negative_mined_v2_complexity,bsc,0,ratio_50,3,5,0.05506072874493927,0.12121212121212122,0.023012727205684206,0.05994547924712698,0.00013397433212958276
utopiasphere_2024,utopiasphere_2024__hnc001,utopiasphere_2024,hard_negative_mined_v2_complexity,bsc,0,ratio_75,4,5,0.05506072874493927,0.12121212121212122,0.029840793469098216,0.313204622538222,0.060558974742889404
utopiasphere_2024,utopiasphere_2024__hnc001,utopiasphere_2024,hard_negative_mined_v2_complexity,bsc,0,ratio_100,5,5,0.05506072874493927,0.13636363636363635,0.025538715040240266,0.13540117802084517,0.00013023991778027266
utopiasphere_2024,utopiasphere_2024__hnc002,utopiasphere_2024,hard_negative_mined_v2_complexity,bsc,0,ratio_25,1,2,0.05506072874493927,0.030303030303030304,0.013625259318262677,0.0,3.135307997581549e-05
utopiasphere_2024,utopiasphere_2024__hnc002,utopiasphere_2024,hard_negative_mined_v2_complexity,bsc,0,ratio_75,2,2,0.05506072874493927,0.10606060606060606,0.013625259318262677,0.04988601913281963,4.064365566591732e-05
utopiasphere_2024,utopiasphere_2024__hnc003,utopiasphere_2024,hard_negative_mined_v2_complexity,bsc,0,ratio_25,1,2,0.05506072874493927,0.030303030303030304,0.013625259318262677,0.0,3.135307997581549e-05
utopiasphere_2024,utopiasphere_2024__hnc003,utopiasphere_2024,hard_negative_mined_v2_complexity,bsc,0,ratio_75,2,2,0.05506072874493927,0.10606060606060606,0.013625259318262677,0.04988601913281963,4.064365566591732e-05
utopiasphere_2024,utopiasphere_2024__hnc004,utopiasphere_2024,hard_negative_mined_v2_complexity,bsc,0,ratio_25,1,2,0.05506072874493927,0.030303030303030304,0.013625259318262677,0.0,3.135307997581549e-05
utopiasphere_2024,utopiasphere_2024__hnc004,utopiasphere_2024,hard_negative_mined_v2_complexity,bsc,0,ratio_75,2,2,0.05506072874493927,0.10606060606060606,0.013625259318262677,0.0465526857994863,4.064365566591732e-05
utopiasphere_2024,utopiasphere_2024__hnc005,utopiasphere_2024,hard_negative_mined_v2_complexity,bsc,0,ratio_25,1,1,0.05506072874493927,0.0,0.06410045562666511,0.0,1.1957511560467537e-05
utopiasphere_2024,utopiasphere_2024__hnc006,utopiasphere_2024,hard_negative_mined_v2_complexity,bsc,0,ratio_25,1,1,0.05506072874493927,0.030303030303030304,0.013625259318262677,0.0,5.918314491282217e-05
utopiasphere_2024,utopiasphere_2024__hnc007,utopiasphere_2024,hard_negative_mined_v2_complexity,bsc,0,ratio_25,1,1,0.05506072874493927,0.030303030303030304,0.013625259318262677,0.0,3.4215947380289435e-05
utopiasphere_2024,utopiasphere_2024__hnc008,utopiasphere_2024,hard_negative_mined_v2_complexity,bsc,0,ratio_25,1,1,0.05506072874493927,0.0,0.06410045562666511,0.0,1.1957511560467537e-05
utopiasphere_2024,utopiasphere_2024__hnc009,utopiasphere_2024,hard_negative_mined_v2_complexity,bsc,0,ratio_25,1,1,0.05506072874493927,0.030303030303030304,0.013625259318262677,0.0,5.918314491282217e-05
qbridge_qubit_2022,qbridge_qubit_2022__hnc000,qbridge_qubit_2022,hard_negative_mined_v2_complexity,bsc,0,k_2,2,434,0.06209453197405004,0.08,0.08020096186478894,0.06054451882782445,0.0004005362279713154
qbridge_qubit_2022,qbridge_qubit_2022__hnc000,qbridge_qubit_2022,hard_negative_mined_v2_complexity,bsc,0,k_3,3,434,0.06209453197405004,0.08,0.08020096186478894,0.04905995669271277,0.0001573019690113142
qbridge_qubit_2022,qbridge_qubit_2022__hnc000,qbridge_qubit_2022,hard_negative_mined_v2_complexity,bsc,0,k_5,5,434,0.06209453197405004,0.08,0.08020096186478894,0.013911232566956174,0.00021335124620236456
qbridge_qubit_2022,qbridge_qubit_2022__hnc000,qbridge_qubit_2022,hard_negative_mined_v2_complexity,bsc,0,k_7,7,434,0.06209453197405004,0.08,0.08020096186478894,0.016996338949934898,0.0005398535868152976
qbridge_qubit_2022,qbridge_qubit_2022__hnc000,qbridge_qubit_2022,hard_negative_mined_v2_complexity,bsc,0,ratio_25,109,434,0.06209453197405004,0.08,0.08020096186478894,0.045505739991760163,0.001669603050686419
qbridge_qubit_2022,qbridge_qubit_2022__hnc000,qbridge_qubit_2022,hard_negative_mined_v2_complexity,bsc,0,ratio_50,217,434,0.06209453197405004,0.08,0.08020096186478894,0.009066331011793896,0.00011412315507186577
qbridge_qubit_2022,qbridge_qubit_2022__hnc000,qbridge_qubit_2022,hard_negative_mined_v2_complexity,bsc,0,ratio_75,326,434,0.06209453197405004,0.08,0.08020096186478894,0.005543813477648454,4.537142376648262e-05
qbridge_qubit_2022,qbridge_qubit_2022__hnc000,qbridge_qubit_2022,hard_negative_mined_v2_complexity,bsc,0,ratio_100,434,434,0.06209453197405004,0.08,0.08020096186478894,0.007217282865403556,8.801893272902817e-05
qbridge_qubit_2022,qbridge_qubit_2022__hnc001,qbridge_qubit_2022,hard_negative_mined_v2_complexity,bsc,0,k_2,2,647,0.06209453197405004,0.08,0.08020096186478894,0.0086770410216104,0.0003003184392582625
qbridge_qubit_2022,qbridge_qubit_2022__hnc001,qbridge_qubit_2022,hard_negative_mined_v2_complexity,bsc,0,k_3,3,647,0.06209453197405004,0.08,0.08020096186478894,0.009602966947536325,0.000455749046523124
qbridge_qubit_2022,qbridge_qubit_2022__hnc001,qbridge_qubit_2022,hard_negative_mined_v2_complexity,bsc,0,k_5,5,647,0.06209453197405004,0.08,0.08020096186478894,0.016357956990091956,0.000276726670563221
qbridge_qubit_2022,qbridge_qubit_2022__hnc001,qbridge_qubit_2022,hard_negative_mined_v2_complexity,bsc,0,k_7,7,647,0.06209453197405004,0.08,0.08020096186478894,0.057697512044055974,0.0003942019247915596
qbridge_qubit_2022,qbridge_qubit_2022__hnc001,qbridge_qubit_2022,hard_negative_mined_v2_complexity,bsc,0,ratio_25,162,647,0.06209453197405004,0.08,0.08020096186478894,0.14625376272911125,0.00038933841278776526
qbridge_qubit_2022,qbridge_qubit_2022__hnc001,qbridge_qubit_2022,hard_negative_mined_v2_complexity,bsc,0,ratio_50,324,647,0.06209453197405004,0.08,0.08020096186478894,0.08225225740200909,8.288148819701746e-05
qbridge_qubit_2022,qbridge_qubit_2022__hnc001,qbridge_qubit_2022,hard_negative_mined_v2_complexity,bsc,0,ratio_75,486,647,0.06209453197405004,0.08,0.08020096186478894,0.08061558461414267,8.707814413355663e-05
qbridge_qubit_2022,qbridge_qubit_2022__hnc001,qbridge_qubit_2022,hard_negative_mined_v2_complexity,bsc,0,ratio_100,647,647,0.06209453197405004,0.08,0.08020096186478894,0.04703757512501103,4.550679659587331e-05
qbridge_qubit_2022,qbridge_qubit_2022__hnc002,qbridge_qubit_2022,hard_negative_mined_v2_complexity,bsc,0,k_2,2,76,0.06209453197405004,0.08,0.08662910869729674,0.7200586866601957,0.2792606055736542
qbridge_qubit_2022,qbridge_qubit_2022__hnc002,qbridge_qubit_2022,hard_negative_mined_v2_complexity,bsc,0,k_3,3,76,0.06209453197405004,0.08,0.08662910869729674,0.6619981970416765,0.4808773994445801
qbridge_qubit_2022,qbridge_qubit_2022__hnc002,qbridge_qubit_2022,hard_negative_mined_v2_complexity,bsc,0,k_5,5,76,0.06209453197405004,0.08,0.08662910869729674,0.6701079012010827,0.5127711892127991
qbridge_qubit_2022,qbridge_qubit_2022__hnc002,qbridge_qubit_2022,hard_negative_mined_v2_complexity,bsc,0,k_7,7,76,0.06209453197405004,0.08,0.08662910869729674,0.6853938688723445,0.6305369138717651
qbridge_qubit_2022,qbridge_qubit_2022__hnc002,qbridge_qubit_2022,hard_negative_mined_v2_complexity,bsc,0,ratio_25,19,76,0.06209453197405004,0.08,0.08662910869729674,0.27442658770252093,0.004615158773958683
qbridge_qubit_2022,qbridge_qubit_2022__hnc002,qbridge_qubit_2022,hard_negative_mined_v2_complexity,bsc,0,ratio_50,38,76,0.06209453197405004,0.08,0.08662910869729674,0.2800888623658806,0.005069068633019924
qbridge_qubit_2022,qbridge_qubit_2022__hnc002,qbridge_qubit_2022,hard_negative_mined_v2_complexity,bsc,0,ratio_75,57,76,0.06209453197405004,0.08,0.08662910869729674,0.08583936772836052,0.00027529694489203393
qbridge_qubit_2022,qbridge_qubit_2022__hnc002,qbridge_qubit_2022,hard_negative_mined_v2_complexity,bsc,0,ratio_100,76,76,0.06209453197405004,0.08,0.0851519234565643,0.11867940793655828,0.0642545223236084
qbridge_qubit_2022,qbridge_qubit_2022__hnc003,qbridge_qubit_2022,hard_negative_mined_v2_complexity,bsc,0,k_2,2,485,0.06209453197405004,0.08,0.08020096186478894,0.058165667490959264,0.0037288868334144354
qbridge_qubit_2022,qbridge_qubit_2022__hnc003,qbridge_qubit_2022,hard_negative_mined_v2_complexity,bsc,0,k_3,3,485,0.06209453197405004,0.08,0.08020096186478894,0.04002829070696296,0.00047977676149457693
qbridge_qubit_2022,qbridge_qubit_2022__hnc003,qbridge_qubit_2022,hard_negative_mined_v2_complexity,bsc,0,k_5,5,485,0.06209453197405004,0.08,0.08020096186478894,0.029993273187879636,0.00035349384415894747
qbridge_qubit_2022,qbridge_qubit_2022__hnc003,qbridge_qubit_2022,hard_negative_mined_v2_complexity,bsc,0,k_7,7,485,0.06209453197405004,0.08,0.08020096186478894,0.032119788046101806,0.00025469757383689284
qbridge_qubit_2022,qbridge_qubit_2022__hnc003,qbridge_qubit_2022,hard_negative_mined_v2_complexity,bsc,0,ratio_25,122,485,0.06209453197405004,0.08,0.08020096186478894,0.009080008823344048,0.00042117564589716494
qbridge_qubit_2022,qbridge_qubit_2022__hnc003,qbridge_qubit_2022,hard_negative_mined_v2_complexity,bsc,0,ratio_50,243,485,0.06209453197405004,0.08,0.08020096186478894,0.00622093023255814,0.00019674123905133456
qbridge_qubit_2022,qbridge_qubit_2022__hnc003,qbridge_qubit_2022,hard_negative_mined_v2_complexity,bsc,0,ratio_75,364,485,0.06209453197405004,0.08,0.08020096186478894,0.0009146341463414634,2.842906724254135e-05
qbridge_qubit_2022,qbridge_qubit_2022__hnc003,qbridge_qubit_2022,hard_negative_mined_v2_complexity,bsc,0,ratio_100,485,485,0.06209453197405004,0.08,0.08020096186478894,0.01530238924838228,0.0005495674558915198
qbridge_qubit_2022,qbridge_qubit_2022__hnc004,qbridge_qubit_2022,hard_negative_mined_v2_complexity,bsc,0,ratio_25,1,1,0.06209453197405004,0.0,0.08662910869729674,0.0,2.7774447517003864e-05
qbridge_qubit_2022,qbridge_qubit_2022__hnc005,qbridge_qubit_2022,hard_negative_mined_v2_complexity,bsc,0,ratio_25,2,8,0.06209453197405004,0.08,0.08020096186478894,0.1573381737529398,0.019988538697361946
qbridge_qubit_2022,qbridge_qubit_2022__hnc005,qbridge_qubit_2022,hard_negative_mined_v2_complexity,bsc,0,k_3,3,8,0.06209453197405004,0.08,0.08020096186478894,0.0027142857142857142,0.0005636097630485892
qbridge_qubit_2022,qbridge_qubit_2022__hnc005,qbridge_qubit_2022,hard_negative_mined_v2_complexity,bsc,0,ratio_50,4,8,0.06209453197405004,0.08,0.08020096186478894,0.005,0.000228253222303465
qbridge_qubit_2022,qbridge_qubit_2022__hnc005,qbridge_qubit_2022,hard_negative_mined_v2_complexity,bsc,0,k_5,5,8,0.06209453197405004,0.08,0.08020096186478894,0.005,0.0003147853130940348
qbridge_qubit_2022,qbridge_qubit_2022__hnc005,qbridge_qubit_2022,hard_negative_mined_v2_complexity,bsc,0,ratio_75,6,8,0.06209453197405004,0.08,0.08020096186478894,0.0,0.00023421685909852386
qbridge_qubit_2022,qbridge_qubit_2022__hnc005,qbridge_qubit_2022,hard_negative_mined_v2_complexity,bsc,0,k_7,7,8,0.06209453197405004,0.08,0.08020096186478894,0.0,0.00020006077829748392
qbridge_qubit_2022,qbridge_qubit_2022__hnc005,qbridge_qubit_2022,hard_negative_mined_v2_complexity,bsc,0,ratio_100,8,8,0.06209453197405004,0.08,0.08020096186478894,0.0,0.00023463708930648863
qbridge_qubit_2022,qbridge_qubit_2022__hnc006,qbridge_qubit_2022,hard_negative_mined_v2_complexity,bsc,0,ratio_25,1,2,0.06209453197405004,0.0,0.08662910869729674,0.0,0.000416748458519578
qbridge_qubit_2022,qbridge_qubit_2022__hnc006,qbridge_qubit_2022,hard_negative_mined_v2_complexity,bsc,0,ratio_75,2,2,0.06209453197405004,0.08,0.08335872469086458,0.2693044698094317,0.00725965341553092
qbridge_qubit_2022,qbridge_qubit_2022__hnc007,qbridge_qubit_2022,hard_negative_mined_v2_complexity,bsc,0,ratio_25,1,2,0.06209453197405004,0.0,0.08020096186478894,0.0,2.010252865147777e-05
qbridge_qubit_2022,qbridge_qubit_2022__hnc007,qbridge_qubit_2022,hard_negative_mined_v2_complexity,bsc,0,ratio_75,2,2,0.06209453197405004,0.1,0.08020096186478894,0.02336523787416434,4.583496775012463e-05
qbridge_qubit_2022,qbridge_qubit_2022__hnc008,qbridge_qubit_2022,hard_negative_mined_v2_complexity,bsc,0,k_2,2,177,0.06209453197405004,0.08,0.13749217754713527,0.06857870603891845,0.001739197876304388
qbridge_qubit_2022,qbridge_qubit_2022__hnc008,qbridge_qubit_2022,hard_negative_mined_v2_complexity,bsc,0,k_3,3,177,0.06209453197405004,0.08,0.13749217754713527,0.07813518213477177,0.06561172008514404
qbridge_qubit_2022,qbridge_qubit_2022__hnc008,qbridge_qubit_2022,hard_negative_mined_v2_complexity,bsc,0,k_5,5,177,0.06209453197405004,0.08,0.13749217754713527,0.041366244877012986,0.0039789918810129166
qbridge_qubit_2022,qbridge_qubit_2022__hnc008,qbridge_qubit_2022,hard_negative_mined_v2_complexity,bsc,0,k_7,7,177,0.06209453197405004,0.12,0.13749217754713527,0.28428119860251433,0.0637727901339531
qbridge_qubit_2022,qbridge_qubit_2022__hnc008,qbridge_qubit_2022,hard_negative_mined_v2_complexity,bsc,0,ratio_25,45,177,0.06209453197405004,0.2,0.1035804575598743,0.08485009142289486,0.001113039324991405
qbridge_qubit_2022,qbridge_qubit_2022__hnc008,qbridge_qubit_2022,hard_negative_mined_v2_complexity,bsc,0,ratio_50,89,177,0.06209453197405004,0.2,0.09135030818038761,0.03587073190739958,0.0005193444667384028
qbridge_qubit_2022,qbridge_qubit_2022__hnc008,qbridge_qubit_2022,hard_negative_mined_v2_complexity,bsc,0,ratio_75,133,177,0.06209453197405004,0.2,0.08751550668608303,0.03765752005313425,0.0001340148301096633
qbridge_qubit_2022,qbridge_qubit_2022__hnc008,qbridge_qubit_2022,hard_negative_mined_v2_complexity,bsc,0,ratio_100,177,177,0.06209453197405004,0.2,0.08564275729860539,0.025717563392301693,0.0007088035345077515
qbridge_qubit_2022,qbridge_qubit_2022__hnc009,qbridge_qubit_2022,hard_negative_mined_v2_complexity,bsc,0,k_2,2,649,0.06209453197405004,0.08,0.08020096186478894,0.060887116940094695,0.000828296528197825
qbridge_qubit_2022,qbridge_qubit_2022__hnc009,qbridge_qubit_2022,hard_negative_mined_v2_complexity,bsc,0,k_3,3,649,0.06209453197405004,0.08,0.08020096186478894,0.03227125028346111,0.0007936977199278772
qbridge_qubit_2022,qbridge_qubit_2022__hnc009,qbridge_qubit_2022,hard_negative_mined_v2_complexity,bsc,0,k_5,5,649,0.06209453197405004,0.08,0.08020096186478894,0.026184293761721978,0.0007738921558484435
qbridge_qubit_2022,qbridge_qubit_2022__hnc009,qbridge_qubit_2022,hard_negative_mined_v2_complexity,bsc,0,k_7,7,649,0.06209453197405004,0.08,0.08020096186478894,0.04005498712006794,0.002829801058396697
qbridge_qubit_2022,qbridge_qubit_2022__hnc009,qbridge_qubit_2022,hard_negative_mined_v2_complexity,bsc,0,ratio_25,163,649,0.06209453197405004,0.08,0.08020096186478894,0.002135564378899603,8.403297397308052e-05
qbridge_qubit_2022,qbridge_qubit_2022__hnc009,qbridge_qubit_2022,hard_negative_mined_v2_complexity,bsc,0,ratio_50,325,649,0.06209453197405004,0.08,0.08020096186478894,0.002135564378899603,3.450870644883253e-05
qbridge_qubit_2022,qbridge_qubit_2022__hnc009,qbridge_qubit_2022,hard_negative_mined_v2_complexity,bsc,0,ratio_75,487,649,0.06209453197405004,0.08,0.08020096186478894,0.0009146341463414634,0.00041969650192186236
qbridge_qubit_2022,qbridge_qubit_2022__hnc009,qbridge_qubit_2022,hard_negative_mined_v2_complexity,bsc,0,ratio_100,649,649,0.06209453197405004,0.08,0.08020096186478894,0.0017717770034843205,0.00026119480025954545
wault_finance_2021,wault_finance_2021__hnc000,wault_finance_2021,hard_negative_mined_v2_complexity,bsc,0,ratio_25,1,2,0.058771929824561406,0.0,0.0831481550642381,0.0,1.9538943888619542e-05
wault_finance_2021,wault_finance_2021__hnc000,wault_finance_2021,hard_negative_mined_v2_complexity,bsc,0,ratio_75,2,2,0.058771929824561406,0.06060606060606061,0.0831481550642381,0.020977924637067526,3.953978739446029e-05
wault_finance_2021,wault_finance_2021__hnc001,wault_finance_2021,hard_negative_mined_v2_complexity,bsc,0,k_2,2,540,0.058771929824561406,0.06060606060606061,0.0831481550642381,0.021851536060838388,0.0006622362416237593
wault_finance_2021,wault_finance_2021__hnc001,wault_finance_2021,hard_negative_mined_v2_complexity,bsc,0,k_3,3,540,0.058771929824561406,0.06060606060606061,0.0831481550642381,0.03893777737351798,0.0013989099534228444
wault_finance_2021,wault_finance_2021__hnc001,wault_finance_2021,hard_negative_mined_v2_complexity,bsc,0,k_5,5,540,0.058771929824561406,0.06060606060606061,0.0831481550642381,0.024671248870358237,0.0009831167990341783
wault_finance_2021,wault_finance_2021__hnc001,wault_finance_2021,hard_negative_mined_v2_complexity,bsc,0,k_7,7,540,0.058771929824561406,0.06060606060606061,0.0831481550642381,0.039832044462557434,0.0013910175766795874
wault_finance_2021,wault_finance_2021__hnc001,wault_finance_2021,hard_negative_mined_v2_complexity,bsc,0,ratio_25,135,540,0.058771929824561406,0.06060606060606061,0.0831481550642381,0.04253080985441743,0.0004215525696054101
wault_finance_2021,wault_finance_2021__hnc001,wault_finance_2021,hard_negative_mined_v2_complexity,bsc,0,ratio_50,270,540,0.058771929824561406,0.06060606060606061,0.0831481550642381,0.006981537926679287,3.520740210660733e-05
wault_finance_2021,wault_finance_2021__hnc001,wault_finance_2021,hard_negative_mined_v2_complexity,bsc,0,ratio_75,405,540,0.058771929824561406,0.06060606060606061,0.0831481550642381,0.00372077979229009,2.1526355340029113e-05
wault_finance_2021,wault_finance_2021__hnc001,wault_finance_2021,hard_negative_mined_v2_complexity,bsc,0,ratio_100,540,540,0.058771929824561406,0.06060606060606061,0.0831481550642381,0.011501739946881306,4.3473028199514374e-05
wault_finance_2021,wault_finance_2021__hnc002,wault_finance_2021,hard_negative_mined_v2_complexity,bsc,0,ratio_25,2,7,0.058771929824561406,0.06060606060606061,0.0831481550642381,0.16592269534639958,0.007863393053412437
wault_finance_2021,wault_finance_2021__hnc002,wault_finance_2021,hard_negative_mined_v2_complexity,bsc,0,k_3,3,7,0.058771929824561406,0.06060606060606061,0.0831481550642381,0.07368858967834313,0.00030698117916472256
wault_finance_2021,wault_finance_2021__hnc002,wault_finance_2021,hard_negative_mined_v2_complexity,bsc,0,ratio_50,4,7,0.058771929824561406,0.06060606060606061,0.0831481550642381,0.06165224514321675,0.012344312854111195
wault_finance_2021,wault_finance_2021__hnc002,wault_finance_2021,hard_negative_mined_v2_complexity,bsc,0,k_5,5,7,0.058771929824561406,0.06060606060606061,0.0831481550642381,0.04137881954972454,0.01658453419804573
wault_finance_2021,wault_finance_2021__hnc002,wault_finance_2021,hard_negative_mined_v2_complexity,bsc,0,ratio_75,6,7,0.058771929824561406,0.07575757575757576,0.0831481550642381,0.019768899334116727,0.028353923931717873
wault_finance_2021,wault_finance_2021__hnc002,wault_finance_2021,hard_negative_mined_v2_complexity,bsc,0,ratio_100,7,7,0.058771929824561406,0.09090909090909091,0.0831481550642381,0.005579710144927537,0.01721322163939476
wault_finance_2021,wault_finance_2021__hnc003,wault_finance_2021,hard_negative_mined_v2_complexity,bsc,0,ratio_25,2,6,0.058771929824561406,0.06060606060606061,0.0831481550642381,0.12746032834243334,0.00023839573259465396
wault_finance_2021,wault_finance_2021__hnc003,wault_finance_2021,hard_negative_mined_v2_complexity,bsc,0,ratio_50,3,6,0.058771929824561406,0.06060606060606061,0.0831481550642381,0.09570523828806272,0.00033639802131801844
wault_finance_2021,wault_finance_2021__hnc003,wault_finance_2021,hard_negative_mined_v2_complexity,bsc,0,ratio_75,5,6,0.058771929824561406,0.06060606060606061,0.0831481550642381,0.05762608468876301,9.84842554316856e-05
wault_finance_2021,wault_finance_2021__hnc003,wault_finance_2021,hard_negative_mined_v2_complexity,bsc,0,ratio_100,6,6,0.058771929824561406,0.06060606060606061,0.0831481550642381,0.10184853688282319,0.009817605838179588
wault_finance_2021,wault_finance_2021__hnc004,wault_finance_2021,hard_negative_mined_v2_complexity,bsc,0,ratio_25,1,1,0.058771929824561406,0.0,0.05859678219260947,0.0,4.017717219539918e-05
wault_finance_2021,wault_finance_2021__hnc005,wault_finance_2021,hard_negative_mined_v2_complexity,bsc,0,ratio_25,1,3,0.058771929824561406,0.0,0.0831481550642381,0.0,3.730402386281639e-05
wault_finance_2021,wault_finance_2021__hnc005,wault_finance_2021,hard_negative_mined_v2_complexity,bsc,0,ratio_50,2,3,0.058771929824561406,0.06060606060606061,0.0831481550642381,0.09583321709007739,0.0010507841361686587
wault_finance_2021,wault_finance_2021__hnc005,wault_finance_2021,hard_negative_mined_v2_complexity,bsc,0,ratio_75,3,3,0.058771929824561406,0.07575757575757576,0.0740706542963466,0.10057971014492754,0.01740594394505024
wault_finance_2021,wault_finance_2021__hnc006,wault_finance_2021,hard_negative_mined_v2_complexity,bsc,0,k_2,2,16,0.058771929824561406,0.06060606060606061,0.0831481550642381,0.15209999688735598,0.001983611611649394
wault_finance_2021,wault_finance_2021__hnc006,wault_finance_2021,hard_negative_mined_v2_complexity,bsc,0,k_3,3,16,0.058771929824561406,0.06060606060606061,0.0740706542963466,0.08493812238546078,0.0047307685017585754
wault_finance_2021,wault_finance_2021__hnc006,wault_finance_2021,hard_negative_mined_v2_complexity,bsc,0,ratio_25,4,16,0.058771929824561406,0.06060606060606061,0.07625068381289637,0.14061472664249355,0.041710175573825836
wault_finance_2021,wault_finance_2021__hnc006,wault_finance_2021,hard_negative_mined_v2_complexity,bsc,0,k_5,5,16,0.058771929824561406,0.06060606060606061,0.07758680826775688,0.08387574042599734,0.0015458895359188318
wault_finance_2021,wault_finance_2021__hnc006,wault_finance_2021,hard_negative_mined_v2_complexity,bsc,0,k_7,7,16,0.058771929824561406,0.06060606060606061,0.07914004201487561,0.03711057274361794,0.00029131615883670747
wault_finance_2021,wault_finance_2021__hnc006,wault_finance_2021,hard_negative_mined_v2_complexity,bsc,0,ratio_50,8,16,0.058771929824561406,0.06060606060606061,0.07963122717008343,0.030133828557571424,0.00020626900368370116
wault_finance_2021,wault_finance_2021__hnc006,wault_finance_2021,hard_negative_mined_v2_complexity,bsc,0,ratio_75,12,16,0.058771929824561406,0.06060606060606061,0.08078817136022283,0.012448856175271267,0.0002745632955338806
wault_finance_2021,wault_finance_2021__hnc006,wault_finance_2021,hard_negative_mined_v2_complexity,bsc,0,ratio_100,16,16,0.058771929824561406,0.06060606060606061,0.07792417433630766,0.012448856175271267,0.00023552848142571747
wault_finance_2021,wault_finance_2021__hnc007,wault_finance_2021,hard_negative_mined_v2_complexity,bsc,0,k_2,2,19,0.058771929824561406,0.06060606060606061,0.0831481550642381,0.03317577655218633,0.030761662870645523
wault_finance_2021,wault_finance_2021__hnc007,wault_finance_2021,hard_negative_mined_v2_complexity,bsc,0,k_3,3,19,0.058771929824561406,0.06060606060606061,0.0831481550642381,0.07989260634232653,0.00010181364632444456
wault_finance_2021,wault_finance_2021__hnc007,wault_finance_2021,hard_negative_mined_v2_complexity,bsc,0,ratio_25,5,19,0.058771929824561406,0.06060606060606061,0.0831481550642381,0.10972980237530598,0.0012673476012423635
wault_finance_2021,wault_finance_2021__hnc007,wault_finance_2021,hard_negative_mined_v2_complexity,bsc,0,k_7,7,19,0.058771929824561406,0.06060606060606061,0.0831481550642381,0.0960950076832783,0.00047188723692670465
wault_finance_2021,wault_finance_2021__hnc007,wault_finance_2021,hard_negative_mined_v2_complexity,bsc,0,ratio_50,10,19,0.058771929824561406,0.06060606060606061,0.0831481550642381,0.059660670968705976,0.0013272555079311132
wault_finance_2021,wault_finance_2021__hnc007,wault_finance_2021,hard_negative_mined_v2_complexity,bsc,0,ratio_75,15,19,0.058771929824561406,0.06060606060606061,0.0831481550642381,0.0011393323657474602,3.228832429158501e-05
wault_finance_2021,wault_finance_2021__hnc007,wault_finance_2021,hard_negative_mined_v2_complexity,bsc,0,ratio_100,19,19,0.058771929824561406,0.06060606060606061,0.0831481550642381,0.0022990075481558537,0.00014116238162387162
wault_finance_2021,wault_finance_2021__hnc008,wault_finance_2021,hard_negative_mined_v2_complexity,bsc,0,ratio_25,1,2,0.058771929824561406,0.0,0.0831481550642381,0.0,1.9538943888619542e-05
wault_finance_2021,wault_finance_2021__hnc008,wault_finance_2021,hard_negative_mined_v2_complexity,bsc,0,ratio_75,2,2,0.058771929824561406,0.06060606060606061,0.06988177473694294,0.3662049159121688,0.004029357340186834
wault_finance_2021,wault_finance_2021__hnc009,wault_finance_2021,hard_negative_mined_v2_complexity,bsc,0,k_2,2,20,0.058771929824561406,0.06060606060606061,0.0831481550642381,0.1638994339518401,0.0014176719123497605
wault_finance_2021,wault_finance_2021__hnc009,wault_finance_2021,hard_negative_mined_v2_complexity,bsc,0,k_3,3,20,0.058771929824561406,0.06060606060606061,0.0831481550642381,0.11869533905839623,0.001634311629459262
wault_finance_2021,wault_finance_2021__hnc009,wault_finance_2021,hard_negative_mined_v2_complexity,bsc,0,ratio_25,5,20,0.058771929824561406,0.06060606060606061,0.0831481550642381,0.040846842316114546,0.0030179955065250397
wault_finance_2021,wault_finance_2021__hnc009,wault_finance_2021,hard_negative_mined_v2_complexity,bsc,0,k_7,7,20,0.058771929824561406,0.06060606060606061,0.0831481550642381,0.026804514172021263,0.0003728791489265859
wault_finance_2021,wault_finance_2021__hnc009,wault_finance_2021,hard_negative_mined_v2_complexity,bsc,0,ratio_50,10,20,0.058771929824561406,0.06060606060606061,0.0831481550642381,0.00763933236574746,5.236380820861086e-05
wault_finance_2021,wault_finance_2021__hnc009,wault_finance_2021,hard_negative_mined_v2_complexity,bsc,0,ratio_75,15,20,0.058771929824561406,0.06060606060606061,0.0831481550642381,0.0011393323657474602,2.7315054467180744e-05
wault_finance_2021,wault_finance_2021__hnc009,wault_finance_2021,hard_negative_mined_v2_complexity,bsc,0,ratio_100,20,20,0.058771929824561406,0.06060606060606061,0.0831481550642381,0.009839484439530595,5.239837264525704e-05
paraluni_2022,paraluni_2022__hnc000,paraluni_2022,hard_negative_mined_v2_complexity,bsc,0,ratio_25,1,3,0.058260869565217394,0.0,0.06855531755787685,0.0,8.968079055193812e-05
paraluni_2022,paraluni_2022__hnc000,paraluni_2022,hard_negative_mined_v2_complexity,bsc,0,ratio_50,2,3,0.058260869565217394,0.06060606060606061,0.06855531755787685,0.018300457806968783,3.423471571295522e-05
paraluni_2022,paraluni_2022__hnc000,paraluni_2022,hard_negative_mined_v2_complexity,bsc,0,ratio_75,3,3,0.058260869565217394,0.06060606060606061,0.06855531755787685,0.0034116809116809116,0.0003719129890669137
paraluni_2022,paraluni_2022__hnc001,paraluni_2022,hard_negative_mined_v2_complexity,bsc,0,k_2,2,854,0.058260869565217394,0.06060606060606061,0.06855531755787685,0.04120258349033803,0.00015607892419211566
paraluni_2022,paraluni_2022__hnc001,paraluni_2022,hard_negative_mined_v2_complexity,bsc,0,k_3,3,854,0.058260869565217394,0.06060606060606061,0.06855531755787685,0.0192210464765073,0.00019705026352312416
paraluni_2022,paraluni_2022__hnc001,paraluni_2022,hard_negative_mined_v2_complexity,bsc,0,k_5,5,854,0.058260869565217394,0.06060606060606061,0.06855531755787685,0.022459682840143668,0.0002922140993177891
paraluni_2022,paraluni_2022__hnc001,paraluni_2022,hard_negative_mined_v2_complexity,bsc,0,k_7,7,854,0.058260869565217394,0.06060606060606061,0.06855531755787685,0.0192210464765073,0.00037967547541484237
paraluni_2022,paraluni_2022__hnc001,paraluni_2022,hard_negative_mined_v2_complexity,bsc,0,ratio_25,214,854,0.058260869565217394,0.06060606060606061,0.06855531755787685,0.0011206896551724137,8.675052231410518e-05
paraluni_2022,paraluni_2022__hnc001,paraluni_2022,hard_negative_mined_v2_complexity,bsc,0,ratio_50,427,854,0.058260869565217394,0.06060606060606061,0.06855531755787685,0.0,1.7964988728635944e-05
paraluni_2022,paraluni_2022__hnc001,paraluni_2022,hard_negative_mined_v2_complexity,bsc,0,ratio_75,641,854,0.058260869565217394,0.06060606060606061,0.06855531755787685,0.0,1.480365426687058e-05
paraluni_2022,paraluni_2022__hnc001,paraluni_2022,hard_negative_mined_v2_complexity,bsc,0,ratio_100,854,854,0.058260869565217394,0.06060606060606061,0.06855531755787685,0.0,1.661121495999396e-05
paraluni_2022,paraluni_2022__hnc002,paraluni_2022,hard_negative_mined_v2_complexity,bsc,0,k_2,2,26,0.058260869565217394,0.06060606060606061,0.09161068041943089,0.22892161162659938,0.08032406866550446
paraluni_2022,paraluni_2022__hnc002,paraluni_2022,hard_negative_mined_v2_complexity,bsc,0,k_3,3,26,0.058260869565217394,0.06060606060606061,0.09161068041943089,0.18000785466188943,0.010813984088599682
paraluni_2022,paraluni_2022__hnc002,paraluni_2022,hard_negative_mined_v2_complexity,bsc,0,k_5,5,26,0.058260869565217394,0.06060606060606061,0.09161068041943089,0.43014504841765794,0.009873700328171253
paraluni_2022,paraluni_2022__hnc002,paraluni_2022,hard_negative_mined_v2_complexity,bsc,0,ratio_25,7,26,0.058260869565217394,0.06060606060606061,0.09161068041943089,0.4319577762742167,0.014809578657150269
paraluni_2022,paraluni_2022__hnc002,paraluni_2022,hard_negative_mined_v2_complexity,bsc,0,ratio_50,13,26,0.058260869565217394,0.06060606060606061,0.09161068041943089,0.45848390946536777,0.010245168581604958
paraluni_2022,paraluni_2022__hnc002,paraluni_2022,hard_negative_mined_v2_complexity,bsc,0,ratio_75,20,26,0.058260869565217394,0.06060606060606061,0.09161068041943089,0.4351121900237009,0.08274510502815247
paraluni_2022,paraluni_2022__hnc002,paraluni_2022,hard_negative_mined_v2_complexity,bsc,0,ratio_100,26,26,0.058260869565217394,0.06060606060606061,0.09161068041943089,0.31836550633072636,0.01986103504896164
paraluni_2022,paraluni_2022__hnc003,paraluni_2022,hard_negative_mined_v2_complexity,bsc,0,ratio_25,1,1,0.058260869565217394,0.0,0.06855531755787685,0.0,1.7906491848407313e-05
paraluni_2022,paraluni_2022__hnc004,paraluni_2022,hard_negative_mined_v2_complexity,bsc,0,ratio_25,1,4,0.058260869565217394,0.0,0.09161068041943089,0.005,0.000910370028577745
paraluni_2022,paraluni_2022__hnc004,paraluni_2022,hard_negative_mined_v2_complexity,bsc,0,ratio_50,2,4,0.058260869565217394,0.06060606060606061,0.09161068041943089,0.7345300121940553,0.07864578813314438
paraluni_2022,paraluni_2022__hnc004,paraluni_2022,hard_negative_mined_v2_complexity,bsc,0,ratio_75,3,4,0.058260869565217394,0.07575757575757576,0.08324017637312138,0.5670945196645262,0.00467652827501297
paraluni_2022,paraluni_2022__hnc004,paraluni_2022,hard_negative_mined_v2_complexity,bsc,0,ratio_100,4,4,0.058260869565217394,0.07575757575757576,0.07932085554341413,0.21763568765109895,0.03535216674208641
paraluni_2022,paraluni_2022__hnc005,paraluni_2022,hard_negative_mined_v2_complexity,bsc,0,k_2,2,13,0.058260869565217394,0.06060606060606061,0.07932085554341413,0.2361693403968944,0.006651945877820253
paraluni_2022,paraluni_2022__hnc005,paraluni_2022,hard_negative_mined_v2_complexity,bsc,0,k_3,3,13,0.058260869565217394,0.06060606060606061,0.08324017637312138,0.02128409090909091,0.00018822048150468618
paraluni_2022,paraluni_2022__hnc005,paraluni_2022,hard_negative_mined_v2_complexity,bsc,0,ratio_25,4,13,0.058260869565217394,0.06060606060606061,0.07932085554341413,0.03690909090909091,0.0020423447713255882
paraluni_2022,paraluni_2022__hnc005,paraluni_2022,hard_negative_mined_v2_complexity,bsc,0,k_5,5,13,0.058260869565217394,0.06060606060606061,0.07705091932986213,0.02690909090909091,0.0016919593326747417
paraluni_2022,paraluni_2022__hnc005,paraluni_2022,hard_negative_mined_v2_complexity,bsc,0,ratio_50,7,13,0.058260869565217394,0.06060606060606061,0.07769332713733505,0.018125307125307123,0.0005346275866031647
paraluni_2022,paraluni_2022__hnc005,paraluni_2022,hard_negative_mined_v2_complexity,bsc,0,ratio_75,10,13,0.058260869565217394,0.06060606060606061,0.07705091932986213,0.046909090909090914,0.0021703122183680534
paraluni_2022,paraluni_2022__hnc005,paraluni_2022,hard_negative_mined_v2_complexity,bsc,0,ratio_100,13,13,0.058260869565217394,0.06060606060606061,0.07500859176315312,0.09402447552447553,0.010319188237190247
paraluni_2022,paraluni_2022__hnc007,paraluni_2022,hard_negative_mined_v2_complexity,bsc,0,ratio_25,2,8,0.058260869565217394,0.06060606060606061,0.06855531755787685,0.08893007420307862,5.695856816601008e-05
paraluni_2022,paraluni_2022__hnc007,paraluni_2022,hard_negative_mined_v2_complexity,bsc,0,k_3,3,8,0.058260869565217394,0.06060606060606061,0.06855531755787685,0.01703246753246753,9.104160562856123e-05
paraluni_2022,paraluni_2022__hnc007,paraluni_2022,hard_negative_mined_v2_complexity,bsc,0,ratio_50,4,8,0.058260869565217394,0.06060606060606061,0.06855531755787685,0.09495652173913044,0.0004583489499054849
paraluni_2022,paraluni_2022__hnc007,paraluni_2022,hard_negative_mined_v2_complexity,bsc,0,k_5,5,8,0.058260869565217394,0.06060606060606061,0.06855531755787685,0.08070033184758144,0.0006365281296893954
paraluni_2022,paraluni_2022__hnc007,paraluni_2022,hard_negative_mined_v2_complexity,bsc,0,ratio_75,6,8,0.058260869565217394,0.06060606060606061,0.06855531755787685,0.051070702217951805,7.233072392409667e-05
paraluni_2022,paraluni_2022__hnc007,paraluni_2022,hard_negative_mined_v2_complexity,bsc,0,k_7,7,8,0.058260869565217394,0.06060606060606061,0.06855531755787685,0.011666666666666667,0.00028686391306109726
paraluni_2022,paraluni_2022__hnc007,paraluni_2022,hard_negative_mined_v2_complexity,bsc,0,ratio_100,8,8,0.058260869565217394,0.06060606060606061,0.06855531755787685,0.016666666666666666,0.0004273141676094383
paraluni_2022,paraluni_2022__hnc008,paraluni_2022,hard_negative_mined_v2_complexity,bsc,0,ratio_25,1,1,0.058260869565217394,0.0,0.09161068041943089,0.0,5.0614107749424875e-05
paraluni_2022,paraluni_2022__hnc009,paraluni_2022,hard_negative_mined_v2_complexity,bsc,0,k_2,2,83,0.058260869565217394,0.06060606060606061,0.06855531755787685,0.08951336121619388,0.043947771191596985
paraluni_2022,paraluni_2022__hnc009,paraluni_2022,hard_negative_mined_v2_complexity,bsc,0,k_3,3,83,0.058260869565217394,0.06060606060606061,0.06855531755787685,0.06806164031756898,0.03637280315160751
paraluni_2022,paraluni_2022__hnc009,paraluni_2022,hard_negative_mined_v2_complexity,bsc,0,k_5,5,83,0.058260869565217394,0.06060606060606061,0.06855531755787685,0.05381662607255474,0.0318242684006691
paraluni_2022,paraluni_2022__hnc009,paraluni_2022,hard_negative_mined_v2_complexity,bsc,0,k_7,7,83,0.058260869565217394,0.06060606060606061,0.06855531755787685,0.06314995940588808,0.12678416073322296
paraluni_2022,paraluni_2022__hnc009,paraluni_2022,hard_negative_mined_v2_complexity,bsc,0,ratio_25,21,83,0.058260869565217394,0.06060606060606061,0.06855531755787685,0.1667787066899681,0.017691710963845253
paraluni_2022,paraluni_2022__hnc009,paraluni_2022,hard_negative_mined_v2_complexity,bsc,0,ratio_50,42,83,0.058260869565217394,0.06060606060606061,0.06855531755787685,0.16547850481782636,0.0009107933728955686
paraluni_2022,paraluni_2022__hnc009,paraluni_2022,hard_negative_mined_v2_complexity,bsc,0,ratio_75,63,83,0.058260869565217394,0.06060606060606061,0.06855531755787685,0.18095521488547844,0.0015205794479697943
paraluni_2022,paraluni_2022__hnc009,paraluni_2022,hard_negative_mined_v2_complexity,bsc,0,ratio_100,83,83,0.058260869565217394,0.06060606060606061,0.06855531755787685,0.16289469644622223,0.0015634394949302077
