trajectory_id,source_id,group_id,kind,chain,label,prefix_label,prefix_len,trajectory_len,oof_prob_B0,oof_prob_B1,oof_prob_B2,oof_prob_B3,oof_prob_M1
ronin_bridge_2022,ronin_bridge_2022,ronin_bridge_2022,positive,eth,1,k_2,2,113,0.05668358714043993,0.0,0.06564231888680856,0.38485527877171605,0.9751695990562439
ronin_bridge_2022,ronin_bridge_2022,ronin_bridge_2022,positive,eth,1,k_3,3,113,0.05668358714043993,0.06060606060606061,0.065025644686968,0.4136029880519061,0.9715707302093506
ronin_bridge_2022,ronin_bridge_2022,ronin_bridge_2022,positive,eth,1,k_5,5,113,0.05668358714043993,0.06060606060606061,0.06453619086558401,0.4265108038612053,0.957400918006897
ronin_bridge_2022,ronin_bridge_2022,ronin_bridge_2022,positive,eth,1,k_7,7,113,0.05668358714043993,0.15151515151515152,0.06485044451948492,0.772663825539083,0.9987455606460571
ronin_bridge_2022,ronin_bridge_2022,ronin_bridge_2022,positive,eth,1,ratio_25,29,113,0.05668358714043993,0.2878787878787879,0.06405851955388409,0.9488558275818876,0.9964199066162109
ronin_bridge_2022,ronin_bridge_2022,ronin_bridge_2022,positive,eth,1,ratio_50,57,113,0.05668358714043993,0.2878787878787879,0.06393555877195088,0.8682845300002024,0.9576848745346069
ronin_bridge_2022,ronin_bridge_2022,ronin_bridge_2022,positive,eth,1,ratio_75,85,113,0.05668358714043993,0.2878787878787879,0.06389365778099879,0.6592179488181196,0.8710554242134094
ronin_bridge_2022,ronin_bridge_2022,ronin_bridge_2022,positive,eth,1,ratio_100,113,113,0.05668358714043993,0.2878787878787879,0.0638725315924016,0.7960218231423306,0.9702574014663696
ronin_benign_control_2022,ronin_benign_control_2022,ronin_bridge_2022,hard_negative_control,eth,0,k_2,2,18,0.05668358714043993,0.015151515151515152,0.06380843838357166,0.37423813781056486,0.3634886145591736
ronin_benign_control_2022,ronin_benign_control_2022,ronin_bridge_2022,hard_negative_control,eth,0,k_3,3,18,0.05668358714043993,0.07575757575757576,0.06380843838357166,0.3384956602259546,0.0070937578566372395
ronin_benign_control_2022,ronin_benign_control_2022,ronin_bridge_2022,hard_negative_control,eth,0,ratio_25,5,18,0.05668358714043993,0.07575757575757576,0.06380843838357166,0.3213928686949545,0.008313753642141819
ronin_benign_control_2022,ronin_benign_control_2022,ronin_bridge_2022,hard_negative_control,eth,0,k_7,7,18,0.05668358714043993,0.07575757575757576,0.06380843838357166,0.22072209618555105,0.004310885444283485
ronin_benign_control_2022,ronin_benign_control_2022,ronin_bridge_2022,hard_negative_control,eth,0,ratio_50,9,18,0.05668358714043993,0.07575757575757576,0.06380843838357166,0.183822096185551,0.003320017596706748
ronin_benign_control_2022,ronin_benign_control_2022,ronin_bridge_2022,hard_negative_control,eth,0,ratio_75,14,18,0.05668358714043993,0.15151515151515152,0.06380843838357166,0.5546290322580645,0.1492140144109726
ronin_benign_control_2022,ronin_benign_control_2022,ronin_bridge_2022,hard_negative_control,eth,0,ratio_100,18,18,0.05668358714043993,0.18181818181818182,0.06380843838357166,0.5296290322580645,0.32012584805488586
qbridge_qubit_2022,qbridge_qubit_2022,qbridge_qubit_2022,positive,bsc,1,k_2,2,52,0.06209453197405004,0.08,0.08020096186478894,0.7415368915633285,0.9680179953575134
qbridge_qubit_2022,qbridge_qubit_2022,qbridge_qubit_2022,positive,bsc,1,k_3,3,52,0.06209453197405004,0.1,0.08229377554040297,0.8640232130107117,0.9825927019119263
qbridge_qubit_2022,qbridge_qubit_2022,qbridge_qubit_2022,positive,bsc,1,k_5,5,52,0.06209453197405004,0.14,0.08145074927018961,0.6114427777073218,0.9959719777107239
qbridge_qubit_2022,qbridge_qubit_2022,qbridge_qubit_2022,positive,bsc,1,k_7,7,52,0.06209453197405004,0.18,0.08199178677655208,0.6256645315304057,0.9702970385551453
qbridge_qubit_2022,qbridge_qubit_2022,qbridge_qubit_2022,positive,bsc,1,ratio_25,13,52,0.06209453197405004,0.28,0.08213104059916303,0.6559487777917754,0.9927787184715271
qbridge_qubit_2022,qbridge_qubit_2022,qbridge_qubit_2022,positive,bsc,1,ratio_50,26,52,0.06209453197405004,0.52,0.08164459249666563,0.9778463110004987,0.9998384714126587
qbridge_qubit_2022,qbridge_qubit_2022,qbridge_qubit_2022,positive,bsc,1,ratio_75,39,52,0.06209453197405004,0.94,0.08148302732285559,0.9836606124099222,0.9995554089546204
qbridge_qubit_2022,qbridge_qubit_2022,qbridge_qubit_2022,positive,bsc,1,ratio_100,52,52,0.06209453197405004,1.0,0.08128148059843177,0.9783258309123499,0.9993630051612854
feg_bridge_2024,feg_bridge_2024,feg_bridge_2024,positive,eth,1,k_2,2,9,0.05582137161084529,0.06060606060606061,0.11864898098070115,0.15986376796140245,0.005811379756778479
feg_bridge_2024,feg_bridge_2024,feg_bridge_2024,positive,eth,1,ratio_25,3,9,0.05582137161084529,0.06060606060606061,0.11864898098070115,0.15992982487197158,0.0006875155959278345
feg_bridge_2024,feg_bridge_2024,feg_bridge_2024,positive,eth,1,ratio_50,5,9,0.05582137161084529,0.06060606060606061,0.11864898098070115,0.03481579593151004,2.0867892089881934e-05
feg_bridge_2024,feg_bridge_2024,feg_bridge_2024,positive,eth,1,ratio_75,7,9,0.05582137161084529,0.06060606060606061,0.11864898098070115,0.009794358977477937,1.1736259693861939e-05
feg_bridge_2024,feg_bridge_2024,feg_bridge_2024,positive,eth,1,ratio_100,9,9,0.05582137161084529,0.06060606060606061,0.11864898098070115,0.008740865042674253,8.019690721994266e-05
deltaprime_arbitrum_2024,deltaprime_arbitrum_2024,deltaprime_arbitrum_2024,positive,arbitrum,1,ratio_25,2,5,0.06179286335944299,0.06060606060606061,0.07005226170772745,0.26306281601633363,0.02769758366048336
deltaprime_arbitrum_2024,deltaprime_arbitrum_2024,deltaprime_arbitrum_2024,positive,arbitrum,1,ratio_50,3,5,0.06179286335944299,0.07575757575757576,0.07005226170772745,0.34610445916722715,0.01786907948553562
deltaprime_arbitrum_2024,deltaprime_arbitrum_2024,deltaprime_arbitrum_2024,positive,arbitrum,1,ratio_75,4,5,0.06179286335944299,0.09090909090909091,0.07005226170772745,0.5933556420845565,0.9704068303108215
deltaprime_arbitrum_2024,deltaprime_arbitrum_2024,deltaprime_arbitrum_2024,positive,arbitrum,1,ratio_100,5,5,0.06179286335944299,0.13636363636363635,0.05488900472997342,0.8335039180523076,0.9991674423217773
bsc_token_hub_2022,bsc_token_hub_2022,bsc_token_hub_2022,positive,bsc,1,k_2,2,74,0.059082892416225746,0.06060606060606061,0.08644974446181479,0.22398670941520846,0.04425269737839699
bsc_token_hub_2022,bsc_token_hub_2022,bsc_token_hub_2022,positive,bsc,1,k_3,3,74,0.059082892416225746,0.06060606060606061,0.08644974446181479,0.05352651107166877,0.004862274043262005
bsc_token_hub_2022,bsc_token_hub_2022,bsc_token_hub_2022,positive,bsc,1,k_5,5,74,0.059082892416225746,0.06060606060606061,0.08264186345512868,0.1175864768329389,0.013286220841109753
bsc_token_hub_2022,bsc_token_hub_2022,bsc_token_hub_2022,positive,bsc,1,k_7,7,74,0.059082892416225746,0.06060606060606061,0.08070244509247326,0.1354440304626398,0.022915149107575417
bsc_token_hub_2022,bsc_token_hub_2022,bsc_token_hub_2022,positive,bsc,1,ratio_25,19,74,0.059082892416225746,0.3939393939393939,0.07888965929017915,0.7095521610678831,0.9961159229278564
bsc_token_hub_2022,bsc_token_hub_2022,bsc_token_hub_2022,positive,bsc,1,ratio_50,37,74,0.059082892416225746,0.3939393939393939,0.07748855150037942,0.8837829939643462,0.9969136714935303
bsc_token_hub_2022,bsc_token_hub_2022,bsc_token_hub_2022,positive,bsc,1,ratio_75,56,74,0.059082892416225746,0.3939393939393939,0.0769923331946888,0.8887829939643462,0.9947589039802551
bsc_token_hub_2022,bsc_token_hub_2022,bsc_token_hub_2022,positive,bsc,1,ratio_100,74,74,0.059082892416225746,0.48484848484848486,0.07701455021422658,0.8835859496293709,0.9913128018379211
qbridge_benign_control_2022,qbridge_benign_control_2022,qbridge_qubit_2022,hard_negative_control,bsc,0,ratio_25,1,1,0.06209453197405004,0.0,0.08020096186478894,0.0,2.2464297217084095e-05
feg_benign_control_2024,feg_benign_control_2024,feg_bridge_2024,hard_negative_control,eth,0,ratio_25,1,1,0.05582137161084529,0.0,0.11864898098070115,0.0,9.273018804378808e-06
deltaprime_benign_control_2024,deltaprime_benign_control_2024,deltaprime_arbitrum_2024,hard_negative_control,arbitrum,0,ratio_25,1,1,0.06179286335944299,0.030303030303030304,0.020106528330673664,0.0,5.6361197493970394e-05
bsc_token_hub_benign_control_2022,bsc_token_hub_benign_control_2022,bsc_token_hub_2022,hard_negative_control,bsc,0,ratio_25,1,1,0.059082892416225746,0.0,0.07841404512717061,0.0,0.0001550283341202885
chibi_finance_2023,chibi_finance_2023,chibi_finance_2023,positive,arbitrum,1,k_2,2,16,0.05429497568881685,0.015151515151515152,0.05955055826352761,0.8081126908114316,0.9864652156829834
chibi_finance_2023,chibi_finance_2023,chibi_finance_2023,positive,arbitrum,1,k_3,3,16,0.05429497568881685,0.09090909090909091,0.05955055826352761,0.4787616537025293,0.8049060106277466
chibi_finance_2023,chibi_finance_2023,chibi_finance_2023,positive,arbitrum,1,ratio_25,4,16,0.05429497568881685,0.16666666666666666,0.05955055826352761,0.4930853212474425,0.9266754388809204
chibi_finance_2023,chibi_finance_2023,chibi_finance_2023,positive,arbitrum,1,k_5,5,16,0.05429497568881685,0.16666666666666666,0.05955055826352761,0.47879570376110364,0.8711073398590088
chibi_finance_2023,chibi_finance_2023,chibi_finance_2023,positive,arbitrum,1,k_7,7,16,0.05429497568881685,0.2878787878787879,0.05023688467074216,0.9381434631105686,0.9958829879760742
chibi_finance_2023,chibi_finance_2023,chibi_finance_2023,positive,arbitrum,1,ratio_50,8,16,0.05429497568881685,0.3787878787878788,0.04417519344205972,0.9275605022984521,0.9961186647415161
chibi_finance_2023,chibi_finance_2023,chibi_finance_2023,positive,arbitrum,1,ratio_75,12,16,0.05429497568881685,0.7121212121212122,0.050454565066552874,0.9995729234793984,0.9945496916770935
chibi_finance_2023,chibi_finance_2023,chibi_finance_2023,positive,arbitrum,1,ratio_100,16,16,0.05429497568881685,0.7575757575757576,0.05259699028181657,0.9894557680943614,0.980079710483551
wooppv2_2024,wooppv2_2024,wooppv2_2024,positive,arbitrum,1,ratio_25,2,6,0.05693664795509222,0.06060606060606061,0.0559913172835078,0.4458721979921462,0.004253540653735399
wooppv2_2024,wooppv2_2024,wooppv2_2024,positive,arbitrum,1,ratio_50,3,6,0.05693664795509222,0.06060606060606061,0.0559913172835078,0.22137740210647153,0.007528313435614109
wooppv2_2024,wooppv2_2024,wooppv2_2024,positive,arbitrum,1,ratio_75,5,6,0.05693664795509222,0.10606060606060606,0.0444406035038041,0.37751295111871064,0.04642588272690773
wooppv2_2024,wooppv2_2024,wooppv2_2024,positive,arbitrum,1,ratio_100,6,6,0.05693664795509222,0.10606060606060606,0.03804200614462678,0.36240207457666346,0.06121358647942543
utopiasphere_2024,utopiasphere_2024,utopiasphere_2024,positive,bsc,1,k_2,2,17,0.05506072874493927,0.015151515151515152,0.06410045562666511,0.7877244426593321,0.8641996383666992
utopiasphere_2024,utopiasphere_2024,utopiasphere_2024,positive,bsc,1,k_3,3,17,0.05506072874493927,0.09090909090909091,0.06410045562666511,0.7170470178708973,0.9230054616928101
utopiasphere_2024,utopiasphere_2024,utopiasphere_2024,positive,bsc,1,ratio_25,5,17,0.05506072874493927,0.16666666666666666,0.06410045562666511,0.9339793359601591,0.9996091723442078
utopiasphere_2024,utopiasphere_2024,utopiasphere_2024,positive,bsc,1,k_7,7,17,0.05506072874493927,0.21212121212121213,0.04154677902163866,0.9945979314269796,0.9990873336791992
utopiasphere_2024,utopiasphere_2024,utopiasphere_2024,positive,bsc,1,ratio_50,9,17,0.05506072874493927,0.21212121212121213,0.03252639083158544,0.9944056237346719,0.9990873336791992
utopiasphere_2024,utopiasphere_2024,utopiasphere_2024,positive,bsc,1,ratio_75,13,17,0.05506072874493927,0.21212121212121213,0.024932832310883,0.9794056237346719,0.9979682564735413
utopiasphere_2024,utopiasphere_2024,utopiasphere_2024,positive,bsc,1,ratio_100,17,17,0.05506072874493927,0.4696969696969697,0.023910424056525843,0.9944056237346719,0.9949812293052673
xkingdom_2024,xkingdom_2024,xkingdom_2024,positive,arbitrum,1,k_2,2,13,0.05501618122977346,0.10606060606060606,0.033083319888098754,0.62568132480044,0.5252518653869629
xkingdom_2024,xkingdom_2024,xkingdom_2024,positive,arbitrum,1,k_3,3,13,0.05501618122977346,0.10606060606060606,0.04402463672047916,0.856362468406978,0.9906083345413208
xkingdom_2024,xkingdom_2024,xkingdom_2024,positive,arbitrum,1,ratio_25,4,13,0.05501618122977346,0.10606060606060606,0.050717637708206455,0.8399056970332194,0.8892913460731506
xkingdom_2024,xkingdom_2024,xkingdom_2024,positive,arbitrum,1,k_5,5,13,0.05501618122977346,0.10606060606060606,0.05518476621434011,0.7359142909798316,0.7143850326538086
xkingdom_2024,xkingdom_2024,xkingdom_2024,positive,arbitrum,1,ratio_50,7,13,0.05501618122977346,0.10606060606060606,0.058944046210417635,0.8718482361630353,0.7529118061065674
xkingdom_2024,xkingdom_2024,xkingdom_2024,positive,arbitrum,1,ratio_75,10,13,0.05501618122977346,0.2727272727272727,0.06257291028121299,0.9897447064985134,0.9997710585594177
xkingdom_2024,xkingdom_2024,xkingdom_2024,positive,arbitrum,1,ratio_100,13,13,0.05501618122977346,0.2727272727272727,0.0656606836026548,0.9942137693872654,0.9994908571243286
wault_finance_2021,wault_finance_2021,wault_finance_2021,positive,bsc,1,k_2,2,15,0.058771929824561406,0.07575757575757576,0.06988177473694294,0.37834788559015115,0.04876710847020149
wault_finance_2021,wault_finance_2021,wault_finance_2021,positive,bsc,1,k_3,3,15,0.058771929824561406,0.09090909090909091,0.06591292343626784,0.5342884890155545,0.050174057483673096
wault_finance_2021,wault_finance_2021,wault_finance_2021,positive,bsc,1,ratio_25,4,15,0.058771929824561406,0.10606060606060606,0.06988177473694294,0.39989056313662247,0.02527398243546486
wault_finance_2021,wault_finance_2021,wault_finance_2021,positive,bsc,1,k_5,5,15,0.058771929824561406,0.12121212121212122,0.06747468495695427,0.48033832892854234,0.00821280013769865
wault_finance_2021,wault_finance_2021,wault_finance_2021,positive,bsc,1,k_7,7,15,0.058771929824561406,0.15151515151515152,0.06815446558890224,0.7761638325865537,0.98464035987854
wault_finance_2021,wault_finance_2021,wault_finance_2021,positive,bsc,1,ratio_50,8,15,0.058771929824561406,0.21212121212121213,0.06688504174445539,0.8192857142857143,0.9798629879951477
wault_finance_2021,wault_finance_2021,wault_finance_2021,positive,bsc,1,ratio_75,12,15,0.058771929824561406,0.2878787878787879,0.06988177473694294,0.5299180327868852,0.6081496477127075
wault_finance_2021,wault_finance_2021,wault_finance_2021,positive,bsc,1,ratio_100,15,15,0.058771929824561406,0.3181818181818182,0.0690707150349225,0.5498684210526316,0.9069023132324219
paraluni_2022,paraluni_2022,paraluni_2022,positive,bsc,1,k_2,2,24,0.058260869565217394,0.06060606060606061,0.06855531755787685,0.062101256457623294,0.0006570083787664771
paraluni_2022,paraluni_2022,paraluni_2022,positive,bsc,1,k_3,3,24,0.058260869565217394,0.06060606060606061,0.06855531755787685,0.017279027568286153,0.0003501272003632039
paraluni_2022,paraluni_2022,paraluni_2022,positive,bsc,1,k_5,5,24,0.058260869565217394,0.07575757575757576,0.06855531755787685,0.07191351164882029,0.0007319423020817339
paraluni_2022,paraluni_2022,paraluni_2022,positive,bsc,1,ratio_25,6,24,0.058260869565217394,0.09090909090909091,0.06855531755787685,0.06599686533217397,0.00021792309416923672
paraluni_2022,paraluni_2022,paraluni_2022,positive,bsc,1,k_7,7,24,0.058260869565217394,0.10606060606060606,0.06855531755787685,0.15995934959349595,0.0007221398991532624
paraluni_2022,paraluni_2022,paraluni_2022,positive,bsc,1,ratio_50,12,24,0.058260869565217394,0.2878787878787879,0.06855531755787685,0.8545075051710245,0.9887852668762207
paraluni_2022,paraluni_2022,paraluni_2022,positive,bsc,1,ratio_75,18,24,0.058260869565217394,0.36363636363636365,0.07082407603010082,0.8845308992468707,0.9989510774612427
paraluni_2022,paraluni_2022,paraluni_2022,positive,bsc,1,ratio_100,24,24,0.058260869565217394,0.4393939393939394,0.07111250035657196,0.889709470675442,0.9986340403556824
ronin_bridge_2022,ronin_bridge_2022__hn000,ronin_bridge_2022,hard_negative_mined,eth,0,ratio_25,1,1,0.05668358714043993,0.030303030303030304,0.02034339200047519,0.0,2.7572135877562687e-05
ronin_bridge_2022,ronin_bridge_2022__hn001,ronin_bridge_2022,hard_negative_mined,eth,0,ratio_25,1,1,0.05668358714043993,0.0,0.06380843838357166,0.0,1.683926529949531e-05
ronin_bridge_2022,ronin_bridge_2022__hn002,ronin_bridge_2022,hard_negative_mined,eth,0,ratio_25,1,1,0.05668358714043993,0.030303030303030304,0.02034339200047519,0.0,2.7572135877562687e-05
ronin_bridge_2022,ronin_bridge_2022__hn003,ronin_bridge_2022,hard_negative_mined,eth,0,ratio_25,1,4,0.05668358714043993,0.030303030303030304,0.02034339200047519,0.0,0.0002228821103926748
ronin_bridge_2022,ronin_bridge_2022__hn003,ronin_bridge_2022,hard_negative_mined,eth,0,ratio_50,2,4,0.05668358714043993,0.09090909090909091,0.036257065546133206,0.014559885697656092,0.0001824085193220526
ronin_bridge_2022,ronin_bridge_2022__hn003,ronin_bridge_2022,hard_negative_mined,eth,0,ratio_75,3,4,0.05668358714043993,0.09090909090909091,0.04385146673557542,0.02,0.00018130864191334695
ronin_bridge_2022,ronin_bridge_2022__hn003,ronin_bridge_2022,hard_negative_mined,eth,0,ratio_100,4,4,0.05668358714043993,0.09090909090909091,0.04819694527148033,0.02,0.00045092363143339753
ronin_bridge_2022,ronin_bridge_2022__hn004,ronin_bridge_2022,hard_negative_mined,eth,0,ratio_25,1,1,0.05668358714043993,0.030303030303030304,0.02034339200047519,0.0,2.7572135877562687e-05
ronin_bridge_2022,ronin_bridge_2022__hn005,ronin_bridge_2022,hard_negative_mined,eth,0,ratio_25,1,1,0.05668358714043993,0.030303030303030304,0.02034339200047519,0.0,2.7572135877562687e-05
ronin_bridge_2022,ronin_bridge_2022__hn006,ronin_bridge_2022,hard_negative_mined,eth,0,ratio_25,1,1,0.05668358714043993,0.030303030303030304,0.02034339200047519,0.0,2.7572135877562687e-05
ronin_bridge_2022,ronin_bridge_2022__hn007,ronin_bridge_2022,hard_negative_mined,eth,0,ratio_25,1,4,0.05668358714043993,0.0,0.06380843838357166,0.0,0.000204923446290195
ronin_bridge_2022,ronin_bridge_2022__hn007,ronin_bridge_2022,hard_negative_mined,eth,0,ratio_50,2,4,0.05668358714043993,0.0,0.06380843838357166,0.037000000000000005,0.0008769449777901173
ronin_bridge_2022,ronin_bridge_2022__hn007,ronin_bridge_2022,hard_negative_mined,eth,0,ratio_75,3,4,0.05668358714043993,0.06060606060606061,0.06380843838357166,0.017561516029720534,3.978784297942184e-05
ronin_bridge_2022,ronin_bridge_2022__hn007,ronin_bridge_2022,hard_negative_mined,eth,0,ratio_100,4,4,0.05668358714043993,0.12121212121212122,0.06380843838357166,0.1050108225108225,0.00235708593390882
ronin_bridge_2022,ronin_bridge_2022__hn008,ronin_bridge_2022,hard_negative_mined,eth,0,ratio_25,1,1,0.05668358714043993,0.030303030303030304,0.02034339200047519,0.0,2.7572135877562687e-05
ronin_bridge_2022,ronin_bridge_2022__hn009,ronin_bridge_2022,hard_negative_mined,eth,0,ratio_25,1,1,0.05668358714043993,0.030303030303030304,0.02034339200047519,0.0,2.7572135877562687e-05
ronin_bridge_2022,ronin_bridge_2022__hn010,ronin_bridge_2022,hard_negative_mined,eth,0,ratio_25,1,2,0.05668358714043993,0.030303030303030304,0.02034339200047519,0.0,4.396482108859345e-05
ronin_bridge_2022,ronin_bridge_2022__hn010,ronin_bridge_2022,hard_negative_mined,eth,0,ratio_75,2,2,0.05668358714043993,0.09090909090909091,0.02034339200047519,0.05647773947135663,0.0013488675467669964
ronin_bridge_2022,ronin_bridge_2022__hn011,ronin_bridge_2022,hard_negative_mined,eth,0,ratio_25,1,1,0.05668358714043993,0.0,0.06380843838357166,0.0,1.683926529949531e-05
ronin_bridge_2022,ronin_bridge_2022__hn012,ronin_bridge_2022,hard_negative_mined,eth,0,ratio_25,1,3,0.05668358714043993,0.0,0.06380843838357166,0.003157894736842105,0.0014528579777106643
ronin_bridge_2022,ronin_bridge_2022__hn012,ronin_bridge_2022,hard_negative_mined,eth,0,ratio_50,2,3,0.05668358714043993,0.015151515151515152,0.06380843838357166,0.6082966488901449,0.9905684590339661
ronin_bridge_2022,ronin_bridge_2022__hn012,ronin_bridge_2022,hard_negative_mined,eth,0,ratio_75,3,3,0.05668358714043993,0.07575757575757576,0.06380843838357166,0.6732621619343155,0.9144880175590515
ronin_bridge_2022,ronin_bridge_2022__hn013,ronin_bridge_2022,hard_negative_mined,eth,0,ratio_25,1,2,0.05668358714043993,0.030303030303030304,0.02034339200047519,0.0,4.396482108859345e-05
ronin_bridge_2022,ronin_bridge_2022__hn013,ronin_bridge_2022,hard_negative_mined,eth,0,ratio_75,2,2,0.05668358714043993,0.09090909090909091,0.02034339200047519,0.039099613129135735,0.00020188502094242722
ronin_bridge_2022,ronin_bridge_2022__hn014,ronin_bridge_2022,hard_negative_mined,eth,0,ratio_25,1,1,0.05668358714043993,0.0,0.06380843838357166,0.01,2.1487323465407826e-05
ronin_bridge_2022,ronin_bridge_2022__hn016,ronin_bridge_2022,hard_negative_mined,eth,0,ratio_25,1,1,0.05668358714043993,0.030303030303030304,0.02034339200047519,0.0,2.7572135877562687e-05
ronin_bridge_2022,ronin_bridge_2022__hn017,ronin_bridge_2022,hard_negative_mined,eth,0,ratio_25,1,1,0.05668358714043993,0.030303030303030304,0.02034339200047519,0.0,7.54322754801251e-05
ronin_bridge_2022,ronin_bridge_2022__hn018,ronin_bridge_2022,hard_negative_mined,eth,0,ratio_25,1,1,0.05668358714043993,0.030303030303030304,0.02034339200047519,0.0,2.7572135877562687e-05
ronin_bridge_2022,ronin_bridge_2022__hn019,ronin_bridge_2022,hard_negative_mined,eth,0,ratio_25,1,1,0.05668358714043993,0.030303030303030304,0.02034339200047519,0.0,2.7572135877562687e-05
ronin_bridge_2022,ronin_bridge_2022__hn020,ronin_bridge_2022,hard_negative_mined,eth,0,ratio_25,1,1,0.05668358714043993,0.0,0.06752510427937007,0.0,5.607924686046317e-05
ronin_bridge_2022,ronin_bridge_2022__hn021,ronin_bridge_2022,hard_negative_mined,eth,0,ratio_25,1,3,0.05668358714043993,0.0,0.06380843838357166,0.0,0.0001519079669378698
ronin_bridge_2022,ronin_bridge_2022__hn021,ronin_bridge_2022,hard_negative_mined,eth,0,ratio_50,2,3,0.05668358714043993,0.06060606060606061,0.06380843838357166,0.10049098921834726,0.0007892659632489085
ronin_bridge_2022,ronin_bridge_2022__hn021,ronin_bridge_2022,hard_negative_mined,eth,0,ratio_75,3,3,0.05668358714043993,0.06060606060606061,0.06380843838357166,0.05561303452401397,0.0006821598508395255
ronin_bridge_2022,ronin_bridge_2022__hn022,ronin_bridge_2022,hard_negative_mined,eth,0,ratio_25,1,1,0.05668358714043993,0.030303030303030304,0.02034339200047519,0.0,2.7572135877562687e-05
ronin_bridge_2022,ronin_bridge_2022__hn024,ronin_bridge_2022,hard_negative_mined,eth,0,ratio_25,1,1,0.05668358714043993,0.030303030303030304,0.02034339200047519,0.0,2.7572135877562687e-05
ronin_bridge_2022,ronin_bridge_2022__hn025,ronin_bridge_2022,hard_negative_mined,eth,0,ratio_25,1,1,0.05668358714043993,0.030303030303030304,0.02034339200047519,0.0,2.7572135877562687e-05
ronin_bridge_2022,ronin_bridge_2022__hn026,ronin_bridge_2022,hard_negative_mined,eth,0,ratio_25,1,2,0.05668358714043993,0.030303030303030304,0.02034339200047519,0.0,4.396482108859345e-05
ronin_bridge_2022,ronin_bridge_2022__hn026,ronin_bridge_2022,hard_negative_mined,eth,0,ratio_75,2,2,0.05668358714043993,0.09090909090909091,0.036257065546133206,0.029946782747261744,0.0010403620544821024
ronin_bridge_2022,ronin_bridge_2022__hn027,ronin_bridge_2022,hard_negative_mined,eth,0,ratio_25,1,1,0.05668358714043993,0.030303030303030304,0.02034339200047519,0.0,3.678385110106319e-05
ronin_bridge_2022,ronin_bridge_2022__hn028,ronin_bridge_2022,hard_negative_mined,eth,0,ratio_25,1,1,0.05668358714043993,0.030303030303030304,0.02034339200047519,0.0,2.7572135877562687e-05
ronin_bridge_2022,ronin_bridge_2022__hn030,ronin_bridge_2022,hard_negative_mined,eth,0,ratio_25,1,1,0.05668358714043993,0.030303030303030304,0.02034339200047519,0.0,2.7572135877562687e-05
ronin_bridge_2022,ronin_bridge_2022__hn031,ronin_bridge_2022,hard_negative_mined,eth,0,ratio_25,1,1,0.05668358714043993,0.030303030303030304,0.02034339200047519,0.0,2.7572135877562687e-05
ronin_bridge_2022,ronin_bridge_2022__hn032,ronin_bridge_2022,hard_negative_mined,eth,0,ratio_25,1,1,0.05668358714043993,0.030303030303030304,0.02034339200047519,0.0,2.7572135877562687e-05
ronin_bridge_2022,ronin_bridge_2022__hn033,ronin_bridge_2022,hard_negative_mined,eth,0,ratio_25,1,3,0.05668358714043993,0.030303030303030304,0.02034339200047519,0.0,0.00020855253387708217
ronin_bridge_2022,ronin_bridge_2022__hn033,ronin_bridge_2022,hard_negative_mined,eth,0,ratio_50,2,3,0.05668358714043993,0.09090909090909091,0.02034339200047519,0.04613319265462124,6.66386986267753e-05
ronin_bridge_2022,ronin_bridge_2022__hn033,ronin_bridge_2022,hard_negative_mined,eth,0,ratio_75,3,3,0.05668358714043993,0.09090909090909091,0.029936718548262693,0.14201915293571696,0.0003819625999312848
ronin_bridge_2022,ronin_bridge_2022__hn034,ronin_bridge_2022,hard_negative_mined,eth,0,ratio_25,1,2,0.05668358714043993,0.030303030303030304,0.02034339200047519,0.0,4.396482108859345e-05
ronin_bridge_2022,ronin_bridge_2022__hn034,ronin_bridge_2022,hard_negative_mined,eth,0,ratio_75,2,2,0.05668358714043993,0.09090909090909091,0.02034339200047519,0.11109795659389297,0.00041333481203764677
ronin_bridge_2022,ronin_bridge_2022__hn035,ronin_bridge_2022,hard_negative_mined,eth,0,ratio_25,1,1,0.05668358714043993,0.030303030303030304,0.02034339200047519,0.0,2.7572135877562687e-05
ronin_bridge_2022,ronin_bridge_2022__hn037,ronin_bridge_2022,hard_negative_mined,eth,0,ratio_25,1,1,0.05668358714043993,0.030303030303030304,0.02034339200047519,0.0,2.7572135877562687e-05
ronin_bridge_2022,ronin_bridge_2022__hn038,ronin_bridge_2022,hard_negative_mined,eth,0,ratio_25,1,1,0.05668358714043993,0.030303030303030304,0.02034339200047519,0.0,3.678385110106319e-05
ronin_bridge_2022,ronin_bridge_2022__hn039,ronin_bridge_2022,hard_negative_mined,eth,0,ratio_25,1,1,0.05668358714043993,0.030303030303030304,0.02034339200047519,0.0,3.678385110106319e-05
ronin_bridge_2022,ronin_bridge_2022__hn040,ronin_bridge_2022,hard_negative_mined,eth,0,ratio_25,1,1,0.05668358714043993,0.030303030303030304,0.02034339200047519,0.0,2.7572135877562687e-05
ronin_bridge_2022,ronin_bridge_2022__hn041,ronin_bridge_2022,hard_negative_mined,eth,0,ratio_25,1,3,0.05668358714043993,0.030303030303030304,0.02034339200047519,0.0,0.00020855253387708217
ronin_bridge_2022,ronin_bridge_2022__hn041,ronin_bridge_2022,hard_negative_mined,eth,0,ratio_50,2,3,0.05668358714043993,0.09090909090909091,0.02034339200047519,0.09180107040987534,0.00017518727690912783
ronin_bridge_2022,ronin_bridge_2022__hn041,ronin_bridge_2022,hard_negative_mined,eth,0,ratio_75,3,3,0.05668358714043993,0.09090909090909091,0.02034339200047519,0.0795,0.0009105773642659187
ronin_bridge_2022,ronin_bridge_2022__hn042,ronin_bridge_2022,hard_negative_mined,eth,0,ratio_25,1,1,0.05668358714043993,0.030303030303030304,0.02034339200047519,0.0,2.7572135877562687e-05
ronin_bridge_2022,ronin_bridge_2022__hn043,ronin_bridge_2022,hard_negative_mined,eth,0,ratio_25,1,1,0.05668358714043993,0.030303030303030304,0.02034339200047519,0.0,2.7572135877562687e-05
ronin_bridge_2022,ronin_bridge_2022__hn044,ronin_bridge_2022,hard_negative_mined,eth,0,ratio_25,1,2,0.05668358714043993,0.030303030303030304,0.02034339200047519,0.0,4.396482108859345e-05
ronin_bridge_2022,ronin_bridge_2022__hn044,ronin_bridge_2022,hard_negative_mined,eth,0,ratio_75,2,2,0.05668358714043993,0.09090909090909091,0.036257065546133206,0.005889367939846938,0.00010489147825865075
ronin_bridge_2022,ronin_bridge_2022__hn045,ronin_bridge_2022,hard_negative_mined,eth,0,ratio_25,1,1,0.05668358714043993,0.030303030303030304,0.02034339200047519,0.0,2.7572135877562687e-05
ronin_bridge_2022,ronin_bridge_2022__hn046,ronin_bridge_2022,hard_negative_mined,eth,0,ratio_25,1,1,0.05668358714043993,0.030303030303030304,0.02034339200047519,0.0,2.7572135877562687e-05
ronin_bridge_2022,ronin_bridge_2022__hn047,ronin_bridge_2022,hard_negative_mined,eth,0,ratio_25,1,1,0.05668358714043993,0.0,0.06380843838357166,0.0,3.126893352600746e-05
ronin_bridge_2022,ronin_bridge_2022__hn048,ronin_bridge_2022,hard_negative_mined,eth,0,ratio_25,1,1,0.05668358714043993,0.0,0.06380843838357166,0.0,1.683926529949531e-05
ronin_bridge_2022,ronin_bridge_2022__hn049,ronin_bridge_2022,hard_negative_mined,eth,0,ratio_25,1,3,0.05668358714043993,0.030303030303030304,0.02034339200047519,0.0,0.00020855253387708217
ronin_bridge_2022,ronin_bridge_2022__hn049,ronin_bridge_2022,hard_negative_mined,eth,0,ratio_50,2,3,0.05668358714043993,0.09090909090909091,0.02034339200047519,0.06599710767672691,0.0009124728967435658
ronin_bridge_2022,ronin_bridge_2022__hn049,ronin_bridge_2022,hard_negative_mined,eth,0,ratio_75,3,3,0.05668358714043993,0.09090909090909091,0.029936718548262693,0.0,0.0001567757863085717
ronin_bridge_2022,ronin_bridge_2022__hn050,ronin_bridge_2022,hard_negative_mined,eth,0,ratio_25,1,1,0.05668358714043993,0.030303030303030304,0.02034339200047519,0.0,7.54322754801251e-05
ronin_bridge_2022,ronin_bridge_2022__hn051,ronin_bridge_2022,hard_negative_mined,eth,0,ratio_25,1,2,0.05668358714043993,0.030303030303030304,0.02034339200047519,0.0,4.396482108859345e-05
ronin_bridge_2022,ronin_bridge_2022__hn051,ronin_bridge_2022,hard_negative_mined,eth,0,ratio_75,2,2,0.05668358714043993,0.09090909090909091,0.036257065546133206,0.02745732069862505,0.0007171106990426779
ronin_bridge_2022,ronin_bridge_2022__hn052,ronin_bridge_2022,hard_negative_mined,eth,0,ratio_25,1,1,0.05668358714043993,0.030303030303030304,0.02034339200047519,0.0,2.7572135877562687e-05
ronin_bridge_2022,ronin_bridge_2022__hn054,ronin_bridge_2022,hard_negative_mined,eth,0,ratio_25,1,1,0.05668358714043993,0.030303030303030304,0.02034339200047519,0.0,2.7572135877562687e-05
ronin_bridge_2022,ronin_bridge_2022__hn055,ronin_bridge_2022,hard_negative_mined,eth,0,ratio_25,1,2,0.05668358714043993,0.030303030303030304,0.02034339200047519,0.0,4.396482108859345e-05
ronin_bridge_2022,ronin_bridge_2022__hn055,ronin_bridge_2022,hard_negative_mined,eth,0,ratio_75,2,2,0.05668358714043993,0.09090909090909091,0.036257065546133206,0.007784389584868583,0.00042236087028868496
ronin_bridge_2022,ronin_bridge_2022__hn056,ronin_bridge_2022,hard_negative_mined,eth,0,ratio_25,1,1,0.05668358714043993,0.030303030303030304,0.02034339200047519,0.0,0.0009611414861865342
ronin_bridge_2022,ronin_bridge_2022__hn057,ronin_bridge_2022,hard_negative_mined,eth,0,ratio_25,1,1,0.05668358714043993,0.0,0.06380843838357166,0.0,0.0010712413350120187
ronin_bridge_2022,ronin_bridge_2022__hn058,ronin_bridge_2022,hard_negative_mined,eth,0,ratio_25,1,1,0.05668358714043993,0.030303030303030304,0.02034339200047519,0.0,2.7572135877562687e-05
ronin_bridge_2022,ronin_bridge_2022__hn059,ronin_bridge_2022,hard_negative_mined,eth,0,ratio_25,1,1,0.05668358714043993,0.030303030303030304,0.02034339200047519,0.0,2.7572135877562687e-05
ronin_bridge_2022,ronin_bridge_2022__hn060,ronin_bridge_2022,hard_negative_mined,eth,0,ratio_25,1,1,0.05668358714043993,0.030303030303030304,0.02034339200047519,0.0,2.7572135877562687e-05
ronin_bridge_2022,ronin_bridge_2022__hn061,ronin_bridge_2022,hard_negative_mined,eth,0,ratio_25,1,1,0.05668358714043993,0.0,0.06380843838357166,0.0,2.1487323465407826e-05
ronin_bridge_2022,ronin_bridge_2022__hn062,ronin_bridge_2022,hard_negative_mined,eth,0,ratio_25,1,2,0.05668358714043993,0.0,0.06380843838357166,0.003157894736842105,0.002888777293264866
ronin_bridge_2022,ronin_bridge_2022__hn062,ronin_bridge_2022,hard_negative_mined,eth,0,ratio_75,2,2,0.05668358714043993,0.06060606060606061,0.06380843838357166,0.04797080401124318,0.010070478543639183
ronin_bridge_2022,ronin_bridge_2022__hn063,ronin_bridge_2022,hard_negative_mined,eth,0,ratio_25,1,1,0.05668358714043993,0.0,0.06380843838357166,0.0,1.683926529949531e-05
ronin_bridge_2022,ronin_bridge_2022__hn064,ronin_bridge_2022,hard_negative_mined,eth,0,ratio_25,1,1,0.05668358714043993,0.030303030303030304,0.02034339200047519,0.0,2.7572135877562687e-05
ronin_bridge_2022,ronin_bridge_2022__hn065,ronin_bridge_2022,hard_negative_mined,eth,0,ratio_25,1,1,0.05668358714043993,0.030303030303030304,0.02034339200047519,0.0,2.7572135877562687e-05
ronin_bridge_2022,ronin_bridge_2022__hn066,ronin_bridge_2022,hard_negative_mined,eth,0,ratio_25,1,2,0.05668358714043993,0.0,0.06380843838357166,0.0,3.4262444387422875e-05
ronin_bridge_2022,ronin_bridge_2022__hn066,ronin_bridge_2022,hard_negative_mined,eth,0,ratio_75,2,2,0.05668358714043993,0.06060606060606061,0.06380843838357166,0.007389367939846938,0.00021199385810177773
ronin_bridge_2022,ronin_bridge_2022__hn067,ronin_bridge_2022,hard_negative_mined,eth,0,ratio_25,1,1,0.05668358714043993,0.030303030303030304,0.02034339200047519,0.0,2.7572135877562687e-05
ronin_bridge_2022,ronin_bridge_2022__hn068,ronin_bridge_2022,hard_negative_mined,eth,0,ratio_25,1,3,0.05668358714043993,0.0,0.06752510427937007,0.0,0.0003469392249826342
ronin_bridge_2022,ronin_bridge_2022__hn068,ronin_bridge_2022,hard_negative_mined,eth,0,ratio_50,2,3,0.05668358714043993,0.06060606060606061,0.06752510427937007,0.05503155546922447,0.000914508244022727
ronin_bridge_2022,ronin_bridge_2022__hn068,ronin_bridge_2022,hard_negative_mined,eth,0,ratio_75,3,3,0.05668358714043993,0.07575757575757576,0.06626442686572731,0.10696444891115638,0.0020623912569135427
ronin_bridge_2022,ronin_bridge_2022__hn069,ronin_bridge_2022,hard_negative_mined,eth,0,ratio_25,1,1,0.05668358714043993,0.0,0.06380843838357166,0.005,3.985102739534341e-05
deltaprime_arbitrum_2024,deltaprime_arbitrum_2024__hn000,deltaprime_arbitrum_2024,hard_negative_mined,arbitrum,0,ratio_25,1,4,0.06179286335944299,0.0,0.07005226170772745,0.01,0.0004567256255540997
deltaprime_arbitrum_2024,deltaprime_arbitrum_2024__hn000,deltaprime_arbitrum_2024,hard_negative_mined,arbitrum,0,ratio_50,2,4,0.06179286335944299,0.07575757575757576,0.07005226170772745,0.46304698473302963,0.23451921343803406
deltaprime_arbitrum_2024,deltaprime_arbitrum_2024__hn000,deltaprime_arbitrum_2024,hard_negative_mined,arbitrum,0,ratio_75,3,4,0.06179286335944299,0.09090909090909091,0.07291843853121298,0.30080444023671843,0.0221234317868948
deltaprime_arbitrum_2024,deltaprime_arbitrum_2024__hn000,deltaprime_arbitrum_2024,hard_negative_mined,arbitrum,0,ratio_100,4,4,0.06179286335944299,0.09090909090909091,0.07439171147325971,0.13975043257409725,0.010434076189994812
deltaprime_arbitrum_2024,deltaprime_arbitrum_2024__hn001,deltaprime_arbitrum_2024,hard_negative_mined,arbitrum,0,ratio_25,1,1,0.06179286335944299,0.0,0.07897714315479286,0.0,9.814936493057758e-05
deltaprime_arbitrum_2024,deltaprime_arbitrum_2024__hn002,deltaprime_arbitrum_2024,hard_negative_mined,arbitrum,0,ratio_25,1,1,0.06179286335944299,0.0,0.07005226170772745,0.0,6.99474330758676e-05
deltaprime_arbitrum_2024,deltaprime_arbitrum_2024__hn003,deltaprime_arbitrum_2024,hard_negative_mined,arbitrum,0,ratio_25,1,1,0.06179286335944299,0.0,0.07005226170772745,0.0,2.0793753719772212e-05
deltaprime_arbitrum_2024,deltaprime_arbitrum_2024__hn004,deltaprime_arbitrum_2024,hard_negative_mined,arbitrum,0,ratio_25,1,1,0.06179286335944299,0.030303030303030304,0.020106528330673664,0.0,5.6361197493970394e-05
deltaprime_arbitrum_2024,deltaprime_arbitrum_2024__hn005,deltaprime_arbitrum_2024,hard_negative_mined,arbitrum,0,ratio_25,1,1,0.06179286335944299,0.030303030303030304,0.020106528330673664,0.0,5.6361197493970394e-05
deltaprime_arbitrum_2024,deltaprime_arbitrum_2024__hn006,deltaprime_arbitrum_2024,hard_negative_mined,arbitrum,0,ratio_25,1,1,0.06179286335944299,0.030303030303030304,0.020106528330673664,0.0,0.00027182605117559433
deltaprime_arbitrum_2024,deltaprime_arbitrum_2024__hn007,deltaprime_arbitrum_2024,hard_negative_mined,arbitrum,0,k_2,2,91,0.06179286335944299,0.09090909090909091,0.020106528330673664,0.3632011236659616,0.23483358323574066
deltaprime_arbitrum_2024,deltaprime_arbitrum_2024__hn007,deltaprime_arbitrum_2024,hard_negative_mined,arbitrum,0,k_3,3,91,0.06179286335944299,0.09090909090909091,0.020106528330673664,0.5176202663220832,0.9780676960945129
deltaprime_arbitrum_2024,deltaprime_arbitrum_2024__hn007,deltaprime_arbitrum_2024,hard_negative_mined,arbitrum,0,k_5,5,91,0.06179286335944299,0.09090909090909091,0.020106528330673664,0.1507517176871051,0.014199472963809967
deltaprime_arbitrum_2024,deltaprime_arbitrum_2024__hn007,deltaprime_arbitrum_2024,hard_negative_mined,arbitrum,0,k_7,7,91,0.06179286335944299,0.09090909090909091,0.020106528330673664,0.07265129136941968,0.010148894973099232
deltaprime_arbitrum_2024,deltaprime_arbitrum_2024__hn007,deltaprime_arbitrum_2024,hard_negative_mined,arbitrum,0,ratio_25,23,91,0.06179286335944299,0.09090909090909091,0.020106528330673664,0.002763693901035673,0.00016380530723836273
deltaprime_arbitrum_2024,deltaprime_arbitrum_2024__hn007,deltaprime_arbitrum_2024,hard_negative_mined,arbitrum,0,ratio_50,46,91,0.06179286335944299,0.09090909090909091,0.020106528330673664,0.004284323271665043,0.00028949297848157585
deltaprime_arbitrum_2024,deltaprime_arbitrum_2024__hn007,deltaprime_arbitrum_2024,hard_negative_mined,arbitrum,0,ratio_75,69,91,0.06179286335944299,0.09090909090909091,0.020106528330673664,0.01298187571921749,0.00015136244473978877
deltaprime_arbitrum_2024,deltaprime_arbitrum_2024__hn007,deltaprime_arbitrum_2024,hard_negative_mined,arbitrum,0,ratio_100,91,91,0.06179286335944299,0.09090909090909091,0.020106528330673664,0.0044303605677023395,0.0001104613984352909
deltaprime_arbitrum_2024,deltaprime_arbitrum_2024__hn008,deltaprime_arbitrum_2024,hard_negative_mined,arbitrum,0,k_2,2,121,0.06179286335944299,0.09090909090909091,0.020106528330673664,0.05010599160968072,0.0006604710360988975
deltaprime_arbitrum_2024,deltaprime_arbitrum_2024__hn008,deltaprime_arbitrum_2024,hard_negative_mined,arbitrum,0,k_3,3,121,0.06179286335944299,0.09090909090909091,0.020106528330673664,0.04345718992982535,0.000650521949864924
deltaprime_arbitrum_2024,deltaprime_arbitrum_2024__hn008,deltaprime_arbitrum_2024,hard_negative_mined,arbitrum,0,k_5,5,121,0.06179286335944299,0.09090909090909091,0.020106528330673664,0.0019438729587244437,8.25950046419166e-05
deltaprime_arbitrum_2024,deltaprime_arbitrum_2024__hn008,deltaprime_arbitrum_2024,hard_negative_mined,arbitrum,0,k_7,7,121,0.06179286335944299,0.09090909090909091,0.020106528330673664,0.03407382050383979,0.00022276994423009455
deltaprime_arbitrum_2024,deltaprime_arbitrum_2024__hn008,deltaprime_arbitrum_2024,hard_negative_mined,arbitrum,0,ratio_25,31,121,0.06179286335944299,0.09090909090909091,0.020106528330673664,0.06100313974034701,0.005373373627662659
deltaprime_arbitrum_2024,deltaprime_arbitrum_2024__hn008,deltaprime_arbitrum_2024,hard_negative_mined,arbitrum,0,ratio_50,61,121,0.06179286335944299,0.09090909090909091,0.020106528330673664,0.019325961740722868,0.0007873316644690931
deltaprime_arbitrum_2024,deltaprime_arbitrum_2024__hn008,deltaprime_arbitrum_2024,hard_negative_mined,arbitrum,0,ratio_75,91,121,0.06179286335944299,0.09090909090909091,0.020106528330673664,0.0176592950740562,0.00042652388219721615
deltaprime_arbitrum_2024,deltaprime_arbitrum_2024__hn008,deltaprime_arbitrum_2024,hard_negative_mined,arbitrum,0,ratio_100,121,121,0.06179286335944299,0.09090909090909091,0.020106528330673664,0.024325961740722865,0.00042652388219721615
deltaprime_arbitrum_2024,deltaprime_arbitrum_2024__hn009,deltaprime_arbitrum_2024,hard_negative_mined,arbitrum,0,ratio_25,1,1,0.06179286335944299,0.030303030303030304,0.020106528330673664,0.0,5.6361197493970394e-05
deltaprime_arbitrum_2024,deltaprime_arbitrum_2024__hn010,deltaprime_arbitrum_2024,hard_negative_mined,arbitrum,0,ratio_25,1,1,0.06179286335944299,0.030303030303030304,0.020106528330673664,0.0,5.6361197493970394e-05
deltaprime_arbitrum_2024,deltaprime_arbitrum_2024__hn011,deltaprime_arbitrum_2024,hard_negative_mined,arbitrum,0,ratio_25,1,1,0.06179286335944299,0.0,0.07005226170772745,0.0,2.0793753719772212e-05
deltaprime_arbitrum_2024,deltaprime_arbitrum_2024__hn012,deltaprime_arbitrum_2024,hard_negative_mined,arbitrum,0,ratio_25,1,3,0.06179286335944299,0.030303030303030304,0.020106528330673664,0.0,0.006387337576597929
deltaprime_arbitrum_2024,deltaprime_arbitrum_2024__hn012,deltaprime_arbitrum_2024,hard_negative_mined,arbitrum,0,ratio_50,2,3,0.06179286335944299,0.10606060606060606,0.020106528330673664,0.04349725523411367,0.00576558755710721
deltaprime_arbitrum_2024,deltaprime_arbitrum_2024__hn012,deltaprime_arbitrum_2024,hard_negative_mined,arbitrum,0,ratio_75,3,3,0.06179286335944299,0.10606060606060606,0.020106528330673664,0.06569440573721154,0.19937415421009064
deltaprime_arbitrum_2024,deltaprime_arbitrum_2024__hn013,deltaprime_arbitrum_2024,hard_negative_mined,arbitrum,0,ratio_25,1,1,0.06179286335944299,0.0,0.07005226170772745,0.0,2.0793753719772212e-05
deltaprime_arbitrum_2024,deltaprime_arbitrum_2024__hn014,deltaprime_arbitrum_2024,hard_negative_mined,arbitrum,0,ratio_25,1,1,0.06179286335944299,0.030303030303030304,0.020106528330673664,0.0,0.0002644420019350946
deltaprime_arbitrum_2024,deltaprime_arbitrum_2024__hn015,deltaprime_arbitrum_2024,hard_negative_mined,arbitrum,0,ratio_25,1,1,0.06179286335944299,0.0,0.07897714315479286,0.0,9.814936493057758e-05
deltaprime_arbitrum_2024,deltaprime_arbitrum_2024__hn016,deltaprime_arbitrum_2024,hard_negative_mined,arbitrum,0,k_2,2,168,0.06179286335944299,0.030303030303030304,0.03782802149372659,0.29726775304716485,0.04118138551712036
deltaprime_arbitrum_2024,deltaprime_arbitrum_2024__hn016,deltaprime_arbitrum_2024,hard_negative_mined,arbitrum,0,k_3,3,168,0.06179286335944299,0.09090909090909091,0.0306826370225381,0.28583188236562224,0.034941911697387695
deltaprime_arbitrum_2024,deltaprime_arbitrum_2024__hn016,deltaprime_arbitrum_2024,hard_negative_mined,arbitrum,0,k_5,5,168,0.06179286335944299,0.09090909090909091,0.025924589286571438,0.22255978587754122,0.01449948363006115
deltaprime_arbitrum_2024,deltaprime_arbitrum_2024__hn016,deltaprime_arbitrum_2024,hard_negative_mined,arbitrum,0,k_7,7,168,0.06179286335944299,0.09090909090909091,0.02411262056444594,0.21047223324281517,0.06344591081142426
deltaprime_arbitrum_2024,deltaprime_arbitrum_2024__hn016,deltaprime_arbitrum_2024,hard_negative_mined,arbitrum,0,ratio_25,42,168,0.06179286335944299,0.09090909090909091,0.02072575247394937,0.15794117647058822,0.010833620093762875
deltaprime_arbitrum_2024,deltaprime_arbitrum_2024__hn016,deltaprime_arbitrum_2024,hard_negative_mined,arbitrum,0,ratio_50,84,168,0.06179286335944299,0.09090909090909091,0.0204138415499099,0.15097689075630252,0.01345442607998848
deltaprime_arbitrum_2024,deltaprime_arbitrum_2024__hn016,deltaprime_arbitrum_2024,hard_negative_mined,arbitrum,0,ratio_75,126,168,0.06179286335944299,0.09090909090909091,0.02031089617572114,0.13303571428571428,0.015481501817703247
deltaprime_arbitrum_2024,deltaprime_arbitrum_2024__hn016,deltaprime_arbitrum_2024,hard_negative_mined,arbitrum,0,ratio_100,168,168,0.06179286335944299,0.09090909090909091,0.020259614302409173,0.1380357142857143,0.021195439621806145
deltaprime_arbitrum_2024,deltaprime_arbitrum_2024__hn017,deltaprime_arbitrum_2024,hard_negative_mined,arbitrum,0,ratio_25,1,1,0.06179286335944299,0.0,0.07005226170772745,0.0,6.835276144556701e-05
deltaprime_arbitrum_2024,deltaprime_arbitrum_2024__hn018,deltaprime_arbitrum_2024,hard_negative_mined,arbitrum,0,ratio_25,1,1,0.06179286335944299,0.0,0.07005226170772745,0.0,2.0793753719772212e-05
deltaprime_arbitrum_2024,deltaprime_arbitrum_2024__hn019,deltaprime_arbitrum_2024,hard_negative_mined,arbitrum,0,ratio_25,1,1,0.06179286335944299,0.0,0.07005226170772745,0.0,2.0793753719772212e-05
deltaprime_arbitrum_2024,deltaprime_arbitrum_2024__hn020,deltaprime_arbitrum_2024,hard_negative_mined,arbitrum,0,ratio_25,1,1,0.06179286335944299,0.030303030303030304,0.020106528330673664,0.0,5.6361197493970394e-05
deltaprime_arbitrum_2024,deltaprime_arbitrum_2024__hn021,deltaprime_arbitrum_2024,hard_negative_mined,arbitrum,0,ratio_25,1,2,0.06179286335944299,0.0,0.07005226170772745,0.0,3.285741331637837e-05
deltaprime_arbitrum_2024,deltaprime_arbitrum_2024__hn021,deltaprime_arbitrum_2024,hard_negative_mined,arbitrum,0,ratio_75,2,2,0.06179286335944299,0.06060606060606061,0.07005226170772745,0.05771244697335331,0.000996706890873611
deltaprime_arbitrum_2024,deltaprime_arbitrum_2024__hn022,deltaprime_arbitrum_2024,hard_negative_mined,arbitrum,0,k_2,2,219,0.06179286335944299,0.030303030303030304,0.03782802149372659,0.3112904803198921,0.061877697706222534
deltaprime_arbitrum_2024,deltaprime_arbitrum_2024__hn022,deltaprime_arbitrum_2024,hard_negative_mined,arbitrum,0,k_3,3,219,0.06179286335944299,0.09090909090909091,0.0306826370225381,0.18046170960139457,0.008126023225486279
deltaprime_arbitrum_2024,deltaprime_arbitrum_2024__hn022,deltaprime_arbitrum_2024,hard_negative_mined,arbitrum,0,k_5,5,219,0.06179286335944299,0.09090909090909091,0.025924589286571438,0.1949353938119209,0.008593501523137093
deltaprime_arbitrum_2024,deltaprime_arbitrum_2024__hn022,deltaprime_arbitrum_2024,hard_negative_mined,arbitrum,0,k_7,7,219,0.06179286335944299,0.09090909090909091,0.02411262056444594,0.13158142037302725,0.0037161505315452814
deltaprime_arbitrum_2024,deltaprime_arbitrum_2024__hn022,deltaprime_arbitrum_2024,hard_negative_mined,arbitrum,0,ratio_25,55,219,0.06179286335944299,0.09090909090909091,0.020577726519667654,0.1843931192108745,0.009616538882255554
deltaprime_arbitrum_2024,deltaprime_arbitrum_2024__hn022,deltaprime_arbitrum_2024,hard_negative_mined,arbitrum,0,ratio_50,110,219,0.06179286335944299,0.09090909090909091,0.02034079137371884,0.15970238095238096,0.013177511282265186
deltaprime_arbitrum_2024,deltaprime_arbitrum_2024__hn022,deltaprime_arbitrum_2024,hard_negative_mined,arbitrum,0,ratio_75,165,219,0.06179286335944299,0.09090909090909091,0.020262408223016184,0.1130357142857143,0.015481501817703247
deltaprime_arbitrum_2024,deltaprime_arbitrum_2024__hn022,deltaprime_arbitrum_2024,hard_negative_mined,arbitrum,0,ratio_100,219,219,0.06179286335944299,0.09090909090909091,0.0202238625005537,0.1380357142857143,0.007179488427937031
deltaprime_arbitrum_2024,deltaprime_arbitrum_2024__hn023,deltaprime_arbitrum_2024,hard_negative_mined,arbitrum,0,ratio_25,1,3,0.06179286335944299,0.0,0.07005226170772745,0.0,9.140452311839908e-05
deltaprime_arbitrum_2024,deltaprime_arbitrum_2024__hn023,deltaprime_arbitrum_2024,hard_negative_mined,arbitrum,0,ratio_50,2,3,0.06179286335944299,0.06060606060606061,0.07005226170772745,0.11635726340878866,0.0013606513384729624
deltaprime_arbitrum_2024,deltaprime_arbitrum_2024__hn023,deltaprime_arbitrum_2024,hard_negative_mined,arbitrum,0,ratio_75,3,3,0.06179286335944299,0.06060606060606061,0.07005226170772745,0.002763693901035673,0.00019368223729543388
deltaprime_arbitrum_2024,deltaprime_arbitrum_2024__hn025,deltaprime_arbitrum_2024,hard_negative_mined,arbitrum,0,ratio_25,1,2,0.06179286335944299,0.0,0.07897714315479286,0.0,0.00011562634608708322
deltaprime_arbitrum_2024,deltaprime_arbitrum_2024__hn025,deltaprime_arbitrum_2024,hard_negative_mined,arbitrum,0,ratio_75,2,2,0.06179286335944299,0.07575757575757576,0.07439171147325971,0.046256771141621335,0.0001155691352323629
deltaprime_arbitrum_2024,deltaprime_arbitrum_2024__hn026,deltaprime_arbitrum_2024,hard_negative_mined,arbitrum,0,ratio_25,1,1,0.06179286335944299,0.0,0.07005226170772745,0.0,8.985721797216684e-05
deltaprime_arbitrum_2024,deltaprime_arbitrum_2024__hn027,deltaprime_arbitrum_2024,hard_negative_mined,arbitrum,0,ratio_25,1,1,0.06179286335944299,0.0,0.07005226170772745,0.0,6.649548595305532e-05
deltaprime_arbitrum_2024,deltaprime_arbitrum_2024__hn028,deltaprime_arbitrum_2024,hard_negative_mined,arbitrum,0,ratio_25,1,2,0.06179286335944299,0.030303030303030304,0.020106528330673664,0.0,8.905773574952036e-05
deltaprime_arbitrum_2024,deltaprime_arbitrum_2024__hn028,deltaprime_arbitrum_2024,hard_negative_mined,arbitrum,0,ratio_75,2,2,0.06179286335944299,0.09090909090909091,0.03782802149372659,0.004526000920386563,0.0003320966789033264
deltaprime_arbitrum_2024,deltaprime_arbitrum_2024__hn029,deltaprime_arbitrum_2024,hard_negative_mined,arbitrum,0,ratio_25,1,1,0.06179286335944299,0.0,0.07897714315479286,0.0,0.00022830284433439374
deltaprime_arbitrum_2024,deltaprime_arbitrum_2024__hn030,deltaprime_arbitrum_2024,hard_negative_mined,arbitrum,0,ratio_25,1,1,0.06179286335944299,0.030303030303030304,0.020106528330673664,0.0,0.00027182605117559433
deltaprime_arbitrum_2024,deltaprime_arbitrum_2024__hn031,deltaprime_arbitrum_2024,hard_negative_mined,arbitrum,0,ratio_25,1,1,0.06179286335944299,0.0,0.07005226170772745,0.0,2.0793753719772212e-05
deltaprime_arbitrum_2024,deltaprime_arbitrum_2024__hn032,deltaprime_arbitrum_2024,hard_negative_mined,arbitrum,0,ratio_25,1,1,0.06179286335944299,0.0,0.07005226170772745,0.0,2.0793753719772212e-05
deltaprime_arbitrum_2024,deltaprime_arbitrum_2024__hn033,deltaprime_arbitrum_2024,hard_negative_mined,arbitrum,0,ratio_25,1,1,0.06179286335944299,0.0,0.07005226170772745,0.0,2.0793753719772212e-05
deltaprime_arbitrum_2024,deltaprime_arbitrum_2024__hn035,deltaprime_arbitrum_2024,hard_negative_mined,arbitrum,0,ratio_25,1,2,0.06179286335944299,0.030303030303030304,0.020106528330673664,0.0,8.905773574952036e-05
deltaprime_arbitrum_2024,deltaprime_arbitrum_2024__hn035,deltaprime_arbitrum_2024,hard_negative_mined,arbitrum,0,ratio_75,2,2,0.06179286335944299,0.09090909090909091,0.03782802149372659,0.002073170731707317,9.992107516154647e-05
deltaprime_arbitrum_2024,deltaprime_arbitrum_2024__hn036,deltaprime_arbitrum_2024,hard_negative_mined,arbitrum,0,ratio_25,1,2,0.06179286335944299,0.030303030303030304,0.020106528330673664,0.0,8.905773574952036e-05
deltaprime_arbitrum_2024,deltaprime_arbitrum_2024__hn036,deltaprime_arbitrum_2024,hard_negative_mined,arbitrum,0,ratio_75,2,2,0.06179286335944299,0.09090909090909091,0.020106528330673664,0.04981591325590918,0.001172374002635479
deltaprime_arbitrum_2024,deltaprime_arbitrum_2024__hn037,deltaprime_arbitrum_2024,hard_negative_mined,arbitrum,0,ratio_25,1,1,0.06179286335944299,0.030303030303030304,0.020106528330673664,0.0,5.6361197493970394e-05
deltaprime_arbitrum_2024,deltaprime_arbitrum_2024__hn038,deltaprime_arbitrum_2024,hard_negative_mined,arbitrum,0,ratio_25,1,2,0.06179286335944299,0.0,0.07005226170772745,0.0,3.285741331637837e-05
deltaprime_arbitrum_2024,deltaprime_arbitrum_2024__hn038,deltaprime_arbitrum_2024,hard_negative_mined,arbitrum,0,ratio_75,2,2,0.06179286335944299,0.06060606060606061,0.07005226170772745,0.03207317073170732,4.709548375103623e-05
deltaprime_arbitrum_2024,deltaprime_arbitrum_2024__hn040,deltaprime_arbitrum_2024,hard_negative_mined,arbitrum,0,ratio_25,1,3,0.06179286335944299,0.030303030303030304,0.020106528330673664,0.0,0.0018640068592503667
deltaprime_arbitrum_2024,deltaprime_arbitrum_2024__hn040,deltaprime_arbitrum_2024,hard_negative_mined,arbitrum,0,ratio_50,2,3,0.06179286335944299,0.10606060606060606,0.03782802149372659,0.013396886132735188,0.0005091963103041053
deltaprime_arbitrum_2024,deltaprime_arbitrum_2024__hn040,deltaprime_arbitrum_2024,hard_negative_mined,arbitrum,0,ratio_75,3,3,0.06179286335944299,0.12121212121212122,0.0306826370225381,0.0,0.00015017167606856674
deltaprime_arbitrum_2024,deltaprime_arbitrum_2024__hn041,deltaprime_arbitrum_2024,hard_negative_mined,arbitrum,0,ratio_25,1,1,0.06179286335944299,0.0,0.07005226170772745,0.0,2.0793753719772212e-05
deltaprime_arbitrum_2024,deltaprime_arbitrum_2024__hn042,deltaprime_arbitrum_2024,hard_negative_mined,arbitrum,0,ratio_25,1,1,0.06179286335944299,0.030303030303030304,0.020106528330673664,0.0,5.6361197493970394e-05
deltaprime_arbitrum_2024,deltaprime_arbitrum_2024__hn043,deltaprime_arbitrum_2024,hard_negative_mined,arbitrum,0,ratio_25,1,1,0.06179286335944299,0.0,0.07897714315479286,0.0,0.00012044893810525537
deltaprime_arbitrum_2024,deltaprime_arbitrum_2024__hn044,deltaprime_arbitrum_2024,hard_negative_mined,arbitrum,0,ratio_25,1,2,0.06179286335944299,0.030303030303030304,0.020106528330673664,0.0,8.905773574952036e-05
deltaprime_arbitrum_2024,deltaprime_arbitrum_2024__hn044,deltaprime_arbitrum_2024,hard_negative_mined,arbitrum,0,ratio_75,2,2,0.06179286335944299,0.10606060606060606,0.03782802149372659,0.0670954273941389,0.0016954165184870362
deltaprime_arbitrum_2024,deltaprime_arbitrum_2024__hn045,deltaprime_arbitrum_2024,hard_negative_mined,arbitrum,0,ratio_25,1,1,0.06179286335944299,0.030303030303030304,0.020106528330673664,0.0,5.6361197493970394e-05
deltaprime_arbitrum_2024,deltaprime_arbitrum_2024__hn046,deltaprime_arbitrum_2024,hard_negative_mined,arbitrum,0,ratio_25,1,1,0.06179286335944299,0.030303030303030304,0.020106528330673664,0.0,0.0002644420019350946
deltaprime_arbitrum_2024,deltaprime_arbitrum_2024__hn047,deltaprime_arbitrum_2024,hard_negative_mined,arbitrum,0,ratio_25,1,1,0.06179286335944299,0.0,0.07897714315479286,0.0,7.317629206227139e-05
deltaprime_arbitrum_2024,deltaprime_arbitrum_2024__hn048,deltaprime_arbitrum_2024,hard_negative_mined,arbitrum,0,ratio_25,1,1,0.06179286335944299,0.0,0.07005226170772745,0.0,2.0793753719772212e-05
deltaprime_arbitrum_2024,deltaprime_arbitrum_2024__hn050,deltaprime_arbitrum_2024,hard_negative_mined,arbitrum,0,ratio_25,2,5,0.06179286335944299,0.015151515151515152,0.07439171147325971,0.24038320443605368,0.07070561498403549
deltaprime_arbitrum_2024,deltaprime_arbitrum_2024__hn050,deltaprime_arbitrum_2024,hard_negative_mined,arbitrum,0,ratio_50,3,5,0.06179286335944299,0.07575757575757576,0.07291843853121298,0.4868470865535282,0.18064716458320618
deltaprime_arbitrum_2024,deltaprime_arbitrum_2024__hn050,deltaprime_arbitrum_2024,hard_negative_mined,arbitrum,0,ratio_75,4,5,0.06179286335944299,0.13636363636363635,0.07219192387743116,0.5530303030303031,0.15585599839687347
deltaprime_arbitrum_2024,deltaprime_arbitrum_2024__hn050,deltaprime_arbitrum_2024,hard_negative_mined,arbitrum,0,ratio_100,5,5,0.06179286335944299,0.13636363636363635,0.07175922495109659,0.545,0.15585599839687347
deltaprime_arbitrum_2024,deltaprime_arbitrum_2024__hn051,deltaprime_arbitrum_2024,hard_negative_mined,arbitrum,0,k_2,2,15,0.06179286335944299,0.09090909090909091,0.020106528330673664,0.20665670969162317,0.01240961067378521
deltaprime_arbitrum_2024,deltaprime_arbitrum_2024__hn051,deltaprime_arbitrum_2024,hard_negative_mined,arbitrum,0,k_3,3,15,0.06179286335944299,0.09090909090909091,0.020106528330673664,0.13312947875571277,0.07845357805490494
deltaprime_arbitrum_2024,deltaprime_arbitrum_2024__hn051,deltaprime_arbitrum_2024,hard_negative_mined,arbitrum,0,ratio_25,4,15,0.06179286335944299,0.09090909090909091,0.020106528330673664,0.09331534433393611,0.003616404952481389
deltaprime_arbitrum_2024,deltaprime_arbitrum_2024__hn051,deltaprime_arbitrum_2024,hard_negative_mined,arbitrum,0,k_5,5,15,0.06179286335944299,0.09090909090909091,0.020106528330673664,0.04990214988949166,0.011803627014160156
deltaprime_arbitrum_2024,deltaprime_arbitrum_2024__hn051,deltaprime_arbitrum_2024,hard_negative_mined,arbitrum,0,k_7,7,15,0.06179286335944299,0.09090909090909091,0.020106528330673664,0.01537834036568214,0.0027081447187811136
deltaprime_arbitrum_2024,deltaprime_arbitrum_2024__hn051,deltaprime_arbitrum_2024,hard_negative_mined,arbitrum,0,ratio_50,8,15,0.06179286335944299,0.09090909090909091,0.020106528330673664,0.02937834036568214,0.001804903382435441
deltaprime_arbitrum_2024,deltaprime_arbitrum_2024__hn051,deltaprime_arbitrum_2024,hard_negative_mined,arbitrum,0,ratio_75,12,15,0.06179286335944299,0.09090909090909091,0.020106528330673664,0.030822784810126583,0.002174571854993701
deltaprime_arbitrum_2024,deltaprime_arbitrum_2024__hn051,deltaprime_arbitrum_2024,hard_negative_mined,arbitrum,0,ratio_100,15,15,0.06179286335944299,0.09090909090909091,0.020106528330673664,0.04082278481012658,0.0027877844404429197
deltaprime_arbitrum_2024,deltaprime_arbitrum_2024__hn052,deltaprime_arbitrum_2024,hard_negative_mined,arbitrum,0,ratio_25,1,2,0.06179286335944299,0.0,0.07005226170772745,0.0,5.742410576203838e-05
deltaprime_arbitrum_2024,deltaprime_arbitrum_2024__hn052,deltaprime_arbitrum_2024,hard_negative_mined,arbitrum,0,ratio_75,2,2,0.06179286335944299,0.0,0.07005226170772745,0.019285714285714285,0.00024397633387707174
deltaprime_arbitrum_2024,deltaprime_arbitrum_2024__hn053,deltaprime_arbitrum_2024,hard_negative_mined,arbitrum,0,ratio_25,1,2,0.06179286335944299,0.0,0.07005226170772745,0.005,3.285741331637837e-05
deltaprime_arbitrum_2024,deltaprime_arbitrum_2024__hn053,deltaprime_arbitrum_2024,hard_negative_mined,arbitrum,0,ratio_75,2,2,0.06179286335944299,0.06060606060606061,0.07005226170772745,0.08046999612853271,0.0004130569286644459
deltaprime_arbitrum_2024,deltaprime_arbitrum_2024__hn054,deltaprime_arbitrum_2024,hard_negative_mined,arbitrum,0,ratio_25,1,1,0.06179286335944299,0.030303030303030304,0.020106528330673664,0.005,0.00042205117642879486
deltaprime_arbitrum_2024,deltaprime_arbitrum_2024__hn055,deltaprime_arbitrum_2024,hard_negative_mined,arbitrum,0,ratio_25,1,1,0.06179286335944299,0.0,0.07005226170772745,0.0,2.0793753719772212e-05
deltaprime_arbitrum_2024,deltaprime_arbitrum_2024__hn056,deltaprime_arbitrum_2024,hard_negative_mined,arbitrum,0,ratio_25,1,1,0.06179286335944299,0.030303030303030304,0.020106528330673664,0.0,0.0003308711457066238
deltaprime_arbitrum_2024,deltaprime_arbitrum_2024__hn057,deltaprime_arbitrum_2024,hard_negative_mined,arbitrum,0,ratio_25,1,1,0.06179286335944299,0.030303030303030304,0.020106528330673664,0.0,5.6361197493970394e-05
deltaprime_arbitrum_2024,deltaprime_arbitrum_2024__hn058,deltaprime_arbitrum_2024,hard_negative_mined,arbitrum,0,ratio_25,1,1,0.06179286335944299,0.030303030303030304,0.020106528330673664,0.0,5.6361197493970394e-05
deltaprime_arbitrum_2024,deltaprime_arbitrum_2024__hn059,deltaprime_arbitrum_2024,hard_negative_mined,arbitrum,0,ratio_25,1,2,0.06179286335944299,0.0,0.07005226170772745,0.0,0.00024096292327158153
deltaprime_arbitrum_2024,deltaprime_arbitrum_2024__hn059,deltaprime_arbitrum_2024,hard_negative_mined,arbitrum,0,ratio_75,2,2,0.06179286335944299,0.0,0.07005226170772745,0.5041453708922561,0.11171652376651764
deltaprime_arbitrum_2024,deltaprime_arbitrum_2024__hn060,deltaprime_arbitrum_2024,hard_negative_mined,arbitrum,0,ratio_25,1,2,0.06179286335944299,0.0,0.07897714315479286,0.0,0.00011562634608708322
deltaprime_arbitrum_2024,deltaprime_arbitrum_2024__hn060,deltaprime_arbitrum_2024,hard_negative_mined,arbitrum,0,ratio_75,2,2,0.06179286335944299,0.07575757575757576,0.07439171147325971,0.07750350560848929,0.00011197476123925298
deltaprime_arbitrum_2024,deltaprime_arbitrum_2024__hn061,deltaprime_arbitrum_2024,hard_negative_mined,arbitrum,0,ratio_25,1,1,0.06179286335944299,0.030303030303030304,0.020106528330673664,0.0,5.6361197493970394e-05
deltaprime_arbitrum_2024,deltaprime_arbitrum_2024__hn062,deltaprime_arbitrum_2024,hard_negative_mined,arbitrum,0,ratio_25,1,2,0.06179286335944299,0.0,0.07005226170772745,0.0,3.285741331637837e-05
deltaprime_arbitrum_2024,deltaprime_arbitrum_2024__hn062,deltaprime_arbitrum_2024,hard_negative_mined,arbitrum,0,ratio_75,2,2,0.06179286335944299,0.06060606060606061,0.07005226170772745,0.02381171520610085,0.00047169116442091763
deltaprime_arbitrum_2024,deltaprime_arbitrum_2024__hn063,deltaprime_arbitrum_2024,hard_negative_mined,arbitrum,0,ratio_25,1,2,0.06179286335944299,0.030303030303030304,0.020106528330673664,0.0,8.905773574952036e-05
deltaprime_arbitrum_2024,deltaprime_arbitrum_2024__hn063,deltaprime_arbitrum_2024,hard_negative_mined,arbitrum,0,ratio_75,2,2,0.06179286335944299,0.10606060606060606,0.020106528330673664,0.05805555555555556,0.0001512964954599738
deltaprime_arbitrum_2024,deltaprime_arbitrum_2024__hn064,deltaprime_arbitrum_2024,hard_negative_mined,arbitrum,0,ratio_25,2,6,0.06179286335944299,0.06060606060606061,0.07005226170772745,0.3237204376999751,0.0735006108880043
deltaprime_arbitrum_2024,deltaprime_arbitrum_2024__hn064,deltaprime_arbitrum_2024,hard_negative_mined,arbitrum,0,ratio_50,3,6,0.06179286335944299,0.06060606060606061,0.07005226170772745,0.27876675585334826,0.005452229641377926
deltaprime_arbitrum_2024,deltaprime_arbitrum_2024__hn064,deltaprime_arbitrum_2024,hard_negative_mined,arbitrum,0,ratio_75,5,6,0.06179286335944299,0.06060606060606061,0.07005226170772745,0.020734219269102988,0.00021308167197275907
deltaprime_arbitrum_2024,deltaprime_arbitrum_2024__hn064,deltaprime_arbitrum_2024,hard_negative_mined,arbitrum,0,ratio_100,6,6,0.06179286335944299,0.06060606060606061,0.07005226170772745,0.0378125775343134,0.0005612005479633808
deltaprime_arbitrum_2024,deltaprime_arbitrum_2024__hn065,deltaprime_arbitrum_2024,hard_negative_mined,arbitrum,0,ratio_25,1,1,0.06179286335944299,0.0,0.07005226170772745,0.0,2.0793753719772212e-05
deltaprime_arbitrum_2024,deltaprime_arbitrum_2024__hn066,deltaprime_arbitrum_2024,hard_negative_mined,arbitrum,0,ratio_25,1,1,0.06179286335944299,0.0,0.07005226170772745,0.0,2.0793753719772212e-05
deltaprime_arbitrum_2024,deltaprime_arbitrum_2024__hn067,deltaprime_arbitrum_2024,hard_negative_mined,arbitrum,0,ratio_25,1,2,0.06179286335944299,0.030303030303030304,0.020106528330673664,0.01,0.0008425519918091595
deltaprime_arbitrum_2024,deltaprime_arbitrum_2024__hn067,deltaprime_arbitrum_2024,hard_negative_mined,arbitrum,0,ratio_75,2,2,0.06179286335944299,0.10606060606060606,0.03782802149372659,0.5493800069008515,0.046999964863061905
deltaprime_arbitrum_2024,deltaprime_arbitrum_2024__hn068,deltaprime_arbitrum_2024,hard_negative_mined,arbitrum,0,ratio_25,1,2,0.06179286335944299,0.0,0.07897714315479286,0.0,0.00011562634608708322
deltaprime_arbitrum_2024,deltaprime_arbitrum_2024__hn068,deltaprime_arbitrum_2024,hard_negative_mined,arbitrum,0,ratio_75,2,2,0.06179286335944299,0.07575757575757576,0.07439171147325971,0.05125677114162133,6.637865590164438e-05
deltaprime_arbitrum_2024,deltaprime_arbitrum_2024__hn069,deltaprime_arbitrum_2024,hard_negative_mined,arbitrum,0,ratio_25,1,1,0.06179286335944299,0.0,0.07005226170772745,0.0,2.0793753719772212e-05
bsc_token_hub_2022,bsc_token_hub_2022__hn000,bsc_token_hub_2022,hard_negative_mined,bsc,0,ratio_25,1,1,0.059082892416225746,0.030303030303030304,0.016597308190508656,0.0,4.393200288177468e-05
bsc_token_hub_2022,bsc_token_hub_2022__hn001,bsc_token_hub_2022,hard_negative_mined,bsc,0,ratio_25,1,1,0.059082892416225746,0.030303030303030304,0.016597308190508656,0.0,4.393200288177468e-05
bsc_token_hub_2022,bsc_token_hub_2022__hn002,bsc_token_hub_2022,hard_negative_mined,bsc,0,ratio_25,1,3,0.059082892416225746,0.030303030303030304,0.016597308190508656,0.0,0.0001467923866584897
bsc_token_hub_2022,bsc_token_hub_2022__hn002,bsc_token_hub_2022,hard_negative_mined,bsc,0,ratio_50,2,3,0.059082892416225746,0.10606060606060606,0.016597308190508656,0.02916362148895555,0.00040378226549364626
bsc_token_hub_2022,bsc_token_hub_2022__hn002,bsc_token_hub_2022,hard_negative_mined,bsc,0,ratio_75,3,3,0.059082892416225746,0.10606060606060606,0.016597308190508656,0.06758136776412232,0.0011866987915709615
bsc_token_hub_2022,bsc_token_hub_2022__hn003,bsc_token_hub_2022,hard_negative_mined,bsc,0,ratio_25,1,1,0.059082892416225746,0.0,0.07841404512717061,0.0,3.600436320994049e-05
bsc_token_hub_2022,bsc_token_hub_2022__hn004,bsc_token_hub_2022,hard_negative_mined,bsc,0,ratio_25,1,1,0.059082892416225746,0.0,0.07841404512717061,0.0,3.600436320994049e-05
bsc_token_hub_2022,bsc_token_hub_2022__hn005,bsc_token_hub_2022,hard_negative_mined,bsc,0,ratio_25,1,2,0.059082892416225746,0.0,0.07841404512717061,0.0,0.0003466373891569674
bsc_token_hub_2022,bsc_token_hub_2022__hn005,bsc_token_hub_2022,hard_negative_mined,bsc,0,ratio_75,2,2,0.059082892416225746,0.06060606060606061,0.07841404512717061,0.06748960326320642,0.0012165878433734179
bsc_token_hub_2022,bsc_token_hub_2022__hn007,bsc_token_hub_2022,hard_negative_mined,bsc,0,ratio_25,1,1,0.059082892416225746,0.0,0.07841404512717061,0.0,3.600436320994049e-05
bsc_token_hub_2022,bsc_token_hub_2022__hn008,bsc_token_hub_2022,hard_negative_mined,bsc,0,ratio_25,1,2,0.059082892416225746,0.0,0.07603436394550418,0.0,0.0001026431200443767
bsc_token_hub_2022,bsc_token_hub_2022__hn008,bsc_token_hub_2022,hard_negative_mined,bsc,0,ratio_75,2,2,0.059082892416225746,0.07575757575757576,0.07603436394550418,0.07395280695126236,9.220906213158742e-05
bsc_token_hub_2022,bsc_token_hub_2022__hn009,bsc_token_hub_2022,hard_negative_mined,bsc,0,ratio_25,1,1,0.059082892416225746,0.0,0.07603436394550418,0.0,0.00017050642054527998
bsc_token_hub_2022,bsc_token_hub_2022__hn010,bsc_token_hub_2022,hard_negative_mined,bsc,0,ratio_25,2,6,0.059082892416225746,0.0,0.07841404512717061,0.12835548799379723,0.0034461431205272675
bsc_token_hub_2022,bsc_token_hub_2022__hn010,bsc_token_hub_2022,hard_negative_mined,bsc,0,ratio_50,3,6,0.059082892416225746,0.06060606060606061,0.07841404512717061,0.0006944444444444445,6.728567677782848e-05
bsc_token_hub_2022,bsc_token_hub_2022__hn010,bsc_token_hub_2022,hard_negative_mined,bsc,0,ratio_75,5,6,0.059082892416225746,0.12121212121212122,0.07841404512717061,0.0010135933806146571,7.095928594935685e-05
bsc_token_hub_2022,bsc_token_hub_2022__hn010,bsc_token_hub_2022,hard_negative_mined,bsc,0,ratio_100,6,6,0.059082892416225746,0.12121212121212122,0.07841404512717061,0.0010135933806146571,0.00012954136764165014
bsc_token_hub_2022,bsc_token_hub_2022__hn011,bsc_token_hub_2022,hard_negative_mined,bsc,0,ratio_25,1,1,0.059082892416225746,0.0,0.07841404512717061,0.0,3.600436320994049e-05
bsc_token_hub_2022,bsc_token_hub_2022__hn012,bsc_token_hub_2022,hard_negative_mined,bsc,0,ratio_25,1,2,0.059082892416225746,0.030303030303030304,0.016597308190508656,0.0,5.8165769587503746e-05
bsc_token_hub_2022,bsc_token_hub_2022__hn012,bsc_token_hub_2022,hard_negative_mined,bsc,0,ratio_75,2,2,0.059082892416225746,0.09090909090909091,0.016597308190508656,0.0488065670505346,0.0005213134572841227
bsc_token_hub_2022,bsc_token_hub_2022__hn013,bsc_token_hub_2022,hard_negative_mined,bsc,0,ratio_25,1,1,0.059082892416225746,0.030303030303030304,0.016597308190508656,0.0,4.393200288177468e-05
bsc_token_hub_2022,bsc_token_hub_2022__hn014,bsc_token_hub_2022,hard_negative_mined,bsc,0,ratio_25,1,1,0.059082892416225746,0.030303030303030304,0.016597308190508656,0.0,4.393200288177468e-05
bsc_token_hub_2022,bsc_token_hub_2022__hn015,bsc_token_hub_2022,hard_negative_mined,bsc,0,ratio_25,1,2,0.059082892416225746,0.0,0.07603436394550418,0.00375,0.00022505105880554765
bsc_token_hub_2022,bsc_token_hub_2022__hn015,bsc_token_hub_2022,hard_negative_mined,bsc,0,ratio_75,2,2,0.059082892416225746,0.06060606060606061,0.07603436394550418,0.4038174956295966,0.0045796167105436325
bsc_token_hub_2022,bsc_token_hub_2022__hn016,bsc_token_hub_2022,hard_negative_mined,bsc,0,ratio_25,1,4,0.059082892416225746,0.0,0.07841404512717061,0.0,0.0003515444986987859
bsc_token_hub_2022,bsc_token_hub_2022__hn016,bsc_token_hub_2022,hard_negative_mined,bsc,0,ratio_50,2,4,0.059082892416225746,0.06060606060606061,0.07841404512717061,0.1964957529112658,0.005806728731840849
bsc_token_hub_2022,bsc_token_hub_2022__hn016,bsc_token_hub_2022,hard_negative_mined,bsc,0,ratio_75,3,4,0.059082892416225746,0.06060606060606061,0.07841404512717061,0.14090223375529976,0.008582859300076962
bsc_token_hub_2022,bsc_token_hub_2022__hn016,bsc_token_hub_2022,hard_negative_mined,bsc,0,ratio_100,4,4,0.059082892416225746,0.06060606060606061,0.07841404512717061,0.03799335863377609,0.000271014025202021
bsc_token_hub_2022,bsc_token_hub_2022__hn017,bsc_token_hub_2022,hard_negative_mined,bsc,0,ratio_25,1,2,0.059082892416225746,0.0,0.07841404512717061,0.0,5.9559650253504515e-05
bsc_token_hub_2022,bsc_token_hub_2022__hn017,bsc_token_hub_2022,hard_negative_mined,bsc,0,ratio_75,2,2,0.059082892416225746,0.0,0.07841404512717061,0.04447478665594293,0.00033950386568903923
bsc_token_hub_2022,bsc_token_hub_2022__hn018,bsc_token_hub_2022,hard_negative_mined,bsc,0,ratio_25,1,1,0.059082892416225746,0.0,0.07841404512717061,0.0,3.600436320994049e-05
bsc_token_hub_2022,bsc_token_hub_2022__hn019,bsc_token_hub_2022,hard_negative_mined,bsc,0,ratio_25,1,1,0.059082892416225746,0.030303030303030304,0.016597308190508656,0.0,4.393200288177468e-05
bsc_token_hub_2022,bsc_token_hub_2022__hn020,bsc_token_hub_2022,hard_negative_mined,bsc,0,ratio_25,1,2,0.059082892416225746,0.0,0.07603436394550418,0.0,8.422134123975411e-05
bsc_token_hub_2022,bsc_token_hub_2022__hn020,bsc_token_hub_2022,hard_negative_mined,bsc,0,ratio_75,2,2,0.059082892416225746,0.07575757575757576,0.07721580474861996,0.06402545652391192,0.00019812281243503094
bsc_token_hub_2022,bsc_token_hub_2022__hn021,bsc_token_hub_2022,hard_negative_mined,bsc,0,ratio_25,1,3,0.059082892416225746,0.0,0.07841404512717061,0.0,0.002044941298663616
bsc_token_hub_2022,bsc_token_hub_2022__hn021,bsc_token_hub_2022,hard_negative_mined,bsc,0,ratio_50,2,3,0.059082892416225746,0.06060606060606061,0.07841404512717061,0.18083769385171095,0.016892163082957268
bsc_token_hub_2022,bsc_token_hub_2022__hn021,bsc_token_hub_2022,hard_negative_mined,bsc,0,ratio_75,3,3,0.059082892416225746,0.10606060606060606,0.04727604951689585,0.04773190045248869,0.0006508553051389754
bsc_token_hub_2022,bsc_token_hub_2022__hn022,bsc_token_hub_2022,hard_negative_mined,bsc,0,ratio_25,1,1,0.059082892416225746,0.030303030303030304,0.016597308190508656,0.0,4.1731673263711855e-05
bsc_token_hub_2022,bsc_token_hub_2022__hn023,bsc_token_hub_2022,hard_negative_mined,bsc,0,ratio_25,1,2,0.059082892416225746,0.0,0.07603436394550418,0.00375,0.0005226543289609253
bsc_token_hub_2022,bsc_token_hub_2022__hn023,bsc_token_hub_2022,hard_negative_mined,bsc,0,ratio_75,2,2,0.059082892416225746,0.06060606060606061,0.07603436394550418,0.1625157251303739,0.007600861135870218
bsc_token_hub_2022,bsc_token_hub_2022__hn024,bsc_token_hub_2022,hard_negative_mined,bsc,0,ratio_25,2,5,0.059082892416225746,0.07575757575757576,0.07721580474861996,0.7805284654701562,0.4818059206008911
bsc_token_hub_2022,bsc_token_hub_2022__hn024,bsc_token_hub_2022,hard_negative_mined,bsc,0,ratio_50,3,5,0.059082892416225746,0.09090909090909091,0.07682013390409284,0.03697096434618114,0.0005773472948931158
bsc_token_hub_2022,bsc_token_hub_2022__hn024,bsc_token_hub_2022,hard_negative_mined,bsc,0,ratio_75,4,5,0.059082892416225746,0.10606060606060606,0.07721580474861996,0.04443675843176913,0.0014346984680742025
bsc_token_hub_2022,bsc_token_hub_2022__hn024,bsc_token_hub_2022,hard_negative_mined,bsc,0,ratio_100,5,5,0.059082892416225746,0.10606060606060606,0.07745410277974213,0.05362869449839433,0.0013275747187435627
bsc_token_hub_2022,bsc_token_hub_2022__hn025,bsc_token_hub_2022,hard_negative_mined,bsc,0,ratio_25,1,1,0.059082892416225746,0.0,0.07841404512717061,0.0,3.600436320994049e-05
bsc_token_hub_2022,bsc_token_hub_2022__hn026,bsc_token_hub_2022,hard_negative_mined,bsc,0,ratio_25,1,3,0.059082892416225746,0.0,0.07603436394550418,0.0,0.0005651649553328753
bsc_token_hub_2022,bsc_token_hub_2022__hn026,bsc_token_hub_2022,hard_negative_mined,bsc,0,ratio_50,2,3,0.059082892416225746,0.06060606060606061,0.07603436394550418,0.1763497649336735,0.000700372620485723
bsc_token_hub_2022,bsc_token_hub_2022__hn026,bsc_token_hub_2022,hard_negative_mined,bsc,0,ratio_75,3,3,0.059082892416225746,0.06060606060606061,0.07603436394550418,0.008740796785954479,4.707473635789938e-05
bsc_token_hub_2022,bsc_token_hub_2022__hn027,bsc_token_hub_2022,hard_negative_mined,bsc,0,ratio_25,1,3,0.059082892416225746,0.0,0.07603436394550418,0.0,0.0005281669436953962
bsc_token_hub_2022,bsc_token_hub_2022__hn027,bsc_token_hub_2022,hard_negative_mined,bsc,0,ratio_50,2,3,0.059082892416225746,0.06060606060606061,0.07603436394550418,0.5186082292372715,0.008156255818903446
bsc_token_hub_2022,bsc_token_hub_2022__hn027,bsc_token_hub_2022,hard_negative_mined,bsc,0,ratio_75,3,3,0.059082892416225746,0.06060606060606061,0.07603436394550418,0.42646382995931004,0.08183042705059052
bsc_token_hub_2022,bsc_token_hub_2022__hn028,bsc_token_hub_2022,hard_negative_mined,bsc,0,ratio_25,1,2,0.059082892416225746,0.0,0.07603436394550418,0.0,0.00023968893219716847
bsc_token_hub_2022,bsc_token_hub_2022__hn028,bsc_token_hub_2022,hard_negative_mined,bsc,0,ratio_75,2,2,0.059082892416225746,0.06060606060606061,0.07721580474861996,0.005,0.00039050052873790264
bsc_token_hub_2022,bsc_token_hub_2022__hn029,bsc_token_hub_2022,hard_negative_mined,bsc,0,ratio_25,1,1,0.059082892416225746,0.0,0.07603436394550418,0.00875,0.0004270820936653763
bsc_token_hub_2022,bsc_token_hub_2022__hn030,bsc_token_hub_2022,hard_negative_mined,bsc,0,ratio_25,1,1,0.059082892416225746,0.0,0.07603436394550418,0.00375,0.00022446495131589472
bsc_token_hub_2022,bsc_token_hub_2022__hn032,bsc_token_hub_2022,hard_negative_mined,bsc,0,ratio_25,1,2,0.059082892416225746,0.0,0.07603436394550418,0.0,0.00023968893219716847
bsc_token_hub_2022,bsc_token_hub_2022__hn032,bsc_token_hub_2022,hard_negative_mined,bsc,0,ratio_75,2,2,0.059082892416225746,0.07575757575757576,0.07721580474861996,0.0742615089648278,0.0009241685620509088
bsc_token_hub_2022,bsc_token_hub_2022__hn033,bsc_token_hub_2022,hard_negative_mined,bsc,0,ratio_25,1,2,0.059082892416225746,0.030303030303030304,0.016597308190508656,0.0,5.8165769587503746e-05
bsc_token_hub_2022,bsc_token_hub_2022__hn033,bsc_token_hub_2022,hard_negative_mined,bsc,0,ratio_75,2,2,0.059082892416225746,0.09090909090909091,0.03651141885397555,0.0006944444444444445,7.537489727837965e-05
bsc_token_hub_2022,bsc_token_hub_2022__hn034,bsc_token_hub_2022,hard_negative_mined,bsc,0,ratio_25,1,2,0.059082892416225746,0.030303030303030304,0.016597308190508656,0.0,5.8165769587503746e-05
bsc_token_hub_2022,bsc_token_hub_2022__hn034,bsc_token_hub_2022,hard_negative_mined,bsc,0,ratio_75,2,2,0.059082892416225746,0.2727272727272727,0.03592852713305325,0.02935174781523096,0.00039491240750066936
bsc_token_hub_2022,bsc_token_hub_2022__hn035,bsc_token_hub_2022,hard_negative_mined,bsc,0,ratio_25,1,1,0.059082892416225746,0.030303030303030304,0.016597308190508656,0.0,4.393200288177468e-05
bsc_token_hub_2022,bsc_token_hub_2022__hn036,bsc_token_hub_2022,hard_negative_mined,bsc,0,ratio_25,1,1,0.059082892416225746,0.030303030303030304,0.016597308190508656,0.0,4.393200288177468e-05
bsc_token_hub_2022,bsc_token_hub_2022__hn037,bsc_token_hub_2022,hard_negative_mined,bsc,0,ratio_25,1,1,0.059082892416225746,0.030303030303030304,0.016597308190508656,0.0,4.1731673263711855e-05
bsc_token_hub_2022,bsc_token_hub_2022__hn038,bsc_token_hub_2022,hard_negative_mined,bsc,0,ratio_25,1,3,0.059082892416225746,0.0,0.07841404512717061,0.0,0.0002526488096918911
bsc_token_hub_2022,bsc_token_hub_2022__hn038,bsc_token_hub_2022,hard_negative_mined,bsc,0,ratio_50,2,3,0.059082892416225746,0.06060606060606061,0.07841404512717061,0.04708635204497053,0.0029915699269622564
bsc_token_hub_2022,bsc_token_hub_2022__hn038,bsc_token_hub_2022,hard_negative_mined,bsc,0,ratio_75,3,3,0.059082892416225746,0.06060606060606061,0.07841404512717061,0.030799805178481642,0.001082060975022614
bsc_token_hub_2022,bsc_token_hub_2022__hn039,bsc_token_hub_2022,hard_negative_mined,bsc,0,ratio_25,1,3,0.059082892416225746,0.0,0.07603436394550418,0.00375,0.0008319240296259522
bsc_token_hub_2022,bsc_token_hub_2022__hn039,bsc_token_hub_2022,hard_negative_mined,bsc,0,ratio_50,2,3,0.059082892416225746,0.10606060606060606,0.03592852713305325,0.09208371046087907,0.009221826680004597
bsc_token_hub_2022,bsc_token_hub_2022__hn039,bsc_token_hub_2022,hard_negative_mined,bsc,0,ratio_75,3,3,0.059082892416225746,0.10606060606060606,0.027822808764671494,0.049092272994663906,0.0003887229831889272
bsc_token_hub_2022,bsc_token_hub_2022__hn040,bsc_token_hub_2022,hard_negative_mined,bsc,0,ratio_25,2,6,0.059082892416225746,0.06060606060606061,0.07603436394550418,0.30305077848965906,0.009815937839448452
bsc_token_hub_2022,bsc_token_hub_2022__hn040,bsc_token_hub_2022,hard_negative_mined,bsc,0,ratio_50,3,6,0.059082892416225746,0.07575757575757576,0.07682013390409284,0.051820447849110524,0.013863361440598965
bsc_token_hub_2022,bsc_token_hub_2022__hn040,bsc_token_hub_2022,hard_negative_mined,bsc,0,ratio_75,5,6,0.059082892416225746,0.09090909090909091,0.0769781786983425,0.1445959595959596,0.01779293641448021
bsc_token_hub_2022,bsc_token_hub_2022__hn040,bsc_token_hub_2022,hard_negative_mined,bsc,0,ratio_100,6,6,0.059082892416225746,0.09090909090909091,0.07682013390409284,0.14096348096348096,0.015999002382159233
bsc_token_hub_2022,bsc_token_hub_2022__hn041,bsc_token_hub_2022,hard_negative_mined,bsc,0,ratio_25,1,1,0.059082892416225746,0.0,0.07841404512717061,0.0,3.600436320994049e-05
bsc_token_hub_2022,bsc_token_hub_2022__hn042,bsc_token_hub_2022,hard_negative_mined,bsc,0,ratio_25,1,1,0.059082892416225746,0.0,0.07841404512717061,0.0,0.00020109025354031473
bsc_token_hub_2022,bsc_token_hub_2022__hn044,bsc_token_hub_2022,hard_negative_mined,bsc,0,ratio_25,1,1,0.059082892416225746,0.0,0.07841404512717061,0.0,3.42011044267565e-05
bsc_token_hub_2022,bsc_token_hub_2022__hn045,bsc_token_hub_2022,hard_negative_mined,bsc,0,ratio_25,1,1,0.059082892416225746,0.0,0.07603436394550418,0.0,0.00015300873201340437
bsc_token_hub_2022,bsc_token_hub_2022__hn046,bsc_token_hub_2022,hard_negative_mined,bsc,0,ratio_25,1,1,0.059082892416225746,0.030303030303030304,0.016597308190508656,0.0,4.393200288177468e-05
bsc_token_hub_2022,bsc_token_hub_2022__hn047,bsc_token_hub_2022,hard_negative_mined,bsc,0,ratio_25,1,1,0.059082892416225746,0.030303030303030304,0.016597308190508656,0.0,4.393200288177468e-05
bsc_token_hub_2022,bsc_token_hub_2022__hn048,bsc_token_hub_2022,hard_negative_mined,bsc,0,ratio_25,2,5,0.059082892416225746,0.07575757575757576,0.07841404512717061,0.10194622598956662,0.013359244912862778
bsc_token_hub_2022,bsc_token_hub_2022__hn048,bsc_token_hub_2022,hard_negative_mined,bsc,0,ratio_50,3,5,0.059082892416225746,0.09090909090909091,0.07841404512717061,0.07553121507270757,0.003569715190678835
bsc_token_hub_2022,bsc_token_hub_2022__hn048,bsc_token_hub_2022,hard_negative_mined,bsc,0,ratio_75,4,5,0.059082892416225746,0.10606060606060606,0.07841404512717061,0.024426229508196718,0.001146745402365923
bsc_token_hub_2022,bsc_token_hub_2022__hn048,bsc_token_hub_2022,hard_negative_mined,bsc,0,ratio_100,5,5,0.059082892416225746,0.12121212121212122,0.07841404512717061,0.036431372549019604,0.001319534843787551
bsc_token_hub_2022,bsc_token_hub_2022__hn049,bsc_token_hub_2022,hard_negative_mined,bsc,0,ratio_25,1,4,0.059082892416225746,0.0,0.07603436394550418,0.0,0.0007714534876868129
bsc_token_hub_2022,bsc_token_hub_2022__hn049,bsc_token_hub_2022,hard_negative_mined,bsc,0,ratio_50,2,4,0.059082892416225746,0.06060606060606061,0.07603436394550418,0.6293417623335542,0.00910117942839861
bsc_token_hub_2022,bsc_token_hub_2022__hn049,bsc_token_hub_2022,hard_negative_mined,bsc,0,ratio_75,3,4,0.059082892416225746,0.07575757575757576,0.07682013390409284,0.5250935696737785,0.024121131747961044
bsc_token_hub_2022,bsc_token_hub_2022__hn049,bsc_token_hub_2022,hard_negative_mined,bsc,0,ratio_100,4,4,0.059082892416225746,0.07575757575757576,0.07721580474861996,0.49689512542099196,0.04918160289525986
bsc_token_hub_2022,bsc_token_hub_2022__hn050,bsc_token_hub_2022,hard_negative_mined,bsc,0,ratio_25,1,2,0.059082892416225746,0.0,0.07603436394550418,0.00375,0.0007346795755438507
bsc_token_hub_2022,bsc_token_hub_2022__hn050,bsc_token_hub_2022,hard_negative_mined,bsc,0,ratio_75,2,2,0.059082892416225746,0.06060606060606061,0.07603436394550418,0.08534219129356602,0.009194967336952686
bsc_token_hub_2022,bsc_token_hub_2022__hn051,bsc_token_hub_2022,hard_negative_mined,bsc,0,ratio_25,1,1,0.059082892416225746,0.0,0.07841404512717061,0.0,3.600436320994049e-05
bsc_token_hub_2022,bsc_token_hub_2022__hn052,bsc_token_hub_2022,hard_negative_mined,bsc,0,ratio_25,1,1,0.059082892416225746,0.0,0.07603436394550418,0.0,0.00013018317986279726
bsc_token_hub_2022,bsc_token_hub_2022__hn053,bsc_token_hub_2022,hard_negative_mined,bsc,0,ratio_25,1,1,0.059082892416225746,0.0,0.07841404512717061,0.0,3.600436320994049e-05
bsc_token_hub_2022,bsc_token_hub_2022__hn054,bsc_token_hub_2022,hard_negative_mined,bsc,0,ratio_25,1,1,0.059082892416225746,0.0,0.07603436394550418,0.0,0.00021398605895228684
bsc_token_hub_2022,bsc_token_hub_2022__hn055,bsc_token_hub_2022,hard_negative_mined,bsc,0,ratio_25,1,3,0.059082892416225746,0.0,0.07841404512717061,0.0,0.00018155532598029822
bsc_token_hub_2022,bsc_token_hub_2022__hn055,bsc_token_hub_2022,hard_negative_mined,bsc,0,ratio_50,2,3,0.059082892416225746,0.06060606060606061,0.07841404512717061,0.052722567891272075,0.00015850694035179913
bsc_token_hub_2022,bsc_token_hub_2022__hn055,bsc_token_hub_2022,hard_negative_mined,bsc,0,ratio_75,3,3,0.059082892416225746,0.12121212121212122,0.07841404512717061,0.0006944444444444445,4.407808228279464e-05
bsc_token_hub_2022,bsc_token_hub_2022__hn056,bsc_token_hub_2022,hard_negative_mined,bsc,0,ratio_25,1,1,0.059082892416225746,0.030303030303030304,0.016597308190508656,0.0,4.393200288177468e-05
bsc_token_hub_2022,bsc_token_hub_2022__hn057,bsc_token_hub_2022,hard_negative_mined,bsc,0,ratio_25,1,1,0.059082892416225746,0.030303030303030304,0.016597308190508656,0.0,4.1731673263711855e-05
bsc_token_hub_2022,bsc_token_hub_2022__hn058,bsc_token_hub_2022,hard_negative_mined,bsc,0,ratio_25,1,1,0.059082892416225746,0.030303030303030304,0.016597308190508656,0.0,4.393200288177468e-05
bsc_token_hub_2022,bsc_token_hub_2022__hn059,bsc_token_hub_2022,hard_negative_mined,bsc,0,k_2,2,14,0.059082892416225746,0.0,0.07841404512717061,0.10533040400626473,0.017416981980204582
bsc_token_hub_2022,bsc_token_hub_2022__hn059,bsc_token_hub_2022,hard_negative_mined,bsc,0,k_3,3,14,0.059082892416225746,0.06060606060606061,0.07841404512717061,0.04720716102159847,0.008684532716870308
bsc_token_hub_2022,bsc_token_hub_2022__hn059,bsc_token_hub_2022,hard_negative_mined,bsc,0,ratio_25,4,14,0.059082892416225746,0.12121212121212122,0.07841404512717061,0.022444444444444444,0.05012388154864311
bsc_token_hub_2022,bsc_token_hub_2022__hn059,bsc_token_hub_2022,hard_negative_mined,bsc,0,k_5,5,14,0.059082892416225746,0.12121212121212122,0.07841404512717061,0.007083333333333333,0.0008448355365544558
bsc_token_hub_2022,bsc_token_hub_2022__hn059,bsc_token_hub_2022,hard_negative_mined,bsc,0,ratio_50,7,14,0.059082892416225746,0.12121212121212122,0.07841404512717061,0.0010135933806146571,0.0009913783287629485
bsc_token_hub_2022,bsc_token_hub_2022__hn059,bsc_token_hub_2022,hard_negative_mined,bsc,0,ratio_75,11,14,0.059082892416225746,0.15151515151515152,0.0684239270170678,0.010319148936170213,0.0004962023813277483
bsc_token_hub_2022,bsc_token_hub_2022__hn059,bsc_token_hub_2022,hard_negative_mined,bsc,0,ratio_100,14,14,0.059082892416225746,0.15151515151515152,0.07046017910046354,0.00031914893617021275,0.0002609083312563598
bsc_token_hub_2022,bsc_token_hub_2022__hn060,bsc_token_hub_2022,hard_negative_mined,bsc,0,ratio_25,1,1,0.059082892416225746,0.0,0.07841404512717061,0.0,3.600436320994049e-05
bsc_token_hub_2022,bsc_token_hub_2022__hn061,bsc_token_hub_2022,hard_negative_mined,bsc,0,ratio_25,2,6,0.059082892416225746,0.06060606060606061,0.07603436394550418,0.12125918249433737,0.0018736905185505748
bsc_token_hub_2022,bsc_token_hub_2022__hn061,bsc_token_hub_2022,hard_negative_mined,bsc,0,ratio_50,3,6,0.059082892416225746,0.06060606060606061,0.07603436394550418,0.020426985160445325,6.0272650443948805e-05
bsc_token_hub_2022,bsc_token_hub_2022__hn061,bsc_token_hub_2022,hard_negative_mined,bsc,0,ratio_75,5,6,0.059082892416225746,0.06060606060606061,0.07603436394550418,0.0197886872881049,5.644037082674913e-05
bsc_token_hub_2022,bsc_token_hub_2022__hn061,bsc_token_hub_2022,hard_negative_mined,bsc,0,ratio_100,6,6,0.059082892416225746,0.06060606060606061,0.07603436394550418,0.010215721040189125,7.127008575480431e-05
bsc_token_hub_2022,bsc_token_hub_2022__hn062,bsc_token_hub_2022,hard_negative_mined,bsc,0,ratio_25,1,1,0.059082892416225746,0.0,0.07841404512717061,0.0,0.0001967213611351326
bsc_token_hub_2022,bsc_token_hub_2022__hn063,bsc_token_hub_2022,hard_negative_mined,bsc,0,ratio_25,1,3,0.059082892416225746,0.030303030303030304,0.016597308190508656,0.0,0.0001467923866584897
bsc_token_hub_2022,bsc_token_hub_2022__hn063,bsc_token_hub_2022,hard_negative_mined,bsc,0,ratio_50,2,3,0.059082892416225746,0.09090909090909091,0.016597308190508656,0.025895614932066734,0.0003139610926155001
bsc_token_hub_2022,bsc_token_hub_2022__hn063,bsc_token_hub_2022,hard_negative_mined,bsc,0,ratio_75,3,3,0.059082892416225746,0.09090909090909091,0.02812550731016753,0.0020588235294117644,6.227231642697006e-05
bsc_token_hub_2022,bsc_token_hub_2022__hn064,bsc_token_hub_2022,hard_negative_mined,bsc,0,ratio_25,1,1,0.059082892416225746,0.0,0.07841404512717061,0.0,3.42011044267565e-05
bsc_token_hub_2022,bsc_token_hub_2022__hn065,bsc_token_hub_2022,hard_negative_mined,bsc,0,ratio_25,2,8,0.059082892416225746,0.06060606060606061,0.07603436394550418,0.42609193606710294,0.14976072311401367
bsc_token_hub_2022,bsc_token_hub_2022__hn065,bsc_token_hub_2022,hard_negative_mined,bsc,0,k_3,3,8,0.059082892416225746,0.06060606060606061,0.07603436394550418,0.2667909720756925,0.5574038028717041
bsc_token_hub_2022,bsc_token_hub_2022__hn065,bsc_token_hub_2022,hard_negative_mined,bsc,0,ratio_50,4,8,0.059082892416225746,0.06060606060606061,0.07603436394550418,0.245108049876902,0.763775110244751
bsc_token_hub_2022,bsc_token_hub_2022__hn065,bsc_token_hub_2022,hard_negative_mined,bsc,0,k_5,5,8,0.059082892416225746,0.06060606060606061,0.07603436394550418,0.006733001658374793,0.0009842943400144577
bsc_token_hub_2022,bsc_token_hub_2022__hn065,bsc_token_hub_2022,hard_negative_mined,bsc,0,ratio_75,6,8,0.059082892416225746,0.06060606060606061,0.07603436394550418,0.008955223880597014,0.0005849562003277242
bsc_token_hub_2022,bsc_token_hub_2022__hn065,bsc_token_hub_2022,hard_negative_mined,bsc,0,k_7,7,8,0.059082892416225746,0.06060606060606061,0.07603436394550418,0.005,0.000928491004742682
bsc_token_hub_2022,bsc_token_hub_2022__hn065,bsc_token_hub_2022,hard_negative_mined,bsc,0,ratio_100,8,8,0.059082892416225746,0.06060606060606061,0.07603436394550418,0.002777777777777778,0.0014028764562681317
bsc_token_hub_2022,bsc_token_hub_2022__hn066,bsc_token_hub_2022,hard_negative_mined,bsc,0,ratio_25,2,5,0.059082892416225746,0.06060606060606061,0.07841404512717061,0.11653703587284271,0.0015839888947084546
bsc_token_hub_2022,bsc_token_hub_2022__hn066,bsc_token_hub_2022,hard_negative_mined,bsc,0,ratio_50,3,5,0.059082892416225746,0.06060606060606061,0.07841404512717061,0.01152856334841629,0.00010643109999364242
bsc_token_hub_2022,bsc_token_hub_2022__hn066,bsc_token_hub_2022,hard_negative_mined,bsc,0,ratio_75,4,5,0.059082892416225746,0.06060606060606061,0.07841404512717061,0.0010135933806146571,0.00013426040823105723
bsc_token_hub_2022,bsc_token_hub_2022__hn066,bsc_token_hub_2022,hard_negative_mined,bsc,0,ratio_100,5,5,0.059082892416225746,0.06060606060606061,0.07841404512717061,0.0010135933806146571,0.00014175033720675856
bsc_token_hub_2022,bsc_token_hub_2022__hn067,bsc_token_hub_2022,hard_negative_mined,bsc,0,ratio_25,1,2,0.059082892416225746,0.0,0.07603436394550418,0.0,0.0001026431200443767
bsc_token_hub_2022,bsc_token_hub_2022__hn067,bsc_token_hub_2022,hard_negative_mined,bsc,0,ratio_75,2,2,0.059082892416225746,0.07575757575757576,0.07721580474861996,0.06381634055362387,5.2784896979574114e-05
bsc_token_hub_2022,bsc_token_hub_2022__hn068,bsc_token_hub_2022,hard_negative_mined,bsc,0,ratio_25,1,2,0.059082892416225746,0.0,0.07603436394550418,0.0,0.00023119412071537226
bsc_token_hub_2022,bsc_token_hub_2022__hn068,bsc_token_hub_2022,hard_negative_mined,bsc,0,ratio_75,2,2,0.059082892416225746,0.07575757575757576,0.07721580474861996,0.439989700325417,0.06804303824901581
bsc_token_hub_2022,bsc_token_hub_2022__hn069,bsc_token_hub_2022,hard_negative_mined,bsc,0,ratio_25,1,3,0.059082892416225746,0.0,0.07841404512717061,0.005625,0.0011592921800911427
bsc_token_hub_2022,bsc_token_hub_2022__hn069,bsc_token_hub_2022,hard_negative_mined,bsc,0,ratio_50,2,3,0.059082892416225746,0.06060606060606061,0.07841404512717061,0.1886416883959608,0.0008941094856709242
bsc_token_hub_2022,bsc_token_hub_2022__hn069,bsc_token_hub_2022,hard_negative_mined,bsc,0,ratio_75,3,3,0.059082892416225746,0.10606060606060606,0.04727604951689585,0.32882703771403465,0.4428824484348297
qbridge_qubit_2022,qbridge_qubit_2022__hn000,qbridge_qubit_2022,hard_negative_mined,bsc,0,ratio_25,1,1,0.06209453197405004,0.0,0.08662910869729674,0.0,4.43586686742492e-05
qbridge_qubit_2022,qbridge_qubit_2022__hn001,qbridge_qubit_2022,hard_negative_mined,bsc,0,k_2,2,458,0.06209453197405004,0.08,0.08020096186478894,0.045816862255876147,0.0003464880574028939
qbridge_qubit_2022,qbridge_qubit_2022__hn001,qbridge_qubit_2022,hard_negative_mined,bsc,0,k_3,3,458,0.06209453197405004,0.08,0.08020096186478894,0.03695337691862208,0.00047580283717252314
qbridge_qubit_2022,qbridge_qubit_2022__hn001,qbridge_qubit_2022,hard_negative_mined,bsc,0,k_5,5,458,0.06209453197405004,0.08,0.08020096186478894,0.07207209997935088,0.0005355681641958654
qbridge_qubit_2022,qbridge_qubit_2022__hn001,qbridge_qubit_2022,hard_negative_mined,bsc,0,k_7,7,458,0.06209453197405004,0.08,0.08020096186478894,0.06911179766454283,0.0022544199600815773
qbridge_qubit_2022,qbridge_qubit_2022__hn001,qbridge_qubit_2022,hard_negative_mined,bsc,0,ratio_25,115,458,0.06209453197405004,0.08,0.08020096186478894,0.08512676969538349,0.00015186597011052072
qbridge_qubit_2022,qbridge_qubit_2022__hn001,qbridge_qubit_2022,hard_negative_mined,bsc,0,ratio_50,229,458,0.06209453197405004,0.08,0.08020096186478894,0.05177584284445666,7.75174776208587e-05
qbridge_qubit_2022,qbridge_qubit_2022__hn001,qbridge_qubit_2022,hard_negative_mined,bsc,0,ratio_75,344,458,0.06209453197405004,0.08,0.08020096186478894,0.014522969281238265,1.8467442714609206e-05
qbridge_qubit_2022,qbridge_qubit_2022__hn001,qbridge_qubit_2022,hard_negative_mined,bsc,0,ratio_100,458,458,0.06209453197405004,0.08,0.08020096186478894,0.01187625566621479,2.929818037955556e-05
qbridge_qubit_2022,qbridge_qubit_2022__hn002,qbridge_qubit_2022,hard_negative_mined,bsc,0,ratio_25,1,3,0.06209453197405004,0.0,0.08662910869729674,0.004333333333333333,0.0003176956088282168
qbridge_qubit_2022,qbridge_qubit_2022__hn002,qbridge_qubit_2022,hard_negative_mined,bsc,0,ratio_50,2,3,0.06209453197405004,0.1,0.08662910869729674,0.04711837453548977,0.00012402579886838794
qbridge_qubit_2022,qbridge_qubit_2022__hn002,qbridge_qubit_2022,hard_negative_mined,bsc,0,ratio_75,3,3,0.06209453197405004,0.12,0.08662910869729674,0.02631212121212121,0.0004811747348867357
qbridge_qubit_2022,qbridge_qubit_2022__hn003,qbridge_qubit_2022,hard_negative_mined,bsc,0,ratio_25,1,1,0.06209453197405004,0.0,0.08020096186478894,0.0,2.2464297217084095e-05
qbridge_qubit_2022,qbridge_qubit_2022__hn004,qbridge_qubit_2022,hard_negative_mined,bsc,0,ratio_25,1,3,0.06209453197405004,0.0,0.08020096186478894,0.0,7.103694952093065e-05
qbridge_qubit_2022,qbridge_qubit_2022__hn004,qbridge_qubit_2022,hard_negative_mined,bsc,0,ratio_50,2,3,0.06209453197405004,0.1,0.1054627771802928,0.00932908642935875,2.063298234133981e-05
qbridge_qubit_2022,qbridge_qubit_2022__hn004,qbridge_qubit_2022,hard_negative_mined,bsc,0,ratio_75,3,3,0.06209453197405004,0.1,0.11533262698271834,0.08207198046161633,0.00016993883764371276
qbridge_qubit_2022,qbridge_qubit_2022__hn005,qbridge_qubit_2022,hard_negative_mined,bsc,0,ratio_25,1,3,0.06209453197405004,0.0,0.13749217754713527,0.005,0.0037905515637248755
qbridge_qubit_2022,qbridge_qubit_2022__hn005,qbridge_qubit_2022,hard_negative_mined,bsc,0,ratio_50,2,3,0.06209453197405004,0.08,0.13749217754713527,0.03624828937670011,0.0035300457384437323
qbridge_qubit_2022,qbridge_qubit_2022__hn005,qbridge_qubit_2022,hard_negative_mined,bsc,0,ratio_75,3,3,0.06209453197405004,0.1,0.13749217754713527,0.21901073377425084,0.12927544116973877
qbridge_qubit_2022,qbridge_qubit_2022__hn006,qbridge_qubit_2022,hard_negative_mined,bsc,0,ratio_25,1,2,0.06209453197405004,0.0,0.08020096186478894,0.0,2.9217766496003605e-05
qbridge_qubit_2022,qbridge_qubit_2022__hn006,qbridge_qubit_2022,hard_negative_mined,bsc,0,ratio_75,2,2,0.06209453197405004,0.08,0.08020096186478894,0.012423393658162564,0.0013335179537534714
qbridge_qubit_2022,qbridge_qubit_2022__hn007,qbridge_qubit_2022,hard_negative_mined,bsc,0,ratio_25,1,2,0.06209453197405004,0.0,0.08020096186478894,0.0,2.4415337975369766e-05
qbridge_qubit_2022,qbridge_qubit_2022__hn007,qbridge_qubit_2022,hard_negative_mined,bsc,0,ratio_75,2,2,0.06209453197405004,0.08,0.08020096186478894,0.016919605779374684,0.0001609225437277928
qbridge_qubit_2022,qbridge_qubit_2022__hn008,qbridge_qubit_2022,hard_negative_mined,bsc,0,ratio_25,2,7,0.06209453197405004,0.08,0.08020096186478894,0.08022315877354744,0.00015144473582040519
qbridge_qubit_2022,qbridge_qubit_2022__hn008,qbridge_qubit_2022,hard_negative_mined,bsc,0,k_3,3,7,0.06209453197405004,0.08,0.08020096186478894,0.07987257985441241,0.000668496242724359
qbridge_qubit_2022,qbridge_qubit_2022__hn008,qbridge_qubit_2022,hard_negative_mined,bsc,0,ratio_50,4,7,0.06209453197405004,0.08,0.08020096186478894,0.07608255772325115,0.0009566233493387699
qbridge_qubit_2022,qbridge_qubit_2022__hn008,qbridge_qubit_2022,hard_negative_mined,bsc,0,k_5,5,7,0.06209453197405004,0.08,0.08020096186478894,0.03880297759248,0.0009159388137049973
qbridge_qubit_2022,qbridge_qubit_2022__hn008,qbridge_qubit_2022,hard_negative_mined,bsc,0,ratio_75,6,7,0.06209453197405004,0.08,0.08020096186478894,0.03746827063277303,0.004371944349259138
qbridge_qubit_2022,qbridge_qubit_2022__hn008,qbridge_qubit_2022,hard_negative_mined,bsc,0,ratio_100,7,7,0.06209453197405004,0.08,0.08020096186478894,0.01610760337546052,2.6747771698865108e-05
qbridge_qubit_2022,qbridge_qubit_2022__hn009,qbridge_qubit_2022,hard_negative_mined,bsc,0,k_2,2,858,0.06209453197405004,0.08,0.08020096186478894,0.06775554856956245,0.0009750903118401766
qbridge_qubit_2022,qbridge_qubit_2022__hn009,qbridge_qubit_2022,hard_negative_mined,bsc,0,k_3,3,858,0.06209453197405004,0.08,0.08020096186478894,0.06423826699905828,0.003205337328836322
qbridge_qubit_2022,qbridge_qubit_2022__hn009,qbridge_qubit_2022,hard_negative_mined,bsc,0,k_5,5,858,0.06209453197405004,0.08,0.08020096186478894,0.03095373492740128,0.0011468001175671816
qbridge_qubit_2022,qbridge_qubit_2022__hn009,qbridge_qubit_2022,hard_negative_mined,bsc,0,k_7,7,858,0.06209453197405004,0.08,0.08020096186478894,0.010448654838284572,0.00026666137273423374
qbridge_qubit_2022,qbridge_qubit_2022__hn009,qbridge_qubit_2022,hard_negative_mined,bsc,0,ratio_25,215,858,0.06209453197405004,0.08,0.08020096186478894,0.0006314074925744946,6.843096343800426e-05
qbridge_qubit_2022,qbridge_qubit_2022__hn009,qbridge_qubit_2022,hard_negative_mined,bsc,0,ratio_50,429,858,0.06209453197405004,0.08,0.08020096186478894,0.002464740825907828,2.8312673748587258e-05
qbridge_qubit_2022,qbridge_qubit_2022__hn009,qbridge_qubit_2022,hard_negative_mined,bsc,0,ratio_75,644,858,0.06209453197405004,0.08,0.08020096186478894,0.03378173428996011,9.388831676915288e-05
qbridge_qubit_2022,qbridge_qubit_2022__hn009,qbridge_qubit_2022,hard_negative_mined,bsc,0,ratio_100,858,858,0.06209453197405004,0.08,0.08020096186478894,0.03966532370523967,7.945601100800559e-05
qbridge_qubit_2022,qbridge_qubit_2022__hn010,qbridge_qubit_2022,hard_negative_mined,bsc,0,k_2,2,176,0.06209453197405004,0.08,0.08020096186478894,0.052066862255876145,0.0004856983432546258
qbridge_qubit_2022,qbridge_qubit_2022__hn010,qbridge_qubit_2022,hard_negative_mined,bsc,0,k_3,3,176,0.06209453197405004,0.08,0.08020096186478894,0.0336356213149252,0.0007526607369072735
qbridge_qubit_2022,qbridge_qubit_2022__hn010,qbridge_qubit_2022,hard_negative_mined,bsc,0,k_5,5,176,0.06209453197405004,0.08,0.08020096186478894,0.12384883527681083,0.0016240451950579882
qbridge_qubit_2022,qbridge_qubit_2022__hn010,qbridge_qubit_2022,hard_negative_mined,bsc,0,k_7,7,176,0.06209453197405004,0.08,0.08020096186478894,0.09472527923300111,0.0008841441012918949
qbridge_qubit_2022,qbridge_qubit_2022__hn010,qbridge_qubit_2022,hard_negative_mined,bsc,0,ratio_25,44,176,0.06209453197405004,0.08,0.08020096186478894,0.011129304254806693,0.00029439973877742887
qbridge_qubit_2022,qbridge_qubit_2022__hn010,qbridge_qubit_2022,hard_negative_mined,bsc,0,ratio_50,88,176,0.06209453197405004,0.08,0.08020096186478894,0.003457534617482107,3.19134742312599e-05
qbridge_qubit_2022,qbridge_qubit_2022__hn010,qbridge_qubit_2022,hard_negative_mined,bsc,0,ratio_75,132,176,0.06209453197405004,0.08,0.08020096186478894,0.0008965590077260096,2.458686321915593e-05
qbridge_qubit_2022,qbridge_qubit_2022__hn010,qbridge_qubit_2022,hard_negative_mined,bsc,0,ratio_100,176,176,0.06209453197405004,0.08,0.08020096186478894,0.003946815089672232,3.0055365641601384e-05
qbridge_qubit_2022,qbridge_qubit_2022__hn011,qbridge_qubit_2022,hard_negative_mined,bsc,0,k_2,2,773,0.06209453197405004,0.08,0.08020096186478894,0.024330212751924273,0.002111901296302676
qbridge_qubit_2022,qbridge_qubit_2022__hn011,qbridge_qubit_2022,hard_negative_mined,bsc,0,k_3,3,773,0.06209453197405004,0.08,0.08020096186478894,0.059465811862787356,0.002834918675944209
qbridge_qubit_2022,qbridge_qubit_2022__hn011,qbridge_qubit_2022,hard_negative_mined,bsc,0,k_5,5,773,0.06209453197405004,0.08,0.08020096186478894,0.03242196247025376,0.0007353334804065526
qbridge_qubit_2022,qbridge_qubit_2022__hn011,qbridge_qubit_2022,hard_negative_mined,bsc,0,k_7,7,773,0.06209453197405004,0.08,0.08020096186478894,0.030159255795422158,0.000521106761880219
qbridge_qubit_2022,qbridge_qubit_2022__hn011,qbridge_qubit_2022,hard_negative_mined,bsc,0,ratio_25,194,773,0.06209453197405004,0.08,0.08020096186478894,0.013853307394057357,0.00034540495835244656
qbridge_qubit_2022,qbridge_qubit_2022__hn011,qbridge_qubit_2022,hard_negative_mined,bsc,0,ratio_50,387,773,0.06209453197405004,0.08,0.08020096186478894,0.009501455542205505,0.0001575986243551597
qbridge_qubit_2022,qbridge_qubit_2022__hn011,qbridge_qubit_2022,hard_negative_mined,bsc,0,ratio_75,580,773,0.06209453197405004,0.08,0.08020096186478894,0.03278915654177091,0.00012758412049151957
qbridge_qubit_2022,qbridge_qubit_2022__hn011,qbridge_qubit_2022,hard_negative_mined,bsc,0,ratio_100,773,773,0.06209453197405004,0.08,0.08020096186478894,0.01767274595705047,0.0013613441260531545
qbridge_qubit_2022,qbridge_qubit_2022__hn012,qbridge_qubit_2022,hard_negative_mined,bsc,0,ratio_25,1,2,0.06209453197405004,0.0,0.13749217754713527,0.0,0.0008311649435199797
qbridge_qubit_2022,qbridge_qubit_2022__hn012,qbridge_qubit_2022,hard_negative_mined,bsc,0,ratio_75,2,2,0.06209453197405004,0.08,0.13749217754713527,0.057708276603860596,0.0006630091811530292
qbridge_qubit_2022,qbridge_qubit_2022__hn013,qbridge_qubit_2022,hard_negative_mined,bsc,0,k_2,2,521,0.06209453197405004,0.08,0.08020096186478894,0.03468086417348031,0.0006674480391666293
qbridge_qubit_2022,qbridge_qubit_2022__hn013,qbridge_qubit_2022,hard_negative_mined,bsc,0,k_3,3,521,0.06209453197405004,0.08,0.08020096186478894,0.03535862243513953,0.0004516017506830394
qbridge_qubit_2022,qbridge_qubit_2022__hn013,qbridge_qubit_2022,hard_negative_mined,bsc,0,k_5,5,521,0.06209453197405004,0.08,0.08145074927018961,0.04330450678102386,0.003176865866407752
qbridge_qubit_2022,qbridge_qubit_2022__hn013,qbridge_qubit_2022,hard_negative_mined,bsc,0,k_7,7,521,0.06209453197405004,0.08,0.08109186714323509,0.05566062529289017,0.004787066485732794
qbridge_qubit_2022,qbridge_qubit_2022__hn013,qbridge_qubit_2022,hard_negative_mined,bsc,0,ratio_25,131,521,0.06209453197405004,0.08,0.08034317499049298,0.005837067298869895,0.0004311219963710755
qbridge_qubit_2022,qbridge_qubit_2022__hn013,qbridge_qubit_2022,hard_negative_mined,bsc,0,ratio_50,261,521,0.06209453197405004,0.08,0.08027231212189807,0.022935552147354744,0.00022412407270167023
qbridge_qubit_2022,qbridge_qubit_2022__hn013,qbridge_qubit_2022,hard_negative_mined,bsc,0,ratio_75,391,521,0.06209453197405004,0.08,0.08024858310325088,0.004011943623110625,4.42413474956993e-05
qbridge_qubit_2022,qbridge_qubit_2022__hn013,qbridge_qubit_2022,hard_negative_mined,bsc,0,ratio_100,521,521,0.06209453197405004,0.08,0.08023669822856622,0.0179193425621997,5.408107608673163e-05
qbridge_qubit_2022,qbridge_qubit_2022__hn014,qbridge_qubit_2022,hard_negative_mined,bsc,0,k_2,2,11,0.06209453197405004,0.08,0.08662910869729674,0.4769387787139543,0.07279927283525467
qbridge_qubit_2022,qbridge_qubit_2022__hn014,qbridge_qubit_2022,hard_negative_mined,bsc,0,ratio_25,3,11,0.06209453197405004,0.08,0.08662910869729674,0.40173632040504176,0.02057868242263794
qbridge_qubit_2022,qbridge_qubit_2022__hn014,qbridge_qubit_2022,hard_negative_mined,bsc,0,k_5,5,11,0.06209453197405004,0.08,0.08662910869729674,0.027092074523255814,0.0001517565397080034
qbridge_qubit_2022,qbridge_qubit_2022__hn014,qbridge_qubit_2022,hard_negative_mined,bsc,0,ratio_50,6,11,0.06209453197405004,0.08,0.08662910869729674,0.01840688933807063,7.34721397748217e-05
qbridge_qubit_2022,qbridge_qubit_2022__hn014,qbridge_qubit_2022,hard_negative_mined,bsc,0,k_7,7,11,0.06209453197405004,0.08,0.08662910869729674,0.0018127705627705628,3.0322904422064312e-05
qbridge_qubit_2022,qbridge_qubit_2022__hn014,qbridge_qubit_2022,hard_negative_mined,bsc,0,ratio_75,9,11,0.06209453197405004,0.08,0.08662910869729674,0.03063844187398236,0.0001068594356183894
qbridge_qubit_2022,qbridge_qubit_2022__hn014,qbridge_qubit_2022,hard_negative_mined,bsc,0,ratio_100,11,11,0.06209453197405004,0.1,0.08602597775218532,0.014615384615384617,0.00034759624395519495
qbridge_qubit_2022,qbridge_qubit_2022__hn015,qbridge_qubit_2022,hard_negative_mined,bsc,0,k_2,2,23,0.06209453197405004,0.08,0.08020096186478894,0.22818883312910207,0.3225098252296448
qbridge_qubit_2022,qbridge_qubit_2022__hn015,qbridge_qubit_2022,hard_negative_mined,bsc,0,k_3,3,23,0.06209453197405004,0.08,0.08020096186478894,0.21087553814385568,0.5323748588562012
qbridge_qubit_2022,qbridge_qubit_2022__hn015,qbridge_qubit_2022,hard_negative_mined,bsc,0,k_5,5,23,0.06209453197405004,0.08,0.08020096186478894,0.07339004322618757,0.12456028163433075
qbridge_qubit_2022,qbridge_qubit_2022__hn015,qbridge_qubit_2022,hard_negative_mined,bsc,0,ratio_25,6,23,0.06209453197405004,0.08,0.08020096186478894,0.048936309919313345,0.009080419316887856
qbridge_qubit_2022,qbridge_qubit_2022__hn015,qbridge_qubit_2022,hard_negative_mined,bsc,0,k_7,7,23,0.06209453197405004,0.08,0.08020096186478894,0.040715970936262495,0.0017474869964644313
qbridge_qubit_2022,qbridge_qubit_2022__hn015,qbridge_qubit_2022,hard_negative_mined,bsc,0,ratio_50,12,23,0.06209453197405004,0.08,0.08020096186478894,0.006018005198997935,0.0004752937820740044
qbridge_qubit_2022,qbridge_qubit_2022__hn015,qbridge_qubit_2022,hard_negative_mined,bsc,0,ratio_75,18,23,0.06209453197405004,0.08,0.08020096186478894,0.004305706198563341,0.0005035203066654503
qbridge_qubit_2022,qbridge_qubit_2022__hn015,qbridge_qubit_2022,hard_negative_mined,bsc,0,ratio_100,23,23,0.06209453197405004,0.08,0.08020096186478894,0.004305706198563341,0.0006425624014809728
qbridge_qubit_2022,qbridge_qubit_2022__hn016,qbridge_qubit_2022,hard_negative_mined,bsc,0,ratio_25,1,4,0.06209453197405004,0.0,0.08662910869729674,0.0,0.0006343031418509781
qbridge_qubit_2022,qbridge_qubit_2022__hn016,qbridge_qubit_2022,hard_negative_mined,bsc,0,ratio_50,2,4,0.06209453197405004,0.08,0.08662910869729674,0.17545676470180624,0.001407053554430604
qbridge_qubit_2022,qbridge_qubit_2022__hn016,qbridge_qubit_2022,hard_negative_mined,bsc,0,ratio_75,3,4,0.06209453197405004,0.08,0.08662910869729674,0.2925528455970682,0.0007341127493418753
qbridge_qubit_2022,qbridge_qubit_2022__hn016,qbridge_qubit_2022,hard_negative_mined,bsc,0,ratio_100,4,4,0.06209453197405004,0.08,0.08662910869729674,0.19679170402603433,0.0005867192521691322
qbridge_qubit_2022,qbridge_qubit_2022__hn017,qbridge_qubit_2022,hard_negative_mined,bsc,0,ratio_25,1,2,0.06209453197405004,0.0,0.08020096186478894,0.0,2.4415337975369766e-05
qbridge_qubit_2022,qbridge_qubit_2022__hn017,qbridge_qubit_2022,hard_negative_mined,bsc,0,ratio_75,2,2,0.06209453197405004,0.1,0.08020096186478894,0.010471698113207549,2.4231741917901672e-05
qbridge_qubit_2022,qbridge_qubit_2022__hn018,qbridge_qubit_2022,hard_negative_mined,bsc,0,ratio_25,1,2,0.06209453197405004,0.0,0.08662910869729674,0.0,9.156337910098955e-05
qbridge_qubit_2022,qbridge_qubit_2022__hn018,qbridge_qubit_2022,hard_negative_mined,bsc,0,ratio_75,2,2,0.06209453197405004,0.08,0.08662910869729674,0.25435326060818425,0.0008427495486102998
qbridge_qubit_2022,qbridge_qubit_2022__hn019,qbridge_qubit_2022,hard_negative_mined,bsc,0,ratio_25,1,1,0.06209453197405004,0.0,0.08020096186478894,0.0,2.2464297217084095e-05
qbridge_qubit_2022,qbridge_qubit_2022__hn020,qbridge_qubit_2022,hard_negative_mined,bsc,0,ratio_25,1,3,0.06209453197405004,0.0,0.08662910869729674,0.004333333333333333,0.0003176956088282168
qbridge_qubit_2022,qbridge_qubit_2022__hn020,qbridge_qubit_2022,hard_negative_mined,bsc,0,ratio_50,2,3,0.06209453197405004,0.08,0.08662910869729674,0.36667386417098813,0.0003914769331458956
qbridge_qubit_2022,qbridge_qubit_2022__hn020,qbridge_qubit_2022,hard_negative_mined,bsc,0,ratio_75,3,3,0.06209453197405004,0.08,0.08662910869729674,0.22959198763542324,0.004089240450412035
qbridge_qubit_2022,qbridge_qubit_2022__hn021,qbridge_qubit_2022,hard_negative_mined,bsc,0,k_2,2,12,0.06209453197405004,0.08,0.08662910869729674,0.6908675912934779,0.4492499530315399
qbridge_qubit_2022,qbridge_qubit_2022__hn021,qbridge_qubit_2022,hard_negative_mined,bsc,0,ratio_25,3,12,0.06209453197405004,0.08,0.08662910869729674,0.5243036368768462,0.40786808729171753
qbridge_qubit_2022,qbridge_qubit_2022__hn021,qbridge_qubit_2022,hard_negative_mined,bsc,0,k_5,5,12,0.06209453197405004,0.08,0.08662910869729674,0.4624998331958923,0.20346233248710632
qbridge_qubit_2022,qbridge_qubit_2022__hn021,qbridge_qubit_2022,hard_negative_mined,bsc,0,ratio_50,6,12,0.06209453197405004,0.08,0.08662910869729674,0.48131150583313587,0.31822311878204346
qbridge_qubit_2022,qbridge_qubit_2022__hn021,qbridge_qubit_2022,hard_negative_mined,bsc,0,k_7,7,12,0.06209453197405004,0.08,0.08662910869729674,0.46259440264937346,0.3250795304775238
qbridge_qubit_2022,qbridge_qubit_2022__hn021,qbridge_qubit_2022,hard_negative_mined,bsc,0,ratio_75,9,12,0.06209453197405004,0.08,0.08662910869729674,0.12377521320451981,0.0066873496398329735
qbridge_qubit_2022,qbridge_qubit_2022__hn021,qbridge_qubit_2022,hard_negative_mined,bsc,0,ratio_100,12,12,0.06209453197405004,0.08,0.08662910869729674,0.135922174486363,0.007638811599463224
qbridge_qubit_2022,qbridge_qubit_2022__hn022,qbridge_qubit_2022,hard_negative_mined,bsc,0,k_2,2,77,0.06209453197405004,0.08,0.08662910869729674,0.7018653592553947,0.04391602799296379
qbridge_qubit_2022,qbridge_qubit_2022__hn022,qbridge_qubit_2022,hard_negative_mined,bsc,0,k_3,3,77,0.06209453197405004,0.08,0.08662910869729674,0.6836629735834616,0.08199369162321091
qbridge_qubit_2022,qbridge_qubit_2022__hn022,qbridge_qubit_2022,hard_negative_mined,bsc,0,k_5,5,77,0.06209453197405004,0.1,0.08400369328059686,0.7729541930437814,0.7003738880157471
qbridge_qubit_2022,qbridge_qubit_2022__hn022,qbridge_qubit_2022,hard_negative_mined,bsc,0,k_7,7,77,0.06209453197405004,0.14,0.08381895543164836,0.812960614257797,0.958809494972229
qbridge_qubit_2022,qbridge_qubit_2022__hn022,qbridge_qubit_2022,hard_negative_mined,bsc,0,ratio_25,20,77,0.06209453197405004,0.2,0.08303793123272352,0.7742746959716658,0.8762089610099792
qbridge_qubit_2022,qbridge_qubit_2022__hn022,qbridge_qubit_2022,hard_negative_mined,bsc,0,ratio_50,39,77,0.06209453197405004,0.2,0.08443618716976106,0.4508174141851985,0.5498054027557373
qbridge_qubit_2022,qbridge_qubit_2022__hn022,qbridge_qubit_2022,hard_negative_mined,bsc,0,ratio_75,58,77,0.06209453197405004,0.2,0.08302688943888126,0.24464268640031148,0.1432451605796814
qbridge_qubit_2022,qbridge_qubit_2022__hn022,qbridge_qubit_2022,hard_negative_mined,bsc,0,ratio_100,77,77,0.06209453197405004,0.2,0.08232127921609894,0.1272794092231811,0.0541965551674366
qbridge_qubit_2022,qbridge_qubit_2022__hn023,qbridge_qubit_2022,hard_negative_mined,bsc,0,k_2,2,253,0.06209453197405004,0.08,0.08020096186478894,0.04544416088317478,0.0005331795546226203
qbridge_qubit_2022,qbridge_qubit_2022__hn023,qbridge_qubit_2022,hard_negative_mined,bsc,0,k_3,3,253,0.06209453197405004,0.08,0.08020096186478894,0.022891853057206174,0.0008593070670031011
qbridge_qubit_2022,qbridge_qubit_2022__hn023,qbridge_qubit_2022,hard_negative_mined,bsc,0,k_5,5,253,0.06209453197405004,0.08,0.08020096186478894,0.008221828425961487,0.0005515807424671948
qbridge_qubit_2022,qbridge_qubit_2022__hn023,qbridge_qubit_2022,hard_negative_mined,bsc,0,k_7,7,253,0.06209453197405004,0.08,0.08020096186478894,0.032535092232062725,0.0026080640964210033
qbridge_qubit_2022,qbridge_qubit_2022__hn023,qbridge_qubit_2022,hard_negative_mined,bsc,0,ratio_25,64,253,0.06209453197405004,0.08,0.08020096186478894,0.0008965590077260096,0.000569673313293606
qbridge_qubit_2022,qbridge_qubit_2022__hn023,qbridge_qubit_2022,hard_negative_mined,bsc,0,ratio_50,127,253,0.06209453197405004,0.08,0.08020096186478894,0.0077298923410593435,0.0004767446080222726
qbridge_qubit_2022,qbridge_qubit_2022__hn023,qbridge_qubit_2022,hard_negative_mined,bsc,0,ratio_75,190,253,0.06209453197405004,0.08,0.08020096186478894,0.017729892341059345,0.0006478840368799865
qbridge_qubit_2022,qbridge_qubit_2022__hn023,qbridge_qubit_2022,hard_negative_mined,bsc,0,ratio_100,253,253,0.06209453197405004,0.08,0.08020096186478894,0.010780148423005564,0.0007095462642610073
qbridge_qubit_2022,qbridge_qubit_2022__hn024,qbridge_qubit_2022,hard_negative_mined,bsc,0,ratio_25,1,2,0.06209453197405004,0.0,0.08020096186478894,0.0,2.4415337975369766e-05
qbridge_qubit_2022,qbridge_qubit_2022__hn024,qbridge_qubit_2022,hard_negative_mined,bsc,0,ratio_75,2,2,0.06209453197405004,0.1,0.08020096186478894,0.00047169811320754723,4.0091821574606e-05
qbridge_qubit_2022,qbridge_qubit_2022__hn025,qbridge_qubit_2022,hard_negative_mined,bsc,0,k_2,2,43,0.06209453197405004,0.08,0.08020096186478894,0.023942341348066182,0.0007971180020831525
qbridge_qubit_2022,qbridge_qubit_2022__hn025,qbridge_qubit_2022,hard_negative_mined,bsc,0,k_3,3,43,0.06209453197405004,0.08,0.08020096186478894,0.035062841556458856,0.0008176464471034706
qbridge_qubit_2022,qbridge_qubit_2022__hn025,qbridge_qubit_2022,hard_negative_mined,bsc,0,k_5,5,43,0.06209453197405004,0.08,0.08020096186478894,0.04738639152151825,0.002110101515427232
qbridge_qubit_2022,qbridge_qubit_2022__hn025,qbridge_qubit_2022,hard_negative_mined,bsc,0,k_7,7,43,0.06209453197405004,0.08,0.08020096186478894,0.039496320599532446,0.0016245400765910745
qbridge_qubit_2022,qbridge_qubit_2022__hn025,qbridge_qubit_2022,hard_negative_mined,bsc,0,ratio_25,11,43,0.06209453197405004,0.08,0.08020096186478894,0.033307131410343256,0.00013893535651732236
qbridge_qubit_2022,qbridge_qubit_2022__hn025,qbridge_qubit_2022,hard_negative_mined,bsc,0,ratio_50,22,43,0.06209453197405004,0.26,0.08162254370761632,0.149738543374659,0.004549358505755663
qbridge_qubit_2022,qbridge_qubit_2022__hn025,qbridge_qubit_2022,hard_negative_mined,bsc,0,ratio_75,33,43,0.06209453197405004,0.46,0.08210148392626707,0.3232587719741037,0.03528222069144249
qbridge_qubit_2022,qbridge_qubit_2022__hn025,qbridge_qubit_2022,hard_negative_mined,bsc,0,ratio_100,43,43,0.06209453197405004,0.6,0.08254032746786813,0.1765377933081634,0.18157756328582764
qbridge_qubit_2022,qbridge_qubit_2022__hn026,qbridge_qubit_2022,hard_negative_mined,bsc,0,ratio_25,1,1,0.06209453197405004,0.0,0.08020096186478894,0.0,2.2464297217084095e-05
qbridge_qubit_2022,qbridge_qubit_2022__hn027,qbridge_qubit_2022,hard_negative_mined,bsc,0,ratio_25,1,3,0.06209453197405004,0.0,0.13749217754713527,0.005,0.0037905515637248755
qbridge_qubit_2022,qbridge_qubit_2022__hn027,qbridge_qubit_2022,hard_negative_mined,bsc,0,ratio_50,2,3,0.06209453197405004,0.08,0.13749217754713527,0.034951993080403816,0.0008855006308294833
qbridge_qubit_2022,qbridge_qubit_2022__hn027,qbridge_qubit_2022,hard_negative_mined,bsc,0,ratio_75,3,3,0.06209453197405004,0.1,0.13749217754713527,0.20901073377425086,0.039466988295316696
qbridge_qubit_2022,qbridge_qubit_2022__hn028,qbridge_qubit_2022,hard_negative_mined,bsc,0,ratio_25,2,8,0.06209453197405004,0.1,0.08335872469086458,0.17301696325559274,0.002314535900950432
qbridge_qubit_2022,qbridge_qubit_2022__hn028,qbridge_qubit_2022,hard_negative_mined,bsc,0,k_3,3,8,0.06209453197405004,0.12,0.08229377554040297,0.2586748814552102,0.01076309010386467
qbridge_qubit_2022,qbridge_qubit_2022__hn028,qbridge_qubit_2022,hard_negative_mined,bsc,0,ratio_50,4,8,0.06209453197405004,0.14,0.08335872469086458,0.03463414634146342,0.02036380209028721
qbridge_qubit_2022,qbridge_qubit_2022__hn028,qbridge_qubit_2022,hard_negative_mined,bsc,0,k_5,5,8,0.06209453197405004,0.16,0.08271826089544669,0.02133627400103788,0.007388504687696695
qbridge_qubit_2022,qbridge_qubit_2022__hn028,qbridge_qubit_2022,hard_negative_mined,bsc,0,ratio_75,6,8,0.06209453197405004,0.16,0.08229377554040297,0.02133627400103788,0.006668612360954285
qbridge_qubit_2022,qbridge_qubit_2022__hn028,qbridge_qubit_2022,hard_negative_mined,bsc,0,k_7,7,8,0.06209453197405004,0.18,0.08290079231397554,0.02133627400103788,0.009428524412214756
qbridge_qubit_2022,qbridge_qubit_2022__hn028,qbridge_qubit_2022,hard_negative_mined,bsc,0,ratio_100,8,8,0.06209453197405004,0.2,0.082558845935943,0.02133627400103788,0.00406259298324585
qbridge_qubit_2022,qbridge_qubit_2022__hn029,qbridge_qubit_2022,hard_negative_mined,bsc,0,ratio_25,1,2,0.06209453197405004,0.0,0.08020096186478894,0.0,2.4415337975369766e-05
qbridge_qubit_2022,qbridge_qubit_2022__hn029,qbridge_qubit_2022,hard_negative_mined,bsc,0,ratio_75,2,2,0.06209453197405004,0.1,0.08020096186478894,0.025,2.5213130356860347e-05
qbridge_qubit_2022,qbridge_qubit_2022__hn030,qbridge_qubit_2022,hard_negative_mined,bsc,0,ratio_25,1,1,0.06209453197405004,0.0,0.08662910869729674,0.0,2.4797283913358115e-05
qbridge_qubit_2022,qbridge_qubit_2022__hn031,qbridge_qubit_2022,hard_negative_mined,bsc,0,ratio_25,1,2,0.06209453197405004,0.0,0.08662910869729674,0.0,8.366341353394091e-05
qbridge_qubit_2022,qbridge_qubit_2022__hn031,qbridge_qubit_2022,hard_negative_mined,bsc,0,ratio_75,2,2,0.06209453197405004,0.1,0.08335872469086458,0.051299128399108856,9.050735388882458e-05
qbridge_qubit_2022,qbridge_qubit_2022__hn032,qbridge_qubit_2022,hard_negative_mined,bsc,0,k_2,2,56,0.06209453197405004,0.1,0.13749217754713527,0.12649185251264103,0.01028160285204649
qbridge_qubit_2022,qbridge_qubit_2022__hn032,qbridge_qubit_2022,hard_negative_mined,bsc,0,k_3,3,56,0.06209453197405004,0.12,0.13749217754713527,0.7173315177933148,0.4807496964931488
qbridge_qubit_2022,qbridge_qubit_2022__hn032,qbridge_qubit_2022,hard_negative_mined,bsc,0,k_5,5,56,0.06209453197405004,0.16,0.13749217754713527,0.7668237396420257,0.820556104183197
qbridge_qubit_2022,qbridge_qubit_2022__hn032,qbridge_qubit_2022,hard_negative_mined,bsc,0,k_7,7,56,0.06209453197405004,0.2,0.13749217754713527,0.6480004878369534,0.542919933795929
qbridge_qubit_2022,qbridge_qubit_2022__hn032,qbridge_qubit_2022,hard_negative_mined,bsc,0,ratio_25,14,56,0.06209453197405004,0.34,0.13749217754713527,0.33677019334497305,0.24227143824100494
qbridge_qubit_2022,qbridge_qubit_2022__hn032,qbridge_qubit_2022,hard_negative_mined,bsc,0,ratio_50,28,56,0.06209453197405004,0.34,0.1054627771802928,0.10267164846747937,0.0010767971398308873
qbridge_qubit_2022,qbridge_qubit_2022__hn032,qbridge_qubit_2022,hard_negative_mined,bsc,0,ratio_75,42,56,0.06209453197405004,0.34,0.0963455762711419,0.06720972793344715,0.001255568116903305
qbridge_qubit_2022,qbridge_qubit_2022__hn032,qbridge_qubit_2022,hard_negative_mined,bsc,0,ratio_100,56,56,0.06209453197405004,0.34,0.09205612878876586,0.0374072091701402,0.0007459745975211263
qbridge_qubit_2022,qbridge_qubit_2022__hn033,qbridge_qubit_2022,hard_negative_mined,bsc,0,k_2,2,89,0.06209453197405004,0.08,0.08020096186478894,0.019443361435950678,0.0005905604339204729
qbridge_qubit_2022,qbridge_qubit_2022__hn033,qbridge_qubit_2022,hard_negative_mined,bsc,0,k_3,3,89,0.06209453197405004,0.08,0.08229377554040297,0.03822071833830758,0.001215538359247148
qbridge_qubit_2022,qbridge_qubit_2022__hn033,qbridge_qubit_2022,hard_negative_mined,bsc,0,k_5,5,89,0.06209453197405004,0.08,0.08400369328059686,0.021746956410277695,0.0050390008836984634
qbridge_qubit_2022,qbridge_qubit_2022__hn033,qbridge_qubit_2022,hard_negative_mined,bsc,0,k_7,7,89,0.06209453197405004,0.08,0.08474634792157686,0.03895771127968177,0.005050024017691612
qbridge_qubit_2022,qbridge_qubit_2022__hn033,qbridge_qubit_2022,hard_negative_mined,bsc,0,ratio_25,23,89,0.06209453197405004,0.08,0.08238588595070406,0.11136330657173552,0.00041529754525981843
qbridge_qubit_2022,qbridge_qubit_2022__hn033,qbridge_qubit_2022,hard_negative_mined,bsc,0,ratio_50,45,89,0.06209453197405004,0.08,0.08131101232276834,0.07031137080297911,0.0008407491841353476
qbridge_qubit_2022,qbridge_qubit_2022__hn033,qbridge_qubit_2022,hard_negative_mined,bsc,0,ratio_75,67,89,0.06209453197405004,0.08,0.08094498252117445,0.023869668050931523,9.868421329883859e-05
qbridge_qubit_2022,qbridge_qubit_2022__hn033,qbridge_qubit_2022,hard_negative_mined,bsc,0,ratio_100,89,89,0.06209453197405004,0.08,0.0807604837456799,0.03953633471759819,0.0012083580950275064
qbridge_qubit_2022,qbridge_qubit_2022__hn034,qbridge_qubit_2022,hard_negative_mined,bsc,0,ratio_25,1,1,0.06209453197405004,0.0,0.08662910869729674,0.0,5.301382043398917e-05
feg_bridge_2024,feg_bridge_2024__hn000,feg_bridge_2024,hard_negative_mined,eth,0,ratio_25,1,1,0.05582137161084529,0.0,0.11864898098070115,0.0,8.28665270091733e-06
feg_bridge_2024,feg_bridge_2024__hn001,feg_bridge_2024,hard_negative_mined,eth,0,ratio_25,1,1,0.05582137161084529,0.0,0.11864898098070115,0.0,9.273018804378808e-06
feg_bridge_2024,feg_bridge_2024__hn002,feg_bridge_2024,hard_negative_mined,eth,0,ratio_25,1,1,0.05582137161084529,0.0,0.11864898098070115,0.0,9.273018804378808e-06
feg_bridge_2024,feg_bridge_2024__hn003,feg_bridge_2024,hard_negative_mined,eth,0,ratio_25,1,2,0.05582137161084529,0.0,0.11864898098070115,0.0,2.248039163532667e-05
feg_bridge_2024,feg_bridge_2024__hn003,feg_bridge_2024,hard_negative_mined,eth,0,ratio_75,2,2,0.05582137161084529,0.06060606060606061,0.09182671327696873,0.0006818181818181818,7.833309791749343e-05
feg_bridge_2024,feg_bridge_2024__hn004,feg_bridge_2024,hard_negative_mined,eth,0,ratio_25,1,1,0.05582137161084529,0.0,0.11864898098070115,0.0,8.28665270091733e-06
feg_bridge_2024,feg_bridge_2024__hn005,feg_bridge_2024,hard_negative_mined,eth,0,ratio_25,1,1,0.05582137161084529,0.0,0.11864898098070115,0.0,8.393422467634082e-05
feg_bridge_2024,feg_bridge_2024__hn006,feg_bridge_2024,hard_negative_mined,eth,0,ratio_25,1,1,0.05582137161084529,0.0,0.11864898098070115,0.0,8.393422467634082e-05
feg_bridge_2024,feg_bridge_2024__hn007,feg_bridge_2024,hard_negative_mined,eth,0,ratio_25,1,1,0.05582137161084529,0.0,0.11864898098070115,0.0,9.273018804378808e-06
feg_bridge_2024,feg_bridge_2024__hn008,feg_bridge_2024,hard_negative_mined,eth,0,ratio_25,1,1,0.05582137161084529,0.0,0.11864898098070115,0.0,8.393422467634082e-05
feg_bridge_2024,feg_bridge_2024__hn009,feg_bridge_2024,hard_negative_mined,eth,0,ratio_25,1,1,0.05582137161084529,0.0,0.11864898098070115,0.0,8.28665270091733e-06
feg_bridge_2024,feg_bridge_2024__hn010,feg_bridge_2024,hard_negative_mined,eth,0,ratio_25,1,1,0.05582137161084529,0.0,0.11864898098070115,0.0,9.273018804378808e-06
feg_bridge_2024,feg_bridge_2024__hn011,feg_bridge_2024,hard_negative_mined,eth,0,ratio_25,1,1,0.05582137161084529,0.0,0.11864898098070115,0.0,9.273018804378808e-06
feg_bridge_2024,feg_bridge_2024__hn012,feg_bridge_2024,hard_negative_mined,eth,0,ratio_25,1,1,0.05582137161084529,0.0,0.11864898098070115,0.0,8.393422467634082e-05
feg_bridge_2024,feg_bridge_2024__hn013,feg_bridge_2024,hard_negative_mined,eth,0,ratio_25,1,1,0.05582137161084529,0.0,0.11864898098070115,0.0,9.273018804378808e-06
feg_bridge_2024,feg_bridge_2024__hn014,feg_bridge_2024,hard_negative_mined,eth,0,ratio_25,1,1,0.05582137161084529,0.0,0.11864898098070115,0.0,8.28665270091733e-06
feg_bridge_2024,feg_bridge_2024__hn015,feg_bridge_2024,hard_negative_mined,eth,0,ratio_25,1,1,0.05582137161084529,0.0,0.11864898098070115,0.0,9.273018804378808e-06
feg_bridge_2024,feg_bridge_2024__hn016,feg_bridge_2024,hard_negative_mined,eth,0,ratio_25,1,1,0.05582137161084529,0.0,0.11864898098070115,0.0,8.28665270091733e-06
feg_bridge_2024,feg_bridge_2024__hn017,feg_bridge_2024,hard_negative_mined,eth,0,ratio_25,1,1,0.05582137161084529,0.0,0.11864898098070115,0.0,8.393422467634082e-05
feg_bridge_2024,feg_bridge_2024__hn018,feg_bridge_2024,hard_negative_mined,eth,0,ratio_25,1,1,0.05582137161084529,0.0,0.11864898098070115,0.0,8.393422467634082e-05
feg_bridge_2024,feg_bridge_2024__hn019,feg_bridge_2024,hard_negative_mined,eth,0,ratio_25,1,1,0.05582137161084529,0.0,0.11864898098070115,0.0,9.273018804378808e-06
feg_bridge_2024,feg_bridge_2024__hn020,feg_bridge_2024,hard_negative_mined,eth,0,ratio_25,1,1,0.05582137161084529,0.0,0.11864898098070115,0.0,8.393422467634082e-05
feg_bridge_2024,feg_bridge_2024__hn021,feg_bridge_2024,hard_negative_mined,eth,0,ratio_25,1,1,0.05582137161084529,0.0,0.11864898098070115,0.0,9.273018804378808e-06
feg_bridge_2024,feg_bridge_2024__hn022,feg_bridge_2024,hard_negative_mined,eth,0,ratio_25,1,1,0.05582137161084529,0.0,0.11864898098070115,0.0,9.273018804378808e-06
feg_bridge_2024,feg_bridge_2024__hn023,feg_bridge_2024,hard_negative_mined,eth,0,ratio_25,1,1,0.05582137161084529,0.0,0.11864898098070115,0.0,9.273018804378808e-06
feg_bridge_2024,feg_bridge_2024__hn024,feg_bridge_2024,hard_negative_mined,eth,0,ratio_25,1,1,0.05582137161084529,0.0,0.11864898098070115,0.0,9.273018804378808e-06
feg_bridge_2024,feg_bridge_2024__hn025,feg_bridge_2024,hard_negative_mined,eth,0,ratio_25,1,1,0.05582137161084529,0.0,0.11864898098070115,0.0,8.28665270091733e-06
feg_bridge_2024,feg_bridge_2024__hn027,feg_bridge_2024,hard_negative_mined,eth,0,ratio_25,1,1,0.05582137161084529,0.0,0.11864898098070115,0.0,9.273018804378808e-06
feg_bridge_2024,feg_bridge_2024__hn028,feg_bridge_2024,hard_negative_mined,eth,0,ratio_25,1,1,0.05582137161084529,0.0,0.11864898098070115,0.0,8.28665270091733e-06
feg_bridge_2024,feg_bridge_2024__hn029,feg_bridge_2024,hard_negative_mined,eth,0,ratio_25,1,1,0.05582137161084529,0.0,0.11864898098070115,0.0,8.28665270091733e-06
feg_bridge_2024,feg_bridge_2024__hn030,feg_bridge_2024,hard_negative_mined,eth,0,ratio_25,1,1,0.05582137161084529,0.0,0.11864898098070115,0.0,9.273018804378808e-06
feg_bridge_2024,feg_bridge_2024__hn031,feg_bridge_2024,hard_negative_mined,eth,0,ratio_25,1,1,0.05582137161084529,0.0,0.11864898098070115,0.0,8.28665270091733e-06
chibi_finance_2023,chibi_finance_2023__hn000,chibi_finance_2023,hard_negative_mined,arbitrum,0,ratio_25,1,1,0.05429497568881685,0.030303030303030304,0.017652836239820315,0.0,5.7984289014711976e-05
chibi_finance_2023,chibi_finance_2023__hn001,chibi_finance_2023,hard_negative_mined,arbitrum,0,ratio_25,1,1,0.05429497568881685,0.0,0.05955055826352761,0.0,1.1461364920251071e-05
chibi_finance_2023,chibi_finance_2023__hn002,chibi_finance_2023,hard_negative_mined,arbitrum,0,ratio_25,1,3,0.05429497568881685,0.030303030303030304,0.017652836239820315,0.0,0.00030931204673834145
chibi_finance_2023,chibi_finance_2023__hn002,chibi_finance_2023,hard_negative_mined,arbitrum,0,ratio_50,2,3,0.05429497568881685,0.2727272727272727,0.03606621629910489,0.05575392347658372,0.001244954764842987
chibi_finance_2023,chibi_finance_2023__hn002,chibi_finance_2023,hard_negative_mined,arbitrum,0,ratio_75,3,3,0.05429497568881685,0.2878787878787879,0.042684870820533495,0.2147417707362109,0.0005751941935159266
chibi_finance_2023,chibi_finance_2023__hn003,chibi_finance_2023,hard_negative_mined,arbitrum,0,ratio_25,1,1,0.05429497568881685,0.030303030303030304,0.017652836239820315,0.0,5.7984289014711976e-05
chibi_finance_2023,chibi_finance_2023__hn004,chibi_finance_2023,hard_negative_mined,arbitrum,0,ratio_25,2,8,0.05429497568881685,0.09090909090909091,0.03263185210371997,0.17292487477244955,0.7815293669700623
chibi_finance_2023,chibi_finance_2023__hn004,chibi_finance_2023,hard_negative_mined,arbitrum,0,k_3,3,8,0.05429497568881685,0.09090909090909091,0.039949454525437404,0.053780743066457345,0.00420006550848484
chibi_finance_2023,chibi_finance_2023__hn004,chibi_finance_2023,hard_negative_mined,arbitrum,0,ratio_50,4,8,0.05429497568881685,0.15151515151515152,0.04417519344205972,0.03,0.0012283272808417678
chibi_finance_2023,chibi_finance_2023__hn004,chibi_finance_2023,hard_negative_mined,arbitrum,0,k_5,5,8,0.05429497568881685,0.21212121212121213,0.04691192377781269,0.02,0.0011836455669254065
chibi_finance_2023,chibi_finance_2023__hn004,chibi_finance_2023,hard_negative_mined,arbitrum,0,ratio_75,6,8,0.05429497568881685,0.21212121212121213,0.04882518657493718,0.025,0.0011836455669254065
chibi_finance_2023,chibi_finance_2023__hn004,chibi_finance_2023,hard_negative_mined,arbitrum,0,k_7,7,8,0.05429497568881685,0.21212121212121213,0.05023688467074216,0.025,0.0022135991603136063
chibi_finance_2023,chibi_finance_2023__hn004,chibi_finance_2023,hard_negative_mined,arbitrum,0,ratio_100,8,8,0.05429497568881685,0.21212121212121213,0.05132093837549843,0.02947368421052632,0.0027294023893773556
chibi_finance_2023,chibi_finance_2023__hn005,chibi_finance_2023,hard_negative_mined,arbitrum,0,ratio_25,1,1,0.05429497568881685,0.030303030303030304,0.017652836239820315,0.0,5.7984289014711976e-05
chibi_finance_2023,chibi_finance_2023__hn006,chibi_finance_2023,hard_negative_mined,arbitrum,0,ratio_25,1,2,0.05429497568881685,0.030303030303030304,0.017652836239820315,0.0,7.72180937929079e-05
chibi_finance_2023,chibi_finance_2023__hn006,chibi_finance_2023,hard_negative_mined,arbitrum,0,ratio_75,2,2,0.05429497568881685,0.09090909090909091,0.03263185210371997,0.013665322580645163,8.164052997017279e-05
chibi_finance_2023,chibi_finance_2023__hn007,chibi_finance_2023,hard_negative_mined,arbitrum,0,ratio_25,1,2,0.05429497568881685,0.030303030303030304,0.017652836239820315,0.0,7.72180937929079e-05
chibi_finance_2023,chibi_finance_2023__hn007,chibi_finance_2023,hard_negative_mined,arbitrum,0,ratio_75,2,2,0.05429497568881685,0.09090909090909091,0.017652836239820315,0.02099285180572852,0.004207968711853027
chibi_finance_2023,chibi_finance_2023__hn008,chibi_finance_2023,hard_negative_mined,arbitrum,0,ratio_25,1,1,0.05429497568881685,0.030303030303030304,0.017652836239820315,0.0,5.7984289014711976e-05
chibi_finance_2023,chibi_finance_2023__hn009,chibi_finance_2023,hard_negative_mined,arbitrum,0,ratio_25,1,2,0.05429497568881685,0.030303030303030304,0.017652836239820315,0.0,7.72180937929079e-05
chibi_finance_2023,chibi_finance_2023__hn009,chibi_finance_2023,hard_negative_mined,arbitrum,0,ratio_75,2,2,0.05429497568881685,0.09090909090909091,0.03263185210371997,0.01931187430478309,7.172368350438774e-05
chibi_finance_2023,chibi_finance_2023__hn010,chibi_finance_2023,hard_negative_mined,arbitrum,0,ratio_25,1,2,0.05429497568881685,0.030303030303030304,0.017652836239820315,0.005,7.72180937929079e-05
chibi_finance_2023,chibi_finance_2023__hn010,chibi_finance_2023,hard_negative_mined,arbitrum,0,ratio_75,2,2,0.05429497568881685,0.09090909090909091,0.017652836239820315,0.03555706828521506,0.00020522104750853032
chibi_finance_2023,chibi_finance_2023__hn011,chibi_finance_2023,hard_negative_mined,arbitrum,0,ratio_25,1,2,0.05429497568881685,0.030303030303030304,0.017652836239820315,0.0,7.72180937929079e-05
chibi_finance_2023,chibi_finance_2023__hn011,chibi_finance_2023,hard_negative_mined,arbitrum,0,ratio_75,2,2,0.05429497568881685,0.09090909090909091,0.017652836239820315,0.037076121121444365,5.269211033009924e-05
chibi_finance_2023,chibi_finance_2023__hn012,chibi_finance_2023,hard_negative_mined,arbitrum,0,ratio_25,1,1,0.05429497568881685,0.030303030303030304,0.017652836239820315,0.0,5.7984289014711976e-05
chibi_finance_2023,chibi_finance_2023__hn013,chibi_finance_2023,hard_negative_mined,arbitrum,0,ratio_25,1,2,0.05429497568881685,0.030303030303030304,0.017652836239820315,0.0,7.72180937929079e-05
chibi_finance_2023,chibi_finance_2023__hn013,chibi_finance_2023,hard_negative_mined,arbitrum,0,ratio_75,2,2,0.05429497568881685,0.09090909090909091,0.017652836239820315,0.04186778778811103,6.979984027566388e-05
chibi_finance_2023,chibi_finance_2023__hn014,chibi_finance_2023,hard_negative_mined,arbitrum,0,ratio_25,1,1,0.05429497568881685,0.030303030303030304,0.017652836239820315,0.0,5.7984289014711976e-05
chibi_finance_2023,chibi_finance_2023__hn015,chibi_finance_2023,hard_negative_mined,arbitrum,0,ratio_25,2,6,0.05429497568881685,0.09090909090909091,0.017652836239820315,0.2832982880705305,0.0231599323451519
chibi_finance_2023,chibi_finance_2023__hn015,chibi_finance_2023,hard_negative_mined,arbitrum,0,ratio_50,3,6,0.05429497568881685,0.09090909090909091,0.017652836239820315,0.1679777703185947,0.006083651911467314
chibi_finance_2023,chibi_finance_2023__hn015,chibi_finance_2023,hard_negative_mined,arbitrum,0,ratio_75,5,6,0.05429497568881685,0.09090909090909091,0.017652836239820315,0.055,0.0026266025379300117
chibi_finance_2023,chibi_finance_2023__hn015,chibi_finance_2023,hard_negative_mined,arbitrum,0,ratio_100,6,6,0.05429497568881685,0.09090909090909091,0.021686738952662578,0.027043650793650797,0.004707999527454376
chibi_finance_2023,chibi_finance_2023__hn016,chibi_finance_2023,hard_negative_mined,arbitrum,0,ratio_25,1,1,0.05429497568881685,0.030303030303030304,0.017652836239820315,0.0,5.7984289014711976e-05
chibi_finance_2023,chibi_finance_2023__hn017,chibi_finance_2023,hard_negative_mined,arbitrum,0,ratio_25,1,1,0.05429497568881685,0.030303030303030304,0.017652836239820315,0.0,5.7984289014711976e-05
chibi_finance_2023,chibi_finance_2023__hn018,chibi_finance_2023,hard_negative_mined,arbitrum,0,ratio_25,1,2,0.05429497568881685,0.030303030303030304,0.017652836239820315,0.0,7.72180937929079e-05
chibi_finance_2023,chibi_finance_2023__hn018,chibi_finance_2023,hard_negative_mined,arbitrum,0,ratio_75,2,2,0.05429497568881685,0.09090909090909091,0.017652836239820315,0.04120112112144437,7.814284617779776e-05
chibi_finance_2023,chibi_finance_2023__hn019,chibi_finance_2023,hard_negative_mined,arbitrum,0,ratio_25,1,1,0.05429497568881685,0.030303030303030304,0.017652836239820315,0.0,5.7984289014711976e-05
chibi_finance_2023,chibi_finance_2023__hn020,chibi_finance_2023,hard_negative_mined,arbitrum,0,ratio_25,1,1,0.05429497568881685,0.030303030303030304,0.017652836239820315,0.0,5.7984289014711976e-05
chibi_finance_2023,chibi_finance_2023__hn021,chibi_finance_2023,hard_negative_mined,arbitrum,0,ratio_25,1,1,0.05429497568881685,0.030303030303030304,0.017652836239820315,0.0,5.7984289014711976e-05
chibi_finance_2023,chibi_finance_2023__hn022,chibi_finance_2023,hard_negative_mined,arbitrum,0,ratio_25,1,1,0.05429497568881685,0.030303030303030304,0.017652836239820315,0.0,5.7984289014711976e-05
chibi_finance_2023,chibi_finance_2023__hn023,chibi_finance_2023,hard_negative_mined,arbitrum,0,ratio_25,1,1,0.05429497568881685,0.030303030303030304,0.017652836239820315,0.0,5.7984289014711976e-05
chibi_finance_2023,chibi_finance_2023__hn024,chibi_finance_2023,hard_negative_mined,arbitrum,0,ratio_25,1,1,0.05429497568881685,0.030303030303030304,0.017652836239820315,0.0,5.7984289014711976e-05
wooppv2_2024,wooppv2_2024__hn000,wooppv2_2024,hard_negative_mined,arbitrum,0,ratio_25,1,1,0.05693664795509222,0.030303030303030304,0.017276816454879707,0.0,1.384114602842601e-05
wooppv2_2024,wooppv2_2024__hn001,wooppv2_2024,hard_negative_mined,arbitrum,0,ratio_25,2,5,0.05693664795509222,0.0,0.0718170771718237,0.03035736649729882,4.3938413000432774e-05
wooppv2_2024,wooppv2_2024__hn001,wooppv2_2024,hard_negative_mined,arbitrum,0,ratio_50,3,5,0.05693664795509222,0.06060606060606061,0.0718170771718237,0.0043094048687656,0.001653534360229969
wooppv2_2024,wooppv2_2024__hn001,wooppv2_2024,hard_negative_mined,arbitrum,0,ratio_75,4,5,0.05693664795509222,0.12121212121212122,0.0718170771718237,0.0043094048687656,6.306672730715945e-05
wooppv2_2024,wooppv2_2024__hn001,wooppv2_2024,hard_negative_mined,arbitrum,0,ratio_100,5,5,0.05693664795509222,0.12121212121212122,0.0718170771718237,0.010743470802831534,9.876498370431364e-05
wooppv2_2024,wooppv2_2024__hn002,wooppv2_2024,hard_negative_mined,arbitrum,0,ratio_25,1,3,0.05693664795509222,0.030303030303030304,0.017276816454879707,0.0019306930693069307,6.355375808198005e-05
wooppv2_2024,wooppv2_2024__hn002,wooppv2_2024,hard_negative_mined,arbitrum,0,ratio_50,2,3,0.05693664795509222,0.09090909090909091,0.017276816454879707,0.03151558401417211,3.610923886299133e-05
wooppv2_2024,wooppv2_2024__hn002,wooppv2_2024,hard_negative_mined,arbitrum,0,ratio_75,3,3,0.05693664795509222,0.09090909090909091,0.02800384151455425,0.0018421052631578947,8.75711120897904e-05
wooppv2_2024,wooppv2_2024__hn003,wooppv2_2024,hard_negative_mined,arbitrum,0,ratio_25,1,3,0.05693664795509222,0.030303030303030304,0.017276816454879707,0.0019306930693069307,6.355375808198005e-05
wooppv2_2024,wooppv2_2024__hn003,wooppv2_2024,hard_negative_mined,arbitrum,0,ratio_50,2,3,0.05693664795509222,0.09090909090909091,0.017276816454879707,0.03151558401417211,3.5153283533873037e-05
wooppv2_2024,wooppv2_2024__hn003,wooppv2_2024,hard_negative_mined,arbitrum,0,ratio_75,3,3,0.05693664795509222,0.09090909090909091,0.02800384151455425,0.008373240794293427,6.399778067134321e-05
wooppv2_2024,wooppv2_2024__hn004,wooppv2_2024,hard_negative_mined,arbitrum,0,ratio_25,1,1,0.05693664795509222,0.030303030303030304,0.017276816454879707,0.0,1.384114602842601e-05
wooppv2_2024,wooppv2_2024__hn005,wooppv2_2024,hard_negative_mined,arbitrum,0,ratio_25,1,3,0.05693664795509222,0.030303030303030304,0.017276816454879707,0.0019306930693069307,6.355375808198005e-05
wooppv2_2024,wooppv2_2024__hn005,wooppv2_2024,hard_negative_mined,arbitrum,0,ratio_50,2,3,0.05693664795509222,0.09090909090909091,0.03557001430826953,0.007039907460960093,1.9007282389793545e-05
wooppv2_2024,wooppv2_2024__hn005,wooppv2_2024,hard_negative_mined,arbitrum,0,ratio_75,3,3,0.05693664795509222,0.09090909090909091,0.04508561946299716,0.06214765027161286,6.585082883248106e-05
wooppv2_2024,wooppv2_2024__hn006,wooppv2_2024,hard_negative_mined,arbitrum,0,ratio_25,1,1,0.05693664795509222,0.030303030303030304,0.017276816454879707,0.0,1.384114602842601e-05
wooppv2_2024,wooppv2_2024__hn007,wooppv2_2024,hard_negative_mined,arbitrum,0,ratio_25,1,1,0.05693664795509222,0.030303030303030304,0.017276816454879707,0.0,1.384114602842601e-05
wooppv2_2024,wooppv2_2024__hn008,wooppv2_2024,hard_negative_mined,arbitrum,0,ratio_25,1,1,0.05693664795509222,0.030303030303030304,0.017276816454879707,0.0,2.684129140106961e-05
wooppv2_2024,wooppv2_2024__hn009,wooppv2_2024,hard_negative_mined,arbitrum,0,ratio_25,1,1,0.05693664795509222,0.030303030303030304,0.017276816454879707,0.0,1.384114602842601e-05
wooppv2_2024,wooppv2_2024__hn010,wooppv2_2024,hard_negative_mined,arbitrum,0,ratio_25,1,1,0.05693664795509222,0.030303030303030304,0.017276816454879707,0.0,1.384114602842601e-05
wooppv2_2024,wooppv2_2024__hn011,wooppv2_2024,hard_negative_mined,arbitrum,0,ratio_25,1,1,0.05693664795509222,0.030303030303030304,0.017276816454879707,0.0,2.684129140106961e-05
wooppv2_2024,wooppv2_2024__hn012,wooppv2_2024,hard_negative_mined,arbitrum,0,ratio_25,1,1,0.05693664795509222,0.030303030303030304,0.017276816454879707,0.0,0.00015785866708029062
wooppv2_2024,wooppv2_2024__hn013,wooppv2_2024,hard_negative_mined,arbitrum,0,ratio_25,1,1,0.05693664795509222,0.030303030303030304,0.017276816454879707,0.0,1.384114602842601e-05
wooppv2_2024,wooppv2_2024__hn014,wooppv2_2024,hard_negative_mined,arbitrum,0,ratio_25,1,1,0.05693664795509222,0.030303030303030304,0.017276816454879707,0.0,1.384114602842601e-05
wooppv2_2024,wooppv2_2024__hn015,wooppv2_2024,hard_negative_mined,arbitrum,0,ratio_25,2,6,0.05693664795509222,0.09090909090909091,0.017276816454879707,0.060895609041983,0.00035462999949231744
wooppv2_2024,wooppv2_2024__hn015,wooppv2_2024,hard_negative_mined,arbitrum,0,ratio_50,3,6,0.05693664795509222,0.09090909090909091,0.017276816454879707,0.03530856544939934,0.00011084325524279848
wooppv2_2024,wooppv2_2024__hn015,wooppv2_2024,hard_negative_mined,arbitrum,0,ratio_75,5,6,0.05693664795509222,0.09090909090909091,0.017276816454879707,0.024580958721975795,7.816273864591494e-05
wooppv2_2024,wooppv2_2024__hn015,wooppv2_2024,hard_negative_mined,arbitrum,0,ratio_100,6,6,0.05693664795509222,0.09090909090909091,0.02201035497136508,0.0018421052631578947,0.0008147815242409706
wooppv2_2024,wooppv2_2024__hn016,wooppv2_2024,hard_negative_mined,arbitrum,0,ratio_25,1,1,0.05693664795509222,0.030303030303030304,0.017276816454879707,0.0,1.384114602842601e-05
wooppv2_2024,wooppv2_2024__hn017,wooppv2_2024,hard_negative_mined,arbitrum,0,ratio_25,1,1,0.05693664795509222,0.030303030303030304,0.017276816454879707,0.0,2.684129140106961e-05
wooppv2_2024,wooppv2_2024__hn018,wooppv2_2024,hard_negative_mined,arbitrum,0,ratio_25,1,1,0.05693664795509222,0.030303030303030304,0.017276816454879707,0.0,1.384114602842601e-05
wooppv2_2024,wooppv2_2024__hn019,wooppv2_2024,hard_negative_mined,arbitrum,0,ratio_25,1,1,0.05693664795509222,0.030303030303030304,0.017276816454879707,0.0,2.5636803911766037e-05
wooppv2_2024,wooppv2_2024__hn020,wooppv2_2024,hard_negative_mined,arbitrum,0,ratio_25,1,1,0.05693664795509222,0.030303030303030304,0.017276816454879707,0.0,2.684129140106961e-05
wooppv2_2024,wooppv2_2024__hn021,wooppv2_2024,hard_negative_mined,arbitrum,0,ratio_25,1,1,0.05693664795509222,0.030303030303030304,0.017276816454879707,0.0,1.384114602842601e-05
wooppv2_2024,wooppv2_2024__hn022,wooppv2_2024,hard_negative_mined,arbitrum,0,ratio_25,1,1,0.05693664795509222,0.030303030303030304,0.017276816454879707,0.0,1.384114602842601e-05
wooppv2_2024,wooppv2_2024__hn023,wooppv2_2024,hard_negative_mined,arbitrum,0,ratio_25,1,1,0.05693664795509222,0.030303030303030304,0.017276816454879707,0.0,2.684129140106961e-05
wooppv2_2024,wooppv2_2024__hn024,wooppv2_2024,hard_negative_mined,arbitrum,0,ratio_25,1,1,0.05693664795509222,0.030303030303030304,0.017276816454879707,0.0,2.684129140106961e-05
utopiasphere_2024,utopiasphere_2024__hn000,utopiasphere_2024,hard_negative_mined,bsc,0,ratio_25,1,2,0.05506072874493927,0.030303030303030304,0.013625259318262677,0.0,4.631759657058865e-05
utopiasphere_2024,utopiasphere_2024__hn000,utopiasphere_2024,hard_negative_mined,bsc,0,ratio_75,2,2,0.05506072874493927,0.10606060606060606,0.029840793469098216,0.030459002703354457,5.831417001900263e-05
utopiasphere_2024,utopiasphere_2024__hn001,utopiasphere_2024,hard_negative_mined,bsc,0,k_2,2,229,0.05506072874493927,0.09090909090909091,0.013625259318262677,0.19948369304014194,0.008311744779348373
utopiasphere_2024,utopiasphere_2024__hn001,utopiasphere_2024,hard_negative_mined,bsc,0,k_3,3,229,0.05506072874493927,0.09090909090909091,0.013625259318262677,0.16136004212191618,0.000187547251698561
utopiasphere_2024,utopiasphere_2024__hn001,utopiasphere_2024,hard_negative_mined,bsc,0,k_5,5,229,0.05506072874493927,0.09090909090909091,0.013625259318262677,0.051065556227654546,0.0017634184332564473
utopiasphere_2024,utopiasphere_2024__hn001,utopiasphere_2024,hard_negative_mined,bsc,0,k_7,7,229,0.05506072874493927,0.09090909090909091,0.013625259318262677,0.1775882557703896,0.013834784738719463
utopiasphere_2024,utopiasphere_2024__hn001,utopiasphere_2024,hard_negative_mined,bsc,0,ratio_25,58,229,0.05506072874493927,0.09090909090909091,0.013625259318262677,0.0211491935483871,0.0011197851272299886
utopiasphere_2024,utopiasphere_2024__hn001,utopiasphere_2024,hard_negative_mined,bsc,0,ratio_50,115,229,0.05506072874493927,0.09090909090909091,0.013625259318262677,0.0017741935483870969,0.00030331010930240154
utopiasphere_2024,utopiasphere_2024__hn001,utopiasphere_2024,hard_negative_mined,bsc,0,ratio_75,172,229,0.05506072874493927,0.09090909090909091,0.013625259318262677,0.0,4.1511462768539786e-05
utopiasphere_2024,utopiasphere_2024__hn001,utopiasphere_2024,hard_negative_mined,bsc,0,ratio_100,229,229,0.05506072874493927,0.09090909090909091,0.013625259318262677,0.0016129032258064516,0.00015144805365707725
utopiasphere_2024,utopiasphere_2024__hn002,utopiasphere_2024,hard_negative_mined,bsc,0,ratio_25,1,1,0.05506072874493927,0.0,0.06410045562666511,0.0,1.4184070096234791e-05
utopiasphere_2024,utopiasphere_2024__hn003,utopiasphere_2024,hard_negative_mined,bsc,0,ratio_25,1,1,0.05506072874493927,0.030303030303030304,0.013625259318262677,0.0,3.575891605578363e-05
utopiasphere_2024,utopiasphere_2024__hn004,utopiasphere_2024,hard_negative_mined,bsc,0,ratio_25,2,5,0.05506072874493927,0.10606060606060606,0.029840793469098216,0.055731820746917536,0.00010135208140127361
utopiasphere_2024,utopiasphere_2024__hn004,utopiasphere_2024,hard_negative_mined,bsc,0,ratio_50,3,5,0.05506072874493927,0.12121212121212122,0.023012727205684206,0.02159497645211931,0.0003529739042278379
utopiasphere_2024,utopiasphere_2024__hn004,utopiasphere_2024,hard_negative_mined,bsc,0,ratio_75,4,5,0.05506072874493927,0.13636363636363635,0.029840793469098216,0.009615384615384616,0.0007684134179726243
utopiasphere_2024,utopiasphere_2024__hn004,utopiasphere_2024,hard_negative_mined,bsc,0,ratio_100,5,5,0.05506072874493927,0.13636363636363635,0.034841659344614535,0.01,0.0006413216469809413
utopiasphere_2024,utopiasphere_2024__hn005,utopiasphere_2024,hard_negative_mined,bsc,0,ratio_25,1,1,0.05506072874493927,0.0,0.06410045562666511,0.0,1.4184070096234791e-05
utopiasphere_2024,utopiasphere_2024__hn006,utopiasphere_2024,hard_negative_mined,bsc,0,ratio_25,1,1,0.05506072874493927,0.0,0.06410045562666511,0.0,1.4184070096234791e-05
utopiasphere_2024,utopiasphere_2024__hn007,utopiasphere_2024,hard_negative_mined,bsc,0,ratio_25,1,1,0.05506072874493927,0.0,0.06410045562666511,0.0,1.4184070096234791e-05
utopiasphere_2024,utopiasphere_2024__hn008,utopiasphere_2024,hard_negative_mined,bsc,0,ratio_25,1,3,0.05506072874493927,0.030303030303030304,0.013625259318262677,0.0,9.092335676541552e-05
utopiasphere_2024,utopiasphere_2024__hn008,utopiasphere_2024,hard_negative_mined,bsc,0,ratio_50,2,3,0.05506072874493927,0.10606060606060606,0.029840793469098216,0.02981325544058528,2.9291837563505396e-05
utopiasphere_2024,utopiasphere_2024__hn008,utopiasphere_2024,hard_negative_mined,bsc,0,ratio_75,3,3,0.05506072874493927,0.12121212121212122,0.023012727205684206,0.27003026139527564,0.05696572735905647
utopiasphere_2024,utopiasphere_2024__hn009,utopiasphere_2024,hard_negative_mined,bsc,0,ratio_25,1,2,0.05506072874493927,0.030303030303030304,0.013625259318262677,0.0,4.631759657058865e-05
utopiasphere_2024,utopiasphere_2024__hn009,utopiasphere_2024,hard_negative_mined,bsc,0,ratio_75,2,2,0.05506072874493927,0.10606060606060606,0.029840793469098216,0.04545900270335446,5.831417001900263e-05
utopiasphere_2024,utopiasphere_2024__hn010,utopiasphere_2024,hard_negative_mined,bsc,0,ratio_25,1,1,0.05506072874493927,0.0,0.06410045562666511,0.0,1.4184070096234791e-05
utopiasphere_2024,utopiasphere_2024__hn011,utopiasphere_2024,hard_negative_mined,bsc,0,ratio_25,1,1,0.05506072874493927,0.0,0.06410045562666511,0.0,1.4184070096234791e-05
utopiasphere_2024,utopiasphere_2024__hn012,utopiasphere_2024,hard_negative_mined,bsc,0,ratio_25,1,1,0.05506072874493927,0.0,0.06410045562666511,0.0,1.4184070096234791e-05
utopiasphere_2024,utopiasphere_2024__hn014,utopiasphere_2024,hard_negative_mined,bsc,0,ratio_25,1,1,0.05506072874493927,0.030303030303030304,0.013625259318262677,0.0,3.575891605578363e-05
utopiasphere_2024,utopiasphere_2024__hn015,utopiasphere_2024,hard_negative_mined,bsc,0,ratio_25,1,1,0.05506072874493927,0.0,0.06410045562666511,0.0,1.4184070096234791e-05
utopiasphere_2024,utopiasphere_2024__hn016,utopiasphere_2024,hard_negative_mined,bsc,0,ratio_25,1,1,0.05506072874493927,0.0,0.06410045562666511,0.0,1.4184070096234791e-05
utopiasphere_2024,utopiasphere_2024__hn017,utopiasphere_2024,hard_negative_mined,bsc,0,ratio_25,2,6,0.05506072874493927,0.10606060606060606,0.013625259318262677,0.19314496438010903,0.009619100950658321
utopiasphere_2024,utopiasphere_2024__hn017,utopiasphere_2024,hard_negative_mined,bsc,0,ratio_50,3,6,0.05506072874493927,0.12121212121212122,0.013625259318262677,0.18238107739254428,0.012745584361255169
utopiasphere_2024,utopiasphere_2024__hn017,utopiasphere_2024,hard_negative_mined,bsc,0,ratio_75,5,6,0.05506072874493927,0.15151515151515152,0.013625259318262677,0.15788622835497834,0.03987918794155121
utopiasphere_2024,utopiasphere_2024__hn017,utopiasphere_2024,hard_negative_mined,bsc,0,ratio_100,6,6,0.05506072874493927,0.16666666666666666,0.013625259318262677,0.09417242703533026,0.014738228172063828
utopiasphere_2024,utopiasphere_2024__hn018,utopiasphere_2024,hard_negative_mined,bsc,0,ratio_25,1,2,0.05506072874493927,0.030303030303030304,0.013625259318262677,0.0,4.12945773859974e-05
utopiasphere_2024,utopiasphere_2024__hn018,utopiasphere_2024,hard_negative_mined,bsc,0,ratio_75,2,2,0.05506072874493927,0.10606060606060606,0.013625259318262677,0.04905252742127915,8.78927021403797e-05
utopiasphere_2024,utopiasphere_2024__hn019,utopiasphere_2024,hard_negative_mined,bsc,0,ratio_25,1,1,0.05506072874493927,0.0,0.06410045562666511,0.0,1.4184070096234791e-05
utopiasphere_2024,utopiasphere_2024__hn020,utopiasphere_2024,hard_negative_mined,bsc,0,ratio_25,1,2,0.05506072874493927,0.030303030303030304,0.013625259318262677,0.0,4.631759657058865e-05
utopiasphere_2024,utopiasphere_2024__hn020,utopiasphere_2024,hard_negative_mined,bsc,0,ratio_75,2,2,0.05506072874493927,0.10606060606060606,0.029840793469098216,0.07045900270335446,5.831417001900263e-05
utopiasphere_2024,utopiasphere_2024__hn021,utopiasphere_2024,hard_negative_mined,bsc,0,ratio_25,1,1,0.05506072874493927,0.030303030303030304,0.013625259318262677,0.0,3.188092523487285e-05
utopiasphere_2024,utopiasphere_2024__hn022,utopiasphere_2024,hard_negative_mined,bsc,0,ratio_25,1,2,0.05506072874493927,0.030303030303030304,0.013625259318262677,0.0,4.12945773859974e-05
utopiasphere_2024,utopiasphere_2024__hn022,utopiasphere_2024,hard_negative_mined,bsc,0,ratio_75,2,2,0.05506072874493927,0.09090909090909091,0.013625259318262677,0.041428115777529424,0.0005389132420532405
utopiasphere_2024,utopiasphere_2024__hn024,utopiasphere_2024,hard_negative_mined,bsc,0,ratio_25,1,2,0.05506072874493927,0.030303030303030304,0.013625259318262677,0.0,4.12945773859974e-05
utopiasphere_2024,utopiasphere_2024__hn024,utopiasphere_2024,hard_negative_mined,bsc,0,ratio_75,2,2,0.05506072874493927,0.10606060606060606,0.013625259318262677,0.03931767893643066,3.732900586328469e-05
xkingdom_2024,xkingdom_2024__hn000,xkingdom_2024,hard_negative_mined,arbitrum,0,ratio_25,1,2,0.05501618122977346,0.030303030303030304,0.013838245810889547,0.0,6.062249303795397e-05
xkingdom_2024,xkingdom_2024__hn000,xkingdom_2024,hard_negative_mined,arbitrum,0,ratio_75,2,2,0.05501618122977346,0.10606060606060606,0.03133939103882301,0.007313725490196079,0.00012625768431462348
xkingdom_2024,xkingdom_2024__hn001,xkingdom_2024,hard_negative_mined,arbitrum,0,ratio_25,1,2,0.05501618122977346,0.030303030303030304,0.013838245810889547,0.0,6.062249303795397e-05
xkingdom_2024,xkingdom_2024__hn001,xkingdom_2024,hard_negative_mined,arbitrum,0,ratio_75,2,2,0.05501618122977346,0.09090909090909091,0.03133939103882301,0.005,9.182772191707045e-05
xkingdom_2024,xkingdom_2024__hn002,xkingdom_2024,hard_negative_mined,arbitrum,0,ratio_25,1,3,0.05501618122977346,0.030303030303030304,0.013838245810889547,0.0016666666666666666,0.00015752440958749503
xkingdom_2024,xkingdom_2024__hn002,xkingdom_2024,hard_negative_mined,arbitrum,0,ratio_50,2,3,0.05501618122977346,0.09090909090909091,0.03133939103882301,0.028968497084428585,6.457410199800506e-05
xkingdom_2024,xkingdom_2024__hn002,xkingdom_2024,hard_negative_mined,arbitrum,0,ratio_75,3,3,0.05501618122977346,0.09090909090909091,0.04098934900546669,0.04975940773569701,0.00011411040759412572
xkingdom_2024,xkingdom_2024__hn003,xkingdom_2024,hard_negative_mined,arbitrum,0,ratio_25,1,1,0.05501618122977346,0.030303030303030304,0.013838245810889547,0.00013274336283185842,6.240857328521088e-05
xkingdom_2024,xkingdom_2024__hn004,xkingdom_2024,hard_negative_mined,arbitrum,0,ratio_25,1,1,0.05501618122977346,0.030303030303030304,0.013838245810889547,0.00013274336283185842,7.971443119458854e-05
xkingdom_2024,xkingdom_2024__hn005,xkingdom_2024,hard_negative_mined,arbitrum,0,ratio_25,1,3,0.05501618122977346,0.030303030303030304,0.013838245810889547,0.0016666666666666666,0.00015752440958749503
xkingdom_2024,xkingdom_2024__hn005,xkingdom_2024,hard_negative_mined,arbitrum,0,ratio_50,2,3,0.05501618122977346,0.09090909090909091,0.03133939103882301,0.028968497084428585,6.457410199800506e-05
xkingdom_2024,xkingdom_2024__hn005,xkingdom_2024,hard_negative_mined,arbitrum,0,ratio_75,3,3,0.05501618122977346,0.09090909090909091,0.04098934900546669,0.05475940773569701,0.00014689992531202734
xkingdom_2024,xkingdom_2024__hn006,xkingdom_2024,hard_negative_mined,arbitrum,0,ratio_25,1,1,0.05501618122977346,0.030303030303030304,0.013838245810889547,0.00013274336283185842,6.240857328521088e-05
xkingdom_2024,xkingdom_2024__hn007,xkingdom_2024,hard_negative_mined,arbitrum,0,ratio_25,1,1,0.05501618122977346,0.030303030303030304,0.013838245810889547,0.00013274336283185842,6.240857328521088e-05
xkingdom_2024,xkingdom_2024__hn008,xkingdom_2024,hard_negative_mined,arbitrum,0,ratio_25,1,1,0.05501618122977346,0.030303030303030304,0.013838245810889547,0.00013274336283185842,6.867663614684716e-05
xkingdom_2024,xkingdom_2024__hn009,xkingdom_2024,hard_negative_mined,arbitrum,0,ratio_25,1,2,0.05501618122977346,0.030303030303030304,0.013838245810889547,0.0,6.062249303795397e-05
xkingdom_2024,xkingdom_2024__hn009,xkingdom_2024,hard_negative_mined,arbitrum,0,ratio_75,2,2,0.05501618122977346,0.09090909090909091,0.03133939103882301,0.005,9.182772191707045e-05
xkingdom_2024,xkingdom_2024__hn010,xkingdom_2024,hard_negative_mined,arbitrum,0,ratio_25,1,3,0.05501618122977346,0.030303030303030304,0.013838245810889547,0.0016666666666666666,0.00015752440958749503
xkingdom_2024,xkingdom_2024__hn010,xkingdom_2024,hard_negative_mined,arbitrum,0,ratio_50,2,3,0.05501618122977346,0.09090909090909091,0.03133939103882301,0.028968497084428585,6.457410199800506e-05
xkingdom_2024,xkingdom_2024__hn010,xkingdom_2024,hard_negative_mined,arbitrum,0,ratio_75,3,3,0.05501618122977346,0.09090909090909091,0.04098934900546669,0.05475940773569701,0.00011763181100832298
xkingdom_2024,xkingdom_2024__hn011,xkingdom_2024,hard_negative_mined,arbitrum,0,ratio_25,1,1,0.05501618122977346,0.030303030303030304,0.013838245810889547,0.04013274336283185,0.001622919924557209
xkingdom_2024,xkingdom_2024__hn012,xkingdom_2024,hard_negative_mined,arbitrum,0,ratio_25,1,2,0.05501618122977346,0.030303030303030304,0.013838245810889547,0.0,6.062249303795397e-05
xkingdom_2024,xkingdom_2024__hn012,xkingdom_2024,hard_negative_mined,arbitrum,0,ratio_75,2,2,0.05501618122977346,0.09090909090909091,0.03133939103882301,0.005,9.182772191707045e-05
xkingdom_2024,xkingdom_2024__hn013,xkingdom_2024,hard_negative_mined,arbitrum,0,ratio_25,1,3,0.05501618122977346,0.030303030303030304,0.013838245810889547,0.0016666666666666666,0.00015752440958749503
xkingdom_2024,xkingdom_2024__hn013,xkingdom_2024,hard_negative_mined,arbitrum,0,ratio_50,2,3,0.05501618122977346,0.09090909090909091,0.03133939103882301,0.028968497084428585,6.457410199800506e-05
xkingdom_2024,xkingdom_2024__hn013,xkingdom_2024,hard_negative_mined,arbitrum,0,ratio_75,3,3,0.05501618122977346,0.09090909090909091,0.04098934900546669,0.05475940773569701,0.00011763181100832298
xkingdom_2024,xkingdom_2024__hn014,xkingdom_2024,hard_negative_mined,arbitrum,0,ratio_25,1,1,0.05501618122977346,0.030303030303030304,0.013838245810889547,0.00013274336283185842,6.240857328521088e-05
xkingdom_2024,xkingdom_2024__hn015,xkingdom_2024,hard_negative_mined,arbitrum,0,ratio_25,1,1,0.05501618122977346,0.030303030303030304,0.013838245810889547,0.00013274336283185842,6.240857328521088e-05
xkingdom_2024,xkingdom_2024__hn016,xkingdom_2024,hard_negative_mined,arbitrum,0,ratio_25,1,1,0.05501618122977346,0.030303030303030304,0.013838245810889547,0.00013274336283185842,6.240857328521088e-05
xkingdom_2024,xkingdom_2024__hn017,xkingdom_2024,hard_negative_mined,arbitrum,0,ratio_25,1,3,0.05501618122977346,0.030303030303030304,0.013838245810889547,0.0016666666666666666,0.00015752440958749503
xkingdom_2024,xkingdom_2024__hn017,xkingdom_2024,hard_negative_mined,arbitrum,0,ratio_50,2,3,0.05501618122977346,0.09090909090909091,0.03133939103882301,0.028968497084428585,8.668229565955698e-05
xkingdom_2024,xkingdom_2024__hn017,xkingdom_2024,hard_negative_mined,arbitrum,0,ratio_75,3,3,0.05501618122977346,0.09090909090909091,0.04098934900546669,0.05475940773569701,0.00010955923789879307
xkingdom_2024,xkingdom_2024__hn018,xkingdom_2024,hard_negative_mined,arbitrum,0,ratio_25,1,1,0.05501618122977346,0.030303030303030304,0.013838245810889547,0.00013274336283185842,6.240857328521088e-05
xkingdom_2024,xkingdom_2024__hn019,xkingdom_2024,hard_negative_mined,arbitrum,0,ratio_25,1,1,0.05501618122977346,0.030303030303030304,0.013838245810889547,0.00013274336283185842,6.240857328521088e-05
xkingdom_2024,xkingdom_2024__hn020,xkingdom_2024,hard_negative_mined,arbitrum,0,ratio_25,1,3,0.05501618122977346,0.030303030303030304,0.013838245810889547,0.0016666666666666666,0.00022786702902521938
xkingdom_2024,xkingdom_2024__hn020,xkingdom_2024,hard_negative_mined,arbitrum,0,ratio_50,2,3,0.05501618122977346,0.09090909090909091,0.013838245810889547,0.06751774104926729,0.0012964000925421715
xkingdom_2024,xkingdom_2024__hn020,xkingdom_2024,hard_negative_mined,arbitrum,0,ratio_75,3,3,0.05501618122977346,0.09090909090909091,0.02390465495859977,0.02474189614597923,0.00032681412994861603
xkingdom_2024,xkingdom_2024__hn021,xkingdom_2024,hard_negative_mined,arbitrum,0,ratio_25,1,3,0.05501618122977346,0.030303030303030304,0.013838245810889547,0.0016666666666666666,0.00022786702902521938
xkingdom_2024,xkingdom_2024__hn021,xkingdom_2024,hard_negative_mined,arbitrum,0,ratio_50,2,3,0.05501618122977346,0.09090909090909091,0.013838245810889547,0.06751774104926729,0.0012964000925421715
xkingdom_2024,xkingdom_2024__hn021,xkingdom_2024,hard_negative_mined,arbitrum,0,ratio_75,3,3,0.05501618122977346,0.09090909090909091,0.02390465495859977,0.02474189614597923,0.00032681412994861603
wault_finance_2021,wault_finance_2021__hn000,wault_finance_2021,hard_negative_mined,bsc,0,k_2,2,449,0.058771929824561406,0.06060606060606061,0.0831481550642381,0.0084260304576376,0.0005501243285834789
wault_finance_2021,wault_finance_2021__hn000,wault_finance_2021,hard_negative_mined,bsc,0,k_3,3,449,0.058771929824561406,0.06060606060606061,0.0831481550642381,0.022451238472240998,0.0005356064066290855
wault_finance_2021,wault_finance_2021__hn000,wault_finance_2021,hard_negative_mined,bsc,0,k_5,5,449,0.058771929824561406,0.06060606060606061,0.0831481550642381,0.011430830308975688,0.0007047564722597599
wault_finance_2021,wault_finance_2021__hn000,wault_finance_2021,hard_negative_mined,bsc,0,k_7,7,449,0.058771929824561406,0.06060606060606061,0.0831481550642381,0.011513824174127898,0.00034666183637455106
wault_finance_2021,wault_finance_2021__hn000,wault_finance_2021,hard_negative_mined,bsc,0,ratio_25,113,449,0.058771929824561406,0.06060606060606061,0.0831481550642381,0.029449278300441244,0.00013744595344178379
wault_finance_2021,wault_finance_2021__hn000,wault_finance_2021,hard_negative_mined,bsc,0,ratio_50,225,449,0.058771929824561406,0.06060606060606061,0.0831481550642381,0.009456818165762942,2.7339319785824046e-05
wault_finance_2021,wault_finance_2021__hn000,wault_finance_2021,hard_negative_mined,bsc,0,ratio_75,337,449,0.058771929824561406,0.06060606060606061,0.0831481550642381,0.0031599099099099102,1.4914126950316131e-05
wault_finance_2021,wault_finance_2021__hn000,wault_finance_2021,hard_negative_mined,bsc,0,ratio_100,449,449,0.058771929824561406,0.06060606060606061,0.0831481550642381,0.006514340289656746,2.2808217181591317e-05
wault_finance_2021,wault_finance_2021__hn001,wault_finance_2021,hard_negative_mined,bsc,0,k_2,2,353,0.058771929824561406,0.06060606060606061,0.0831481550642381,0.15560628649011657,0.0016587915597483516
wault_finance_2021,wault_finance_2021__hn001,wault_finance_2021,hard_negative_mined,bsc,0,k_3,3,353,0.058771929824561406,0.06060606060606061,0.0831481550642381,0.16053681521808094,0.001276796800084412
wault_finance_2021,wault_finance_2021__hn001,wault_finance_2021,hard_negative_mined,bsc,0,k_5,5,353,0.058771929824561406,0.06060606060606061,0.0831481550642381,0.11846463625837694,0.0007525449036620557
wault_finance_2021,wault_finance_2021__hn001,wault_finance_2021,hard_negative_mined,bsc,0,k_7,7,353,0.058771929824561406,0.06060606060606061,0.0831481550642381,0.3104782964316468,0.014436756260693073
wault_finance_2021,wault_finance_2021__hn001,wault_finance_2021,hard_negative_mined,bsc,0,ratio_25,89,353,0.058771929824561406,0.06060606060606061,0.0831481550642381,0.17335125058404569,0.002332843141630292
wault_finance_2021,wault_finance_2021__hn001,wault_finance_2021,hard_negative_mined,bsc,0,ratio_50,177,353,0.058771929824561406,0.06060606060606061,0.0831481550642381,0.22228328471683664,0.0005545303574763238
wault_finance_2021,wault_finance_2021__hn001,wault_finance_2021,hard_negative_mined,bsc,0,ratio_75,265,353,0.058771929824561406,0.06060606060606061,0.0831481550642381,0.21395485291737842,0.00027735583717003465
wault_finance_2021,wault_finance_2021__hn001,wault_finance_2021,hard_negative_mined,bsc,0,ratio_100,353,353,0.058771929824561406,0.06060606060606061,0.0831481550642381,0.2306676311697399,0.0003624495875556022
wault_finance_2021,wault_finance_2021__hn002,wault_finance_2021,hard_negative_mined,bsc,0,ratio_25,1,1,0.058771929824561406,0.0,0.05859678219260947,0.0,0.0004893831792287529
wault_finance_2021,wault_finance_2021__hn003,wault_finance_2021,hard_negative_mined,bsc,0,k_2,2,850,0.058771929824561406,0.06060606060606061,0.0831481550642381,0.0379816936238636,0.00105942296795547
wault_finance_2021,wault_finance_2021__hn003,wault_finance_2021,hard_negative_mined,bsc,0,k_3,3,850,0.058771929824561406,0.06060606060606061,0.0831481550642381,0.07645016320157925,0.0018628512043505907
wault_finance_2021,wault_finance_2021__hn003,wault_finance_2021,hard_negative_mined,bsc,0,k_5,5,850,0.058771929824561406,0.06060606060606061,0.0831481550642381,0.04102918011489848,0.0014520855620503426
wault_finance_2021,wault_finance_2021__hn003,wault_finance_2021,hard_negative_mined,bsc,0,k_7,7,850,0.058771929824561406,0.06060606060606061,0.0831481550642381,0.04102918011489848,0.0012480803998187184
wault_finance_2021,wault_finance_2021__hn003,wault_finance_2021,hard_negative_mined,bsc,0,ratio_25,213,850,0.058771929824561406,0.06060606060606061,0.0831481550642381,0.09563840861347662,0.0019300550920888782
wault_finance_2021,wault_finance_2021__hn003,wault_finance_2021,hard_negative_mined,bsc,0,ratio_50,425,850,0.058771929824561406,0.06060606060606061,0.0831481550642381,0.06058822897308394,0.00031612059683538973
wault_finance_2021,wault_finance_2021__hn003,wault_finance_2021,hard_negative_mined,bsc,0,ratio_75,638,850,0.058771929824561406,0.06060606060606061,0.0831481550642381,0.039657231301968146,0.00010961724183289334
wault_finance_2021,wault_finance_2021__hn003,wault_finance_2021,hard_negative_mined,bsc,0,ratio_100,850,850,0.058771929824561406,0.06060606060606061,0.0831481550642381,0.046933414183414186,0.00012486119521781802
wault_finance_2021,wault_finance_2021__hn004,wault_finance_2021,hard_negative_mined,bsc,0,k_2,2,439,0.058771929824561406,0.06060606060606061,0.0831481550642381,0.0010204081632653062,0.0001350519887637347
wault_finance_2021,wault_finance_2021__hn004,wault_finance_2021,hard_negative_mined,bsc,0,k_3,3,439,0.058771929824561406,0.06060606060606061,0.0831481550642381,0.0010204081632653062,0.0001350519887637347
wault_finance_2021,wault_finance_2021__hn004,wault_finance_2021,hard_negative_mined,bsc,0,k_5,5,439,0.058771929824561406,0.06060606060606061,0.0831481550642381,0.009097331240188383,0.00015603561769239604
wault_finance_2021,wault_finance_2021__hn004,wault_finance_2021,hard_negative_mined,bsc,0,k_7,7,439,0.058771929824561406,0.06060606060606061,0.0831481550642381,0.004097331240188383,0.00011344144877512008
wault_finance_2021,wault_finance_2021__hn004,wault_finance_2021,hard_negative_mined,bsc,0,ratio_25,110,439,0.058771929824561406,0.06060606060606061,0.0831481550642381,0.008006345633165712,0.0005305072409100831
wault_finance_2021,wault_finance_2021__hn004,wault_finance_2021,hard_negative_mined,bsc,0,ratio_50,220,439,0.058771929824561406,0.06060606060606061,0.0831481550642381,0.007627108020835405,0.00016187237633857876
wault_finance_2021,wault_finance_2021__hn004,wault_finance_2021,hard_negative_mined,bsc,0,ratio_75,330,439,0.058771929824561406,0.06060606060606061,0.0831481550642381,0.004684630144729209,0.00016295115347020328
wault_finance_2021,wault_finance_2021__hn004,wault_finance_2021,hard_negative_mined,bsc,0,ratio_100,439,439,0.058771929824561406,0.06060606060606061,0.0831481550642381,0.005820993781092846,0.00024918309645727277
wault_finance_2021,wault_finance_2021__hn005,wault_finance_2021,hard_negative_mined,bsc,0,ratio_25,1,1,0.058771929824561406,0.0,0.0831481550642381,0.0,2.029136157943867e-05
wault_finance_2021,wault_finance_2021__hn006,wault_finance_2021,hard_negative_mined,bsc,0,k_2,2,1000,0.058771929824561406,0.06060606060606061,0.0831481550642381,0.003996598639455781,0.0005501243285834789
wault_finance_2021,wault_finance_2021__hn006,wault_finance_2021,hard_negative_mined,bsc,0,k_3,3,1000,0.058771929824561406,0.06060606060606061,0.0831481550642381,0.006020408163265306,0.0008701036567799747
wault_finance_2021,wault_finance_2021__hn006,wault_finance_2021,hard_negative_mined,bsc,0,k_5,5,1000,0.058771929824561406,0.06060606060606061,0.0831481550642381,0.018221112079816217,0.00011267600348219275
wault_finance_2021,wault_finance_2021__hn006,wault_finance_2021,hard_negative_mined,bsc,0,k_7,7,1000,0.058771929824561406,0.06060606060606061,0.0831481550642381,0.022354950463654603,0.0002446387952659279
wault_finance_2021,wault_finance_2021__hn006,wault_finance_2021,hard_negative_mined,bsc,0,ratio_25,250,1000,0.058771929824561406,0.06060606060606061,0.0831481550642381,0.08119506285406096,0.0007558175129815936
wault_finance_2021,wault_finance_2021__hn006,wault_finance_2021,hard_negative_mined,bsc,0,ratio_50,500,1000,0.058771929824561406,0.06060606060606061,0.0831481550642381,0.049660776936925444,0.00021192090935073793
wault_finance_2021,wault_finance_2021__hn006,wault_finance_2021,hard_negative_mined,bsc,0,ratio_75,750,1000,0.058771929824561406,0.06060606060606061,0.0831481550642381,0.0668952504170493,0.00015685053949709982
wault_finance_2021,wault_finance_2021__hn006,wault_finance_2021,hard_negative_mined,bsc,0,ratio_100,1000,1000,0.058771929824561406,0.06060606060606061,0.0831481550642381,0.10467289540494194,0.002660430734977126
wault_finance_2021,wault_finance_2021__hn007,wault_finance_2021,hard_negative_mined,bsc,0,ratio_25,1,4,0.058771929824561406,0.0,0.11814326830374156,0.0,0.002680498640984297
wault_finance_2021,wault_finance_2021__hn007,wault_finance_2021,hard_negative_mined,bsc,0,ratio_50,2,4,0.058771929824561406,0.06060606060606061,0.11814326830374156,0.11682249369801749,0.1290730983018875
wault_finance_2021,wault_finance_2021__hn007,wault_finance_2021,hard_negative_mined,bsc,0,ratio_75,3,4,0.058771929824561406,0.06060606060606061,0.11814326830374156,0.11107289147985816,0.031683146953582764
wault_finance_2021,wault_finance_2021__hn007,wault_finance_2021,hard_negative_mined,bsc,0,ratio_100,4,4,0.058771929824561406,0.06060606060606061,0.11814326830374156,0.19029556147691667,0.02854359708726406
wault_finance_2021,wault_finance_2021__hn008,wault_finance_2021,hard_negative_mined,bsc,0,ratio_25,1,3,0.058771929824561406,0.0,0.0831481550642381,0.0,5.177712955628522e-05
wault_finance_2021,wault_finance_2021__hn008,wault_finance_2021,hard_negative_mined,bsc,0,ratio_50,2,3,0.058771929824561406,0.06060606060606061,0.0831481550642381,0.035361573912180554,5.734815204050392e-05
wault_finance_2021,wault_finance_2021__hn008,wault_finance_2021,hard_negative_mined,bsc,0,ratio_75,3,3,0.058771929824561406,0.06060606060606061,0.0831481550642381,0.004083512521089021,6.755280628567562e-05
wault_finance_2021,wault_finance_2021__hn009,wault_finance_2021,hard_negative_mined,bsc,0,ratio_25,2,6,0.058771929824561406,0.06060606060606061,0.05859678219260947,0.29623257847327983,0.00749070942401886
wault_finance_2021,wault_finance_2021__hn009,wault_finance_2021,hard_negative_mined,bsc,0,ratio_50,3,6,0.058771929824561406,0.06060606060606061,0.05859678219260947,0.08952006996810806,0.00012056465493515134
wault_finance_2021,wault_finance_2021__hn009,wault_finance_2021,hard_negative_mined,bsc,0,ratio_75,5,6,0.058771929824561406,0.09090909090909091,0.06288974756194193,0.005833333333333334,0.00018022807489614934
wault_finance_2021,wault_finance_2021__hn009,wault_finance_2021,hard_negative_mined,bsc,0,ratio_100,6,6,0.058771929824561406,0.10606060606060606,0.06591292343626784,0.0,8.472293120576069e-05
wault_finance_2021,wault_finance_2021__hn010,wault_finance_2021,hard_negative_mined,bsc,0,ratio_25,2,7,0.058771929824561406,0.06060606060606061,0.0831481550642381,0.033600652201755773,0.0007329802610911429
wault_finance_2021,wault_finance_2021__hn010,wault_finance_2021,hard_negative_mined,bsc,0,k_3,3,7,0.058771929824561406,0.06060606060606061,0.0831481550642381,0.06414744839146275,0.0005821230006404221
wault_finance_2021,wault_finance_2021__hn010,wault_finance_2021,hard_negative_mined,bsc,0,ratio_50,4,7,0.058771929824561406,0.06060606060606061,0.0831481550642381,0.07338462118422087,0.0004763805482070893
wault_finance_2021,wault_finance_2021__hn010,wault_finance_2021,hard_negative_mined,bsc,0,k_5,5,7,0.058771929824561406,0.06060606060606061,0.0831481550642381,0.05424465541132208,0.00022291185450740159
wault_finance_2021,wault_finance_2021__hn010,wault_finance_2021,hard_negative_mined,bsc,0,ratio_75,6,7,0.058771929824561406,0.06060606060606061,0.0831481550642381,0.050783116949783616,4.8068388423416764e-05
wault_finance_2021,wault_finance_2021__hn010,wault_finance_2021,hard_negative_mined,bsc,0,ratio_100,7,7,0.058771929824561406,0.06060606060606061,0.0831481550642381,0.06022756139422806,3.997755266027525e-05
wault_finance_2021,wault_finance_2021__hn011,wault_finance_2021,hard_negative_mined,bsc,0,k_2,2,46,0.058771929824561406,0.06060606060606061,0.06988177473694294,0.4327511698483276,0.05281825363636017
wault_finance_2021,wault_finance_2021__hn011,wault_finance_2021,hard_negative_mined,bsc,0,k_3,3,46,0.058771929824561406,0.06060606060606061,0.0740706542963466,0.04872418813398058,0.0003301672113593668
wault_finance_2021,wault_finance_2021__hn011,wault_finance_2021,hard_negative_mined,bsc,0,k_5,5,46,0.058771929824561406,0.06060606060606061,0.07758680826775688,0.046288462683595884,0.0007362621836364269
wault_finance_2021,wault_finance_2021__hn011,wault_finance_2021,hard_negative_mined,bsc,0,k_7,7,46,0.058771929824561406,0.06060606060606061,0.07914004201487561,0.02968209087825105,0.0007362621836364269
wault_finance_2021,wault_finance_2021__hn011,wault_finance_2021,hard_negative_mined,bsc,0,ratio_25,12,46,0.058771929824561406,0.06060606060606061,0.08078817136022283,0.032560878757038926,0.00043490526149980724
wault_finance_2021,wault_finance_2021__hn011,wault_finance_2021,hard_negative_mined,bsc,0,ratio_50,23,46,0.058771929824561406,0.06060606060606061,0.08190913944409647,0.02661199983972147,0.00021193403517827392
wault_finance_2021,wault_finance_2021__hn011,wault_finance_2021,hard_negative_mined,bsc,0,ratio_75,35,46,0.058771929824561406,0.06060606060606061,0.08233203881264153,0.02002610230588394,0.0002176645357394591
wault_finance_2021,wault_finance_2021__hn011,wault_finance_2021,hard_negative_mined,bsc,0,ratio_100,46,46,0.058771929824561406,0.06060606060606061,0.08252653118295013,0.04616246594224758,0.0003618529881350696
wault_finance_2021,wault_finance_2021__hn012,wault_finance_2021,hard_negative_mined,bsc,0,k_2,2,13,0.058771929824561406,0.06060606060606061,0.0831481550642381,0.15211227832985633,0.0023816197644919157
wault_finance_2021,wault_finance_2021__hn012,wault_finance_2021,hard_negative_mined,bsc,0,k_3,3,13,0.058771929824561406,0.06060606060606061,0.0831481550642381,0.09019993624781913,0.0017881595995277166
wault_finance_2021,wault_finance_2021__hn012,wault_finance_2021,hard_negative_mined,bsc,0,ratio_25,4,13,0.058771929824561406,0.06060606060606061,0.0831481550642381,0.06054905459286715,0.009190836921334267
wault_finance_2021,wault_finance_2021__hn012,wault_finance_2021,hard_negative_mined,bsc,0,k_5,5,13,0.058771929824561406,0.06060606060606061,0.0831481550642381,0.05977755124839914,0.004253613296896219
wault_finance_2021,wault_finance_2021__hn012,wault_finance_2021,hard_negative_mined,bsc,0,ratio_50,7,13,0.058771929824561406,0.06060606060606061,0.07914004201487561,0.0031278586278586274,0.0001773023250279948
wault_finance_2021,wault_finance_2021__hn012,wault_finance_2021,hard_negative_mined,bsc,0,ratio_75,10,13,0.058771929824561406,0.06060606060606061,0.07758680826775688,0.10478461538461538,0.030522340908646584
wault_finance_2021,wault_finance_2021__hn012,wault_finance_2021,hard_negative_mined,bsc,0,ratio_100,13,13,0.058771929824561406,0.06060606060606061,0.07883915224222206,0.0035976736229900784,5.4820950026623905e-05
wault_finance_2021,wault_finance_2021__hn013,wault_finance_2021,hard_negative_mined,bsc,0,ratio_25,1,1,0.058771929824561406,0.0,0.0831481550642381,0.0,2.029136157943867e-05
wault_finance_2021,wault_finance_2021__hn014,wault_finance_2021,hard_negative_mined,bsc,0,ratio_25,2,7,0.058771929824561406,0.06060606060606061,0.05859678219260947,0.7237943149195906,0.2403268814086914
wault_finance_2021,wault_finance_2021__hn014,wault_finance_2021,hard_negative_mined,bsc,0,k_3,3,7,0.058771929824561406,0.07575757575757576,0.05859678219260947,0.07799509622737313,0.0009048734209500253
wault_finance_2021,wault_finance_2021__hn014,wault_finance_2021,hard_negative_mined,bsc,0,ratio_50,4,7,0.058771929824561406,0.09090909090909091,0.0640079737663467,0.011369509043927648,0.0006825288874097168
wault_finance_2021,wault_finance_2021__hn014,wault_finance_2021,hard_negative_mined,bsc,0,k_5,5,7,0.058771929824561406,0.09090909090909091,0.06747468495695427,0.02467360261117911,0.0005469167954288423
wault_finance_2021,wault_finance_2021__hn014,wault_finance_2021,hard_negative_mined,bsc,0,ratio_75,6,7,0.058771929824561406,0.09090909090909091,0.06591292343626784,0.052392614726742955,0.0004160099779255688
wault_finance_2021,wault_finance_2021__hn014,wault_finance_2021,hard_negative_mined,bsc,0,ratio_100,7,7,0.058771929824561406,0.09090909090909091,0.06481801879649388,0.04297820031232853,0.0026386443059891462
wault_finance_2021,wault_finance_2021__hn015,wault_finance_2021,hard_negative_mined,bsc,0,ratio_25,1,2,0.058771929824561406,0.0,0.0831481550642381,0.0,2.4274808311020024e-05
wault_finance_2021,wault_finance_2021__hn015,wault_finance_2021,hard_negative_mined,bsc,0,ratio_75,2,2,0.058771929824561406,0.06060606060606061,0.06988177473694294,0.04095463801513903,0.0005788211710751057
wault_finance_2021,wault_finance_2021__hn016,wault_finance_2021,hard_negative_mined,bsc,0,k_2,2,997,0.058771929824561406,0.06060606060606061,0.0831481550642381,0.0097133146020646,0.0006410576170310378
wault_finance_2021,wault_finance_2021__hn016,wault_finance_2021,hard_negative_mined,bsc,0,k_3,3,997,0.058771929824561406,0.06060606060606061,0.0831481550642381,0.02094879055942375,0.0004546551499515772
wault_finance_2021,wault_finance_2021__hn016,wault_finance_2021,hard_negative_mined,bsc,0,k_5,5,997,0.058771929824561406,0.06060606060606061,0.0831481550642381,0.02707502275017207,0.0003686026611831039
wault_finance_2021,wault_finance_2021__hn016,wault_finance_2021,hard_negative_mined,bsc,0,k_7,7,997,0.058771929824561406,0.06060606060606061,0.0831481550642381,0.03207502275017207,0.0002072239003609866
wault_finance_2021,wault_finance_2021__hn016,wault_finance_2021,hard_negative_mined,bsc,0,ratio_25,250,997,0.058771929824561406,0.06060606060606061,0.0831481550642381,0.019775322514534933,0.0005652544205076993
wault_finance_2021,wault_finance_2021__hn016,wault_finance_2021,hard_negative_mined,bsc,0,ratio_50,499,997,0.058771929824561406,0.06060606060606061,0.0831481550642381,0.02861671283891972,0.00022507378889713436
wault_finance_2021,wault_finance_2021__hn016,wault_finance_2021,hard_negative_mined,bsc,0,ratio_75,748,997,0.058771929824561406,0.06060606060606061,0.0831481550642381,0.032839640424379965,0.0004629736940842122
wault_finance_2021,wault_finance_2021__hn016,wault_finance_2021,hard_negative_mined,bsc,0,ratio_100,997,997,0.058771929824561406,0.06060606060606061,0.0831481550642381,0.02412656112186977,0.0008938662358559668
wault_finance_2021,wault_finance_2021__hn017,wault_finance_2021,hard_negative_mined,bsc,0,ratio_25,1,3,0.058771929824561406,0.0,0.11814326830374156,0.0,0.004228061065077782
wault_finance_2021,wault_finance_2021__hn017,wault_finance_2021,hard_negative_mined,bsc,0,ratio_50,2,3,0.058771929824561406,0.06060606060606061,0.11814326830374156,0.02249267299499069,0.007261763326823711
wault_finance_2021,wault_finance_2021__hn017,wault_finance_2021,hard_negative_mined,bsc,0,ratio_75,3,3,0.058771929824561406,0.07575757575757576,0.11814326830374156,0.10627562872005912,0.059187743812799454
wault_finance_2021,wault_finance_2021__hn018,wault_finance_2021,hard_negative_mined,bsc,0,ratio_25,2,7,0.058771929824561406,0.06060606060606061,0.05859678219260947,0.2955196505515789,0.05005819723010063
wault_finance_2021,wault_finance_2021__hn018,wault_finance_2021,hard_negative_mined,bsc,0,k_3,3,7,0.058771929824561406,0.06060606060606061,0.05859678219260947,0.0873050487752341,0.001001355005428195
wault_finance_2021,wault_finance_2021__hn018,wault_finance_2021,hard_negative_mined,bsc,0,ratio_50,4,7,0.058771929824561406,0.06060606060606061,0.05859678219260947,0.1057188940542352,0.0026925220154225826
wault_finance_2021,wault_finance_2021__hn018,wault_finance_2021,hard_negative_mined,bsc,0,k_5,5,7,0.058771929824561406,0.06060606060606061,0.05859678219260947,0.06431089031440763,0.006106680724769831
wault_finance_2021,wault_finance_2021__hn018,wault_finance_2021,hard_negative_mined,bsc,0,ratio_75,6,7,0.058771929824561406,0.06060606060606061,0.05859678219260947,0.057102475075387585,0.0005732873105444014
wault_finance_2021,wault_finance_2021__hn018,wault_finance_2021,hard_negative_mined,bsc,0,ratio_100,7,7,0.058771929824561406,0.06060606060606061,0.05859678219260947,0.03348174519456165,0.00022661600087303668
wault_finance_2021,wault_finance_2021__hn019,wault_finance_2021,hard_negative_mined,bsc,0,ratio_25,2,6,0.058771929824561406,0.06060606060606061,0.05859678219260947,0.6641561129990362,0.026273343712091446
wault_finance_2021,wault_finance_2021__hn019,wault_finance_2021,hard_negative_mined,bsc,0,ratio_50,3,6,0.058771929824561406,0.06060606060606061,0.05859678219260947,0.051953285470435644,0.00020867545390501618
wault_finance_2021,wault_finance_2021__hn019,wault_finance_2021,hard_negative_mined,bsc,0,ratio_75,5,6,0.058771929824561406,0.06060606060606061,0.05859678219260947,0.017246028428093644,5.158969361218624e-05
wault_finance_2021,wault_finance_2021__hn019,wault_finance_2021,hard_negative_mined,bsc,0,ratio_100,6,6,0.058771929824561406,0.06060606060606061,0.05859678219260947,0.024971182592343464,9.04560147318989e-05
wault_finance_2021,wault_finance_2021__hn020,wault_finance_2021,hard_negative_mined,bsc,0,ratio_25,1,1,0.058771929824561406,0.0,0.0831481550642381,0.0,2.029136157943867e-05
wault_finance_2021,wault_finance_2021__hn021,wault_finance_2021,hard_negative_mined,bsc,0,ratio_25,1,3,0.058771929824561406,0.0,0.0831481550642381,0.0,5.177712955628522e-05
wault_finance_2021,wault_finance_2021__hn021,wault_finance_2021,hard_negative_mined,bsc,0,ratio_50,2,3,0.058771929824561406,0.06060606060606061,0.06988177473694294,0.03605216735242355,5.416577187133953e-05
wault_finance_2021,wault_finance_2021__hn021,wault_finance_2021,hard_negative_mined,bsc,0,ratio_75,3,3,0.058771929824561406,0.07575757575757576,0.0740706542963466,0.10657341830809561,0.0002225518983323127
paraluni_2022,paraluni_2022__hn000,paraluni_2022,hard_negative_mined,bsc,0,ratio_25,1,3,0.058260869565217394,0.0,0.06855531755787685,0.0,0.00011524910951266065
paraluni_2022,paraluni_2022__hn000,paraluni_2022,hard_negative_mined,bsc,0,ratio_50,2,3,0.058260869565217394,0.06060606060606061,0.06855531755787685,0.12922031555287813,0.0006020350265316665
paraluni_2022,paraluni_2022__hn000,paraluni_2022,hard_negative_mined,bsc,0,ratio_75,3,3,0.058260869565217394,0.07575757575757576,0.06855531755787685,0.05006164474976357,1.0042344911198597e-05
paraluni_2022,paraluni_2022__hn001,paraluni_2022,hard_negative_mined,bsc,0,k_2,2,1000,0.058260869565217394,0.06060606060606061,0.06855531755787685,0.007500390320062451,0.0008524655131623149
paraluni_2022,paraluni_2022__hn001,paraluni_2022,hard_negative_mined,bsc,0,k_3,3,1000,0.058260869565217394,0.06060606060606061,0.06855531755787685,0.011145071982281285,0.0007313521346077323
paraluni_2022,paraluni_2022__hn001,paraluni_2022,hard_negative_mined,bsc,0,k_5,5,1000,0.058260869565217394,0.06060606060606061,0.06855531755787685,0.00829404291360813,0.0003847046464215964
paraluni_2022,paraluni_2022__hn001,paraluni_2022,hard_negative_mined,bsc,0,k_7,7,1000,0.058260869565217394,0.06060606060606061,0.06855531755787685,0.006200573003236812,0.0003658183559309691
paraluni_2022,paraluni_2022__hn001,paraluni_2022,hard_negative_mined,bsc,0,ratio_25,250,1000,0.058260869565217394,0.06060606060606061,0.06855531755787685,0.0003846153846153846,9.976388537324965e-05
paraluni_2022,paraluni_2022__hn001,paraluni_2022,hard_negative_mined,bsc,0,ratio_50,500,1000,0.058260869565217394,0.06060606060606061,0.06855531755787685,0.009761904761904762,0.0011714798165485263
paraluni_2022,paraluni_2022__hn001,paraluni_2022,hard_negative_mined,bsc,0,ratio_75,750,1000,0.058260869565217394,0.06060606060606061,0.06855531755787685,0.0,6.308417505351827e-05
paraluni_2022,paraluni_2022__hn001,paraluni_2022,hard_negative_mined,bsc,0,ratio_100,1000,1000,0.058260869565217394,0.06060606060606061,0.06855531755787685,0.035,0.0020629565697163343
paraluni_2022,paraluni_2022__hn002,paraluni_2022,hard_negative_mined,bsc,0,k_2,2,560,0.058260869565217394,0.06060606060606061,0.12216761708253575,0.07137147569375914,0.20932334661483765
paraluni_2022,paraluni_2022__hn002,paraluni_2022,hard_negative_mined,bsc,0,k_3,3,560,0.058260869565217394,0.07575757575757576,0.12216761708253575,0.35912874663489647,0.1377831995487213
paraluni_2022,paraluni_2022__hn002,paraluni_2022,hard_negative_mined,bsc,0,k_5,5,560,0.058260869565217394,0.09090909090909091,0.12216761708253575,0.6345280947446795,0.5834030508995056
paraluni_2022,paraluni_2022__hn002,paraluni_2022,hard_negative_mined,bsc,0,k_7,7,560,0.058260869565217394,0.10606060606060606,0.11273872387914965,0.48209632033295313,0.40260282158851624
paraluni_2022,paraluni_2022__hn002,paraluni_2022,hard_negative_mined,bsc,0,ratio_25,140,560,0.058260869565217394,0.25757575757575757,0.07491436142749691,0.01955925925925926,0.00037224285188131034
paraluni_2022,paraluni_2022__hn002,paraluni_2022,hard_negative_mined,bsc,0,ratio_50,280,560,0.058260869565217394,0.25757575757575757,0.07166978430590101,0.03184280904280904,0.0005516388919204473
paraluni_2022,paraluni_2022__hn002,paraluni_2022,hard_negative_mined,bsc,0,ratio_75,420,560,0.058260869565217394,0.25757575757575757,0.07061738703374425,0.03184280904280904,0.0005838939687237144
paraluni_2022,paraluni_2022__hn002,paraluni_2022,hard_negative_mined,bsc,0,ratio_100,560,560,0.058260869565217394,0.25757575757575757,0.07009655910908748,0.016219576719576717,0.0007673348300158978
paraluni_2022,paraluni_2022__hn003,paraluni_2022,hard_negative_mined,bsc,0,ratio_25,1,1,0.058260869565217394,0.0,0.09161068041943089,0.0,5.658415102516301e-05
paraluni_2022,paraluni_2022__hn004,paraluni_2022,hard_negative_mined,bsc,0,ratio_25,1,2,0.058260869565217394,0.0,0.06855531755787685,0.0,0.0009999183239415288
paraluni_2022,paraluni_2022__hn004,paraluni_2022,hard_negative_mined,bsc,0,ratio_75,2,2,0.058260869565217394,0.07575757575757576,0.06855531755787685,0.17687043003992206,0.016569532454013824
paraluni_2022,paraluni_2022__hn005,paraluni_2022,hard_negative_mined,bsc,0,k_2,2,108,0.058260869565217394,0.07575757575757576,0.09190623705121871,0.2540428423096127,0.3766026794910431
paraluni_2022,paraluni_2022__hn005,paraluni_2022,hard_negative_mined,bsc,0,k_3,3,108,0.058260869565217394,0.07575757575757576,0.10115956735653756,0.44169393411905117,0.46721550822257996
paraluni_2022,paraluni_2022__hn005,paraluni_2022,hard_negative_mined,bsc,0,k_5,5,108,0.058260869565217394,0.10606060606060606,0.10914849190768267,0.5983618346983863,0.8634080290794373
paraluni_2022,paraluni_2022__hn005,paraluni_2022,hard_negative_mined,bsc,0,k_7,7,108,0.058260869565217394,0.12121212121212122,0.11273872387914965,0.504669191493598,0.6689106822013855
paraluni_2022,paraluni_2022__hn005,paraluni_2022,hard_negative_mined,bsc,0,ratio_25,27,108,0.058260869565217394,0.24242424242424243,0.10115956735653756,0.08552196798612853,0.034233879297971725
paraluni_2022,paraluni_2022__hn005,paraluni_2022,hard_negative_mined,bsc,0,ratio_50,54,108,0.058260869565217394,0.24242424242424243,0.08342077682030373,0.027027994227994227,0.0005345677491277456
paraluni_2022,paraluni_2022__hn005,paraluni_2022,hard_negative_mined,bsc,0,ratio_75,81,108,0.058260869565217394,0.24242424242424243,0.07816583536439062,0.014283549783549782,0.0005411822930909693
paraluni_2022,paraluni_2022__hn005,paraluni_2022,hard_negative_mined,bsc,0,ratio_100,108,108,0.058260869565217394,0.24242424242424243,0.0756534881626435,0.006404761904761904,0.0007969688158482313
paraluni_2022,paraluni_2022__hn006,paraluni_2022,hard_negative_mined,bsc,0,k_2,2,15,0.058260869565217394,0.07575757575757576,0.06855531755787685,0.13982294333839745,0.0002959077537525445
paraluni_2022,paraluni_2022__hn006,paraluni_2022,hard_negative_mined,bsc,0,k_3,3,15,0.058260869565217394,0.07575757575757576,0.06855531755787685,0.1679940514216664,0.0011524666333571076
paraluni_2022,paraluni_2022__hn006,paraluni_2022,hard_negative_mined,bsc,0,ratio_25,4,15,0.058260869565217394,0.07575757575757576,0.06855531755787685,0.137449370205315,0.17100529372692108
paraluni_2022,paraluni_2022__hn006,paraluni_2022,hard_negative_mined,bsc,0,k_5,5,15,0.058260869565217394,0.07575757575757576,0.06855531755787685,0.3267004960870041,0.8354731798171997
paraluni_2022,paraluni_2022__hn006,paraluni_2022,hard_negative_mined,bsc,0,k_7,7,15,0.058260869565217394,0.07575757575757576,0.06855531755787685,0.33229510117946726,0.11158869415521622
paraluni_2022,paraluni_2022__hn006,paraluni_2022,hard_negative_mined,bsc,0,ratio_50,8,15,0.058260869565217394,0.07575757575757576,0.06855531755787685,0.4966047805260333,0.08618803322315216
paraluni_2022,paraluni_2022__hn006,paraluni_2022,hard_negative_mined,bsc,0,ratio_75,12,15,0.058260869565217394,0.07575757575757576,0.06855531755787685,0.5324788589073405,0.02526169829070568
paraluni_2022,paraluni_2022__hn006,paraluni_2022,hard_negative_mined,bsc,0,ratio_100,15,15,0.058260869565217394,0.07575757575757576,0.06855531755787685,0.48881522700702607,0.017283864319324493
paraluni_2022,paraluni_2022__hn007,paraluni_2022,hard_negative_mined,bsc,0,k_2,2,13,0.058260869565217394,0.06060606060606061,0.09161068041943089,0.41839195261593104,0.018408341333270073
paraluni_2022,paraluni_2022__hn007,paraluni_2022,hard_negative_mined,bsc,0,k_3,3,13,0.058260869565217394,0.06060606060606061,0.09161068041943089,0.42417624681644844,0.01077062264084816
paraluni_2022,paraluni_2022__hn007,paraluni_2022,hard_negative_mined,bsc,0,ratio_25,4,13,0.058260869565217394,0.06060606060606061,0.09161068041943089,0.4497084971168461,0.009982367977499962
paraluni_2022,paraluni_2022__hn007,paraluni_2022,hard_negative_mined,bsc,0,k_5,5,13,0.058260869565217394,0.06060606060606061,0.09161068041943089,0.4175304966447841,0.0048875571228563786
paraluni_2022,paraluni_2022__hn007,paraluni_2022,hard_negative_mined,bsc,0,ratio_50,7,13,0.058260869565217394,0.06060606060606061,0.09161068041943089,0.07549625785822983,0.002723113400861621
paraluni_2022,paraluni_2022__hn007,paraluni_2022,hard_negative_mined,bsc,0,ratio_75,10,13,0.058260869565217394,0.2727272727272727,0.07788026083020994,0.0467922157650875,0.006098582409322262
paraluni_2022,paraluni_2022__hn007,paraluni_2022,hard_negative_mined,bsc,0,ratio_100,13,13,0.058260869565217394,0.2727272727272727,0.0790884005682399,0.05385777440949854,0.008702280931174755
paraluni_2022,paraluni_2022__hn008,paraluni_2022,hard_negative_mined,bsc,0,ratio_25,1,3,0.058260869565217394,0.0,0.09161068041943089,0.005,0.001133177662268281
paraluni_2022,paraluni_2022__hn008,paraluni_2022,hard_negative_mined,bsc,0,ratio_50,2,3,0.058260869565217394,0.06060606060606061,0.07932085554341413,0.13116927421777122,0.0019836248829960823
paraluni_2022,paraluni_2022__hn008,paraluni_2022,hard_negative_mined,bsc,0,ratio_75,3,3,0.058260869565217394,0.06060606060606061,0.08324017637312138,0.002,0.0005164701724424958
paraluni_2022,paraluni_2022__hn009,paraluni_2022,hard_negative_mined,bsc,0,k_2,2,334,0.058260869565217394,0.06060606060606061,0.06855531755787685,0.0747285278117669,0.0016594557091593742
paraluni_2022,paraluni_2022__hn009,paraluni_2022,hard_negative_mined,bsc,0,k_3,3,334,0.058260869565217394,0.06060606060606061,0.06855531755787685,0.04221150693490597,0.0006976855802349746
paraluni_2022,paraluni_2022__hn009,paraluni_2022,hard_negative_mined,bsc,0,k_5,5,334,0.058260869565217394,0.06060606060606061,0.06855531755787685,0.03829623817588722,0.0002043108397629112
paraluni_2022,paraluni_2022__hn009,paraluni_2022,hard_negative_mined,bsc,0,k_7,7,334,0.058260869565217394,0.06060606060606061,0.06855531755787685,0.02369493507413122,0.00015218603948596865
paraluni_2022,paraluni_2022__hn009,paraluni_2022,hard_negative_mined,bsc,0,ratio_25,84,334,0.058260869565217394,0.06060606060606061,0.06855531755787685,0.031041721268675996,8.140893623931333e-05
paraluni_2022,paraluni_2022__hn009,paraluni_2022,hard_negative_mined,bsc,0,ratio_50,167,334,0.058260869565217394,0.06060606060606061,0.06855531755787685,0.010880761015169618,5.7394816394662485e-05
paraluni_2022,paraluni_2022__hn009,paraluni_2022,hard_negative_mined,bsc,0,ratio_75,251,334,0.058260869565217394,0.06060606060606061,0.06855531755787685,0.004696969696969697,0.00024935469264164567
paraluni_2022,paraluni_2022__hn009,paraluni_2022,hard_negative_mined,bsc,0,ratio_100,334,334,0.058260869565217394,0.06060606060606061,0.06855531755787685,0.025880761015169614,0.00036135021946392953
paraluni_2022,paraluni_2022__hn010,paraluni_2022,hard_negative_mined,bsc,0,ratio_25,1,1,0.058260869565217394,0.0,0.09161068041943089,0.0,5.658415102516301e-05
paraluni_2022,paraluni_2022__hn011,paraluni_2022,hard_negative_mined,bsc,0,ratio_25,1,4,0.058260869565217394,0.0,0.09161068041943089,0.005,0.00110806489828974
paraluni_2022,paraluni_2022__hn011,paraluni_2022,hard_negative_mined,bsc,0,ratio_50,2,4,0.058260869565217394,0.06060606060606061,0.09161068041943089,0.4196203078437682,0.06639084964990616
paraluni_2022,paraluni_2022__hn011,paraluni_2022,hard_negative_mined,bsc,0,ratio_75,3,4,0.058260869565217394,0.06060606060606061,0.09161068041943089,0.2954226017200076,0.0008349609561264515
paraluni_2022,paraluni_2022__hn011,paraluni_2022,hard_negative_mined,bsc,0,ratio_100,4,4,0.058260869565217394,0.06060606060606061,0.09161068041943089,0.16971780238773815,0.0009225532994605601
paraluni_2022,paraluni_2022__hn012,paraluni_2022,hard_negative_mined,bsc,0,k_2,2,25,0.058260869565217394,0.07575757575757576,0.09161068041943089,0.47560211994450013,0.058732639998197556
paraluni_2022,paraluni_2022__hn012,paraluni_2022,hard_negative_mined,bsc,0,k_3,3,25,0.058260869565217394,0.09090909090909091,0.09161068041943089,0.47995733372863947,0.002425718354061246
paraluni_2022,paraluni_2022__hn012,paraluni_2022,hard_negative_mined,bsc,0,k_5,5,25,0.058260869565217394,0.09090909090909091,0.09161068041943089,0.44072366029177934,0.0039139105938375
paraluni_2022,paraluni_2022__hn012,paraluni_2022,hard_negative_mined,bsc,0,ratio_25,7,25,0.058260869565217394,0.09090909090909091,0.09161068041943089,0.42286773168999436,0.004162599798291922
paraluni_2022,paraluni_2022__hn012,paraluni_2022,hard_negative_mined,bsc,0,ratio_50,13,25,0.058260869565217394,0.15151515151515152,0.09161068041943089,0.20626245878732413,0.002429726766422391
paraluni_2022,paraluni_2022__hn012,paraluni_2022,hard_negative_mined,bsc,0,ratio_75,19,25,0.058260869565217394,0.18181818181818182,0.09161068041943089,0.19700568295446136,0.000558558211196214
paraluni_2022,paraluni_2022__hn012,paraluni_2022,hard_negative_mined,bsc,0,ratio_100,25,25,0.058260869565217394,0.21212121212121213,0.09161068041943089,0.13220288378403702,0.0006094719283282757
paraluni_2022,paraluni_2022__hn013,paraluni_2022,hard_negative_mined,bsc,0,k_2,2,9,0.058260869565217394,0.06060606060606061,0.06855531755787685,0.16841650963367358,0.43708980083465576
paraluni_2022,paraluni_2022__hn013,paraluni_2022,hard_negative_mined,bsc,0,ratio_25,3,9,0.058260869565217394,0.06060606060606061,0.06855531755787685,0.48999222905607864,0.8775747418403625
paraluni_2022,paraluni_2022__hn013,paraluni_2022,hard_negative_mined,bsc,0,ratio_50,5,9,0.058260869565217394,0.06060606060606061,0.06855531755787685,0.5277757202645749,0.9866047501564026
paraluni_2022,paraluni_2022__hn013,paraluni_2022,hard_negative_mined,bsc,0,ratio_75,7,9,0.058260869565217394,0.06060606060606061,0.08113043115446755,0.14550662811051002,0.053913164883852005
paraluni_2022,paraluni_2022__hn013,paraluni_2022,hard_negative_mined,bsc,0,ratio_100,9,9,0.058260869565217394,0.06060606060606061,0.08899489204142047,0.11180809543576212,0.05366869270801544
paraluni_2022,paraluni_2022__hn014,paraluni_2022,hard_negative_mined,bsc,0,k_2,2,219,0.058260869565217394,0.06060606060606061,0.07932085554341413,0.3347943990404159,0.3805890679359436
paraluni_2022,paraluni_2022__hn014,paraluni_2022,hard_negative_mined,bsc,0,k_3,3,219,0.058260869565217394,0.06060606060606061,0.07557086187680453,0.027871362065873484,0.00011442149843787774
paraluni_2022,paraluni_2022__hn014,paraluni_2022,hard_negative_mined,bsc,0,k_5,5,219,0.058260869565217394,0.06060606060606061,0.07268881353100055,0.021963143939913415,0.000703634403180331
paraluni_2022,paraluni_2022__hn014,paraluni_2022,hard_negative_mined,bsc,0,k_7,7,219,0.058260869565217394,0.06060606060606061,0.07769332713733505,0.12562161990634982,0.0002746284881141037
paraluni_2022,paraluni_2022__hn014,paraluni_2022,hard_negative_mined,bsc,0,ratio_25,55,219,0.058260869565217394,0.06060606060606061,0.07268881353100055,0.002584615384615385,0.00030932502704672515
paraluni_2022,paraluni_2022__hn014,paraluni_2022,hard_negative_mined,bsc,0,ratio_50,110,219,0.058260869565217394,0.06060606060606061,0.07059411503782148,0.0022,0.0004162519471719861
paraluni_2022,paraluni_2022__hn014,paraluni_2022,hard_negative_mined,bsc,0,ratio_75,165,219,0.058260869565217394,0.06060606060606061,0.06990836598959267,0.0022,0.00044059427455067635
paraluni_2022,paraluni_2022__hn014,paraluni_2022,hard_negative_mined,bsc,0,ratio_100,219,219,0.058260869565217394,0.06060606060606061,0.06957246108293005,0.012199999999999999,0.0004160468524787575
paraluni_2022,paraluni_2022__hn015,paraluni_2022,hard_negative_mined,bsc,0,ratio_25,1,1,0.058260869565217394,0.0,0.09161068041943089,0.0,5.886164217372425e-05
paraluni_2022,paraluni_2022__hn016,paraluni_2022,hard_negative_mined,bsc,0,ratio_25,1,2,0.058260869565217394,0.0,0.09161068041943089,0.0,0.00014562479918822646
paraluni_2022,paraluni_2022__hn016,paraluni_2022,hard_negative_mined,bsc,0,ratio_75,2,2,0.058260869565217394,0.06060606060606061,0.09161068041943089,0.3510747659786476,0.0027899686247110367
paraluni_2022,paraluni_2022__hn017,paraluni_2022,hard_negative_mined,bsc,0,k_2,2,1000,0.058260869565217394,0.06060606060606061,0.06855531755787685,0.06323880232339596,0.0024385983124375343
paraluni_2022,paraluni_2022__hn017,paraluni_2022,hard_negative_mined,bsc,0,k_3,3,1000,0.058260869565217394,0.06060606060606061,0.06855531755787685,0.027343952007643,0.0010485951788723469
paraluni_2022,paraluni_2022__hn017,paraluni_2022,hard_negative_mined,bsc,0,k_5,5,1000,0.058260869565217394,0.06060606060606061,0.06855531755787685,0.0660256439399134,0.00603021215647459
paraluni_2022,paraluni_2022__hn017,paraluni_2022,hard_negative_mined,bsc,0,k_7,7,1000,0.058260869565217394,0.06060606060606061,0.06855531755787685,0.051025643939913407,0.003350697224959731
paraluni_2022,paraluni_2022__hn017,paraluni_2022,hard_negative_mined,bsc,0,ratio_25,250,1000,0.058260869565217394,0.06060606060606061,0.06855531755787685,0.016265376399785002,0.00015369438915513456
paraluni_2022,paraluni_2022__hn017,paraluni_2022,hard_negative_mined,bsc,0,ratio_50,500,1000,0.058260869565217394,0.06060606060606061,0.06855531755787685,0.008164711632453569,1.7009364455589093e-05
paraluni_2022,paraluni_2022__hn017,paraluni_2022,hard_negative_mined,bsc,0,ratio_75,750,1000,0.058260869565217394,0.06060606060606061,0.06855531755787685,0.011896969696969698,0.000849642266985029
paraluni_2022,paraluni_2022__hn017,paraluni_2022,hard_negative_mined,bsc,0,ratio_100,1000,1000,0.058260869565217394,0.06060606060606061,0.06855531755787685,0.009696969696969697,0.0008486579172313213
paraluni_2022,paraluni_2022__hn018,paraluni_2022,hard_negative_mined,bsc,0,ratio_25,2,5,0.058260869565217394,0.0,0.06855531755787685,0.14623901350243507,0.03451301157474518
paraluni_2022,paraluni_2022__hn018,paraluni_2022,hard_negative_mined,bsc,0,ratio_50,3,5,0.058260869565217394,0.06060606060606061,0.06855531755787685,0.059442865487681615,0.0015978340525180101
paraluni_2022,paraluni_2022__hn018,paraluni_2022,hard_negative_mined,bsc,0,ratio_75,4,5,0.058260869565217394,0.12121212121212122,0.06855531755787685,0.0780981110392875,0.001056447857990861
paraluni_2022,paraluni_2022__hn018,paraluni_2022,hard_negative_mined,bsc,0,ratio_100,5,5,0.058260869565217394,0.12121212121212122,0.06855531755787685,0.05398046398046399,0.0002657991135492921
paraluni_2022,paraluni_2022__hn019,paraluni_2022,hard_negative_mined,bsc,0,ratio_25,1,2,0.058260869565217394,0.0,0.09161068041943089,0.0,6.880405999254435e-05
paraluni_2022,paraluni_2022__hn019,paraluni_2022,hard_negative_mined,bsc,0,ratio_75,2,2,0.058260869565217394,0.07575757575757576,0.09161068041943089,0.03423509112913993,0.0001404736831318587
paraluni_2022,paraluni_2022__hn020,paraluni_2022,hard_negative_mined,bsc,0,ratio_25,1,1,0.058260869565217394,0.0,0.09161068041943089,0.0,0.000106025006971322
paraluni_2022,paraluni_2022__hn021,paraluni_2022,hard_negative_mined,bsc,0,ratio_25,1,1,0.058260869565217394,0.0,0.06855531755787685,0.0,3.2341573387384415e-05
chibi_finance_2023,chibi_finance_2023__hnc000,chibi_finance_2023,hard_negative_mined_v2_complexity,arbitrum,0,ratio_25,1,3,0.05429497568881685,0.030303030303030304,0.017652836239820315,0.0,0.00030931204673834145
chibi_finance_2023,chibi_finance_2023__hnc000,chibi_finance_2023,hard_negative_mined_v2_complexity,arbitrum,0,ratio_50,2,3,0.05429497568881685,0.09090909090909091,0.03263185210371997,0.03059366983079876,5.099685222376138e-05
chibi_finance_2023,chibi_finance_2023__hnc000,chibi_finance_2023,hard_negative_mined_v2_complexity,arbitrum,0,ratio_75,3,3,0.05429497568881685,0.09090909090909091,0.02661746403846536,0.00510989010989011,6.528136145789176e-05
chibi_finance_2023,chibi_finance_2023__hnc001,chibi_finance_2023,hard_negative_mined_v2_complexity,arbitrum,0,ratio_25,1,2,0.05429497568881685,0.030303030303030304,0.017652836239820315,0.0,7.72180937929079e-05
chibi_finance_2023,chibi_finance_2023__hnc001,chibi_finance_2023,hard_negative_mined_v2_complexity,arbitrum,0,ratio_75,2,2,0.05429497568881685,0.09090909090909091,0.017652836239820315,0.01809180701059007,0.00039918607217259705
chibi_finance_2023,chibi_finance_2023__hnc002,chibi_finance_2023,hard_negative_mined_v2_complexity,arbitrum,0,ratio_25,1,2,0.05429497568881685,0.030303030303030304,0.017652836239820315,0.0,7.72180937929079e-05
chibi_finance_2023,chibi_finance_2023__hnc002,chibi_finance_2023,hard_negative_mined_v2_complexity,arbitrum,0,ratio_75,2,2,0.05429497568881685,0.09090909090909091,0.017652836239820315,0.03852593910460964,6.664257671218365e-05
chibi_finance_2023,chibi_finance_2023__hnc003,chibi_finance_2023,hard_negative_mined_v2_complexity,arbitrum,0,ratio_25,1,1,0.05429497568881685,0.030303030303030304,0.017652836239820315,0.0,5.7984289014711976e-05
chibi_finance_2023,chibi_finance_2023__hnc004,chibi_finance_2023,hard_negative_mined_v2_complexity,arbitrum,0,ratio_25,1,3,0.05429497568881685,0.030303030303030304,0.017652836239820315,0.0,0.00030931204673834145
chibi_finance_2023,chibi_finance_2023__hnc004,chibi_finance_2023,hard_negative_mined_v2_complexity,arbitrum,0,ratio_50,2,3,0.05429497568881685,0.09090909090909091,0.017652836239820315,0.06463126776262498,7.832271512597799e-05
chibi_finance_2023,chibi_finance_2023__hnc004,chibi_finance_2023,hard_negative_mined_v2_complexity,arbitrum,0,ratio_75,3,3,0.05429497568881685,0.09090909090909091,0.017652836239820315,0.044448770322738244,0.00010569390724413097
chibi_finance_2023,chibi_finance_2023__hnc005,chibi_finance_2023,hard_negative_mined_v2_complexity,arbitrum,0,ratio_25,1,2,0.05429497568881685,0.030303030303030304,0.017652836239820315,0.0,7.72180937929079e-05
chibi_finance_2023,chibi_finance_2023__hnc005,chibi_finance_2023,hard_negative_mined_v2_complexity,arbitrum,0,ratio_75,2,2,0.05429497568881685,0.09090909090909091,0.03263185210371997,0.0,6.159225449664518e-05
chibi_finance_2023,chibi_finance_2023__hnc006,chibi_finance_2023,hard_negative_mined_v2_complexity,arbitrum,0,ratio_25,1,1,0.05429497568881685,0.030303030303030304,0.017652836239820315,0.0,5.7984289014711976e-05
chibi_finance_2023,chibi_finance_2023__hnc007,chibi_finance_2023,hard_negative_mined_v2_complexity,arbitrum,0,ratio_25,1,2,0.05429497568881685,0.030303030303030304,0.017652836239820315,0.0,0.00014564659795723855
chibi_finance_2023,chibi_finance_2023__hnc007,chibi_finance_2023,hard_negative_mined_v2_complexity,arbitrum,0,ratio_75,2,2,0.05429497568881685,0.09090909090909091,0.03263185210371997,0.015561874304783094,5.146714102011174e-05
chibi_finance_2023,chibi_finance_2023__hnc008,chibi_finance_2023,hard_negative_mined_v2_complexity,arbitrum,0,ratio_25,1,2,0.05429497568881685,0.030303030303030304,0.017652836239820315,0.0,7.72180937929079e-05
chibi_finance_2023,chibi_finance_2023__hnc008,chibi_finance_2023,hard_negative_mined_v2_complexity,arbitrum,0,ratio_75,2,2,0.05429497568881685,0.09090909090909091,0.03263185210371997,0.007555890538033395,4.098347562830895e-05
chibi_finance_2023,chibi_finance_2023__hnc009,chibi_finance_2023,hard_negative_mined_v2_complexity,arbitrum,0,ratio_25,1,1,0.05429497568881685,0.030303030303030304,0.017652836239820315,0.0,5.7984289014711976e-05
deltaprime_arbitrum_2024,deltaprime_arbitrum_2024__hnc000,deltaprime_arbitrum_2024,hard_negative_mined_v2_complexity,arbitrum,0,k_2,2,224,0.06179286335944299,0.09090909090909091,0.020106528330673664,0.03839599939073046,0.0003860387660097331
deltaprime_arbitrum_2024,deltaprime_arbitrum_2024__hnc000,deltaprime_arbitrum_2024,hard_negative_mined_v2_complexity,arbitrum,0,k_3,3,224,0.06179286335944299,0.09090909090909091,0.020106528330673664,0.14381928516906314,0.013832541182637215
deltaprime_arbitrum_2024,deltaprime_arbitrum_2024__hnc000,deltaprime_arbitrum_2024,hard_negative_mined_v2_complexity,arbitrum,0,k_5,5,224,0.06179286335944299,0.09090909090909091,0.020106528330673664,0.08881797095923405,0.003820946207270026
deltaprime_arbitrum_2024,deltaprime_arbitrum_2024__hnc000,deltaprime_arbitrum_2024,hard_negative_mined_v2_complexity,arbitrum,0,k_7,7,224,0.06179286335944299,0.09090909090909091,0.020106528330673664,0.024891425963552042,0.0005629215156659484
deltaprime_arbitrum_2024,deltaprime_arbitrum_2024__hnc000,deltaprime_arbitrum_2024,hard_negative_mined_v2_complexity,arbitrum,0,ratio_25,56,224,0.06179286335944299,0.09090909090909091,0.020106528330673664,0.02519601977697704,0.0005370592698454857
deltaprime_arbitrum_2024,deltaprime_arbitrum_2024__hnc000,deltaprime_arbitrum_2024,hard_negative_mined_v2_complexity,arbitrum,0,ratio_50,112,224,0.06179286335944299,0.09090909090909091,0.020106528330673664,0.00595098993833171,0.0006751768523827195
deltaprime_arbitrum_2024,deltaprime_arbitrum_2024__hnc000,deltaprime_arbitrum_2024,hard_negative_mined_v2_complexity,arbitrum,0,ratio_75,168,224,0.06179286335944299,0.09090909090909091,0.020106528330673664,0.0008227848101265823,0.0008979077101685107
deltaprime_arbitrum_2024,deltaprime_arbitrum_2024__hnc000,deltaprime_arbitrum_2024,hard_negative_mined_v2_complexity,arbitrum,0,ratio_100,224,224,0.06179286335944299,0.09090909090909091,0.020106528330673664,0.05818505264981377,0.000567518756724894
deltaprime_arbitrum_2024,deltaprime_arbitrum_2024__hnc001,deltaprime_arbitrum_2024,hard_negative_mined_v2_complexity,arbitrum,0,ratio_25,1,1,0.06179286335944299,0.0,0.07005226170772745,0.0,8.985721797216684e-05
deltaprime_arbitrum_2024,deltaprime_arbitrum_2024__hnc002,deltaprime_arbitrum_2024,hard_negative_mined_v2_complexity,arbitrum,0,ratio_25,1,1,0.06179286335944299,0.0,0.07005226170772745,0.0,7.012348214630038e-05
deltaprime_arbitrum_2024,deltaprime_arbitrum_2024__hnc003,deltaprime_arbitrum_2024,hard_negative_mined_v2_complexity,arbitrum,0,ratio_25,1,1,0.06179286335944299,0.0,0.07897714315479286,0.0,0.00016948960546869785
deltaprime_arbitrum_2024,deltaprime_arbitrum_2024__hnc004,deltaprime_arbitrum_2024,hard_negative_mined_v2_complexity,arbitrum,0,ratio_25,1,1,0.06179286335944299,0.030303030303030304,0.020106528330673664,0.0,0.00012557067384477705
deltaprime_arbitrum_2024,deltaprime_arbitrum_2024__hnc007,deltaprime_arbitrum_2024,hard_negative_mined_v2_complexity,arbitrum,0,ratio_25,1,3,0.06179286335944299,0.0,0.07897714315479286,0.0,0.0003419097338337451
deltaprime_arbitrum_2024,deltaprime_arbitrum_2024__hnc007,deltaprime_arbitrum_2024,hard_negative_mined_v2_complexity,arbitrum,0,ratio_50,2,3,0.06179286335944299,0.07575757575757576,0.07439171147325971,0.02059057785960559,0.00027480238350108266
deltaprime_arbitrum_2024,deltaprime_arbitrum_2024__hnc007,deltaprime_arbitrum_2024,hard_negative_mined_v2_complexity,arbitrum,0,ratio_75,3,3,0.06179286335944299,0.07575757575757576,0.07291843853121298,0.07947670773472687,0.0003484648768790066
deltaprime_arbitrum_2024,deltaprime_arbitrum_2024__hnc008,deltaprime_arbitrum_2024,hard_negative_mined_v2_complexity,arbitrum,0,ratio_25,1,3,0.06179286335944299,0.0,0.07897714315479286,0.0,0.0003419097338337451
deltaprime_arbitrum_2024,deltaprime_arbitrum_2024__hnc008,deltaprime_arbitrum_2024,hard_negative_mined_v2_complexity,arbitrum,0,ratio_50,2,3,0.06179286335944299,0.07575757575757576,0.07439171147325971,0.02059057785960559,0.00027480238350108266
deltaprime_arbitrum_2024,deltaprime_arbitrum_2024__hnc008,deltaprime_arbitrum_2024,hard_negative_mined_v2_complexity,arbitrum,0,ratio_75,3,3,0.06179286335944299,0.07575757575757576,0.07291843853121298,0.07483385059186971,0.0003484648768790066
deltaprime_arbitrum_2024,deltaprime_arbitrum_2024__hnc009,deltaprime_arbitrum_2024,hard_negative_mined_v2_complexity,arbitrum,0,ratio_25,1,1,0.06179286335944299,0.0,0.07897714315479286,0.005,0.00016948960546869785
feg_bridge_2024,feg_bridge_2024__hnc000,feg_bridge_2024,hard_negative_mined_v2_complexity,eth,0,ratio_25,1,2,0.05582137161084529,0.0,0.11864898098070115,0.0,2.7669675546349026e-05
feg_bridge_2024,feg_bridge_2024__hnc000,feg_bridge_2024,hard_negative_mined_v2_complexity,eth,0,ratio_75,2,2,0.05582137161084529,0.06060606060606061,0.09182671327696873,0.04328083374958375,0.0003790707851294428
feg_bridge_2024,feg_bridge_2024__hnc001,feg_bridge_2024,hard_negative_mined_v2_complexity,eth,0,ratio_25,1,1,0.05582137161084529,0.0,0.11864898098070115,0.0,8.28665270091733e-06
feg_bridge_2024,feg_bridge_2024__hnc002,feg_bridge_2024,hard_negative_mined_v2_complexity,eth,0,ratio_25,1,1,0.05582137161084529,0.0,0.11864898098070115,0.0,9.273018804378808e-06
feg_bridge_2024,feg_bridge_2024__hnc003,feg_bridge_2024,hard_negative_mined_v2_complexity,eth,0,ratio_25,1,1,0.05582137161084529,0.0,0.11864898098070115,0.0,8.28665270091733e-06
feg_bridge_2024,feg_bridge_2024__hnc004,feg_bridge_2024,hard_negative_mined_v2_complexity,eth,0,ratio_25,1,1,0.05582137161084529,0.0,0.11864898098070115,0.0,8.28665270091733e-06
feg_bridge_2024,feg_bridge_2024__hnc005,feg_bridge_2024,hard_negative_mined_v2_complexity,eth,0,ratio_25,1,1,0.05582137161084529,0.0,0.11864898098070115,0.0,9.273018804378808e-06
feg_bridge_2024,feg_bridge_2024__hnc006,feg_bridge_2024,hard_negative_mined_v2_complexity,eth,0,ratio_25,1,1,0.05582137161084529,0.0,0.11864898098070115,0.0,8.393422467634082e-05
feg_bridge_2024,feg_bridge_2024__hnc007,feg_bridge_2024,hard_negative_mined_v2_complexity,eth,0,ratio_25,1,1,0.05582137161084529,0.0,0.11864898098070115,0.0,9.273018804378808e-06
feg_bridge_2024,feg_bridge_2024__hnc008,feg_bridge_2024,hard_negative_mined_v2_complexity,eth,0,ratio_25,1,2,0.05582137161084529,0.0,0.11864898098070115,0.0,2.7669675546349026e-05
feg_bridge_2024,feg_bridge_2024__hnc008,feg_bridge_2024,hard_negative_mined_v2_complexity,eth,0,ratio_75,2,2,0.05582137161084529,0.06060606060606061,0.09182671327696873,0.010681818181818181,0.0001463796361349523
feg_bridge_2024,feg_bridge_2024__hnc009,feg_bridge_2024,hard_negative_mined_v2_complexity,eth,0,ratio_25,1,1,0.05582137161084529,0.0,0.11864898098070115,0.0,8.28665270091733e-06
ronin_bridge_2022,ronin_bridge_2022__hnc000,ronin_bridge_2022,hard_negative_mined_v2_complexity,eth,0,ratio_25,1,2,0.05668358714043993,0.0,0.06380843838357166,0.003157894736842105,7.840267062420025e-05
ronin_bridge_2022,ronin_bridge_2022__hnc000,ronin_bridge_2022,hard_negative_mined_v2_complexity,eth,0,ratio_75,2,2,0.05668358714043993,0.07575757575757576,0.06380843838357166,0.04700519735339764,0.0005193385295569897
ronin_bridge_2022,ronin_bridge_2022__hnc001,ronin_bridge_2022,hard_negative_mined_v2_complexity,eth,0,ratio_25,1,1,0.05668358714043993,0.0,0.06380843838357166,0.0,2.902251435443759e-05
ronin_bridge_2022,ronin_bridge_2022__hnc003,ronin_bridge_2022,hard_negative_mined_v2_complexity,eth,0,ratio_25,1,2,0.05668358714043993,0.030303030303030304,0.02034339200047519,0.0,4.396482108859345e-05
ronin_bridge_2022,ronin_bridge_2022__hnc003,ronin_bridge_2022,hard_negative_mined_v2_complexity,eth,0,ratio_75,2,2,0.05668358714043993,0.09090909090909091,0.02034339200047519,0.034394406138023303,0.0005969033809378743
ronin_bridge_2022,ronin_bridge_2022__hnc004,ronin_bridge_2022,hard_negative_mined_v2_complexity,eth,0,ratio_25,1,1,0.05668358714043993,0.030303030303030304,0.02034339200047519,0.0,2.7572135877562687e-05
ronin_bridge_2022,ronin_bridge_2022__hnc005,ronin_bridge_2022,hard_negative_mined_v2_complexity,eth,0,ratio_25,1,2,0.05668358714043993,0.030303030303030304,0.02034339200047519,0.0,4.396482108859345e-05
ronin_bridge_2022,ronin_bridge_2022__hnc005,ronin_bridge_2022,hard_negative_mined_v2_complexity,eth,0,ratio_75,2,2,0.05668358714043993,0.09090909090909091,0.02034339200047519,0.03670032857335919,0.00041242834413424134
ronin_bridge_2022,ronin_bridge_2022__hnc006,ronin_bridge_2022,hard_negative_mined_v2_complexity,eth,0,ratio_25,1,3,0.05668358714043993,0.030303030303030304,0.02034339200047519,0.0,0.00020855253387708217
ronin_bridge_2022,ronin_bridge_2022__hnc006,ronin_bridge_2022,hard_negative_mined_v2_complexity,eth,0,ratio_50,2,3,0.05668358714043993,0.09090909090909091,0.02034339200047519,0.04187110427996665,0.0005242791958153248
ronin_bridge_2022,ronin_bridge_2022__hnc006,ronin_bridge_2022,hard_negative_mined_v2_complexity,eth,0,ratio_75,3,3,0.05668358714043993,0.09090909090909091,0.02034339200047519,0.029090630837851652,0.00048000592505559325
ronin_bridge_2022,ronin_bridge_2022__hnc007,ronin_bridge_2022,hard_negative_mined_v2_complexity,eth,0,ratio_25,1,1,0.05668358714043993,0.0,0.06380843838357166,0.0,0.0009657724876888096
ronin_bridge_2022,ronin_bridge_2022__hnc008,ronin_bridge_2022,hard_negative_mined_v2_complexity,eth,0,ratio_25,1,1,0.05668358714043993,0.030303030303030304,0.02034339200047519,0.0,4.904881279799156e-05
ronin_bridge_2022,ronin_bridge_2022__hnc009,ronin_bridge_2022,hard_negative_mined_v2_complexity,eth,0,ratio_25,1,2,0.05668358714043993,0.030303030303030304,0.02034339200047519,0.0,5.609983782051131e-05
ronin_bridge_2022,ronin_bridge_2022__hnc009,ronin_bridge_2022,hard_negative_mined_v2_complexity,eth,0,ratio_75,2,2,0.05668358714043993,0.09090909090909091,0.02034339200047519,0.04125555111645149,0.00011150849604746327
wooppv2_2024,wooppv2_2024__hnc000,wooppv2_2024,hard_negative_mined_v2_complexity,arbitrum,0,ratio_25,1,1,0.05693664795509222,0.030303030303030304,0.017276816454879707,0.0,2.684129140106961e-05
wooppv2_2024,wooppv2_2024__hnc001,wooppv2_2024,hard_negative_mined_v2_complexity,arbitrum,0,ratio_25,1,1,0.05693664795509222,0.030303030303030304,0.017276816454879707,0.0,1.384114602842601e-05
wooppv2_2024,wooppv2_2024__hnc002,wooppv2_2024,hard_negative_mined_v2_complexity,arbitrum,0,ratio_25,1,2,0.05693664795509222,0.030303030303030304,0.017276816454879707,0.0,1.8633398212841712e-05
wooppv2_2024,wooppv2_2024__hnc002,wooppv2_2024,hard_negative_mined_v2_complexity,arbitrum,0,ratio_75,2,2,0.05693664795509222,0.09090909090909091,0.03557001430826953,0.004039907460960092,1.2191745554446243e-05
wooppv2_2024,wooppv2_2024__hnc003,wooppv2_2024,hard_negative_mined_v2_complexity,arbitrum,0,ratio_25,2,6,0.05693664795509222,0.09090909090909091,0.017276816454879707,0.060895609041983,0.00035462999949231744
wooppv2_2024,wooppv2_2024__hnc003,wooppv2_2024,hard_negative_mined_v2_complexity,arbitrum,0,ratio_50,3,6,0.05693664795509222,0.09090909090909091,0.017276816454879707,0.02797829336080682,8.408418943872675e-05
wooppv2_2024,wooppv2_2024__hnc003,wooppv2_2024,hard_negative_mined_v2_complexity,arbitrum,0,ratio_75,5,6,0.05693664795509222,0.09090909090909091,0.017276816454879707,0.019580958721975798,7.816273864591494e-05
wooppv2_2024,wooppv2_2024__hnc003,wooppv2_2024,hard_negative_mined_v2_complexity,arbitrum,0,ratio_100,6,6,0.05693664795509222,0.09090909090909091,0.02201035497136508,0.008270676691729324,0.0008147815242409706
wooppv2_2024,wooppv2_2024__hnc004,wooppv2_2024,hard_negative_mined_v2_complexity,arbitrum,0,ratio_25,1,1,0.05693664795509222,0.030303030303030304,0.017276816454879707,0.0,2.684129140106961e-05
wooppv2_2024,wooppv2_2024__hnc005,wooppv2_2024,hard_negative_mined_v2_complexity,arbitrum,0,ratio_25,1,1,0.05693664795509222,0.030303030303030304,0.017276816454879707,0.0,0.00014859187649562955
wooppv2_2024,wooppv2_2024__hnc006,wooppv2_2024,hard_negative_mined_v2_complexity,arbitrum,0,ratio_25,1,1,0.05693664795509222,0.030303030303030304,0.017276816454879707,0.0,1.384114602842601e-05
wooppv2_2024,wooppv2_2024__hnc007,wooppv2_2024,hard_negative_mined_v2_complexity,arbitrum,0,ratio_25,1,3,0.05693664795509222,0.030303030303030304,0.017276816454879707,0.0019306930693069307,6.355375808198005e-05
wooppv2_2024,wooppv2_2024__hnc007,wooppv2_2024,hard_negative_mined_v2_complexity,arbitrum,0,ratio_50,2,3,0.05693664795509222,0.09090909090909091,0.017276816454879707,0.03151558401417211,3.5153283533873037e-05
wooppv2_2024,wooppv2_2024__hnc007,wooppv2_2024,hard_negative_mined_v2_complexity,arbitrum,0,ratio_75,3,3,0.05693664795509222,0.09090909090909091,0.02800384151455425,0.008373240794293427,5.36174229637254e-05
wooppv2_2024,wooppv2_2024__hnc008,wooppv2_2024,hard_negative_mined_v2_complexity,arbitrum,0,ratio_25,1,1,0.05693664795509222,0.030303030303030304,0.017276816454879707,0.0,1.384114602842601e-05
wooppv2_2024,wooppv2_2024__hnc009,wooppv2_2024,hard_negative_mined_v2_complexity,arbitrum,0,ratio_25,1,1,0.05693664795509222,0.030303030303030304,0.017276816454879707,0.0,1.384114602842601e-05
xkingdom_2024,xkingdom_2024__hnc000,xkingdom_2024,hard_negative_mined_v2_complexity,arbitrum,0,ratio_25,1,2,0.05501618122977346,0.030303030303030304,0.013838245810889547,0.0,6.062249303795397e-05
xkingdom_2024,xkingdom_2024__hnc000,xkingdom_2024,hard_negative_mined_v2_complexity,arbitrum,0,ratio_75,2,2,0.05501618122977346,0.09090909090909091,0.03133939103882301,0.005,9.182772191707045e-05
xkingdom_2024,xkingdom_2024__hnc001,xkingdom_2024,hard_negative_mined_v2_complexity,arbitrum,0,ratio_25,1,3,0.05501618122977346,0.030303030303030304,0.013838245810889547,0.0016666666666666666,0.00015752440958749503
xkingdom_2024,xkingdom_2024__hnc001,xkingdom_2024,hard_negative_mined_v2_complexity,arbitrum,0,ratio_50,2,3,0.05501618122977346,0.09090909090909091,0.03133939103882301,0.028968497084428585,6.457410199800506e-05
xkingdom_2024,xkingdom_2024__hnc001,xkingdom_2024,hard_negative_mined_v2_complexity,arbitrum,0,ratio_75,3,3,0.05501618122977346,0.09090909090909091,0.04098934900546669,0.05475940773569701,0.00010955923789879307
xkingdom_2024,xkingdom_2024__hnc002,xkingdom_2024,hard_negative_mined_v2_complexity,arbitrum,0,ratio_25,1,2,0.05501618122977346,0.030303030303030304,0.013838245810889547,0.0,6.062249303795397e-05
xkingdom_2024,xkingdom_2024__hnc002,xkingdom_2024,hard_negative_mined_v2_complexity,arbitrum,0,ratio_75,2,2,0.05501618122977346,0.09090909090909091,0.03133939103882301,0.005,9.182772191707045e-05
xkingdom_2024,xkingdom_2024__hnc003,xkingdom_2024,hard_negative_mined_v2_complexity,arbitrum,0,ratio_25,1,3,0.05501618122977346,0.030303030303030304,0.013838245810889547,0.0016666666666666666,0.00015752440958749503
xkingdom_2024,xkingdom_2024__hnc003,xkingdom_2024,hard_negative_mined_v2_complexity,arbitrum,0,ratio_50,2,3,0.05501618122977346,0.09090909090909091,0.03133939103882301,0.028968497084428585,6.457410199800506e-05
xkingdom_2024,xkingdom_2024__hnc003,xkingdom_2024,hard_negative_mined_v2_complexity,arbitrum,0,ratio_75,3,3,0.05501618122977346,0.09090909090909091,0.04098934900546669,0.05475940773569701,0.00010955923789879307
xkingdom_2024,xkingdom_2024__hnc004,xkingdom_2024,hard_negative_mined_v2_complexity,arbitrum,0,ratio_25,1,1,0.05501618122977346,0.030303030303030304,0.013838245810889547,0.00013274336283185842,6.240857328521088e-05
xkingdom_2024,xkingdom_2024__hnc005,xkingdom_2024,hard_negative_mined_v2_complexity,arbitrum,0,ratio_25,1,2,0.05501618122977346,0.030303030303030304,0.013838245810889547,0.0,6.062249303795397e-05
xkingdom_2024,xkingdom_2024__hnc005,xkingdom_2024,hard_negative_mined_v2_complexity,arbitrum,0,ratio_75,2,2,0.05501618122977346,0.09090909090909091,0.03133939103882301,0.005,9.182772191707045e-05
xkingdom_2024,xkingdom_2024__hnc006,xkingdom_2024,hard_negative_mined_v2_complexity,arbitrum,0,ratio_25,1,2,0.05501618122977346,0.030303030303030304,0.013838245810889547,0.0,7.743311289232224e-05
xkingdom_2024,xkingdom_2024__hnc006,xkingdom_2024,hard_negative_mined_v2_complexity,arbitrum,0,ratio_75,2,2,0.05501618122977346,0.09090909090909091,0.03133939103882301,0.013061920716003799,4.808658923138864e-05
xkingdom_2024,xkingdom_2024__hnc007,xkingdom_2024,hard_negative_mined_v2_complexity,arbitrum,0,ratio_25,1,2,0.05501618122977346,0.030303030303030304,0.013838245810889547,0.0,7.743311289232224e-05
xkingdom_2024,xkingdom_2024__hnc007,xkingdom_2024,hard_negative_mined_v2_complexity,arbitrum,0,ratio_75,2,2,0.05501618122977346,0.09090909090909091,0.03133939103882301,0.013061920716003799,4.808658923138864e-05
xkingdom_2024,xkingdom_2024__hnc008,xkingdom_2024,hard_negative_mined_v2_complexity,arbitrum,0,ratio_25,1,2,0.05501618122977346,0.030303030303030304,0.013838245810889547,0.0,7.743311289232224e-05
xkingdom_2024,xkingdom_2024__hnc008,xkingdom_2024,hard_negative_mined_v2_complexity,arbitrum,0,ratio_75,2,2,0.05501618122977346,0.09090909090909091,0.03133939103882301,0.013061920716003799,4.808658923138864e-05
xkingdom_2024,xkingdom_2024__hnc009,xkingdom_2024,hard_negative_mined_v2_complexity,arbitrum,0,ratio_25,1,2,0.05501618122977346,0.030303030303030304,0.013838245810889547,0.0,7.743311289232224e-05
xkingdom_2024,xkingdom_2024__hnc009,xkingdom_2024,hard_negative_mined_v2_complexity,arbitrum,0,ratio_75,2,2,0.05501618122977346,0.09090909090909091,0.03133939103882301,0.013061920716003799,4.808658923138864e-05
bsc_token_hub_2022,bsc_token_hub_2022__hnc000,bsc_token_hub_2022,hard_negative_mined_v2_complexity,bsc,0,ratio_25,1,1,0.059082892416225746,0.0,0.07603436394550418,0.0,0.00021398605895228684
bsc_token_hub_2022,bsc_token_hub_2022__hnc001,bsc_token_hub_2022,hard_negative_mined_v2_complexity,bsc,0,ratio_25,1,3,0.059082892416225746,0.0,0.07841404512717061,0.0,0.00018155532598029822
bsc_token_hub_2022,bsc_token_hub_2022__hnc001,bsc_token_hub_2022,hard_negative_mined_v2_complexity,bsc,0,ratio_50,2,3,0.059082892416225746,0.06060606060606061,0.07841404512717061,0.05918152767545583,0.002359602367505431
bsc_token_hub_2022,bsc_token_hub_2022__hnc001,bsc_token_hub_2022,hard_negative_mined_v2_complexity,bsc,0,ratio_75,3,3,0.059082892416225746,0.06060606060606061,0.07841404512717061,0.016481481481481482,0.0001330197264906019
bsc_token_hub_2022,bsc_token_hub_2022__hnc002,bsc_token_hub_2022,hard_negative_mined_v2_complexity,bsc,0,ratio_25,1,2,0.059082892416225746,0.0,0.07841404512717061,0.0,0.0003466373891569674
bsc_token_hub_2022,bsc_token_hub_2022__hnc002,bsc_token_hub_2022,hard_negative_mined_v2_complexity,bsc,0,ratio_75,2,2,0.059082892416225746,0.06060606060606061,0.07841404512717061,0.1319656422536071,0.0007895913440734148
bsc_token_hub_2022,bsc_token_hub_2022__hnc003,bsc_token_hub_2022,hard_negative_mined_v2_complexity,bsc,0,ratio_25,1,2,0.059082892416225746,0.0,0.07603436394550418,0.0,0.00023968893219716847
bsc_token_hub_2022,bsc_token_hub_2022__hnc003,bsc_token_hub_2022,hard_negative_mined_v2_complexity,bsc,0,ratio_75,2,2,0.059082892416225746,0.06060606060606061,0.07603436394550418,0.23017082295380725,0.04296036437153816
bsc_token_hub_2022,bsc_token_hub_2022__hnc004,bsc_token_hub_2022,hard_negative_mined_v2_complexity,bsc,0,ratio_25,1,1,0.059082892416225746,0.0,0.07841404512717061,0.0,3.600436320994049e-05
bsc_token_hub_2022,bsc_token_hub_2022__hnc005,bsc_token_hub_2022,hard_negative_mined_v2_complexity,bsc,0,ratio_25,1,1,0.059082892416225746,0.0,0.07603436394550418,0.0,0.00013018317986279726
bsc_token_hub_2022,bsc_token_hub_2022__hnc006,bsc_token_hub_2022,hard_negative_mined_v2_complexity,bsc,0,k_2,2,37,0.059082892416225746,0.06060606060606061,0.07841404512717061,0.12156571376841468,0.00685456907376647
bsc_token_hub_2022,bsc_token_hub_2022__hnc006,bsc_token_hub_2022,hard_negative_mined_v2_complexity,bsc,0,k_3,3,37,0.059082892416225746,0.06060606060606061,0.07841404512717061,0.06801784021948042,0.004672293085604906
bsc_token_hub_2022,bsc_token_hub_2022__hnc006,bsc_token_hub_2022,hard_negative_mined_v2_complexity,bsc,0,k_5,5,37,0.059082892416225746,0.06060606060606061,0.07841404512717061,0.01651222980016785,0.0026626887265592813
bsc_token_hub_2022,bsc_token_hub_2022__hnc006,bsc_token_hub_2022,hard_negative_mined_v2_complexity,bsc,0,k_7,7,37,0.059082892416225746,0.06060606060606061,0.07841404512717061,0.027057747084815568,0.0006954263080842793
bsc_token_hub_2022,bsc_token_hub_2022__hnc006,bsc_token_hub_2022,hard_negative_mined_v2_complexity,bsc,0,ratio_25,10,37,0.059082892416225746,0.06060606060606061,0.07841404512717061,0.0006944444444444445,0.000717462389729917
bsc_token_hub_2022,bsc_token_hub_2022__hnc006,bsc_token_hub_2022,hard_negative_mined_v2_complexity,bsc,0,ratio_50,19,37,0.059082892416225746,0.09090909090909091,0.07841404512717061,0.07482296207341393,0.004085236229002476
bsc_token_hub_2022,bsc_token_hub_2022__hnc006,bsc_token_hub_2022,hard_negative_mined_v2_complexity,bsc,0,ratio_75,28,37,0.059082892416225746,0.15151515151515152,0.07841404512717061,0.05276413854400215,0.0012202586513012648
bsc_token_hub_2022,bsc_token_hub_2022__hnc006,bsc_token_hub_2022,hard_negative_mined_v2_complexity,bsc,0,ratio_100,37,37,0.059082892416225746,0.24242424242424243,0.07841404512717061,0.0830376911299637,0.0015925788320600986
bsc_token_hub_2022,bsc_token_hub_2022__hnc007,bsc_token_hub_2022,hard_negative_mined_v2_complexity,bsc,0,ratio_25,1,2,0.059082892416225746,0.0,0.07603436394550418,0.00375,0.0005353887099772692
bsc_token_hub_2022,bsc_token_hub_2022__hnc007,bsc_token_hub_2022,hard_negative_mined_v2_complexity,bsc,0,ratio_75,2,2,0.059082892416225746,0.06060606060606061,0.07603436394550418,0.39869959323523846,0.010219477117061615
bsc_token_hub_2022,bsc_token_hub_2022__hnc008,bsc_token_hub_2022,hard_negative_mined_v2_complexity,bsc,0,ratio_25,1,2,0.059082892416225746,0.0,0.07841404512717061,0.0,4.8244277422782034e-05
bsc_token_hub_2022,bsc_token_hub_2022__hnc008,bsc_token_hub_2022,hard_negative_mined_v2_complexity,bsc,0,ratio_75,2,2,0.059082892416225746,0.06060606060606061,0.07841404512717061,0.025258969903361468,5.822720777359791e-05
bsc_token_hub_2022,bsc_token_hub_2022__hnc009,bsc_token_hub_2022,hard_negative_mined_v2_complexity,bsc,0,ratio_25,1,4,0.059082892416225746,0.0,0.07603436394550418,0.00375,0.0008319240296259522
bsc_token_hub_2022,bsc_token_hub_2022__hnc009,bsc_token_hub_2022,hard_negative_mined_v2_complexity,bsc,0,ratio_50,2,4,0.059082892416225746,0.07575757575757576,0.07603436394550418,0.12924541872834014,0.01957329548895359
bsc_token_hub_2022,bsc_token_hub_2022__hnc009,bsc_token_hub_2022,hard_negative_mined_v2_complexity,bsc,0,ratio_75,3,4,0.059082892416225746,0.09090909090909091,0.07603436394550418,0.04815649290543091,0.0016962060471996665
bsc_token_hub_2022,bsc_token_hub_2022__hnc009,bsc_token_hub_2022,hard_negative_mined_v2_complexity,bsc,0,ratio_100,4,4,0.059082892416225746,0.09090909090909091,0.07603436394550418,0.034656309816701675,0.0010273344814777374
utopiasphere_2024,utopiasphere_2024__hnc000,utopiasphere_2024,hard_negative_mined_v2_complexity,bsc,0,ratio_25,1,3,0.05506072874493927,0.030303030303030304,0.013625259318262677,0.0,0.0008989782072603703
utopiasphere_2024,utopiasphere_2024__hnc000,utopiasphere_2024,hard_negative_mined_v2_complexity,bsc,0,ratio_50,2,3,0.05506072874493927,0.10606060606060606,0.013625259318262677,0.028347962382445142,0.0036949485074728727
utopiasphere_2024,utopiasphere_2024__hnc000,utopiasphere_2024,hard_negative_mined_v2_complexity,bsc,0,ratio_75,3,3,0.05506072874493927,0.30303030303030304,0.024026804083539605,0.0089010989010989,0.0012538478476926684
utopiasphere_2024,utopiasphere_2024__hnc001,utopiasphere_2024,hard_negative_mined_v2_complexity,bsc,0,ratio_25,2,5,0.05506072874493927,0.10606060606060606,0.013625259318262677,0.10857230044000887,0.000153483051690273
utopiasphere_2024,utopiasphere_2024__hnc001,utopiasphere_2024,hard_negative_mined_v2_complexity,bsc,0,ratio_50,3,5,0.05506072874493927,0.12121212121212122,0.023012727205684206,0.14926381183947218,0.0002714639704208821
utopiasphere_2024,utopiasphere_2024__hnc001,utopiasphere_2024,hard_negative_mined_v2_complexity,bsc,0,ratio_75,4,5,0.05506072874493927,0.12121212121212122,0.029840793469098216,0.2748541735682142,0.13771581649780273
utopiasphere_2024,utopiasphere_2024__hnc001,utopiasphere_2024,hard_negative_mined_v2_complexity,bsc,0,ratio_100,5,5,0.05506072874493927,0.13636363636363635,0.025538715040240266,0.2407076940452622,0.00035852738074027
utopiasphere_2024,utopiasphere_2024__hnc002,utopiasphere_2024,hard_negative_mined_v2_complexity,bsc,0,ratio_25,1,2,0.05506072874493927,0.030303030303030304,0.013625259318262677,0.0,4.12945773859974e-05
utopiasphere_2024,utopiasphere_2024__hnc002,utopiasphere_2024,hard_negative_mined_v2_complexity,bsc,0,ratio_75,2,2,0.05506072874493927,0.10606060606060606,0.013625259318262677,0.03931767893643066,3.732900586328469e-05
utopiasphere_2024,utopiasphere_2024__hnc003,utopiasphere_2024,hard_negative_mined_v2_complexity,bsc,0,ratio_25,1,2,0.05506072874493927,0.030303030303030304,0.013625259318262677,0.0,4.12945773859974e-05
utopiasphere_2024,utopiasphere_2024__hnc003,utopiasphere_2024,hard_negative_mined_v2_complexity,bsc,0,ratio_75,2,2,0.05506072874493927,0.10606060606060606,0.013625259318262677,0.03931767893643066,3.732900586328469e-05
utopiasphere_2024,utopiasphere_2024__hnc004,utopiasphere_2024,hard_negative_mined_v2_complexity,bsc,0,ratio_25,1,2,0.05506072874493927,0.030303030303030304,0.013625259318262677,0.0,4.12945773859974e-05
utopiasphere_2024,utopiasphere_2024__hnc004,utopiasphere_2024,hard_negative_mined_v2_complexity,bsc,0,ratio_75,2,2,0.05506072874493927,0.10606060606060606,0.013625259318262677,0.044052527421279145,3.3129479561466724e-05
utopiasphere_2024,utopiasphere_2024__hnc005,utopiasphere_2024,hard_negative_mined_v2_complexity,bsc,0,ratio_25,1,1,0.05506072874493927,0.0,0.06410045562666511,0.0,1.4184070096234791e-05
utopiasphere_2024,utopiasphere_2024__hnc006,utopiasphere_2024,hard_negative_mined_v2_complexity,bsc,0,ratio_25,1,1,0.05506072874493927,0.030303030303030304,0.013625259318262677,0.0,4.679031189880334e-05
utopiasphere_2024,utopiasphere_2024__hnc007,utopiasphere_2024,hard_negative_mined_v2_complexity,bsc,0,ratio_25,1,1,0.05506072874493927,0.030303030303030304,0.013625259318262677,0.0,3.188092523487285e-05
utopiasphere_2024,utopiasphere_2024__hnc008,utopiasphere_2024,hard_negative_mined_v2_complexity,bsc,0,ratio_25,1,1,0.05506072874493927,0.0,0.06410045562666511,0.0,1.4184070096234791e-05
utopiasphere_2024,utopiasphere_2024__hnc009,utopiasphere_2024,hard_negative_mined_v2_complexity,bsc,0,ratio_25,1,1,0.05506072874493927,0.030303030303030304,0.013625259318262677,0.0,4.679031189880334e-05
qbridge_qubit_2022,qbridge_qubit_2022__hnc000,qbridge_qubit_2022,hard_negative_mined_v2_complexity,bsc,0,k_2,2,434,0.06209453197405004,0.08,0.08020096186478894,0.045816862255876147,0.0004952203016728163
qbridge_qubit_2022,qbridge_qubit_2022__hnc000,qbridge_qubit_2022,hard_negative_mined_v2_complexity,bsc,0,k_3,3,434,0.06209453197405004,0.08,0.08020096186478894,0.051070594143012474,0.00016073085134848952
qbridge_qubit_2022,qbridge_qubit_2022__hnc000,qbridge_qubit_2022,hard_negative_mined_v2_complexity,bsc,0,k_5,5,434,0.06209453197405004,0.08,0.08020096186478894,0.010096828425961489,0.00019976531621068716
qbridge_qubit_2022,qbridge_qubit_2022__hnc000,qbridge_qubit_2022,hard_negative_mined_v2_complexity,bsc,0,k_7,7,434,0.06209453197405004,0.08,0.08020096186478894,0.010096828425961489,0.0004782956966664642
qbridge_qubit_2022,qbridge_qubit_2022__hnc000,qbridge_qubit_2022,hard_negative_mined_v2_complexity,bsc,0,ratio_25,109,434,0.06209453197405004,0.08,0.08020096186478894,0.03416946593341074,0.0005986159667372704
qbridge_qubit_2022,qbridge_qubit_2022__hnc000,qbridge_qubit_2022,hard_negative_mined_v2_complexity,bsc,0,ratio_50,217,434,0.06209453197405004,0.08,0.08020096186478894,0.00976660705735702,8.100301056401804e-05
qbridge_qubit_2022,qbridge_qubit_2022__hnc000,qbridge_qubit_2022,hard_negative_mined_v2_complexity,bsc,0,ratio_75,326,434,0.06209453197405004,0.08,0.08020096186478894,0.008054308056922426,3.3601918403292075e-05
qbridge_qubit_2022,qbridge_qubit_2022__hnc000,qbridge_qubit_2022,hard_negative_mined_v2_complexity,bsc,0,ratio_100,434,434,0.06209453197405004,0.08,0.08020096186478894,0.011104564138868648,5.3308260248741135e-05
qbridge_qubit_2022,qbridge_qubit_2022__hnc001,qbridge_qubit_2022,hard_negative_mined_v2_complexity,bsc,0,k_2,2,647,0.06209453197405004,0.08,0.08020096186478894,0.009614889917319585,0.0003436243277974427
qbridge_qubit_2022,qbridge_qubit_2022__hnc001,qbridge_qubit_2022,hard_negative_mined_v2_complexity,bsc,0,k_3,3,647,0.06209453197405004,0.08,0.08020096186478894,0.01054081584324551,0.0005797860212624073
qbridge_qubit_2022,qbridge_qubit_2022__hnc001,qbridge_qubit_2022,hard_negative_mined_v2_complexity,bsc,0,k_5,5,647,0.06209453197405004,0.08,0.08020096186478894,0.012259704595699973,0.00030186193180270493
qbridge_qubit_2022,qbridge_qubit_2022__hnc001,qbridge_qubit_2022,hard_negative_mined_v2_complexity,bsc,0,k_7,7,647,0.06209453197405004,0.08,0.08020096186478894,0.06032983807458898,0.00042516901157796383
qbridge_qubit_2022,qbridge_qubit_2022__hnc001,qbridge_qubit_2022,hard_negative_mined_v2_complexity,bsc,0,ratio_25,162,647,0.06209453197405004,0.08,0.08020096186478894,0.10629804654407972,0.0005981195718050003
qbridge_qubit_2022,qbridge_qubit_2022__hnc001,qbridge_qubit_2022,hard_negative_mined_v2_complexity,bsc,0,ratio_50,324,647,0.06209453197405004,0.08,0.08020096186478894,0.060895962964576784,0.0001556464412715286
qbridge_qubit_2022,qbridge_qubit_2022__hnc001,qbridge_qubit_2022,hard_negative_mined_v2_complexity,bsc,0,ratio_75,486,647,0.06209453197405004,0.08,0.08020096186478894,0.0389674137256827,0.00012956693535670638
qbridge_qubit_2022,qbridge_qubit_2022__hnc001,qbridge_qubit_2022,hard_negative_mined_v2_complexity,bsc,0,ratio_100,647,647,0.06209453197405004,0.08,0.08020096186478894,0.01687625566621479,5.867384606972337e-05
qbridge_qubit_2022,qbridge_qubit_2022__hnc002,qbridge_qubit_2022,hard_negative_mined_v2_complexity,bsc,0,k_2,2,76,0.06209453197405004,0.08,0.08662910869729674,0.7619675551191599,0.27956557273864746
qbridge_qubit_2022,qbridge_qubit_2022__hnc002,qbridge_qubit_2022,hard_negative_mined_v2_complexity,bsc,0,k_3,3,76,0.06209453197405004,0.08,0.08662910869729674,0.7390422927784017,0.4684973359107971
qbridge_qubit_2022,qbridge_qubit_2022__hnc002,qbridge_qubit_2022,hard_negative_mined_v2_complexity,bsc,0,k_5,5,76,0.06209453197405004,0.08,0.08662910869729674,0.7351716785892914,0.47340479493141174
qbridge_qubit_2022,qbridge_qubit_2022__hnc002,qbridge_qubit_2022,hard_negative_mined_v2_complexity,bsc,0,k_7,7,76,0.06209453197405004,0.08,0.08662910869729674,0.7432561929519572,0.6833139061927795
qbridge_qubit_2022,qbridge_qubit_2022__hnc002,qbridge_qubit_2022,hard_negative_mined_v2_complexity,bsc,0,ratio_25,19,76,0.06209453197405004,0.08,0.08662910869729674,0.26406446280362167,0.006622550543397665
qbridge_qubit_2022,qbridge_qubit_2022__hnc002,qbridge_qubit_2022,hard_negative_mined_v2_complexity,bsc,0,ratio_50,38,76,0.06209453197405004,0.08,0.08662910869729674,0.27445561585172257,0.007087916135787964
qbridge_qubit_2022,qbridge_qubit_2022__hnc002,qbridge_qubit_2022,hard_negative_mined_v2_complexity,bsc,0,ratio_75,57,76,0.06209453197405004,0.08,0.08662910869729674,0.09102613208274843,0.0003012983943335712
qbridge_qubit_2022,qbridge_qubit_2022__hnc002,qbridge_qubit_2022,hard_negative_mined_v2_complexity,bsc,0,ratio_100,76,76,0.06209453197405004,0.08,0.0851519234565643,0.10252226890419648,0.04567886143922806
qbridge_qubit_2022,qbridge_qubit_2022__hnc003,qbridge_qubit_2022,hard_negative_mined_v2_complexity,bsc,0,k_2,2,485,0.06209453197405004,0.08,0.08020096186478894,0.05032207384858774,0.002747424878180027
qbridge_qubit_2022,qbridge_qubit_2022__hnc003,qbridge_qubit_2022,hard_negative_mined_v2_complexity,bsc,0,k_3,3,485,0.06209453197405004,0.08,0.08020096186478894,0.042040302031525006,0.0005497874808497727
qbridge_qubit_2022,qbridge_qubit_2022__hnc003,qbridge_qubit_2022,hard_negative_mined_v2_complexity,bsc,0,k_5,5,485,0.06209453197405004,0.08,0.08020096186478894,0.023198053049164682,0.00030065994360484183
qbridge_qubit_2022,qbridge_qubit_2022__hnc003,qbridge_qubit_2022,hard_negative_mined_v2_complexity,bsc,0,k_7,7,485,0.06209453197405004,0.08,0.08020096186478894,0.029494349345460975,0.0002128585329046473
qbridge_qubit_2022,qbridge_qubit_2022__hnc003,qbridge_qubit_2022,hard_negative_mined_v2_complexity,bsc,0,ratio_25,122,485,0.06209453197405004,0.08,0.08020096186478894,0.005837067298869895,0.00040297434316016734
qbridge_qubit_2022,qbridge_qubit_2022__hnc003,qbridge_qubit_2022,hard_negative_mined_v2_complexity,bsc,0,ratio_50,243,485,0.06209453197405004,0.08,0.08020096186478894,0.011581385480688077,0.0001998674269998446
qbridge_qubit_2022,qbridge_qubit_2022__hnc003,qbridge_qubit_2022,hard_negative_mined_v2_complexity,bsc,0,ratio_75,364,485,0.06209453197405004,0.08,0.08020096186478894,0.004869086480253482,2.972692709590774e-05
qbridge_qubit_2022,qbridge_qubit_2022__hnc003,qbridge_qubit_2022,hard_negative_mined_v2_complexity,bsc,0,ratio_100,485,485,0.06209453197405004,0.08,0.08020096186478894,0.01927350922886637,0.00043386672041378915
qbridge_qubit_2022,qbridge_qubit_2022__hnc004,qbridge_qubit_2022,hard_negative_mined_v2_complexity,bsc,0,ratio_25,1,1,0.06209453197405004,0.0,0.08662910869729674,0.0,2.3699565645074472e-05
qbridge_qubit_2022,qbridge_qubit_2022__hnc005,qbridge_qubit_2022,hard_negative_mined_v2_complexity,bsc,0,ratio_25,2,8,0.06209453197405004,0.08,0.08020096186478894,0.17420025288795973,0.025419864803552628
qbridge_qubit_2022,qbridge_qubit_2022__hnc005,qbridge_qubit_2022,hard_negative_mined_v2_complexity,bsc,0,k_3,3,8,0.06209453197405004,0.08,0.08020096186478894,0.0024489795918367346,0.00031883863266557455
qbridge_qubit_2022,qbridge_qubit_2022__hnc005,qbridge_qubit_2022,hard_negative_mined_v2_complexity,bsc,0,ratio_50,4,8,0.06209453197405004,0.08,0.08020096186478894,0.004282312925170067,0.00022430512763094157
qbridge_qubit_2022,qbridge_qubit_2022__hnc005,qbridge_qubit_2022,hard_negative_mined_v2_complexity,bsc,0,k_5,5,8,0.06209453197405004,0.08,0.08020096186478894,0.009282312925170068,0.00024874706286937
qbridge_qubit_2022,qbridge_qubit_2022__hnc005,qbridge_qubit_2022,hard_negative_mined_v2_complexity,bsc,0,ratio_75,6,8,0.06209453197405004,0.08,0.08020096186478894,0.004282312925170067,0.00021117621508892626
qbridge_qubit_2022,qbridge_qubit_2022__hnc005,qbridge_qubit_2022,hard_negative_mined_v2_complexity,bsc,0,k_7,7,8,0.06209453197405004,0.08,0.08020096186478894,0.004282312925170067,0.00023206246260087937
qbridge_qubit_2022,qbridge_qubit_2022__hnc005,qbridge_qubit_2022,hard_negative_mined_v2_complexity,bsc,0,ratio_100,8,8,0.06209453197405004,0.08,0.08020096186478894,0.004282312925170067,0.0002782049123197794
qbridge_qubit_2022,qbridge_qubit_2022__hnc006,qbridge_qubit_2022,hard_negative_mined_v2_complexity,bsc,0,ratio_25,1,2,0.06209453197405004,0.0,0.08662910869729674,0.0,0.00065019162138924
qbridge_qubit_2022,qbridge_qubit_2022__hnc006,qbridge_qubit_2022,hard_negative_mined_v2_complexity,bsc,0,ratio_75,2,2,0.06209453197405004,0.08,0.08335872469086458,0.27023319675766805,0.005469596013426781
qbridge_qubit_2022,qbridge_qubit_2022__hnc007,qbridge_qubit_2022,hard_negative_mined_v2_complexity,bsc,0,ratio_25,1,2,0.06209453197405004,0.0,0.08020096186478894,0.0,2.4415337975369766e-05
qbridge_qubit_2022,qbridge_qubit_2022__hnc007,qbridge_qubit_2022,hard_negative_mined_v2_complexity,bsc,0,ratio_75,2,2,0.06209453197405004,0.1,0.08020096186478894,0.020471698113207547,4.195424844510853e-05
qbridge_qubit_2022,qbridge_qubit_2022__hnc008,qbridge_qubit_2022,hard_negative_mined_v2_complexity,bsc,0,k_2,2,177,0.06209453197405004,0.08,0.13749217754713527,0.04843049861951251,0.00141761580016464
qbridge_qubit_2022,qbridge_qubit_2022__hnc008,qbridge_qubit_2022,hard_negative_mined_v2_complexity,bsc,0,k_3,3,177,0.06209453197405004,0.08,0.13749217754713527,0.05459323907960818,0.03184515982866287
qbridge_qubit_2022,qbridge_qubit_2022__hnc008,qbridge_qubit_2022,hard_negative_mined_v2_complexity,bsc,0,k_5,5,177,0.06209453197405004,0.08,0.13749217754713527,0.048392341696835955,0.0022551333531737328
qbridge_qubit_2022,qbridge_qubit_2022__hnc008,qbridge_qubit_2022,hard_negative_mined_v2_complexity,bsc,0,k_7,7,177,0.06209453197405004,0.12,0.13749217754713527,0.28976817703858176,0.039020489901304245
qbridge_qubit_2022,qbridge_qubit_2022__hnc008,qbridge_qubit_2022,hard_negative_mined_v2_complexity,bsc,0,ratio_25,45,177,0.06209453197405004,0.2,0.1035804575598743,0.19450664012711932,0.0018798053497448564
qbridge_qubit_2022,qbridge_qubit_2022__hnc008,qbridge_qubit_2022,hard_negative_mined_v2_complexity,bsc,0,ratio_50,89,177,0.06209453197405004,0.2,0.09135030818038761,0.07424520768772669,0.0009418627596460283
qbridge_qubit_2022,qbridge_qubit_2022__hnc008,qbridge_qubit_2022,hard_negative_mined_v2_complexity,bsc,0,ratio_75,133,177,0.06209453197405004,0.2,0.08751550668608303,0.0680622673469076,0.00021670536079909652
qbridge_qubit_2022,qbridge_qubit_2022__hnc008,qbridge_qubit_2022,hard_negative_mined_v2_complexity,bsc,0,ratio_100,177,177,0.06209453197405004,0.2,0.08564275729860539,0.05567319257373792,0.001403292641043663
qbridge_qubit_2022,qbridge_qubit_2022__hnc009,qbridge_qubit_2022,hard_negative_mined_v2_complexity,bsc,0,k_2,2,649,0.06209453197405004,0.08,0.08020096186478894,0.061060077374091276,0.0007522524101659656
qbridge_qubit_2022,qbridge_qubit_2022__hnc009,qbridge_qubit_2022,hard_negative_mined_v2_complexity,bsc,0,k_3,3,649,0.06209453197405004,0.08,0.08020096186478894,0.038508918991992894,0.0006989523535594344
qbridge_qubit_2022,qbridge_qubit_2022__hnc009,qbridge_qubit_2022,hard_negative_mined_v2_complexity,bsc,0,k_5,5,649,0.06209453197405004,0.08,0.08020096186478894,0.03742196247025376,0.0006601504283025861
qbridge_qubit_2022,qbridge_qubit_2022__hnc009,qbridge_qubit_2022,hard_negative_mined_v2_complexity,bsc,0,k_7,7,649,0.06209453197405004,0.08,0.08020096186478894,0.04039160701126393,0.0027792262844741344
qbridge_qubit_2022,qbridge_qubit_2022__hnc009,qbridge_qubit_2022,hard_negative_mined_v2_complexity,bsc,0,ratio_25,163,649,0.06209453197405004,0.08,0.08020096186478894,0.0006314074925744946,8.015325147425756e-05
qbridge_qubit_2022,qbridge_qubit_2022__hnc009,qbridge_qubit_2022,hard_negative_mined_v2_complexity,bsc,0,ratio_50,325,649,0.06209453197405004,0.08,0.08020096186478894,0.002729892341059343,4.456515671336092e-05
qbridge_qubit_2022,qbridge_qubit_2022__hnc009,qbridge_qubit_2022,hard_negative_mined_v2_complexity,bsc,0,ratio_75,487,649,0.06209453197405004,0.08,0.08020096186478894,0.002464740825907828,0.0006049731164239347
qbridge_qubit_2022,qbridge_qubit_2022__hnc009,qbridge_qubit_2022,hard_negative_mined_v2_complexity,bsc,0,ratio_100,649,649,0.06209453197405004,0.08,0.08020096186478894,0.005780148423005565,0.00023417557531502098
wault_finance_2021,wault_finance_2021__hnc000,wault_finance_2021,hard_negative_mined_v2_complexity,bsc,0,ratio_25,1,2,0.058771929824561406,0.0,0.0831481550642381,0.0,2.4274808311020024e-05
wault_finance_2021,wault_finance_2021__hnc000,wault_finance_2021,hard_negative_mined_v2_complexity,bsc,0,ratio_75,2,2,0.058771929824561406,0.06060606060606061,0.0831481550642381,0.01200683781225448,3.898048453265801e-05
wault_finance_2021,wault_finance_2021__hnc001,wault_finance_2021,hard_negative_mined_v2_complexity,bsc,0,k_2,2,540,0.058771929824561406,0.06060606060606061,0.0831481550642381,0.015260626969929294,0.0006723525002598763
wault_finance_2021,wault_finance_2021__hnc001,wault_finance_2021,hard_negative_mined_v2_complexity,bsc,0,k_3,3,540,0.058771929824561406,0.06060606060606061,0.0831481550642381,0.03169007436522368,0.0018630727427080274
wault_finance_2021,wault_finance_2021__hnc001,wault_finance_2021,hard_negative_mined_v2_complexity,bsc,0,k_5,5,540,0.058771929824561406,0.06060606060606061,0.0831481550642381,0.02573373834244248,0.0009207157418131828
wault_finance_2021,wault_finance_2021__hnc001,wault_finance_2021,hard_negative_mined_v2_complexity,bsc,0,k_7,7,540,0.058771929824561406,0.06060606060606061,0.0831481550642381,0.029519825325230897,0.0014346834504976869
wault_finance_2021,wault_finance_2021__hnc001,wault_finance_2021,hard_negative_mined_v2_complexity,bsc,0,ratio_25,135,540,0.058771929824561406,0.06060606060606061,0.0831481550642381,0.048527187712728105,0.0007918072515167296
wault_finance_2021,wault_finance_2021__hnc001,wault_finance_2021,hard_negative_mined_v2_complexity,bsc,0,ratio_50,270,540,0.058771929824561406,0.06060606060606061,0.0831481550642381,0.0076007575597023345,6.190197746036574e-05
wault_finance_2021,wault_finance_2021__hnc001,wault_finance_2021,hard_negative_mined_v2_complexity,bsc,0,ratio_75,405,540,0.058771929824561406,0.06060606060606061,0.0831481550642381,0.0006278586278586278,2.219373891421128e-05
wault_finance_2021,wault_finance_2021__hnc001,wault_finance_2021,hard_negative_mined_v2_complexity,bsc,0,ratio_100,540,540,0.058771929824561406,0.06060606060606061,0.0831481550642381,0.004734037259353715,5.174425677978434e-05
wault_finance_2021,wault_finance_2021__hnc002,wault_finance_2021,hard_negative_mined_v2_complexity,bsc,0,ratio_25,2,7,0.058771929824561406,0.06060606060606061,0.0831481550642381,0.17947121796076523,0.012878881767392159
wault_finance_2021,wault_finance_2021__hnc002,wault_finance_2021,hard_negative_mined_v2_complexity,bsc,0,k_3,3,7,0.058771929824561406,0.06060606060606061,0.0831481550642381,0.07434466171760974,0.00020434999896679074
wault_finance_2021,wault_finance_2021__hnc002,wault_finance_2021,hard_negative_mined_v2_complexity,bsc,0,ratio_50,4,7,0.058771929824561406,0.06060606060606061,0.0831481550642381,0.10104031392090686,0.009404332377016544
wault_finance_2021,wault_finance_2021__hnc002,wault_finance_2021,hard_negative_mined_v2_complexity,bsc,0,k_5,5,7,0.058771929824561406,0.06060606060606061,0.0831481550642381,0.06782769913822545,0.008932790718972683
wault_finance_2021,wault_finance_2021__hnc002,wault_finance_2021,hard_negative_mined_v2_complexity,bsc,0,ratio_75,6,7,0.058771929824561406,0.07575757575757576,0.0831481550642381,0.03725250626566416,0.01586238294839859
wault_finance_2021,wault_finance_2021__hnc002,wault_finance_2021,hard_negative_mined_v2_complexity,bsc,0,ratio_100,7,7,0.058771929824561406,0.09090909090909091,0.0831481550642381,0.017609649122807016,0.014347033575177193
wault_finance_2021,wault_finance_2021__hnc003,wault_finance_2021,hard_negative_mined_v2_complexity,bsc,0,ratio_25,2,6,0.058771929824561406,0.06060606060606061,0.0831481550642381,0.10516613083182826,0.000360437436029315
wault_finance_2021,wault_finance_2021__hnc003,wault_finance_2021,hard_negative_mined_v2_complexity,bsc,0,ratio_50,3,6,0.058771929824561406,0.06060606060606061,0.0831481550642381,0.05303522382597688,0.0004052081785630435
wault_finance_2021,wault_finance_2021__hnc003,wault_finance_2021,hard_negative_mined_v2_complexity,bsc,0,ratio_75,5,6,0.058771929824561406,0.06060606060606061,0.0831481550642381,0.06451002441283707,9.287825378123671e-05
wault_finance_2021,wault_finance_2021__hnc003,wault_finance_2021,hard_negative_mined_v2_complexity,bsc,0,ratio_100,6,6,0.058771929824561406,0.06060606060606061,0.0831481550642381,0.09485056240369151,0.008392039686441422
wault_finance_2021,wault_finance_2021__hnc004,wault_finance_2021,hard_negative_mined_v2_complexity,bsc,0,ratio_25,1,1,0.058771929824561406,0.0,0.05859678219260947,0.0,3.653685416793451e-05
wault_finance_2021,wault_finance_2021__hnc005,wault_finance_2021,hard_negative_mined_v2_complexity,bsc,0,ratio_25,1,3,0.058771929824561406,0.0,0.0831481550642381,0.0,5.177712955628522e-05
wault_finance_2021,wault_finance_2021__hnc005,wault_finance_2021,hard_negative_mined_v2_complexity,bsc,0,ratio_50,2,3,0.058771929824561406,0.06060606060606061,0.0831481550642381,0.08229605179947706,0.0008292643469758332
wault_finance_2021,wault_finance_2021__hnc005,wault_finance_2021,hard_negative_mined_v2_complexity,bsc,0,ratio_75,3,3,0.058771929824561406,0.07575757575757576,0.0740706542963466,0.07760964912280702,0.012241056188941002
wault_finance_2021,wault_finance_2021__hnc006,wault_finance_2021,hard_negative_mined_v2_complexity,bsc,0,k_2,2,16,0.058771929824561406,0.06060606060606061,0.0831481550642381,0.13917988250525848,0.0029808415565639734
wault_finance_2021,wault_finance_2021__hnc006,wault_finance_2021,hard_negative_mined_v2_complexity,bsc,0,k_3,3,16,0.058771929824561406,0.06060606060606061,0.0740706542963466,0.0656673016412047,0.0024051733780652285
wault_finance_2021,wault_finance_2021__hnc006,wault_finance_2021,hard_negative_mined_v2_complexity,bsc,0,ratio_25,4,16,0.058771929824561406,0.06060606060606061,0.07625068381289637,0.1160171904986197,0.05096440762281418
wault_finance_2021,wault_finance_2021__hnc006,wault_finance_2021,hard_negative_mined_v2_complexity,bsc,0,k_5,5,16,0.058771929824561406,0.06060606060606061,0.07758680826775688,0.07067522398856176,0.001578616676852107
wault_finance_2021,wault_finance_2021__hnc006,wault_finance_2021,hard_negative_mined_v2_complexity,bsc,0,k_7,7,16,0.058771929824561406,0.06060606060606061,0.07914004201487561,0.02782850506806295,0.000299890962196514
wault_finance_2021,wault_finance_2021__hnc006,wault_finance_2021,hard_negative_mined_v2_complexity,bsc,0,ratio_50,8,16,0.058771929824561406,0.06060606060606061,0.07963122717008343,0.020924224650132377,0.00025123637169599533
wault_finance_2021,wault_finance_2021__hnc006,wault_finance_2021,hard_negative_mined_v2_complexity,bsc,0,ratio_75,12,16,0.058771929824561406,0.06060606060606061,0.08078817136022283,0.0069373824373824364,0.000188006684766151
wault_finance_2021,wault_finance_2021__hnc006,wault_finance_2021,hard_negative_mined_v2_complexity,bsc,0,ratio_100,16,16,0.058771929824561406,0.06060606060606061,0.07792417433630766,0.0069373824373824364,0.00020350671547930688
wault_finance_2021,wault_finance_2021__hnc007,wault_finance_2021,hard_negative_mined_v2_complexity,bsc,0,k_2,2,19,0.058771929824561406,0.06060606060606061,0.0831481550642381,0.04067454878693056,0.02691051922738552
wault_finance_2021,wault_finance_2021__hnc007,wault_finance_2021,hard_negative_mined_v2_complexity,bsc,0,k_3,3,19,0.058771929824561406,0.06060606060606061,0.0831481550642381,0.06933602302060238,0.0001841973717091605
wault_finance_2021,wault_finance_2021__hnc007,wault_finance_2021,hard_negative_mined_v2_complexity,bsc,0,ratio_25,5,19,0.058771929824561406,0.06060606060606061,0.0831481550642381,0.10760285472191923,0.0031783292070031166
wault_finance_2021,wault_finance_2021__hnc007,wault_finance_2021,hard_negative_mined_v2_complexity,bsc,0,k_7,7,19,0.058771929824561406,0.06060606060606061,0.0831481550642381,0.07225952881733354,0.0009937627473846078
wault_finance_2021,wault_finance_2021__hnc007,wault_finance_2021,hard_negative_mined_v2_complexity,bsc,0,ratio_50,10,19,0.058771929824561406,0.06060606060606061,0.0831481550642381,0.036921936795804,0.0016508420230820775
wault_finance_2021,wault_finance_2021__hnc007,wault_finance_2021,hard_negative_mined_v2_complexity,bsc,0,ratio_75,15,19,0.058771929824561406,0.06060606060606061,0.0831481550642381,0.0006278586278586278,2.6932906621368602e-05
wault_finance_2021,wault_finance_2021__hnc007,wault_finance_2021,hard_negative_mined_v2_complexity,bsc,0,ratio_100,19,19,0.058771929824561406,0.06060606060606061,0.0831481550642381,0.0010571967316153363,9.570934344083071e-05
wault_finance_2021,wault_finance_2021__hnc008,wault_finance_2021,hard_negative_mined_v2_complexity,bsc,0,ratio_25,1,2,0.058771929824561406,0.0,0.0831481550642381,0.0,2.4274808311020024e-05
wault_finance_2021,wault_finance_2021__hnc008,wault_finance_2021,hard_negative_mined_v2_complexity,bsc,0,ratio_75,2,2,0.058771929824561406,0.06060606060606061,0.06988177473694294,0.33662425308833127,0.005131416022777557
wault_finance_2021,wault_finance_2021__hnc009,wault_finance_2021,hard_negative_mined_v2_complexity,bsc,0,k_2,2,20,0.058771929824561406,0.06060606060606061,0.0831481550642381,0.15880804833264678,0.0016235064249485731
wault_finance_2021,wault_finance_2021__hnc009,wault_finance_2021,hard_negative_mined_v2_complexity,bsc,0,k_3,3,20,0.058771929824561406,0.06060606060606061,0.0831481550642381,0.10047856110380395,0.0020987798925489187
wault_finance_2021,wault_finance_2021__hnc009,wault_finance_2021,hard_negative_mined_v2_complexity,bsc,0,ratio_25,5,20,0.058771929824561406,0.06060606060606061,0.0831481550642381,0.03797999517203264,0.004572190809994936
wault_finance_2021,wault_finance_2021__hnc009,wault_finance_2021,hard_negative_mined_v2_complexity,bsc,0,k_7,7,20,0.058771929824561406,0.06060606060606061,0.0831481550642381,0.02162474933405166,0.0002932676870841533
wault_finance_2021,wault_finance_2021__hnc009,wault_finance_2021,hard_negative_mined_v2_complexity,bsc,0,ratio_50,10,20,0.058771929824561406,0.06060606060606061,0.0831481550642381,0.005627858627858627,5.940298069617711e-05
wault_finance_2021,wault_finance_2021__hnc009,wault_finance_2021,hard_negative_mined_v2_complexity,bsc,0,ratio_75,15,20,0.058771929824561406,0.06060606060606061,0.0831481550642381,0.0006278586278586278,2.4263861632789485e-05
wault_finance_2021,wault_finance_2021__hnc009,wault_finance_2021,hard_negative_mined_v2_complexity,bsc,0,ratio_100,20,20,0.058771929824561406,0.06060606060606061,0.0831481550642381,0.008597673622990078,4.250284473528154e-05
paraluni_2022,paraluni_2022__hnc000,paraluni_2022,hard_negative_mined_v2_complexity,bsc,0,ratio_25,1,3,0.058260869565217394,0.0,0.06855531755787685,0.0,0.00011524910951266065
paraluni_2022,paraluni_2022__hnc000,paraluni_2022,hard_negative_mined_v2_complexity,bsc,0,ratio_50,2,3,0.058260869565217394,0.06060606060606061,0.06855531755787685,0.01990059113807167,3.00906685879454e-05
paraluni_2022,paraluni_2022__hnc000,paraluni_2022,hard_negative_mined_v2_complexity,bsc,0,ratio_75,3,3,0.058260869565217394,0.06060606060606061,0.06855531755787685,0.0,0.0002163968893000856
paraluni_2022,paraluni_2022__hnc001,paraluni_2022,hard_negative_mined_v2_complexity,bsc,0,k_2,2,854,0.058260869565217394,0.06060606060606061,0.06855531755787685,0.0401974273250406,0.00018699871725402772
paraluni_2022,paraluni_2022__hnc001,paraluni_2022,hard_negative_mined_v2_complexity,bsc,0,k_3,3,854,0.058260869565217394,0.06060606060606061,0.06855531755787685,0.017712242724228944,0.00017849649884738028
paraluni_2022,paraluni_2022__hnc001,paraluni_2022,hard_negative_mined_v2_complexity,bsc,0,k_5,5,854,0.058260869565217394,0.06060606060606061,0.06855531755787685,0.020031687168673387,0.00028631335590034723
paraluni_2022,paraluni_2022__hnc001,paraluni_2022,hard_negative_mined_v2_complexity,bsc,0,k_7,7,854,0.058260869565217394,0.06060606060606061,0.06855531755787685,0.020031687168673387,0.00032094260677695274
paraluni_2022,paraluni_2022__hnc001,paraluni_2022,hard_negative_mined_v2_complexity,bsc,0,ratio_25,214,854,0.058260869565217394,0.06060606060606061,0.06855531755787685,0.0003846153846153846,0.0001088600474759005
paraluni_2022,paraluni_2022__hnc001,paraluni_2022,hard_negative_mined_v2_complexity,bsc,0,ratio_50,427,854,0.058260869565217394,0.06060606060606061,0.06855531755787685,0.0,2.109404704242479e-05
paraluni_2022,paraluni_2022__hnc001,paraluni_2022,hard_negative_mined_v2_complexity,bsc,0,ratio_75,641,854,0.058260869565217394,0.06060606060606061,0.06855531755787685,0.0,1.867668288468849e-05
paraluni_2022,paraluni_2022__hnc001,paraluni_2022,hard_negative_mined_v2_complexity,bsc,0,ratio_100,854,854,0.058260869565217394,0.06060606060606061,0.06855531755787685,0.005,2.009620402532164e-05
paraluni_2022,paraluni_2022__hnc002,paraluni_2022,hard_negative_mined_v2_complexity,bsc,0,k_2,2,26,0.058260869565217394,0.06060606060606061,0.09161068041943089,0.23241931405656635,0.07240786403417587
paraluni_2022,paraluni_2022__hnc002,paraluni_2022,hard_negative_mined_v2_complexity,bsc,0,k_3,3,26,0.058260869565217394,0.06060606060606061,0.09161068041943089,0.16712833699505633,0.011013425886631012
paraluni_2022,paraluni_2022__hnc002,paraluni_2022,hard_negative_mined_v2_complexity,bsc,0,k_5,5,26,0.058260869565217394,0.06060606060606061,0.09161068041943089,0.40496801500818685,0.008946520276367664
paraluni_2022,paraluni_2022__hnc002,paraluni_2022,hard_negative_mined_v2_complexity,bsc,0,ratio_25,7,26,0.058260869565217394,0.06060606060606061,0.09161068041943089,0.3963627806161849,0.012236513197422028
paraluni_2022,paraluni_2022__hnc002,paraluni_2022,hard_negative_mined_v2_complexity,bsc,0,ratio_50,13,26,0.058260869565217394,0.06060606060606061,0.09161068041943089,0.42694308856838353,0.008972987532615662
paraluni_2022,paraluni_2022__hnc002,paraluni_2022,hard_negative_mined_v2_complexity,bsc,0,ratio_75,20,26,0.058260869565217394,0.06060606060606061,0.09161068041943089,0.45171389723468375,0.08540415018796921
paraluni_2022,paraluni_2022__hnc002,paraluni_2022,hard_negative_mined_v2_complexity,bsc,0,ratio_100,26,26,0.058260869565217394,0.06060606060606061,0.09161068041943089,0.28213184273524466,0.021272137761116028
paraluni_2022,paraluni_2022__hnc003,paraluni_2022,hard_negative_mined_v2_complexity,bsc,0,ratio_25,1,1,0.058260869565217394,0.0,0.06855531755787685,0.0,3.2341573387384415e-05
paraluni_2022,paraluni_2022__hnc004,paraluni_2022,hard_negative_mined_v2_complexity,bsc,0,ratio_25,1,4,0.058260869565217394,0.0,0.09161068041943089,0.005,0.0007900263299234211
paraluni_2022,paraluni_2022__hnc004,paraluni_2022,hard_negative_mined_v2_complexity,bsc,0,ratio_50,2,4,0.058260869565217394,0.06060606060606061,0.09161068041943089,0.7337167889497784,0.0825570821762085
paraluni_2022,paraluni_2022__hnc004,paraluni_2022,hard_negative_mined_v2_complexity,bsc,0,ratio_75,3,4,0.058260869565217394,0.07575757575757576,0.08324017637312138,0.5081280615552928,0.003364263102412224
paraluni_2022,paraluni_2022__hnc004,paraluni_2022,hard_negative_mined_v2_complexity,bsc,0,ratio_100,4,4,0.058260869565217394,0.07575757575757576,0.07932085554341413,0.23797141114971898,0.03711218759417534
paraluni_2022,paraluni_2022__hnc005,paraluni_2022,hard_negative_mined_v2_complexity,bsc,0,k_2,2,13,0.058260869565217394,0.06060606060606061,0.07932085554341413,0.24882376041580245,0.007003337610512972
paraluni_2022,paraluni_2022__hnc005,paraluni_2022,hard_negative_mined_v2_complexity,bsc,0,k_3,3,13,0.058260869565217394,0.06060606060606061,0.08324017637312138,0.014256097560975609,0.00015067483764141798
paraluni_2022,paraluni_2022__hnc005,paraluni_2022,hard_negative_mined_v2_complexity,bsc,0,ratio_25,4,13,0.058260869565217394,0.06060606060606061,0.07932085554341413,0.037000000000000005,0.002604240318760276
paraluni_2022,paraluni_2022__hnc005,paraluni_2022,hard_negative_mined_v2_complexity,bsc,0,k_5,5,13,0.058260869565217394,0.06060606060606061,0.07705091932986213,0.032,0.001994590973481536
paraluni_2022,paraluni_2022__hnc005,paraluni_2022,hard_negative_mined_v2_complexity,bsc,0,ratio_50,7,13,0.058260869565217394,0.06060606060606061,0.07769332713733505,0.017,0.0007100306684151292
paraluni_2022,paraluni_2022__hnc005,paraluni_2022,hard_negative_mined_v2_complexity,bsc,0,ratio_75,10,13,0.058260869565217394,0.06060606060606061,0.07705091932986213,0.047,0.0027063193265348673
paraluni_2022,paraluni_2022__hnc005,paraluni_2022,hard_negative_mined_v2_complexity,bsc,0,ratio_100,13,13,0.058260869565217394,0.06060606060606061,0.07500859176315312,0.087,0.01284183468669653
paraluni_2022,paraluni_2022__hnc007,paraluni_2022,hard_negative_mined_v2_complexity,bsc,0,ratio_25,2,8,0.058260869565217394,0.06060606060606061,0.06855531755787685,0.06365066927060602,0.00010908555123023689
paraluni_2022,paraluni_2022__hnc007,paraluni_2022,hard_negative_mined_v2_complexity,bsc,0,k_3,3,8,0.058260869565217394,0.06060606060606061,0.06855531755787685,0.00931818181818182,8.185045589925721e-05
paraluni_2022,paraluni_2022__hnc007,paraluni_2022,hard_negative_mined_v2_complexity,bsc,0,ratio_50,4,8,0.058260869565217394,0.06060606060606061,0.06855531755787685,0.08,0.0004804208583664149
paraluni_2022,paraluni_2022__hnc007,paraluni_2022,hard_negative_mined_v2_complexity,bsc,0,k_5,5,8,0.058260869565217394,0.06060606060606061,0.06855531755787685,0.065,0.0005450461758300662
paraluni_2022,paraluni_2022__hnc007,paraluni_2022,hard_negative_mined_v2_complexity,bsc,0,ratio_75,6,8,0.058260869565217394,0.06060606060606061,0.06855531755787685,0.035,5.025483187637292e-05
paraluni_2022,paraluni_2022__hnc007,paraluni_2022,hard_negative_mined_v2_complexity,bsc,0,k_7,7,8,0.058260869565217394,0.06060606060606061,0.06855531755787685,0.015,0.0003238345088902861
paraluni_2022,paraluni_2022__hnc007,paraluni_2022,hard_negative_mined_v2_complexity,bsc,0,ratio_100,8,8,0.058260869565217394,0.06060606060606061,0.06855531755787685,0.02,0.0003878007992170751
paraluni_2022,paraluni_2022__hnc008,paraluni_2022,hard_negative_mined_v2_complexity,bsc,0,ratio_25,1,1,0.058260869565217394,0.0,0.09161068041943089,0.0,5.886164217372425e-05
paraluni_2022,paraluni_2022__hnc009,paraluni_2022,hard_negative_mined_v2_complexity,bsc,0,k_2,2,83,0.058260869565217394,0.06060606060606061,0.06855531755787685,0.0805980956609163,0.04428233578801155
paraluni_2022,paraluni_2022__hnc009,paraluni_2022,hard_negative_mined_v2_complexity,bsc,0,k_3,3,83,0.058260869565217394,0.06060606060606061,0.06855531755787685,0.07176625042282106,0.060498446226119995
paraluni_2022,paraluni_2022__hnc009,paraluni_2022,hard_negative_mined_v2_complexity,bsc,0,k_5,5,83,0.058260869565217394,0.06060606060606061,0.06855531755787685,0.05572543409629044,0.03705250099301338
paraluni_2022,paraluni_2022__hnc009,paraluni_2022,hard_negative_mined_v2_complexity,bsc,0,k_7,7,83,0.058260869565217394,0.06060606060606061,0.06855531755787685,0.06615400552486188,0.161584734916687
paraluni_2022,paraluni_2022__hnc009,paraluni_2022,hard_negative_mined_v2_complexity,bsc,0,ratio_25,21,83,0.058260869565217394,0.06060606060606061,0.06855531755787685,0.17198445171081528,0.025031302124261856
paraluni_2022,paraluni_2022__hnc009,paraluni_2022,hard_negative_mined_v2_complexity,bsc,0,ratio_50,42,83,0.058260869565217394,0.06060606060606061,0.06855531755787685,0.12545347070733126,0.0014472034526988864
paraluni_2022,paraluni_2022__hnc009,paraluni_2022,hard_negative_mined_v2_complexity,bsc,0,ratio_75,63,83,0.058260869565217394,0.06060606060606061,0.06855531755787685,0.16589309260832671,0.002250953810289502
paraluni_2022,paraluni_2022__hnc009,paraluni_2022,hard_negative_mined_v2_complexity,bsc,0,ratio_100,83,83,0.058260869565217394,0.06060606060606061,0.06855531755787685,0.13287186336175363,0.002325785579159856
