trajectory_id,source_id,group_id,kind,chain,label,prefix_label,prefix_len,trajectory_len,oof_prob_B0,oof_prob_B1,oof_prob_B2,oof_prob_B3,oof_prob_M1
ronin_bridge_2022,ronin_bridge_2022,ronin_bridge_2022,positive,eth,1,k_2,2,1625,0.06533575317604355,0.006299212598425197,0.09912135641813052,0.37215212250725394,0.018919890746474266
ronin_bridge_2022,ronin_bridge_2022,ronin_bridge_2022,positive,eth,1,k_3,3,1625,0.06533575317604355,0.007874015748031496,0.07667815945925595,0.8455536185337819,0.9979089498519897
ronin_bridge_2022,ronin_bridge_2022,ronin_bridge_2022,positive,eth,1,k_5,5,1625,0.06533575317604355,0.009448818897637795,0.08503469293599195,0.8869783589234466,0.9995571970939636
ronin_bridge_2022,ronin_bridge_2022,ronin_bridge_2022,positive,eth,1,k_7,7,1625,0.06533575317604355,0.02204724409448819,0.08886295948213095,0.9681041592394535,0.9999210834503174
ronin_bridge_2022,ronin_bridge_2022,ronin_bridge_2022,positive,eth,1,ratio_25,407,1625,0.06533575317604355,0.5385826771653544,0.09540313409094131,0.9899567099567099,0.9999333620071411
ronin_bridge_2022,ronin_bridge_2022,ronin_bridge_2022,positive,eth,1,ratio_50,813,1625,0.06533575317604355,1.0,0.09220623016485593,0.985,0.9998654127120972
ronin_bridge_2022,ronin_bridge_2022,ronin_bridge_2022,positive,eth,1,ratio_75,1219,1625,0.06533575317604355,1.0,0.09250045637345837,0.975,0.9998000264167786
ronin_bridge_2022,ronin_bridge_2022,ronin_bridge_2022,positive,eth,1,ratio_100,1625,1625,0.06533575317604355,1.0,0.09300654349568761,0.985,0.9998282194137573
ronin_benign_control_2022,ronin_benign_control_2022,ronin_bridge_2022,hard_negative_control,eth,0,k_2,2,103,0.06533575317604355,0.0015748031496062992,0.09912135641813052,0.8542796810033916,0.9960495829582214
ronin_benign_control_2022,ronin_benign_control_2022,ronin_bridge_2022,hard_negative_control,eth,0,k_3,3,103,0.06533575317604355,0.007874015748031496,0.09912135641813052,0.5473622806164844,0.9924633502960205
ronin_benign_control_2022,ronin_benign_control_2022,ronin_bridge_2022,hard_negative_control,eth,0,k_5,5,103,0.06533575317604355,0.007874015748031496,0.09912135641813052,0.6125250758921905,0.9011837840080261
ronin_benign_control_2022,ronin_benign_control_2022,ronin_bridge_2022,hard_negative_control,eth,0,k_7,7,103,0.06533575317604355,0.007874015748031496,0.09912135641813052,0.6495601424299758,0.8335047960281372
ronin_benign_control_2022,ronin_benign_control_2022,ronin_bridge_2022,hard_negative_control,eth,0,ratio_25,26,103,0.06533575317604355,0.03622047244094488,0.09912135641813052,0.909648507016928,0.9995254278182983
ronin_benign_control_2022,ronin_benign_control_2022,ronin_bridge_2022,hard_negative_control,eth,0,ratio_50,52,103,0.06533575317604355,0.07244094488188976,0.09912135641813052,0.894954954954955,0.9993809461593628
ronin_benign_control_2022,ronin_benign_control_2022,ronin_bridge_2022,hard_negative_control,eth,0,ratio_75,78,103,0.06533575317604355,0.11023622047244094,0.09912135641813052,0.924954954954955,0.999197781085968
ronin_benign_control_2022,ronin_benign_control_2022,ronin_bridge_2022,hard_negative_control,eth,0,ratio_100,103,103,0.06533575317604355,0.14645669291338584,0.09839204147801886,0.999954954954955,0.9994599223136902
qbridge_qubit_2022,qbridge_qubit_2022,qbridge_qubit_2022,positive,bsc,1,k_2,2,698,0.06936416184971098,0.003190810465858328,0.0775678161317564,0.6380031781530887,0.3206893801689148
qbridge_qubit_2022,qbridge_qubit_2022,qbridge_qubit_2022,positive,bsc,1,k_3,3,698,0.06936416184971098,0.0038289725590299937,0.08911009179890406,0.5373810358463689,0.4766082763671875
qbridge_qubit_2022,qbridge_qubit_2022,qbridge_qubit_2022,positive,bsc,1,k_5,5,698,0.06936416184971098,0.007657945118059987,0.09943662757725387,0.7418916548216885,0.797934353351593
qbridge_qubit_2022,qbridge_qubit_2022,qbridge_qubit_2022,positive,bsc,1,k_7,7,698,0.06936416184971098,0.008934269304403318,0.1023073910050468,0.7288637062395344,0.7766636610031128
qbridge_qubit_2022,qbridge_qubit_2022,qbridge_qubit_2022,positive,bsc,1,ratio_25,175,698,0.06936416184971098,0.07849393746011486,0.09284709040652057,0.9898202758215962,0.999799907207489
qbridge_qubit_2022,qbridge_qubit_2022,qbridge_qubit_2022,positive,bsc,1,ratio_50,349,698,0.06936416184971098,0.1691129546904914,0.09121182885906749,0.9895919104369808,0.9988564252853394
qbridge_qubit_2022,qbridge_qubit_2022,qbridge_qubit_2022,positive,bsc,1,ratio_75,524,698,0.06936416184971098,0.29546904913848115,0.0967264448491364,0.9999765258215961,0.9991693496704102
qbridge_qubit_2022,qbridge_qubit_2022,qbridge_qubit_2022,positive,bsc,1,ratio_100,698,698,0.06936416184971098,0.40523292916400766,0.0985348132796586,0.9847368421052631,0.9986532926559448
feg_bridge_2024,feg_bridge_2024,feg_bridge_2024,positive,eth,1,k_2,2,9,0.06397694524495677,0.0025526483726866626,0.6486513167656759,0.18366162285059218,0.5130041241645813
feg_bridge_2024,feg_bridge_2024,feg_bridge_2024,positive,eth,1,ratio_25,3,9,0.06397694524495677,0.0025526483726866626,0.6486513167656759,0.08041666901264319,0.8876623511314392
feg_bridge_2024,feg_bridge_2024,feg_bridge_2024,positive,eth,1,ratio_50,5,9,0.06397694524495677,0.0025526483726866626,0.6486513167656759,0.05235778486029659,0.8658677339553833
feg_bridge_2024,feg_bridge_2024,feg_bridge_2024,positive,eth,1,ratio_75,7,9,0.06397694524495677,0.0025526483726866626,0.6486513167656759,0.07237145894820624,0.8287429809570312
feg_bridge_2024,feg_bridge_2024,feg_bridge_2024,positive,eth,1,ratio_100,9,9,0.06397694524495677,0.0025526483726866626,0.6486513167656759,0.1320633521086984,0.808156430721283
deltaprime_arbitrum_2024,deltaprime_arbitrum_2024,deltaprime_arbitrum_2024,positive,arbitrum,1,k_2,2,23,0.06679035250463822,0.0025526483726866626,0.09908919297221386,0.5201575914540291,0.7085913419723511
deltaprime_arbitrum_2024,deltaprime_arbitrum_2024,deltaprime_arbitrum_2024,positive,arbitrum,1,k_3,3,23,0.06679035250463822,0.003190810465858328,0.09908919297221386,0.46868686593627856,0.010739625431597233
deltaprime_arbitrum_2024,deltaprime_arbitrum_2024,deltaprime_arbitrum_2024,positive,arbitrum,1,k_5,5,23,0.06679035250463822,0.004467134652201659,0.08663537709521868,0.9059954004782546,0.9729190468788147
deltaprime_arbitrum_2024,deltaprime_arbitrum_2024,deltaprime_arbitrum_2024,positive,arbitrum,1,ratio_25,6,23,0.06679035250463822,0.005105296745373325,0.08860780111195457,0.8715309052196258,0.9780288338661194
deltaprime_arbitrum_2024,deltaprime_arbitrum_2024,deltaprime_arbitrum_2024,positive,arbitrum,1,k_7,7,23,0.06679035250463822,0.007657945118059987,0.09004140466615498,0.9892964077282156,0.9981339573860168
deltaprime_arbitrum_2024,deltaprime_arbitrum_2024,deltaprime_arbitrum_2024,positive,arbitrum,1,ratio_50,12,23,0.06679035250463822,0.012763241863433313,0.08078278179370693,0.9844252836972077,0.9973592162132263
deltaprime_arbitrum_2024,deltaprime_arbitrum_2024,deltaprime_arbitrum_2024,positive,arbitrum,1,ratio_75,18,23,0.06679035250463822,0.012763241863433313,0.08651353369950097,0.8618676518579091,0.9964467883110046
deltaprime_arbitrum_2024,deltaprime_arbitrum_2024,deltaprime_arbitrum_2024,positive,arbitrum,1,ratio_100,23,23,0.06679035250463822,0.012763241863433313,0.08911817165563858,0.8618676518579091,0.9965552091598511
bsc_token_hub_2022,bsc_token_hub_2022,bsc_token_hub_2022,positive,bsc,1,k_2,2,362,0.06733167082294264,0.003190810465858328,0.07802146832631204,0.3447888699263409,0.6617008447647095
bsc_token_hub_2022,bsc_token_hub_2022,bsc_token_hub_2022,positive,bsc,1,k_3,3,362,0.06733167082294264,0.0038289725590299937,0.0864342191256353,0.6131873757804742,0.9931984543800354
bsc_token_hub_2022,bsc_token_hub_2022,bsc_token_hub_2022,positive,bsc,1,k_5,5,362,0.06733167082294264,0.005105296745373325,0.08297478486204626,0.8460214482795057,0.99607914686203
bsc_token_hub_2022,bsc_token_hub_2022,bsc_token_hub_2022,positive,bsc,1,k_7,7,362,0.06733167082294264,0.00574345883854499,0.08153107498173164,0.8806589789934214,0.9989742040634155
bsc_token_hub_2022,bsc_token_hub_2022,bsc_token_hub_2022,positive,bsc,1,ratio_25,91,362,0.06733167082294264,0.04977664326738992,0.09917742848016937,0.9448687824229478,0.99985671043396
bsc_token_hub_2022,bsc_token_hub_2022,bsc_token_hub_2022,positive,bsc,1,ratio_50,181,362,0.06733167082294264,0.11678366305041481,0.0894261747744165,0.9199190545572286,0.9996293783187866
bsc_token_hub_2022,bsc_token_hub_2022,bsc_token_hub_2022,positive,bsc,1,ratio_75,272,362,0.06733167082294264,0.17166560306317805,0.08505437296658966,0.8597044334975371,0.9992395639419556
bsc_token_hub_2022,bsc_token_hub_2022,bsc_token_hub_2022,positive,bsc,1,ratio_100,362,362,0.06733167082294264,0.23420548819400128,0.08585147209378756,0.815,0.9988207221031189
qbridge_benign_control_2022,qbridge_benign_control_2022,qbridge_qubit_2022,hard_negative_control,bsc,0,ratio_25,1,1,0.06936416184971098,0.0,0.11692000227235051,0.0,1.291631178901298e-05
feg_benign_control_2024,feg_benign_control_2024,feg_bridge_2024,hard_negative_control,eth,0,ratio_25,1,1,0.06397694524495677,0.0,0.6486513167656759,0.0,0.7121321558952332
deltaprime_benign_control_2024,deltaprime_benign_control_2024,deltaprime_arbitrum_2024,hard_negative_control,arbitrum,0,ratio_25,1,1,0.06679035250463822,0.0012763241863433313,0.015372950093541293,0.0,1.8570599422673695e-05
bsc_token_hub_benign_control_2022,bsc_token_hub_benign_control_2022,bsc_token_hub_2022,hard_negative_control,bsc,0,ratio_25,1,1,0.06733167082294264,0.0,0.10575644941811935,0.004766154260150022,6.647583359153941e-05
chibi_finance_2023,chibi_finance_2023,chibi_finance_2023,positive,arbitrum,1,k_2,2,40,0.0629737609329446,0.003190810465858328,0.06358593635147998,0.7298310869982112,0.8349831104278564
chibi_finance_2023,chibi_finance_2023,chibi_finance_2023,positive,arbitrum,1,k_3,3,40,0.0629737609329446,0.0038289725590299937,0.0728542986669576,0.8358833592058246,0.782076358795166
chibi_finance_2023,chibi_finance_2023,chibi_finance_2023,positive,arbitrum,1,k_5,5,40,0.0629737609329446,0.007019783024888321,0.08114906045889722,0.9038883249179193,0.9987590312957764
chibi_finance_2023,chibi_finance_2023,chibi_finance_2023,positive,arbitrum,1,k_7,7,40,0.0629737609329446,0.008296107211231652,0.0849610682198994,0.4799672984425286,0.9963035583496094
chibi_finance_2023,chibi_finance_2023,chibi_finance_2023,positive,arbitrum,1,ratio_25,10,40,0.0629737609329446,0.009572431397574984,0.08792593004695316,0.4274567782750077,0.8160439133644104
chibi_finance_2023,chibi_finance_2023,chibi_finance_2023,positive,arbitrum,1,ratio_50,20,40,0.0629737609329446,0.017868538608806637,0.07648870206156815,0.5059257516349789,0.9471428990364075
chibi_finance_2023,chibi_finance_2023,chibi_finance_2023,positive,arbitrum,1,ratio_75,30,40,0.0629737609329446,0.03190810465858328,0.06452139104100196,0.9197572279849922,0.9980601668357849
chibi_finance_2023,chibi_finance_2023,chibi_finance_2023,positive,arbitrum,1,ratio_100,40,40,0.0629737609329446,0.036375239310784936,0.07119671580784205,0.9185784440333132,0.999556839466095
wooppv2_2024,wooppv2_2024,wooppv2_2024,positive,arbitrum,1,k_2,2,16,0.06264501160092807,0.0025526483726866626,0.0296507164436092,0.2488362519779632,0.000660004501696676
wooppv2_2024,wooppv2_2024,wooppv2_2024,positive,arbitrum,1,k_3,3,16,0.06264501160092807,0.0025526483726866626,0.0296507164436092,0.18705883852882635,0.00018279660434927791
wooppv2_2024,wooppv2_2024,wooppv2_2024,positive,arbitrum,1,ratio_25,4,16,0.06264501160092807,0.0025526483726866626,0.0296507164436092,0.16907563845222667,0.00012700124352704734
wooppv2_2024,wooppv2_2024,wooppv2_2024,positive,arbitrum,1,k_5,5,16,0.06264501160092807,0.004467134652201659,0.024999855430764942,0.08327037524477053,5.6931905419332907e-05
wooppv2_2024,wooppv2_2024,wooppv2_2024,positive,arbitrum,1,k_7,7,16,0.06264501160092807,0.004467134652201659,0.027897344571592535,0.07765663607536251,0.00041820958722382784
wooppv2_2024,wooppv2_2024,wooppv2_2024,positive,arbitrum,1,ratio_50,8,16,0.06264501160092807,0.004467134652201659,0.03296613279255868,0.09197093245395316,0.0023570959456264973
wooppv2_2024,wooppv2_2024,wooppv2_2024,positive,arbitrum,1,ratio_75,12,16,0.06264501160092807,0.004467134652201659,0.048475537853308555,0.14097126398035326,0.027818722650408745
wooppv2_2024,wooppv2_2024,wooppv2_2024,positive,arbitrum,1,ratio_100,16,16,0.06264501160092807,0.004467134652201659,0.05862762582154506,0.1180875091809358,0.04790975898504257
utopiasphere_2024,utopiasphere_2024,utopiasphere_2024,positive,bsc,1,k_2,2,37,0.0630841121495327,0.0,0.09647258132071307,0.5452210630835753,0.06721855700016022
utopiasphere_2024,utopiasphere_2024,utopiasphere_2024,positive,bsc,1,k_3,3,37,0.0630841121495327,0.0006381620931716656,0.09647258132071307,0.5022023835993313,0.05597136914730072
utopiasphere_2024,utopiasphere_2024,utopiasphere_2024,positive,bsc,1,k_5,5,37,0.0630841121495327,0.004467134652201659,0.09647258132071307,0.4672632978089312,0.12514294683933258
utopiasphere_2024,utopiasphere_2024,utopiasphere_2024,positive,bsc,1,k_7,7,37,0.0630841121495327,0.005105296745373325,0.09647258132071307,0.37887440892004226,0.0075486162677407265
utopiasphere_2024,utopiasphere_2024,utopiasphere_2024,positive,bsc,1,ratio_25,10,37,0.0630841121495327,0.010848755583918315,0.07906362427116984,0.9177602808956102,0.9984338879585266
utopiasphere_2024,utopiasphere_2024,utopiasphere_2024,positive,bsc,1,ratio_50,19,37,0.0630841121495327,0.010848755583918315,0.03277097779151187,0.9579191440918566,0.7520418167114258
utopiasphere_2024,utopiasphere_2024,utopiasphere_2024,positive,bsc,1,ratio_75,28,37,0.0630841121495327,0.036375239310784936,0.028239002925814584,0.98869504987853,0.9594841599464417
utopiasphere_2024,utopiasphere_2024,utopiasphere_2024,positive,bsc,1,ratio_100,37,37,0.0630841121495327,0.05615826419910657,0.02760065176712461,0.7972905353377768,0.8335795998573303
xkingdom_2024,xkingdom_2024,xkingdom_2024,positive,arbitrum,1,k_2,2,73,0.06293706293706294,0.0038289725590299937,0.03296775018847277,0.7720406078054076,0.8720833659172058
xkingdom_2024,xkingdom_2024,xkingdom_2024,positive,arbitrum,1,k_3,3,73,0.06293706293706294,0.004467134652201659,0.04741889153141548,0.46830740927857867,0.33066049218177795
xkingdom_2024,xkingdom_2024,xkingdom_2024,positive,arbitrum,1,k_5,5,73,0.06293706293706294,0.007657945118059987,0.06313188491983687,0.9706235850322018,0.9930839538574219
xkingdom_2024,xkingdom_2024,xkingdom_2024,positive,arbitrum,1,k_7,7,73,0.06293706293706294,0.01021059349074665,0.07125767073624971,0.9394627473930623,0.9989476799964905
xkingdom_2024,xkingdom_2024,xkingdom_2024,positive,arbitrum,1,ratio_25,19,73,0.06293706293706294,0.014039566049776643,0.03492741131852357,0.8797530422333572,0.9971832633018494
xkingdom_2024,xkingdom_2024,xkingdom_2024,positive,arbitrum,1,ratio_50,37,73,0.06293706293706294,0.01723037651563497,0.04244002053512854,0.9341425230255266,0.993341863155365
xkingdom_2024,xkingdom_2024,xkingdom_2024,positive,arbitrum,1,ratio_75,55,73,0.06293706293706294,0.021059349074664963,0.05105694653148701,0.9239438460069368,0.9920601844787598
xkingdom_2024,xkingdom_2024,xkingdom_2024,positive,arbitrum,1,ratio_100,73,73,0.06293706293706294,0.029355456285896617,0.050557053620282844,0.923483717584307,0.9846414923667908
wault_finance_2021,wault_finance_2021,wault_finance_2021,positive,bsc,1,k_2,2,190,0.06662553979025293,0.003190810465858328,0.07008128372898607,0.6994986098096304,0.9705411195755005
wault_finance_2021,wault_finance_2021,wault_finance_2021,positive,bsc,1,k_3,3,190,0.06662553979025293,0.0038289725590299937,0.05925686267050325,0.37067627193120173,0.04022529348731041
wault_finance_2021,wault_finance_2021,wault_finance_2021,positive,bsc,1,k_5,5,190,0.06662553979025293,0.005105296745373325,0.06338472595331256,0.2725743103352611,0.0593835785984993
wault_finance_2021,wault_finance_2021,wault_finance_2021,positive,bsc,1,k_7,7,190,0.06662553979025293,0.00574345883854499,0.07525898857316825,0.8228234561412373,0.9786729216575623
wault_finance_2021,wault_finance_2021,wault_finance_2021,positive,bsc,1,ratio_25,48,190,0.06662553979025293,0.036375239310784936,0.09936243559049233,0.9643188726389456,0.99866783618927
wault_finance_2021,wault_finance_2021,wault_finance_2021,positive,bsc,1,ratio_50,95,190,0.06662553979025293,0.0612635609444799,0.10023163671143841,0.9436677350140843,0.9982923865318298
wault_finance_2021,wault_finance_2021,wault_finance_2021,positive,bsc,1,ratio_75,143,190,0.06662553979025293,0.09891512444160817,0.10130107743116583,0.9486933760397253,0.9911749362945557
wault_finance_2021,wault_finance_2021,wault_finance_2021,positive,bsc,1,ratio_100,190,190,0.06662553979025293,0.1263560944479898,0.10177439641834127,0.8637238638446033,0.9853794574737549
paraluni_2022,paraluni_2022,paraluni_2022,positive,bsc,1,k_2,2,511,0.0665024630541872,0.0025526483726866626,0.10558999308991493,0.029128656176275226,0.006066865753382444
paraluni_2022,paraluni_2022,paraluni_2022,positive,bsc,1,k_3,3,511,0.0665024630541872,0.0025526483726866626,0.10558999308991493,0.02,0.0020251888781785965
paraluni_2022,paraluni_2022,paraluni_2022,positive,bsc,1,k_5,5,511,0.0665024630541872,0.003190810465858328,0.10558999308991493,0.09945945945945946,0.028336182236671448
paraluni_2022,paraluni_2022,paraluni_2022,positive,bsc,1,k_7,7,511,0.0665024630541872,0.004467134652201659,0.10558999308991493,0.15321719259059413,0.01702195592224598
paraluni_2022,paraluni_2022,paraluni_2022,positive,bsc,1,ratio_25,128,511,0.0665024630541872,0.07338864071474155,0.09965432574601724,0.98,0.9920163154602051
paraluni_2022,paraluni_2022,paraluni_2022,positive,bsc,1,ratio_50,256,511,0.0665024630541872,0.13784301212507977,0.09230601412682744,0.8024278846153845,0.9994966983795166
paraluni_2022,paraluni_2022,paraluni_2022,positive,bsc,1,ratio_75,384,511,0.0665024630541872,0.22399489470325462,0.09102772554250017,0.8346153846153845,0.9994872808456421
paraluni_2022,paraluni_2022,paraluni_2022,positive,bsc,1,ratio_100,511,511,0.0665024630541872,0.31397574984045945,0.09167467453614384,0.845,0.9995830655097961
radiant_capital_arbitrum_2024,radiant_capital_arbitrum_2024,radiant_capital_arbitrum_2024,positive,arbitrum,1,k_2,2,248,0.06436233611442194,0.0025526483726866626,0.09520158695168301,0.771625918150677,0.9983646273612976
radiant_capital_arbitrum_2024,radiant_capital_arbitrum_2024,radiant_capital_arbitrum_2024,positive,arbitrum,1,k_3,3,248,0.06436233611442194,0.003190810465858328,0.09520158695168301,0.7644263442230804,0.9955877065658569
radiant_capital_arbitrum_2024,radiant_capital_arbitrum_2024,radiant_capital_arbitrum_2024,positive,arbitrum,1,k_5,5,248,0.06436233611442194,0.00574345883854499,0.09520158695168301,0.705483655324321,0.992302656173706
radiant_capital_arbitrum_2024,radiant_capital_arbitrum_2024,radiant_capital_arbitrum_2024,positive,arbitrum,1,k_7,7,248,0.06436233611442194,0.007657945118059987,0.07282142449841675,0.6189494572930245,0.9974291920661926
radiant_capital_arbitrum_2024,radiant_capital_arbitrum_2024,radiant_capital_arbitrum_2024,positive,arbitrum,1,ratio_25,62,248,0.06436233611442194,0.041480536056158264,0.06410905895891103,0.9375037785067596,0.9993236064910889
radiant_capital_arbitrum_2024,radiant_capital_arbitrum_2024,radiant_capital_arbitrum_2024,positive,arbitrum,1,ratio_50,124,248,0.06436233611442194,0.07338864071474155,0.04941045312019086,0.9898076923076923,0.9996415376663208
radiant_capital_arbitrum_2024,radiant_capital_arbitrum_2024,radiant_capital_arbitrum_2024,positive,arbitrum,1,ratio_75,186,248,0.06436233611442194,0.11742182514358647,0.0532312023816608,0.9899677419354839,0.9996355772018433
radiant_capital_arbitrum_2024,radiant_capital_arbitrum_2024,radiant_capital_arbitrum_2024,positive,arbitrum,1,ratio_100,248,248,0.06436233611442194,0.15060625398851307,0.061895232675197004,0.9849677419354839,0.9993398785591125
magic_abracadabra_arbitrum_2025,magic_abracadabra_arbitrum_2025,magic_abracadabra_arbitrum_2025,positive,arbitrum,1,k_2,2,88,0.06428571428571428,0.0006381620931716656,0.09458610880082384,0.37079532922351666,0.4456343352794647
magic_abracadabra_arbitrum_2025,magic_abracadabra_arbitrum_2025,magic_abracadabra_arbitrum_2025,positive,arbitrum,1,k_3,3,88,0.06428571428571428,0.003190810465858328,0.09458610880082384,0.24453651781854469,0.028718899935483932
magic_abracadabra_arbitrum_2025,magic_abracadabra_arbitrum_2025,magic_abracadabra_arbitrum_2025,positive,arbitrum,1,k_5,5,88,0.06428571428571428,0.004467134652201659,0.09458610880082384,0.6741106746283337,0.14296792447566986
magic_abracadabra_arbitrum_2025,magic_abracadabra_arbitrum_2025,magic_abracadabra_arbitrum_2025,positive,arbitrum,1,k_7,7,88,0.06428571428571428,0.007657945118059987,0.07763255125947809,0.7055974511735036,0.8304433226585388
magic_abracadabra_arbitrum_2025,magic_abracadabra_arbitrum_2025,magic_abracadabra_arbitrum_2025,positive,arbitrum,1,ratio_25,22,88,0.06428571428571428,0.010848755583918315,0.08974889214966553,0.6709535089703468,0.9470260143280029
magic_abracadabra_arbitrum_2025,magic_abracadabra_arbitrum_2025,magic_abracadabra_arbitrum_2025,positive,arbitrum,1,ratio_50,44,88,0.06428571428571428,0.03382259093809828,0.08283986347340237,0.9687876584732215,0.9997642636299133
magic_abracadabra_arbitrum_2025,magic_abracadabra_arbitrum_2025,magic_abracadabra_arbitrum_2025,positive,arbitrum,1,ratio_75,66,88,0.06428571428571428,0.047223994894703254,0.07792207968827883,0.9636913032155757,0.9995658993721008
magic_abracadabra_arbitrum_2025,magic_abracadabra_arbitrum_2025,magic_abracadabra_arbitrum_2025,positive,arbitrum,1,ratio_100,88,88,0.06428571428571428,0.05807275047862157,0.07400911165694649,0.9682103360539551,0.9990932941436768
hackerdao_2022,hackerdao_2022,hackerdao_2022,positive,bsc,1,k_2,2,35,0.06498194945848375,0.0006381620931716656,0.09962509176178677,0.28921095020353327,0.006296119652688503
hackerdao_2022,hackerdao_2022,hackerdao_2022,positive,bsc,1,k_3,3,35,0.06498194945848375,0.0038289725590299937,0.09962509176178677,0.28270679614503136,0.006952151656150818
hackerdao_2022,hackerdao_2022,hackerdao_2022,positive,bsc,1,k_5,5,35,0.06498194945848375,0.01021059349074665,0.09962509176178677,0.9739894424019053,0.6903495192527771
hackerdao_2022,hackerdao_2022,hackerdao_2022,positive,bsc,1,k_7,7,35,0.06498194945848375,0.014039566049776643,0.09962509176178677,0.9794764171918213,0.5574346780776978
hackerdao_2022,hackerdao_2022,hackerdao_2022,positive,bsc,1,ratio_25,9,35,0.06498194945848375,0.015315890236119975,0.09962509176178677,0.9594764171918213,0.5014668703079224
hackerdao_2022,hackerdao_2022,hackerdao_2022,positive,bsc,1,ratio_50,18,35,0.06498194945848375,0.01914486279514997,0.09962509176178677,0.6149638989169675,0.24419459700584412
hackerdao_2022,hackerdao_2022,hackerdao_2022,positive,bsc,1,ratio_75,27,35,0.06498194945848375,0.0204211869814933,0.10866772643568234,0.405,0.8384594321250916
hackerdao_2022,hackerdao_2022,hackerdao_2022,positive,bsc,1,ratio_100,35,35,0.06498194945848375,0.026802807913209957,0.10485698402879348,0.4147619047619047,0.8887597918510437
new_free_dao_2022,new_free_dao_2022,new_free_dao_2022,positive,bsc,1,k_2,2,12,0.0644208037825059,0.0025526483726866626,0.09897704544160965,0.6504488647918464,0.6898906826972961
new_free_dao_2022,new_free_dao_2022,new_free_dao_2022,positive,bsc,1,ratio_25,3,12,0.0644208037825059,0.0025526483726866626,0.09897704544160965,0.5775578665403865,0.7935270071029663
new_free_dao_2022,new_free_dao_2022,new_free_dao_2022,positive,bsc,1,k_5,5,12,0.0644208037825059,0.0025526483726866626,0.09897704544160965,0.3144196678015667,0.5314832925796509
new_free_dao_2022,new_free_dao_2022,new_free_dao_2022,positive,bsc,1,ratio_50,6,12,0.0644208037825059,0.0025526483726866626,0.09897704544160965,0.30174122261948133,0.5845082998275757
new_free_dao_2022,new_free_dao_2022,new_free_dao_2022,positive,bsc,1,k_7,7,12,0.0644208037825059,0.0025526483726866626,0.09897704544160965,0.19729811659677085,0.49743226170539856
new_free_dao_2022,new_free_dao_2022,new_free_dao_2022,positive,bsc,1,ratio_75,9,12,0.0644208037825059,0.0025526483726866626,0.09897704544160965,0.19843921508161932,0.49743226170539856
new_free_dao_2022,new_free_dao_2022,new_free_dao_2022,positive,bsc,1,ratio_100,12,12,0.0644208037825059,0.0025526483726866626,0.09897704544160965,0.4050815195986023,0.9948898553848267
ronin_bridge_2022,ronin_bridge_2022__hn000,ronin_bridge_2022,hard_negative_mined,eth,0,ratio_25,1,1,0.06533575317604355,0.0031496062992125984,0.015340331883414429,0.0,8.899241038307082e-06
ronin_bridge_2022,ronin_bridge_2022__hn001,ronin_bridge_2022,hard_negative_mined,eth,0,ratio_25,1,1,0.06533575317604355,0.0,0.09912135641813052,0.0,8.002350114111323e-06
ronin_bridge_2022,ronin_bridge_2022__hn002,ronin_bridge_2022,hard_negative_mined,eth,0,ratio_25,1,1,0.06533575317604355,0.0031496062992125984,0.015340331883414429,0.0,8.899241038307082e-06
ronin_bridge_2022,ronin_bridge_2022__hn003,ronin_bridge_2022,hard_negative_mined,eth,0,ratio_25,1,4,0.06533575317604355,0.0031496062992125984,0.015340331883414429,0.0,5.910158506594598e-05
ronin_bridge_2022,ronin_bridge_2022__hn003,ronin_bridge_2022,hard_negative_mined,eth,0,ratio_50,2,4,0.06533575317604355,0.009448818897637795,0.039756324866111206,0.019486631137001446,0.00043982488568872213
ronin_bridge_2022,ronin_bridge_2022__hn003,ronin_bridge_2022,hard_negative_mined,eth,0,ratio_75,3,4,0.06533575317604355,0.009448818897637795,0.054237412458440326,0.0004591836734693878,8.909341704566032e-05
ronin_bridge_2022,ronin_bridge_2022__hn003,ronin_bridge_2022,hard_negative_mined,eth,0,ratio_100,4,4,0.06533575317604355,0.009448818897637795,0.06322627025780835,0.00044444444444444447,0.00010585034033283591
ronin_bridge_2022,ronin_bridge_2022__hn004,ronin_bridge_2022,hard_negative_mined,eth,0,ratio_25,1,1,0.06533575317604355,0.0031496062992125984,0.015340331883414429,0.0,8.899241038307082e-06
ronin_bridge_2022,ronin_bridge_2022__hn005,ronin_bridge_2022,hard_negative_mined,eth,0,ratio_25,1,1,0.06533575317604355,0.0031496062992125984,0.015340331883414429,0.0,8.899241038307082e-06
ronin_bridge_2022,ronin_bridge_2022__hn006,ronin_bridge_2022,hard_negative_mined,eth,0,ratio_25,1,1,0.06533575317604355,0.0031496062992125984,0.015340331883414429,0.0,8.899241038307082e-06
ronin_bridge_2022,ronin_bridge_2022__hn007,ronin_bridge_2022,hard_negative_mined,eth,0,ratio_25,1,4,0.06533575317604355,0.0,0.09912135641813052,0.0,5.299400436342694e-05
ronin_bridge_2022,ronin_bridge_2022__hn007,ronin_bridge_2022,hard_negative_mined,eth,0,ratio_50,2,4,0.06533575317604355,0.0,0.09912135641813052,0.04043478260869565,3.0466644602711312e-05
ronin_bridge_2022,ronin_bridge_2022__hn007,ronin_bridge_2022,hard_negative_mined,eth,0,ratio_75,3,4,0.06533575317604355,0.006299212598425197,0.09912135641813052,0.058797571404374055,1.0943203960778192e-05
ronin_bridge_2022,ronin_bridge_2022__hn007,ronin_bridge_2022,hard_negative_mined,eth,0,ratio_100,4,4,0.06533575317604355,0.012598425196850394,0.09912135641813052,0.08629973414114446,8.898897795006633e-05
ronin_bridge_2022,ronin_bridge_2022__hn008,ronin_bridge_2022,hard_negative_mined,eth,0,ratio_25,1,1,0.06533575317604355,0.0031496062992125984,0.015340331883414429,0.0,8.899241038307082e-06
ronin_bridge_2022,ronin_bridge_2022__hn009,ronin_bridge_2022,hard_negative_mined,eth,0,ratio_25,1,1,0.06533575317604355,0.0031496062992125984,0.015340331883414429,0.0,8.899241038307082e-06
ronin_bridge_2022,ronin_bridge_2022__hn010,ronin_bridge_2022,hard_negative_mined,eth,0,ratio_25,1,2,0.06533575317604355,0.0031496062992125984,0.015340331883414429,0.0,9.60095439950237e-06
ronin_bridge_2022,ronin_bridge_2022__hn010,ronin_bridge_2022,hard_negative_mined,eth,0,ratio_75,2,2,0.06533575317604355,0.009448818897637795,0.015340331883414429,0.03686198865877045,0.00010299893619958311
ronin_bridge_2022,ronin_bridge_2022__hn011,ronin_bridge_2022,hard_negative_mined,eth,0,ratio_25,1,1,0.06533575317604355,0.0,0.09912135641813052,0.0,8.002350114111323e-06
ronin_bridge_2022,ronin_bridge_2022__hn012,ronin_bridge_2022,hard_negative_mined,eth,0,k_2,2,55,0.06533575317604355,0.0015748031496062992,0.09912135641813052,0.9491480313615298,0.9999141693115234
ronin_bridge_2022,ronin_bridge_2022__hn012,ronin_bridge_2022,hard_negative_mined,eth,0,k_3,3,55,0.06533575317604355,0.009448818897637795,0.09912135641813052,0.9510370670926782,0.9998821020126343
ronin_bridge_2022,ronin_bridge_2022__hn012,ronin_bridge_2022,hard_negative_mined,eth,0,k_5,5,55,0.06533575317604355,0.012598425196850394,0.09912135641813052,0.9269157656491787,0.9987636804580688
ronin_bridge_2022,ronin_bridge_2022__hn012,ronin_bridge_2022,hard_negative_mined,eth,0,k_7,7,55,0.06533575317604355,0.015748031496062992,0.09912135641813052,0.8870889253519436,0.9997079968452454
ronin_bridge_2022,ronin_bridge_2022__hn012,ronin_bridge_2022,hard_negative_mined,eth,0,ratio_25,14,55,0.06533575317604355,0.026771653543307086,0.09912135641813052,0.8479436650566832,0.9893901944160461
ronin_bridge_2022,ronin_bridge_2022__hn012,ronin_bridge_2022,hard_negative_mined,eth,0,ratio_50,28,55,0.06533575317604355,0.048818897637795275,0.09912135641813052,0.8164622149342148,0.9719655513763428
ronin_bridge_2022,ronin_bridge_2022__hn012,ronin_bridge_2022,hard_negative_mined,eth,0,ratio_75,42,55,0.06533575317604355,0.06929133858267716,0.09912135641813052,0.8087614922334921,0.9456093907356262
ronin_bridge_2022,ronin_bridge_2022__hn012,ronin_bridge_2022,hard_negative_mined,eth,0,ratio_100,55,55,0.06533575317604355,0.08976377952755905,0.09912135641813052,0.7818972342952907,0.9714877009391785
ronin_bridge_2022,ronin_bridge_2022__hn013,ronin_bridge_2022,hard_negative_mined,eth,0,ratio_25,1,2,0.06533575317604355,0.0031496062992125984,0.015340331883414429,0.0,9.60095439950237e-06
ronin_bridge_2022,ronin_bridge_2022__hn013,ronin_bridge_2022,hard_negative_mined,eth,0,ratio_75,2,2,0.06533575317604355,0.009448818897637795,0.015340331883414429,0.03379314038156353,9.930857049766928e-05
ronin_bridge_2022,ronin_bridge_2022__hn014,ronin_bridge_2022,hard_negative_mined,eth,0,ratio_25,1,1,0.06533575317604355,0.0,0.09912135641813052,0.0,8.002350114111323e-06
ronin_bridge_2022,ronin_bridge_2022__hn016,ronin_bridge_2022,hard_negative_mined,eth,0,ratio_25,1,1,0.06533575317604355,0.0031496062992125984,0.015340331883414429,0.0,8.899241038307082e-06
ronin_bridge_2022,ronin_bridge_2022__hn017,ronin_bridge_2022,hard_negative_mined,eth,0,ratio_25,1,1,0.06533575317604355,0.0031496062992125984,0.015340331883414429,0.0014554924242424242,0.0002618296130094677
ronin_bridge_2022,ronin_bridge_2022__hn018,ronin_bridge_2022,hard_negative_mined,eth,0,ratio_25,1,1,0.06533575317604355,0.0031496062992125984,0.015340331883414429,0.0,8.899241038307082e-06
ronin_bridge_2022,ronin_bridge_2022__hn019,ronin_bridge_2022,hard_negative_mined,eth,0,ratio_25,1,1,0.06533575317604355,0.0031496062992125984,0.015340331883414429,0.0,8.899241038307082e-06
ronin_bridge_2022,ronin_bridge_2022__hn020,ronin_bridge_2022,hard_negative_mined,eth,0,ratio_25,1,1,0.06533575317604355,0.0,0.045172958408878965,0.0,8.873444130585995e-06
ronin_bridge_2022,ronin_bridge_2022__hn021,ronin_bridge_2022,hard_negative_mined,eth,0,ratio_25,1,3,0.06533575317604355,0.0,0.09912135641813052,0.0,1.1506990631460212e-05
ronin_bridge_2022,ronin_bridge_2022__hn021,ronin_bridge_2022,hard_negative_mined,eth,0,ratio_50,2,3,0.06533575317604355,0.006299212598425197,0.09912135641813052,0.05063267754309583,0.00041252115624956787
ronin_bridge_2022,ronin_bridge_2022__hn021,ronin_bridge_2022,hard_negative_mined,eth,0,ratio_75,3,3,0.06533575317604355,0.006299212598425197,0.09912135641813052,0.030153389199005162,2.0669713194365613e-05
ronin_bridge_2022,ronin_bridge_2022__hn022,ronin_bridge_2022,hard_negative_mined,eth,0,ratio_25,1,1,0.06533575317604355,0.0031496062992125984,0.015340331883414429,0.0,8.899241038307082e-06
ronin_bridge_2022,ronin_bridge_2022__hn024,ronin_bridge_2022,hard_negative_mined,eth,0,ratio_25,1,1,0.06533575317604355,0.0031496062992125984,0.015340331883414429,0.0,8.899241038307082e-06
ronin_bridge_2022,ronin_bridge_2022__hn025,ronin_bridge_2022,hard_negative_mined,eth,0,ratio_25,1,1,0.06533575317604355,0.0031496062992125984,0.015340331883414429,0.0,8.899241038307082e-06
ronin_bridge_2022,ronin_bridge_2022__hn026,ronin_bridge_2022,hard_negative_mined,eth,0,ratio_25,1,2,0.06533575317604355,0.0031496062992125984,0.015340331883414429,0.0,9.60095439950237e-06
ronin_bridge_2022,ronin_bridge_2022__hn026,ronin_bridge_2022,hard_negative_mined,eth,0,ratio_75,2,2,0.06533575317604355,0.009448818897637795,0.039756324866111206,0.03821336503919588,0.00011028437438653782
ronin_bridge_2022,ronin_bridge_2022__hn027,ronin_bridge_2022,hard_negative_mined,eth,0,ratio_25,1,1,0.06533575317604355,0.0031496062992125984,0.015340331883414429,0.00036458333333333335,1.9330198483658023e-05
ronin_bridge_2022,ronin_bridge_2022__hn028,ronin_bridge_2022,hard_negative_mined,eth,0,ratio_25,1,1,0.06533575317604355,0.0031496062992125984,0.015340331883414429,0.0,8.899241038307082e-06
ronin_bridge_2022,ronin_bridge_2022__hn030,ronin_bridge_2022,hard_negative_mined,eth,0,ratio_25,1,1,0.06533575317604355,0.0031496062992125984,0.015340331883414429,0.0,8.899241038307082e-06
ronin_bridge_2022,ronin_bridge_2022__hn031,ronin_bridge_2022,hard_negative_mined,eth,0,ratio_25,1,1,0.06533575317604355,0.0031496062992125984,0.015340331883414429,0.0,8.899241038307082e-06
ronin_bridge_2022,ronin_bridge_2022__hn032,ronin_bridge_2022,hard_negative_mined,eth,0,ratio_25,1,1,0.06533575317604355,0.0031496062992125984,0.015340331883414429,0.0,8.899241038307082e-06
ronin_bridge_2022,ronin_bridge_2022__hn033,ronin_bridge_2022,hard_negative_mined,eth,0,ratio_25,1,3,0.06533575317604355,0.0031496062992125984,0.015340331883414429,0.0,1.2796684131899383e-05
ronin_bridge_2022,ronin_bridge_2022__hn033,ronin_bridge_2022,hard_negative_mined,eth,0,ratio_50,2,3,0.06533575317604355,0.009448818897637795,0.015340331883414429,0.01887715047046986,3.104851202806458e-05
ronin_bridge_2022,ronin_bridge_2022__hn033,ronin_bridge_2022,hard_negative_mined,eth,0,ratio_75,3,3,0.06533575317604355,0.009448818897637795,0.029022958462649455,0.031088379424047276,1.808937122405041e-05
ronin_bridge_2022,ronin_bridge_2022__hn034,ronin_bridge_2022,hard_negative_mined,eth,0,ratio_25,1,2,0.06533575317604355,0.0031496062992125984,0.015340331883414429,0.0,9.60095439950237e-06
ronin_bridge_2022,ronin_bridge_2022__hn034,ronin_bridge_2022,hard_negative_mined,eth,0,ratio_75,2,2,0.06533575317604355,0.009448818897637795,0.015340331883414429,0.052899214056184786,6.091932664276101e-05
ronin_bridge_2022,ronin_bridge_2022__hn035,ronin_bridge_2022,hard_negative_mined,eth,0,ratio_25,1,1,0.06533575317604355,0.0031496062992125984,0.015340331883414429,0.0,8.899241038307082e-06
ronin_bridge_2022,ronin_bridge_2022__hn037,ronin_bridge_2022,hard_negative_mined,eth,0,ratio_25,1,1,0.06533575317604355,0.0031496062992125984,0.015340331883414429,0.0,8.899241038307082e-06
ronin_bridge_2022,ronin_bridge_2022__hn038,ronin_bridge_2022,hard_negative_mined,eth,0,ratio_25,1,1,0.06533575317604355,0.0031496062992125984,0.015340331883414429,0.00036458333333333335,1.9330198483658023e-05
ronin_bridge_2022,ronin_bridge_2022__hn039,ronin_bridge_2022,hard_negative_mined,eth,0,ratio_25,1,1,0.06533575317604355,0.0031496062992125984,0.015340331883414429,0.00036458333333333335,1.9330198483658023e-05
ronin_bridge_2022,ronin_bridge_2022__hn040,ronin_bridge_2022,hard_negative_mined,eth,0,ratio_25,1,1,0.06533575317604355,0.0031496062992125984,0.015340331883414429,0.0,8.899241038307082e-06
ronin_bridge_2022,ronin_bridge_2022__hn041,ronin_bridge_2022,hard_negative_mined,eth,0,ratio_25,1,3,0.06533575317604355,0.0031496062992125984,0.015340331883414429,0.0,1.2796684131899383e-05
ronin_bridge_2022,ronin_bridge_2022__hn041,ronin_bridge_2022,hard_negative_mined,eth,0,ratio_50,2,3,0.06533575317604355,0.009448818897637795,0.015340331883414429,0.06025702872401669,0.00027169546228833497
ronin_bridge_2022,ronin_bridge_2022__hn041,ronin_bridge_2022,hard_negative_mined,eth,0,ratio_75,3,3,0.06533575317604355,0.009448818897637795,0.015340331883414429,0.006864375104114609,0.00033032524515874684
ronin_bridge_2022,ronin_bridge_2022__hn042,ronin_bridge_2022,hard_negative_mined,eth,0,ratio_25,1,1,0.06533575317604355,0.0031496062992125984,0.015340331883414429,0.0,8.899241038307082e-06
ronin_bridge_2022,ronin_bridge_2022__hn043,ronin_bridge_2022,hard_negative_mined,eth,0,ratio_25,1,1,0.06533575317604355,0.0031496062992125984,0.015340331883414429,0.0,8.899241038307082e-06
ronin_bridge_2022,ronin_bridge_2022__hn044,ronin_bridge_2022,hard_negative_mined,eth,0,ratio_25,1,2,0.06533575317604355,0.0031496062992125984,0.015340331883414429,0.0,9.60095439950237e-06
ronin_bridge_2022,ronin_bridge_2022__hn044,ronin_bridge_2022,hard_negative_mined,eth,0,ratio_75,2,2,0.06533575317604355,0.009448818897637795,0.039756324866111206,0.016721979939057222,0.00034971002605743706
ronin_bridge_2022,ronin_bridge_2022__hn045,ronin_bridge_2022,hard_negative_mined,eth,0,ratio_25,1,1,0.06533575317604355,0.0031496062992125984,0.015340331883414429,0.0,8.899241038307082e-06
ronin_bridge_2022,ronin_bridge_2022__hn046,ronin_bridge_2022,hard_negative_mined,eth,0,ratio_25,1,1,0.06533575317604355,0.0031496062992125984,0.015340331883414429,0.0,8.899241038307082e-06
ronin_bridge_2022,ronin_bridge_2022__hn047,ronin_bridge_2022,hard_negative_mined,eth,0,ratio_25,1,1,0.06533575317604355,0.0,0.09912135641813052,0.0014554924242424242,0.00020825545652769506
ronin_bridge_2022,ronin_bridge_2022__hn048,ronin_bridge_2022,hard_negative_mined,eth,0,ratio_25,1,1,0.06533575317604355,0.0,0.09912135641813052,0.0,8.002350114111323e-06
ronin_bridge_2022,ronin_bridge_2022__hn049,ronin_bridge_2022,hard_negative_mined,eth,0,ratio_25,1,3,0.06533575317604355,0.0031496062992125984,0.015340331883414429,0.0,1.2796684131899383e-05
ronin_bridge_2022,ronin_bridge_2022__hn049,ronin_bridge_2022,hard_negative_mined,eth,0,ratio_50,2,3,0.06533575317604355,0.009448818897637795,0.015340331883414429,0.029656211720021145,0.00012438217527233064
ronin_bridge_2022,ronin_bridge_2022__hn049,ronin_bridge_2022,hard_negative_mined,eth,0,ratio_75,3,3,0.06533575317604355,0.009448818897637795,0.029022958462649455,0.001917701863354037,4.996839561499655e-05
ronin_bridge_2022,ronin_bridge_2022__hn050,ronin_bridge_2022,hard_negative_mined,eth,0,ratio_25,1,1,0.06533575317604355,0.0031496062992125984,0.015340331883414429,0.0014554924242424242,0.0002618296130094677
ronin_bridge_2022,ronin_bridge_2022__hn051,ronin_bridge_2022,hard_negative_mined,eth,0,ratio_25,1,2,0.06533575317604355,0.0031496062992125984,0.015340331883414429,0.0,9.60095439950237e-06
ronin_bridge_2022,ronin_bridge_2022__hn051,ronin_bridge_2022,hard_negative_mined,eth,0,ratio_75,2,2,0.06533575317604355,0.009448818897637795,0.039756324866111206,0.033917328198486876,9.541555482428521e-05
ronin_bridge_2022,ronin_bridge_2022__hn052,ronin_bridge_2022,hard_negative_mined,eth,0,ratio_25,1,1,0.06533575317604355,0.0031496062992125984,0.015340331883414429,0.0,8.899241038307082e-06
ronin_bridge_2022,ronin_bridge_2022__hn054,ronin_bridge_2022,hard_negative_mined,eth,0,ratio_25,1,1,0.06533575317604355,0.0031496062992125984,0.015340331883414429,0.0,8.899241038307082e-06
ronin_bridge_2022,ronin_bridge_2022__hn055,ronin_bridge_2022,hard_negative_mined,eth,0,ratio_25,1,2,0.06533575317604355,0.0031496062992125984,0.015340331883414429,0.0,9.60095439950237e-06
ronin_bridge_2022,ronin_bridge_2022__hn055,ronin_bridge_2022,hard_negative_mined,eth,0,ratio_75,2,2,0.06533575317604355,0.009448818897637795,0.039756324866111206,0.0066407467694427225,0.00011028437438653782
ronin_bridge_2022,ronin_bridge_2022__hn056,ronin_bridge_2022,hard_negative_mined,eth,0,ratio_25,1,2,0.06533575317604355,0.0031496062992125984,0.015340331883414429,0.0060009469696969695,0.0009700245573185384
ronin_bridge_2022,ronin_bridge_2022__hn056,ronin_bridge_2022,hard_negative_mined,eth,0,ratio_75,2,2,0.06533575317604355,0.011023622047244094,0.039756324866111206,0.2565018879842267,0.0008782226941548288
ronin_bridge_2022,ronin_bridge_2022__hn057,ronin_bridge_2022,hard_negative_mined,eth,0,ratio_25,1,1,0.06533575317604355,0.0,0.09912135641813052,0.0014554924242424242,0.00032220943830907345
ronin_bridge_2022,ronin_bridge_2022__hn058,ronin_bridge_2022,hard_negative_mined,eth,0,ratio_25,1,1,0.06533575317604355,0.0031496062992125984,0.015340331883414429,0.0,8.899241038307082e-06
ronin_bridge_2022,ronin_bridge_2022__hn059,ronin_bridge_2022,hard_negative_mined,eth,0,ratio_25,1,1,0.06533575317604355,0.0031496062992125984,0.015340331883414429,0.0,8.899241038307082e-06
ronin_bridge_2022,ronin_bridge_2022__hn060,ronin_bridge_2022,hard_negative_mined,eth,0,ratio_25,1,1,0.06533575317604355,0.0031496062992125984,0.015340331883414429,0.0,8.899241038307082e-06
ronin_bridge_2022,ronin_bridge_2022__hn061,ronin_bridge_2022,hard_negative_mined,eth,0,ratio_25,1,1,0.06533575317604355,0.0,0.09912135641813052,0.0,9.021985533763655e-06
ronin_bridge_2022,ronin_bridge_2022__hn062,ronin_bridge_2022,hard_negative_mined,eth,0,ratio_25,1,4,0.06533575317604355,0.0,0.09912135641813052,0.022069944555624627,0.017444266006350517
ronin_bridge_2022,ronin_bridge_2022__hn062,ronin_bridge_2022,hard_negative_mined,eth,0,ratio_50,2,4,0.06533575317604355,0.007874015748031496,0.09912135641813052,0.2543639445702513,0.020891163498163223
ronin_bridge_2022,ronin_bridge_2022__hn062,ronin_bridge_2022,hard_negative_mined,eth,0,ratio_75,3,4,0.06533575317604355,0.009448818897637795,0.09912135641813052,0.012445637695637697,0.001704528578557074
ronin_bridge_2022,ronin_bridge_2022__hn062,ronin_bridge_2022,hard_negative_mined,eth,0,ratio_100,4,4,0.06533575317604355,0.011023622047244094,0.09912135641813052,0.0808054226475279,0.0002682405465748161
ronin_bridge_2022,ronin_bridge_2022__hn063,ronin_bridge_2022,hard_negative_mined,eth,0,ratio_25,1,1,0.06533575317604355,0.0,0.09912135641813052,0.0,8.002350114111323e-06
ronin_bridge_2022,ronin_bridge_2022__hn064,ronin_bridge_2022,hard_negative_mined,eth,0,ratio_25,1,1,0.06533575317604355,0.0031496062992125984,0.015340331883414429,0.0,8.899241038307082e-06
ronin_bridge_2022,ronin_bridge_2022__hn065,ronin_bridge_2022,hard_negative_mined,eth,0,ratio_25,1,1,0.06533575317604355,0.0031496062992125984,0.015340331883414429,0.0,8.899241038307082e-06
ronin_bridge_2022,ronin_bridge_2022__hn066,ronin_bridge_2022,hard_negative_mined,eth,0,ratio_25,1,2,0.06533575317604355,0.0,0.09912135641813052,0.0,9.73337773757521e-06
ronin_bridge_2022,ronin_bridge_2022__hn066,ronin_bridge_2022,hard_negative_mined,eth,0,ratio_75,2,2,0.06533575317604355,0.006299212598425197,0.09912135641813052,0.01182171816265668,4.0087463275995106e-05
ronin_bridge_2022,ronin_bridge_2022__hn067,ronin_bridge_2022,hard_negative_mined,eth,0,ratio_25,1,1,0.06533575317604355,0.0031496062992125984,0.015340331883414429,0.0,8.899241038307082e-06
ronin_bridge_2022,ronin_bridge_2022__hn068,ronin_bridge_2022,hard_negative_mined,eth,0,ratio_25,1,3,0.06533575317604355,0.0,0.045172958408878965,0.0,1.2759590390487574e-05
ronin_bridge_2022,ronin_bridge_2022__hn068,ronin_bridge_2022,hard_negative_mined,eth,0,ratio_50,2,3,0.06533575317604355,0.006299212598425197,0.045172958408878965,0.019067990165126347,5.71112432226073e-05
ronin_bridge_2022,ronin_bridge_2022__hn068,ronin_bridge_2022,hard_negative_mined,eth,0,ratio_75,3,3,0.06533575317604355,0.007874015748031496,0.0589838701809853,0.07176973979375632,0.0006839193520136178
ronin_bridge_2022,ronin_bridge_2022__hn069,ronin_bridge_2022,hard_negative_mined,eth,0,ratio_25,1,1,0.06533575317604355,0.0,0.09912135641813052,0.00181619623655914,2.173755638068542e-05
deltaprime_arbitrum_2024,deltaprime_arbitrum_2024__hn000,deltaprime_arbitrum_2024,hard_negative_mined,arbitrum,0,ratio_25,1,4,0.06679035250463822,0.0,0.09908919297221386,0.023320866325514618,0.000795847037807107
deltaprime_arbitrum_2024,deltaprime_arbitrum_2024__hn000,deltaprime_arbitrum_2024,hard_negative_mined,arbitrum,0,ratio_50,2,4,0.06679035250463822,0.003190810465858328,0.09908919297221386,0.44492810148028916,0.003210547147318721
deltaprime_arbitrum_2024,deltaprime_arbitrum_2024__hn000,deltaprime_arbitrum_2024,hard_negative_mined,arbitrum,0,ratio_75,3,4,0.06679035250463822,0.0038289725590299937,0.07913771329955482,0.3030597262224193,0.0007790472009219229
deltaprime_arbitrum_2024,deltaprime_arbitrum_2024__hn000,deltaprime_arbitrum_2024,hard_negative_mined,arbitrum,0,ratio_100,4,4,0.06679035250463822,0.0038289725590299937,0.07060134991797763,0.02375,0.00020316218433436006
deltaprime_arbitrum_2024,deltaprime_arbitrum_2024__hn001,deltaprime_arbitrum_2024,hard_negative_mined,arbitrum,0,ratio_25,1,1,0.06679035250463822,0.0,0.04985048538769048,0.0,1.350946149614174e-05
deltaprime_arbitrum_2024,deltaprime_arbitrum_2024__hn002,deltaprime_arbitrum_2024,hard_negative_mined,arbitrum,0,ratio_25,1,1,0.06679035250463822,0.0,0.09908919297221386,0.00525824012041587,0.00031931832199916244
deltaprime_arbitrum_2024,deltaprime_arbitrum_2024__hn003,deltaprime_arbitrum_2024,hard_negative_mined,arbitrum,0,ratio_25,1,1,0.06679035250463822,0.0,0.09908919297221386,0.0,2.2542113583767787e-05
deltaprime_arbitrum_2024,deltaprime_arbitrum_2024__hn004,deltaprime_arbitrum_2024,hard_negative_mined,arbitrum,0,ratio_25,1,1,0.06679035250463822,0.0012763241863433313,0.015372950093541293,0.0,1.8570599422673695e-05
deltaprime_arbitrum_2024,deltaprime_arbitrum_2024__hn005,deltaprime_arbitrum_2024,hard_negative_mined,arbitrum,0,ratio_25,1,1,0.06679035250463822,0.0012763241863433313,0.015372950093541293,0.0,1.8570599422673695e-05
deltaprime_arbitrum_2024,deltaprime_arbitrum_2024__hn006,deltaprime_arbitrum_2024,hard_negative_mined,arbitrum,0,ratio_25,1,1,0.06679035250463822,0.0012763241863433313,0.015372950093541293,0.00525824012041587,8.808106940705329e-05
deltaprime_arbitrum_2024,deltaprime_arbitrum_2024__hn007,deltaprime_arbitrum_2024,hard_negative_mined,arbitrum,0,k_2,2,91,0.06679035250463822,0.0038289725590299937,0.015372950093541293,0.28157147357846474,0.006831006612628698
deltaprime_arbitrum_2024,deltaprime_arbitrum_2024__hn007,deltaprime_arbitrum_2024,hard_negative_mined,arbitrum,0,k_3,3,91,0.06679035250463822,0.0038289725590299937,0.015372950093541293,0.31165551799429964,0.027565201744437218
deltaprime_arbitrum_2024,deltaprime_arbitrum_2024__hn007,deltaprime_arbitrum_2024,hard_negative_mined,arbitrum,0,k_5,5,91,0.06679035250463822,0.0038289725590299937,0.015372950093541293,0.17653179036885228,0.0016718696570023894
deltaprime_arbitrum_2024,deltaprime_arbitrum_2024__hn007,deltaprime_arbitrum_2024,hard_negative_mined,arbitrum,0,k_7,7,91,0.06679035250463822,0.0038289725590299937,0.015372950093541293,0.0830380038205176,0.00047793082194402814
deltaprime_arbitrum_2024,deltaprime_arbitrum_2024__hn007,deltaprime_arbitrum_2024,hard_negative_mined,arbitrum,0,ratio_25,23,91,0.06679035250463822,0.0038289725590299937,0.015372950093541293,0.00926031003644217,0.0001701103465165943
deltaprime_arbitrum_2024,deltaprime_arbitrum_2024__hn007,deltaprime_arbitrum_2024,hard_negative_mined,arbitrum,0,ratio_50,46,91,0.06679035250463822,0.0038289725590299937,0.015372950093541293,0.0030449985448741373,4.066796464030631e-05
deltaprime_arbitrum_2024,deltaprime_arbitrum_2024__hn007,deltaprime_arbitrum_2024,hard_negative_mined,arbitrum,0,ratio_75,69,91,0.06679035250463822,0.0038289725590299937,0.015372950093541293,0.0012749522514042746,0.0007432961720041931
deltaprime_arbitrum_2024,deltaprime_arbitrum_2024__hn007,deltaprime_arbitrum_2024,hard_negative_mined,arbitrum,0,ratio_100,91,91,0.06679035250463822,0.0038289725590299937,0.015372950093541293,0.0018919735280000195,3.44624713761732e-05
deltaprime_arbitrum_2024,deltaprime_arbitrum_2024__hn008,deltaprime_arbitrum_2024,hard_negative_mined,arbitrum,0,k_2,2,121,0.06679035250463822,0.0038289725590299937,0.015372950093541293,0.07075707979090044,0.00035783983184956014
deltaprime_arbitrum_2024,deltaprime_arbitrum_2024__hn008,deltaprime_arbitrum_2024,hard_negative_mined,arbitrum,0,k_3,3,121,0.06679035250463822,0.0038289725590299937,0.015372950093541293,0.05718830258916851,0.00040280495886690915
deltaprime_arbitrum_2024,deltaprime_arbitrum_2024__hn008,deltaprime_arbitrum_2024,hard_negative_mined,arbitrum,0,k_5,5,121,0.06679035250463822,0.0038289725590299937,0.015372950093541293,0.014849144252219173,7.149219891289249e-05
deltaprime_arbitrum_2024,deltaprime_arbitrum_2024__hn008,deltaprime_arbitrum_2024,hard_negative_mined,arbitrum,0,k_7,7,121,0.06679035250463822,0.0038289725590299937,0.015372950093541293,0.02592868970676463,0.0002575799881014973
deltaprime_arbitrum_2024,deltaprime_arbitrum_2024__hn008,deltaprime_arbitrum_2024,hard_negative_mined,arbitrum,0,ratio_25,31,121,0.06679035250463822,0.0038289725590299937,0.015372950093541293,0.016888931356777374,0.0013371469685807824
deltaprime_arbitrum_2024,deltaprime_arbitrum_2024__hn008,deltaprime_arbitrum_2024,hard_negative_mined,arbitrum,0,ratio_50,61,121,0.06679035250463822,0.0038289725590299937,0.015372950093541293,0.004114195750222241,0.0005250550457276404
deltaprime_arbitrum_2024,deltaprime_arbitrum_2024__hn008,deltaprime_arbitrum_2024,hard_negative_mined,arbitrum,0,ratio_75,91,121,0.06679035250463822,0.0038289725590299937,0.015372950093541293,0.009114195750222242,0.0007128215511329472
deltaprime_arbitrum_2024,deltaprime_arbitrum_2024__hn008,deltaprime_arbitrum_2024,hard_negative_mined,arbitrum,0,ratio_100,121,121,0.06679035250463822,0.0038289725590299937,0.015372950093541293,0.009598066717964177,0.0006649626302532852
deltaprime_arbitrum_2024,deltaprime_arbitrum_2024__hn009,deltaprime_arbitrum_2024,hard_negative_mined,arbitrum,0,ratio_25,1,1,0.06679035250463822,0.0012763241863433313,0.015372950093541293,0.0,1.8570599422673695e-05
deltaprime_arbitrum_2024,deltaprime_arbitrum_2024__hn010,deltaprime_arbitrum_2024,hard_negative_mined,arbitrum,0,ratio_25,1,1,0.06679035250463822,0.0012763241863433313,0.015372950093541293,0.0,1.8570599422673695e-05
deltaprime_arbitrum_2024,deltaprime_arbitrum_2024__hn011,deltaprime_arbitrum_2024,hard_negative_mined,arbitrum,0,ratio_25,1,1,0.06679035250463822,0.0,0.09908919297221386,0.0,2.2542113583767787e-05
deltaprime_arbitrum_2024,deltaprime_arbitrum_2024__hn012,deltaprime_arbitrum_2024,hard_negative_mined,arbitrum,0,ratio_25,1,3,0.06679035250463822,0.0012763241863433313,0.015372950093541293,0.006723961160604995,0.0004419460310600698
deltaprime_arbitrum_2024,deltaprime_arbitrum_2024__hn012,deltaprime_arbitrum_2024,hard_negative_mined,arbitrum,0,ratio_50,2,3,0.06679035250463822,0.004467134652201659,0.015372950093541293,0.11855604692195586,7.998992805369198e-05
deltaprime_arbitrum_2024,deltaprime_arbitrum_2024__hn012,deltaprime_arbitrum_2024,hard_negative_mined,arbitrum,0,ratio_75,3,3,0.06679035250463822,0.004467134652201659,0.015372950093541293,0.09092095154002568,0.000613892450928688
deltaprime_arbitrum_2024,deltaprime_arbitrum_2024__hn013,deltaprime_arbitrum_2024,hard_negative_mined,arbitrum,0,ratio_25,1,1,0.06679035250463822,0.0,0.09908919297221386,0.0,2.2542113583767787e-05
deltaprime_arbitrum_2024,deltaprime_arbitrum_2024__hn014,deltaprime_arbitrum_2024,hard_negative_mined,arbitrum,0,ratio_25,1,1,0.06679035250463822,0.0012763241863433313,0.015372950093541293,0.00525824012041587,0.00010123974061571062
deltaprime_arbitrum_2024,deltaprime_arbitrum_2024__hn015,deltaprime_arbitrum_2024,hard_negative_mined,arbitrum,0,ratio_25,1,2,0.06679035250463822,0.0,0.04985048538769048,0.0009781468531468531,2.4230541384895332e-05
deltaprime_arbitrum_2024,deltaprime_arbitrum_2024__hn015,deltaprime_arbitrum_2024,hard_negative_mined,arbitrum,0,ratio_75,2,2,0.06679035250463822,0.003190810465858328,0.07060134991797763,0.03504759729430959,0.00017916715296451002
deltaprime_arbitrum_2024,deltaprime_arbitrum_2024__hn016,deltaprime_arbitrum_2024,hard_negative_mined,arbitrum,0,k_2,2,168,0.06679035250463822,0.0012763241863433313,0.03979063870851615,0.538219532661039,0.2343989610671997
deltaprime_arbitrum_2024,deltaprime_arbitrum_2024__hn016,deltaprime_arbitrum_2024,hard_negative_mined,arbitrum,0,k_3,3,168,0.06679035250463822,0.0038289725590299937,0.029060124602806898,0.4499998883896847,0.8188977241516113
deltaprime_arbitrum_2024,deltaprime_arbitrum_2024__hn016,deltaprime_arbitrum_2024,hard_negative_mined,arbitrum,0,k_5,5,168,0.06679035250463822,0.0038289725590299937,0.022550267335171098,0.3620800599717572,0.3422328531742096
deltaprime_arbitrum_2024,deltaprime_arbitrum_2024__hn016,deltaprime_arbitrum_2024,hard_negative_mined,arbitrum,0,k_7,7,168,0.06679035250463822,0.0038289725590299937,0.020217974413291456,0.42721912702323583,0.8674052953720093
deltaprime_arbitrum_2024,deltaprime_arbitrum_2024__hn016,deltaprime_arbitrum_2024,hard_negative_mined,arbitrum,0,ratio_25,42,168,0.06679035250463822,0.0038289725590299937,0.016092621330069876,0.2658100543243389,0.2295680195093155
deltaprime_arbitrum_2024,deltaprime_arbitrum_2024__hn016,deltaprime_arbitrum_2024,hard_negative_mined,arbitrum,0,ratio_50,84,168,0.06679035250463822,0.0038289725590299937,0.01572873591383385,0.22517934532042416,0.07867249846458435
deltaprime_arbitrum_2024,deltaprime_arbitrum_2024__hn016,deltaprime_arbitrum_2024,hard_negative_mined,arbitrum,0,ratio_75,126,168,0.06679035250463822,0.0038289725590299937,0.015609249376921784,0.2055567038109902,0.06235789880156517
deltaprime_arbitrum_2024,deltaprime_arbitrum_2024__hn016,deltaprime_arbitrum_2024,hard_negative_mined,arbitrum,0,ratio_100,168,168,0.06679035250463822,0.0038289725590299937,0.015549841545280024,0.24605968720076604,0.2449703812599182
deltaprime_arbitrum_2024,deltaprime_arbitrum_2024__hn017,deltaprime_arbitrum_2024,hard_negative_mined,arbitrum,0,ratio_25,1,3,0.06679035250463822,0.0,0.04985048538769048,0.0005454545454545455,2.5274061044910923e-05
deltaprime_arbitrum_2024,deltaprime_arbitrum_2024__hn017,deltaprime_arbitrum_2024,hard_negative_mined,arbitrum,0,ratio_50,2,3,0.06679035250463822,0.0025526483726866626,0.04985048538769048,0.0549390687407362,0.0001473824231652543
deltaprime_arbitrum_2024,deltaprime_arbitrum_2024__hn017,deltaprime_arbitrum_2024,hard_negative_mined,arbitrum,0,ratio_75,3,3,0.06679035250463822,0.003190810465858328,0.06292286196614402,0.0931368185706533,4.213797365082428e-05
deltaprime_arbitrum_2024,deltaprime_arbitrum_2024__hn018,deltaprime_arbitrum_2024,hard_negative_mined,arbitrum,0,ratio_25,1,1,0.06679035250463822,0.0,0.09908919297221386,0.0,2.2542113583767787e-05
deltaprime_arbitrum_2024,deltaprime_arbitrum_2024__hn019,deltaprime_arbitrum_2024,hard_negative_mined,arbitrum,0,ratio_25,1,1,0.06679035250463822,0.0,0.09908919297221386,0.0,2.2542113583767787e-05
deltaprime_arbitrum_2024,deltaprime_arbitrum_2024__hn020,deltaprime_arbitrum_2024,hard_negative_mined,arbitrum,0,ratio_25,1,1,0.06679035250463822,0.0012763241863433313,0.015372950093541293,0.0,1.8570599422673695e-05
deltaprime_arbitrum_2024,deltaprime_arbitrum_2024__hn021,deltaprime_arbitrum_2024,hard_negative_mined,arbitrum,0,ratio_25,1,2,0.06679035250463822,0.0,0.09908919297221386,0.0,2.761929681582842e-05
deltaprime_arbitrum_2024,deltaprime_arbitrum_2024__hn021,deltaprime_arbitrum_2024,hard_negative_mined,arbitrum,0,ratio_75,2,2,0.06679035250463822,0.0025526483726866626,0.09908919297221386,0.06509409139512841,8.023339614737779e-05
deltaprime_arbitrum_2024,deltaprime_arbitrum_2024__hn022,deltaprime_arbitrum_2024,hard_negative_mined,arbitrum,0,k_2,2,219,0.06679035250463822,0.0012763241863433313,0.03979063870851615,0.597136630269313,0.49919068813323975
deltaprime_arbitrum_2024,deltaprime_arbitrum_2024__hn022,deltaprime_arbitrum_2024,hard_negative_mined,arbitrum,0,k_3,3,219,0.06679035250463822,0.0038289725590299937,0.029060124602806898,0.39388190104350984,0.667575478553772
deltaprime_arbitrum_2024,deltaprime_arbitrum_2024__hn022,deltaprime_arbitrum_2024,hard_negative_mined,arbitrum,0,k_5,5,219,0.06679035250463822,0.0038289725590299937,0.022550267335171098,0.43842394203106944,0.6083939075469971
deltaprime_arbitrum_2024,deltaprime_arbitrum_2024__hn022,deltaprime_arbitrum_2024,hard_negative_mined,arbitrum,0,k_7,7,219,0.06679035250463822,0.0038289725590299937,0.020217974413291456,0.27913253154046397,0.23461343348026276
deltaprime_arbitrum_2024,deltaprime_arbitrum_2024__hn022,deltaprime_arbitrum_2024,hard_negative_mined,arbitrum,0,ratio_25,55,219,0.06679035250463822,0.0038289725590299937,0.01591958211674456,0.21502074614823827,0.30346381664276123
deltaprime_arbitrum_2024,deltaprime_arbitrum_2024__hn022,deltaprime_arbitrum_2024,hard_negative_mined,arbitrum,0,ratio_50,110,219,0.06679035250463822,0.0038289725590299937,0.015643916661172933,0.24566781492210132,0.022161638364195824
deltaprime_arbitrum_2024,deltaprime_arbitrum_2024__hn022,deltaprime_arbitrum_2024,hard_negative_mined,arbitrum,0,ratio_75,165,219,0.06679035250463822,0.0038289725590299937,0.015553076226799245,0.1955567038109902,0.03750583902001381
deltaprime_arbitrum_2024,deltaprime_arbitrum_2024__hn022,deltaprime_arbitrum_2024,hard_negative_mined,arbitrum,0,ratio_100,219,219,0.06679035250463822,0.0038289725590299937,0.015508469540212292,0.21566781492210133,0.017251361161470413
deltaprime_arbitrum_2024,deltaprime_arbitrum_2024__hn023,deltaprime_arbitrum_2024,hard_negative_mined,arbitrum,0,ratio_25,1,3,0.06679035250463822,0.0,0.09908919297221386,0.0,4.600526881404221e-05
deltaprime_arbitrum_2024,deltaprime_arbitrum_2024__hn023,deltaprime_arbitrum_2024,hard_negative_mined,arbitrum,0,ratio_50,2,3,0.06679035250463822,0.0025526483726866626,0.09908919297221386,0.04146040486214808,7.502294465666637e-05
deltaprime_arbitrum_2024,deltaprime_arbitrum_2024__hn023,deltaprime_arbitrum_2024,hard_negative_mined,arbitrum,0,ratio_75,3,3,0.06679035250463822,0.0025526483726866626,0.09908919297221386,0.007820624125359882,0.00022844219347462058
deltaprime_arbitrum_2024,deltaprime_arbitrum_2024__hn025,deltaprime_arbitrum_2024,hard_negative_mined,arbitrum,0,ratio_25,1,2,0.06679035250463822,0.0,0.04985048538769048,0.0,1.4700883184559643e-05
deltaprime_arbitrum_2024,deltaprime_arbitrum_2024__hn025,deltaprime_arbitrum_2024,hard_negative_mined,arbitrum,0,ratio_75,2,2,0.06679035250463822,0.003190810465858328,0.07060134991797763,0.07883670529476014,4.4661945139523596e-05
deltaprime_arbitrum_2024,deltaprime_arbitrum_2024__hn026,deltaprime_arbitrum_2024,hard_negative_mined,arbitrum,0,ratio_25,1,2,0.06679035250463822,0.0,0.09908919297221386,0.0,2.761929681582842e-05
deltaprime_arbitrum_2024,deltaprime_arbitrum_2024__hn026,deltaprime_arbitrum_2024,hard_negative_mined,arbitrum,0,ratio_75,2,2,0.06679035250463822,0.003190810465858328,0.09908919297221386,0.07748018686711766,0.00010571124585112557
deltaprime_arbitrum_2024,deltaprime_arbitrum_2024__hn027,deltaprime_arbitrum_2024,hard_negative_mined,arbitrum,0,ratio_25,1,1,0.06679035250463822,0.0,0.09908919297221386,0.00525824012041587,0.00012288895959500223
deltaprime_arbitrum_2024,deltaprime_arbitrum_2024__hn028,deltaprime_arbitrum_2024,hard_negative_mined,arbitrum,0,ratio_25,1,2,0.06679035250463822,0.0012763241863433313,0.015372950093541293,0.0,2.2753296434530057e-05
deltaprime_arbitrum_2024,deltaprime_arbitrum_2024__hn028,deltaprime_arbitrum_2024,hard_negative_mined,arbitrum,0,ratio_75,2,2,0.06679035250463822,0.0038289725590299937,0.03979063870851615,0.024557652531541078,0.00011161071597598493
deltaprime_arbitrum_2024,deltaprime_arbitrum_2024__hn029,deltaprime_arbitrum_2024,hard_negative_mined,arbitrum,0,ratio_25,1,1,0.06679035250463822,0.0,0.04985048538769048,0.004533702408702408,2.5275458028772846e-05
deltaprime_arbitrum_2024,deltaprime_arbitrum_2024__hn030,deltaprime_arbitrum_2024,hard_negative_mined,arbitrum,0,ratio_25,1,1,0.06679035250463822,0.0012763241863433313,0.015372950093541293,0.00525824012041587,8.808106940705329e-05
deltaprime_arbitrum_2024,deltaprime_arbitrum_2024__hn031,deltaprime_arbitrum_2024,hard_negative_mined,arbitrum,0,ratio_25,1,1,0.06679035250463822,0.0,0.09908919297221386,0.0,2.2542113583767787e-05
deltaprime_arbitrum_2024,deltaprime_arbitrum_2024__hn032,deltaprime_arbitrum_2024,hard_negative_mined,arbitrum,0,ratio_25,1,1,0.06679035250463822,0.0,0.09908919297221386,0.0,2.2542113583767787e-05
deltaprime_arbitrum_2024,deltaprime_arbitrum_2024__hn033,deltaprime_arbitrum_2024,hard_negative_mined,arbitrum,0,ratio_25,1,1,0.06679035250463822,0.0,0.09908919297221386,0.0,2.2542113583767787e-05
deltaprime_arbitrum_2024,deltaprime_arbitrum_2024__hn035,deltaprime_arbitrum_2024,hard_negative_mined,arbitrum,0,ratio_25,1,2,0.06679035250463822,0.0012763241863433313,0.015372950093541293,0.0,2.2753296434530057e-05
deltaprime_arbitrum_2024,deltaprime_arbitrum_2024__hn035,deltaprime_arbitrum_2024,hard_negative_mined,arbitrum,0,ratio_75,2,2,0.06679035250463822,0.0038289725590299937,0.03979063870851615,0.03760998551784167,3.453817407716997e-05
deltaprime_arbitrum_2024,deltaprime_arbitrum_2024__hn036,deltaprime_arbitrum_2024,hard_negative_mined,arbitrum,0,ratio_25,1,2,0.06679035250463822,0.0012763241863433313,0.015372950093541293,0.0,2.2753296434530057e-05
deltaprime_arbitrum_2024,deltaprime_arbitrum_2024__hn036,deltaprime_arbitrum_2024,hard_negative_mined,arbitrum,0,ratio_75,2,2,0.06679035250463822,0.0038289725590299937,0.015372950093541293,0.025218882405707868,7.309491047635674e-05
deltaprime_arbitrum_2024,deltaprime_arbitrum_2024__hn037,deltaprime_arbitrum_2024,hard_negative_mined,arbitrum,0,ratio_25,1,1,0.06679035250463822,0.0012763241863433313,0.015372950093541293,0.0,1.8570599422673695e-05
deltaprime_arbitrum_2024,deltaprime_arbitrum_2024__hn038,deltaprime_arbitrum_2024,hard_negative_mined,arbitrum,0,ratio_25,1,2,0.06679035250463822,0.0,0.09908919297221386,0.0,2.761929681582842e-05
deltaprime_arbitrum_2024,deltaprime_arbitrum_2024__hn038,deltaprime_arbitrum_2024,hard_negative_mined,arbitrum,0,ratio_75,2,2,0.06679035250463822,0.0025526483726866626,0.09908919297221386,0.030038778529910846,2.3281314497580752e-05
deltaprime_arbitrum_2024,deltaprime_arbitrum_2024__hn040,deltaprime_arbitrum_2024,hard_negative_mined,arbitrum,0,ratio_25,1,4,0.06679035250463822,0.0012763241863433313,0.015372950093541293,0.01843779711609569,0.0004809099482372403
deltaprime_arbitrum_2024,deltaprime_arbitrum_2024__hn040,deltaprime_arbitrum_2024,hard_negative_mined,arbitrum,0,ratio_50,2,4,0.06679035250463822,0.004467134652201659,0.03979063870851615,0.05392763903693178,3.9159731386462227e-05
deltaprime_arbitrum_2024,deltaprime_arbitrum_2024__hn040,deltaprime_arbitrum_2024,hard_negative_mined,arbitrum,0,ratio_75,3,4,0.06679035250463822,0.005105296745373325,0.054261983117060215,0.03566190672528554,0.00012837012764066458
deltaprime_arbitrum_2024,deltaprime_arbitrum_2024__hn040,deltaprime_arbitrum_2024,hard_negative_mined,arbitrum,0,ratio_100,4,4,0.06679035250463822,0.00574345883854499,0.03979063870851615,0.004313390313390313,8.420889207627624e-05
deltaprime_arbitrum_2024,deltaprime_arbitrum_2024__hn041,deltaprime_arbitrum_2024,hard_negative_mined,arbitrum,0,ratio_25,1,1,0.06679035250463822,0.0,0.09908919297221386,0.0,2.2542113583767787e-05
deltaprime_arbitrum_2024,deltaprime_arbitrum_2024__hn042,deltaprime_arbitrum_2024,hard_negative_mined,arbitrum,0,ratio_25,1,1,0.06679035250463822,0.0012763241863433313,0.015372950093541293,0.0,1.8570599422673695e-05
deltaprime_arbitrum_2024,deltaprime_arbitrum_2024__hn043,deltaprime_arbitrum_2024,hard_negative_mined,arbitrum,0,ratio_25,1,1,0.06679035250463822,0.0,0.04985048538769048,0.00525824012041587,6.726681749569252e-05
deltaprime_arbitrum_2024,deltaprime_arbitrum_2024__hn044,deltaprime_arbitrum_2024,hard_negative_mined,arbitrum,0,ratio_25,1,4,0.06679035250463822,0.0012763241863433313,0.015372950093541293,0.0019431500465983227,0.00012614937440957874
deltaprime_arbitrum_2024,deltaprime_arbitrum_2024__hn044,deltaprime_arbitrum_2024,hard_negative_mined,arbitrum,0,ratio_50,2,4,0.06679035250463822,0.01148691767708998,0.027824422193549796,0.11462943922998457,6.353491335175931e-05
deltaprime_arbitrum_2024,deltaprime_arbitrum_2024__hn044,deltaprime_arbitrum_2024,hard_negative_mined,arbitrum,0,ratio_75,3,4,0.06679035250463822,0.01148691767708998,0.03384241998145738,0.09801660584185712,4.6242435928434134e-05
deltaprime_arbitrum_2024,deltaprime_arbitrum_2024__hn044,deltaprime_arbitrum_2024,hard_negative_mined,arbitrum,0,ratio_100,4,4,0.06679035250463822,0.012125079770261647,0.044550633541609375,0.12560649600445517,0.010736024007201195
deltaprime_arbitrum_2024,deltaprime_arbitrum_2024__hn045,deltaprime_arbitrum_2024,hard_negative_mined,arbitrum,0,ratio_25,1,1,0.06679035250463822,0.0012763241863433313,0.015372950093541293,0.0,1.8570599422673695e-05
deltaprime_arbitrum_2024,deltaprime_arbitrum_2024__hn046,deltaprime_arbitrum_2024,hard_negative_mined,arbitrum,0,ratio_25,1,1,0.06679035250463822,0.0012763241863433313,0.015372950093541293,0.00525824012041587,0.00010123974061571062
deltaprime_arbitrum_2024,deltaprime_arbitrum_2024__hn047,deltaprime_arbitrum_2024,hard_negative_mined,arbitrum,0,ratio_25,1,1,0.06679035250463822,0.0,0.04985048538769048,0.0,1.350946149614174e-05
deltaprime_arbitrum_2024,deltaprime_arbitrum_2024__hn048,deltaprime_arbitrum_2024,hard_negative_mined,arbitrum,0,ratio_25,1,1,0.06679035250463822,0.0,0.09908919297221386,0.0,2.2542113583767787e-05
deltaprime_arbitrum_2024,deltaprime_arbitrum_2024__hn050,deltaprime_arbitrum_2024,hard_negative_mined,arbitrum,0,ratio_25,2,5,0.06679035250463822,0.0006381620931716656,0.07060134991797763,0.4820490681575184,0.5014039874076843
deltaprime_arbitrum_2024,deltaprime_arbitrum_2024__hn050,deltaprime_arbitrum_2024,hard_negative_mined,arbitrum,0,ratio_50,3,5,0.06679035250463822,0.003190810465858328,0.07913771329955482,0.5049962721898698,0.5482556223869324
deltaprime_arbitrum_2024,deltaprime_arbitrum_2024__hn050,deltaprime_arbitrum_2024,hard_negative_mined,arbitrum,0,ratio_75,4,5,0.06679035250463822,0.00574345883854499,0.08375121972650638,0.5140864485981308,0.9420961737632751
deltaprime_arbitrum_2024,deltaprime_arbitrum_2024__hn050,deltaprime_arbitrum_2024,hard_negative_mined,arbitrum,0,ratio_100,5,5,0.06679035250463822,0.00574345883854499,0.08663537709521868,0.5440864485981308,0.9420961737632751
deltaprime_arbitrum_2024,deltaprime_arbitrum_2024__hn051,deltaprime_arbitrum_2024,hard_negative_mined,arbitrum,0,k_2,2,15,0.06679035250463822,0.0038289725590299937,0.015372950093541293,0.16313597980359418,0.0012097941944375634
deltaprime_arbitrum_2024,deltaprime_arbitrum_2024__hn051,deltaprime_arbitrum_2024,hard_negative_mined,arbitrum,0,k_3,3,15,0.06679035250463822,0.0038289725590299937,0.015372950093541293,0.11079669933369864,0.0009106593206524849
deltaprime_arbitrum_2024,deltaprime_arbitrum_2024__hn051,deltaprime_arbitrum_2024,hard_negative_mined,arbitrum,0,ratio_25,4,15,0.06679035250463822,0.0038289725590299937,0.015372950093541293,0.07614997311569646,0.0004956037155352533
deltaprime_arbitrum_2024,deltaprime_arbitrum_2024__hn051,deltaprime_arbitrum_2024,hard_negative_mined,arbitrum,0,k_5,5,15,0.06679035250463822,0.0038289725590299937,0.015372950093541293,0.02358971429361426,0.00014487853331957012
deltaprime_arbitrum_2024,deltaprime_arbitrum_2024__hn051,deltaprime_arbitrum_2024,hard_negative_mined,arbitrum,0,k_7,7,15,0.06679035250463822,0.0038289725590299937,0.015372950093541293,0.019766236330490017,7.687241304665804e-05
deltaprime_arbitrum_2024,deltaprime_arbitrum_2024__hn051,deltaprime_arbitrum_2024,hard_negative_mined,arbitrum,0,ratio_50,8,15,0.06679035250463822,0.0038289725590299937,0.015372950093541293,0.006766236330490017,4.1699211578816175e-05
deltaprime_arbitrum_2024,deltaprime_arbitrum_2024__hn051,deltaprime_arbitrum_2024,hard_negative_mined,arbitrum,0,ratio_75,12,15,0.06679035250463822,0.0038289725590299937,0.015372950093541293,0.005099569663823351,6.26792898401618e-05
deltaprime_arbitrum_2024,deltaprime_arbitrum_2024__hn051,deltaprime_arbitrum_2024,hard_negative_mined,arbitrum,0,ratio_100,15,15,0.06679035250463822,0.0038289725590299937,0.015372950093541293,0.025999067151260536,6.26792898401618e-05
deltaprime_arbitrum_2024,deltaprime_arbitrum_2024__hn052,deltaprime_arbitrum_2024,hard_negative_mined,arbitrum,0,ratio_25,1,2,0.06679035250463822,0.0,0.09908919297221386,0.0009781468531468531,4.684848681790754e-05
deltaprime_arbitrum_2024,deltaprime_arbitrum_2024__hn052,deltaprime_arbitrum_2024,hard_negative_mined,arbitrum,0,ratio_75,2,2,0.06679035250463822,0.0,0.09908919297221386,0.040859728506787325,0.00025101154460571706
deltaprime_arbitrum_2024,deltaprime_arbitrum_2024__hn053,deltaprime_arbitrum_2024,hard_negative_mined,arbitrum,0,ratio_25,1,2,0.06679035250463822,0.0,0.09908919297221386,0.0,2.761929681582842e-05
deltaprime_arbitrum_2024,deltaprime_arbitrum_2024__hn053,deltaprime_arbitrum_2024,hard_negative_mined,arbitrum,0,ratio_75,2,2,0.06679035250463822,0.0025526483726866626,0.09908919297221386,0.033524977283107604,3.9535640098620206e-05
deltaprime_arbitrum_2024,deltaprime_arbitrum_2024__hn054,deltaprime_arbitrum_2024,hard_negative_mined,arbitrum,0,ratio_25,1,1,0.06679035250463822,0.0012763241863433313,0.015372950093541293,0.00525824012041587,6.537311855936423e-05
deltaprime_arbitrum_2024,deltaprime_arbitrum_2024__hn055,deltaprime_arbitrum_2024,hard_negative_mined,arbitrum,0,ratio_25,1,1,0.06679035250463822,0.0,0.09908919297221386,0.0,2.2542113583767787e-05
deltaprime_arbitrum_2024,deltaprime_arbitrum_2024__hn056,deltaprime_arbitrum_2024,hard_negative_mined,arbitrum,0,ratio_25,1,1,0.06679035250463822,0.0012763241863433313,0.015372950093541293,0.00525824012041587,0.00032902153907343745
deltaprime_arbitrum_2024,deltaprime_arbitrum_2024__hn057,deltaprime_arbitrum_2024,hard_negative_mined,arbitrum,0,ratio_25,1,1,0.06679035250463822,0.0012763241863433313,0.015372950093541293,0.0,1.8570599422673695e-05
deltaprime_arbitrum_2024,deltaprime_arbitrum_2024__hn058,deltaprime_arbitrum_2024,hard_negative_mined,arbitrum,0,ratio_25,1,1,0.06679035250463822,0.0012763241863433313,0.015372950093541293,0.0,1.8570599422673695e-05
deltaprime_arbitrum_2024,deltaprime_arbitrum_2024__hn059,deltaprime_arbitrum_2024,hard_negative_mined,arbitrum,0,ratio_25,1,3,0.06679035250463822,0.0,0.09908919297221386,0.0,4.600526881404221e-05
deltaprime_arbitrum_2024,deltaprime_arbitrum_2024__hn059,deltaprime_arbitrum_2024,hard_negative_mined,arbitrum,0,ratio_50,2,3,0.06679035250463822,0.003190810465858328,0.09908919297221386,0.020230788596974348,6.046181806595996e-05
deltaprime_arbitrum_2024,deltaprime_arbitrum_2024__hn059,deltaprime_arbitrum_2024,hard_negative_mined,arbitrum,0,ratio_75,3,3,0.06679035250463822,0.003190810465858328,0.09908919297221386,0.48569944678701144,0.017631681635975838
deltaprime_arbitrum_2024,deltaprime_arbitrum_2024__hn060,deltaprime_arbitrum_2024,hard_negative_mined,arbitrum,0,ratio_25,1,2,0.06679035250463822,0.0,0.04985048538769048,0.0,1.4700883184559643e-05
deltaprime_arbitrum_2024,deltaprime_arbitrum_2024__hn060,deltaprime_arbitrum_2024,hard_negative_mined,arbitrum,0,ratio_75,2,2,0.06679035250463822,0.003190810465858328,0.07060134991797763,0.11059876268181751,4.819686364498921e-05
deltaprime_arbitrum_2024,deltaprime_arbitrum_2024__hn061,deltaprime_arbitrum_2024,hard_negative_mined,arbitrum,0,ratio_25,1,1,0.06679035250463822,0.0012763241863433313,0.015372950093541293,0.0,1.8570599422673695e-05
deltaprime_arbitrum_2024,deltaprime_arbitrum_2024__hn062,deltaprime_arbitrum_2024,hard_negative_mined,arbitrum,0,ratio_25,1,2,0.06679035250463822,0.0,0.09908919297221386,0.0,2.761929681582842e-05
deltaprime_arbitrum_2024,deltaprime_arbitrum_2024__hn062,deltaprime_arbitrum_2024,hard_negative_mined,arbitrum,0,ratio_75,2,2,0.06679035250463822,0.0025526483726866626,0.09908919297221386,0.01276402832978051,7.899742195149884e-05
deltaprime_arbitrum_2024,deltaprime_arbitrum_2024__hn063,deltaprime_arbitrum_2024,hard_negative_mined,arbitrum,0,ratio_25,1,2,0.06679035250463822,0.0012763241863433313,0.015372950093541293,0.0,2.2753296434530057e-05
deltaprime_arbitrum_2024,deltaprime_arbitrum_2024__hn063,deltaprime_arbitrum_2024,hard_negative_mined,arbitrum,0,ratio_75,2,2,0.06679035250463822,0.004467134652201659,0.015372950093541293,0.02084951665174582,5.5483000323874876e-05
deltaprime_arbitrum_2024,deltaprime_arbitrum_2024__hn064,deltaprime_arbitrum_2024,hard_negative_mined,arbitrum,0,ratio_25,2,6,0.06679035250463822,0.0025526483726866626,0.09908919297221386,0.15743711067457258,0.0029226895421743393
deltaprime_arbitrum_2024,deltaprime_arbitrum_2024__hn064,deltaprime_arbitrum_2024,hard_negative_mined,arbitrum,0,ratio_50,3,6,0.06679035250463822,0.0025526483726866626,0.09908919297221386,0.04393761421940863,0.00011636710405582562
deltaprime_arbitrum_2024,deltaprime_arbitrum_2024__hn064,deltaprime_arbitrum_2024,hard_negative_mined,arbitrum,0,ratio_75,5,6,0.06679035250463822,0.0025526483726866626,0.09908919297221386,0.010128205128205128,6.746776489308104e-05
deltaprime_arbitrum_2024,deltaprime_arbitrum_2024__hn064,deltaprime_arbitrum_2024,hard_negative_mined,arbitrum,0,ratio_100,6,6,0.06679035250463822,0.0025526483726866626,0.09908919297221386,0.010128205128205128,6.700611993437633e-05
deltaprime_arbitrum_2024,deltaprime_arbitrum_2024__hn065,deltaprime_arbitrum_2024,hard_negative_mined,arbitrum,0,ratio_25,1,1,0.06679035250463822,0.0,0.09908919297221386,0.0,2.2542113583767787e-05
deltaprime_arbitrum_2024,deltaprime_arbitrum_2024__hn066,deltaprime_arbitrum_2024,hard_negative_mined,arbitrum,0,ratio_25,1,1,0.06679035250463822,0.0,0.09908919297221386,0.0,2.2542113583767787e-05
deltaprime_arbitrum_2024,deltaprime_arbitrum_2024__hn067,deltaprime_arbitrum_2024,hard_negative_mined,arbitrum,0,ratio_25,1,3,0.06679035250463822,0.0,0.04985048538769048,0.0009781468531468531,3.443339664954692e-05
deltaprime_arbitrum_2024,deltaprime_arbitrum_2024__hn067,deltaprime_arbitrum_2024,hard_negative_mined,arbitrum,0,ratio_50,2,3,0.06679035250463822,0.004467134652201659,0.027824422193549796,0.12562469660763018,0.00017115406808443367
deltaprime_arbitrum_2024,deltaprime_arbitrum_2024__hn067,deltaprime_arbitrum_2024,hard_negative_mined,arbitrum,0,ratio_75,3,3,0.06679035250463822,0.005105296745373325,0.04290653851731539,0.1972120200426341,0.0024140840396285057
deltaprime_arbitrum_2024,deltaprime_arbitrum_2024__hn068,deltaprime_arbitrum_2024,hard_negative_mined,arbitrum,0,ratio_25,1,2,0.06679035250463822,0.0,0.04985048538769048,0.0,1.4700883184559643e-05
deltaprime_arbitrum_2024,deltaprime_arbitrum_2024__hn068,deltaprime_arbitrum_2024,hard_negative_mined,arbitrum,0,ratio_75,2,2,0.06679035250463822,0.003190810465858328,0.07060134991797763,0.07440899445138664,4.4661945139523596e-05
deltaprime_arbitrum_2024,deltaprime_arbitrum_2024__hn069,deltaprime_arbitrum_2024,hard_negative_mined,arbitrum,0,ratio_25,1,1,0.06679035250463822,0.0,0.09908919297221386,0.0,2.2542113583767787e-05
bsc_token_hub_2022,bsc_token_hub_2022__hn000,bsc_token_hub_2022,hard_negative_mined,bsc,0,ratio_25,1,1,0.06733167082294264,0.0012763241863433313,0.01318157616352422,0.0,8.726150554139167e-06
bsc_token_hub_2022,bsc_token_hub_2022__hn001,bsc_token_hub_2022,hard_negative_mined,bsc,0,ratio_25,1,1,0.06733167082294264,0.0012763241863433313,0.01318157616352422,0.0,8.726150554139167e-06
bsc_token_hub_2022,bsc_token_hub_2022__hn002,bsc_token_hub_2022,hard_negative_mined,bsc,0,ratio_25,1,3,0.06733167082294264,0.0012763241863433313,0.01318157616352422,0.0,1.5952617104630917e-05
bsc_token_hub_2022,bsc_token_hub_2022__hn002,bsc_token_hub_2022,hard_negative_mined,bsc,0,ratio_50,2,3,0.06733167082294264,0.004467134652201659,0.01318157616352422,0.018796829049993607,0.00018460722640156746
bsc_token_hub_2022,bsc_token_hub_2022__hn002,bsc_token_hub_2022,hard_negative_mined,bsc,0,ratio_75,3,3,0.06733167082294264,0.004467134652201659,0.01318157616352422,0.04208150629335867,6.602248322451487e-05
bsc_token_hub_2022,bsc_token_hub_2022__hn003,bsc_token_hub_2022,hard_negative_mined,bsc,0,ratio_25,1,1,0.06733167082294264,0.0,0.10575644941811935,0.0,1.0254238986817654e-05
bsc_token_hub_2022,bsc_token_hub_2022__hn004,bsc_token_hub_2022,hard_negative_mined,bsc,0,ratio_25,1,1,0.06733167082294264,0.0,0.10575644941811935,0.0,1.0254238986817654e-05
bsc_token_hub_2022,bsc_token_hub_2022__hn005,bsc_token_hub_2022,hard_negative_mined,bsc,0,ratio_25,1,3,0.06733167082294264,0.0,0.10575644941811935,0.017996595693716456,0.0002346578985452652
bsc_token_hub_2022,bsc_token_hub_2022__hn005,bsc_token_hub_2022,hard_negative_mined,bsc,0,ratio_50,2,3,0.06733167082294264,0.0025526483726866626,0.10575644941811935,0.10215382964851649,0.0012355608632788062
bsc_token_hub_2022,bsc_token_hub_2022__hn005,bsc_token_hub_2022,hard_negative_mined,bsc,0,ratio_75,3,3,0.06733167082294264,0.003190810465858328,0.10575644941811935,0.04659819279889902,6.437500996980816e-05
bsc_token_hub_2022,bsc_token_hub_2022__hn007,bsc_token_hub_2022,hard_negative_mined,bsc,0,ratio_25,1,1,0.06733167082294264,0.0,0.10575644941811935,0.0,1.0254238986817654e-05
bsc_token_hub_2022,bsc_token_hub_2022__hn008,bsc_token_hub_2022,hard_negative_mined,bsc,0,ratio_25,1,2,0.06733167082294264,0.0,0.05633456588608633,0.0015487179487179486,1.7117838069680147e-05
bsc_token_hub_2022,bsc_token_hub_2022__hn008,bsc_token_hub_2022,hard_negative_mined,bsc,0,ratio_75,2,2,0.06733167082294264,0.003190810465858328,0.05633456588608633,0.039251204110641785,2.477149791957345e-05
bsc_token_hub_2022,bsc_token_hub_2022__hn009,bsc_token_hub_2022,hard_negative_mined,bsc,0,ratio_25,1,2,0.06733167082294264,0.0,0.05633456588608633,0.017996595693716456,7.75080916355364e-05
bsc_token_hub_2022,bsc_token_hub_2022__hn009,bsc_token_hub_2022,hard_negative_mined,bsc,0,ratio_75,2,2,0.06733167082294264,0.003190810465858328,0.07751130148244958,0.17011929399642123,0.0003114369173999876
bsc_token_hub_2022,bsc_token_hub_2022__hn010,bsc_token_hub_2022,hard_negative_mined,bsc,0,ratio_25,2,6,0.06733167082294264,0.0,0.10575644941811935,0.03730941073520426,2.8217440558364615e-05
bsc_token_hub_2022,bsc_token_hub_2022__hn010,bsc_token_hub_2022,hard_negative_mined,bsc,0,ratio_50,3,6,0.06733167082294264,0.0025526483726866626,0.10575644941811935,0.002215847070308167,4.3436852138256654e-05
bsc_token_hub_2022,bsc_token_hub_2022__hn010,bsc_token_hub_2022,hard_negative_mined,bsc,0,ratio_75,5,6,0.06733167082294264,0.005105296745373325,0.10575644941811935,0.0003617021276595744,8.622129098512232e-05
bsc_token_hub_2022,bsc_token_hub_2022__hn010,bsc_token_hub_2022,hard_negative_mined,bsc,0,ratio_100,6,6,0.06733167082294264,0.005105296745373325,0.10575644941811935,0.0003617021276595744,0.0004804556956514716
bsc_token_hub_2022,bsc_token_hub_2022__hn011,bsc_token_hub_2022,hard_negative_mined,bsc,0,ratio_25,1,1,0.06733167082294264,0.0,0.10575644941811935,0.0,1.0254238986817654e-05
bsc_token_hub_2022,bsc_token_hub_2022__hn012,bsc_token_hub_2022,hard_negative_mined,bsc,0,ratio_25,1,2,0.06733167082294264,0.0012763241863433313,0.01318157616352422,0.0,1.364993386232527e-05
bsc_token_hub_2022,bsc_token_hub_2022__hn012,bsc_token_hub_2022,hard_negative_mined,bsc,0,ratio_75,2,2,0.06733167082294264,0.0038289725590299937,0.01318157616352422,0.029892926660216396,4.6777890929661226e-06
bsc_token_hub_2022,bsc_token_hub_2022__hn013,bsc_token_hub_2022,hard_negative_mined,bsc,0,ratio_25,1,1,0.06733167082294264,0.0012763241863433313,0.01318157616352422,0.0,8.726150554139167e-06
bsc_token_hub_2022,bsc_token_hub_2022__hn014,bsc_token_hub_2022,hard_negative_mined,bsc,0,ratio_25,1,1,0.06733167082294264,0.0012763241863433313,0.01318157616352422,0.0,8.726150554139167e-06
bsc_token_hub_2022,bsc_token_hub_2022__hn015,bsc_token_hub_2022,hard_negative_mined,bsc,0,ratio_25,1,2,0.06733167082294264,0.0,0.05633456588608633,0.01722244796644373,0.00017529987962916493
bsc_token_hub_2022,bsc_token_hub_2022__hn015,bsc_token_hub_2022,hard_negative_mined,bsc,0,ratio_75,2,2,0.06733167082294264,0.0025526483726866626,0.05633456588608633,0.4468353427979138,0.001971209654584527
bsc_token_hub_2022,bsc_token_hub_2022__hn016,bsc_token_hub_2022,hard_negative_mined,bsc,0,ratio_25,1,4,0.06733167082294264,0.0,0.10575644941811935,0.0035556915544675645,8.626068301964551e-05
bsc_token_hub_2022,bsc_token_hub_2022__hn016,bsc_token_hub_2022,hard_negative_mined,bsc,0,ratio_50,2,4,0.06733167082294264,0.0025526483726866626,0.10575644941811935,0.08987797574814234,0.00010239940456813201
bsc_token_hub_2022,bsc_token_hub_2022__hn016,bsc_token_hub_2022,hard_negative_mined,bsc,0,ratio_75,3,4,0.06733167082294264,0.0025526483726866626,0.10575644941811935,0.03604975574418737,7.389153324766085e-05
bsc_token_hub_2022,bsc_token_hub_2022__hn016,bsc_token_hub_2022,hard_negative_mined,bsc,0,ratio_100,4,4,0.06733167082294264,0.0025526483726866626,0.10575644941811935,0.021026038652455576,1.913172673084773e-05
bsc_token_hub_2022,bsc_token_hub_2022__hn017,bsc_token_hub_2022,hard_negative_mined,bsc,0,ratio_25,1,2,0.06733167082294264,0.0,0.10575644941811935,0.0015487179487179486,4.013589204987511e-05
bsc_token_hub_2022,bsc_token_hub_2022__hn017,bsc_token_hub_2022,hard_negative_mined,bsc,0,ratio_75,2,2,0.06733167082294264,0.0,0.10575644941811935,0.0667213544083147,0.00012972665717825294
bsc_token_hub_2022,bsc_token_hub_2022__hn018,bsc_token_hub_2022,hard_negative_mined,bsc,0,ratio_25,1,1,0.06733167082294264,0.0,0.10575644941811935,0.0,1.0254238986817654e-05
bsc_token_hub_2022,bsc_token_hub_2022__hn019,bsc_token_hub_2022,hard_negative_mined,bsc,0,ratio_25,1,1,0.06733167082294264,0.0012763241863433313,0.01318157616352422,0.0,8.726150554139167e-06
bsc_token_hub_2022,bsc_token_hub_2022__hn020,bsc_token_hub_2022,hard_negative_mined,bsc,0,ratio_25,1,2,0.06733167082294264,0.0,0.05633456588608633,0.0,1.0043369002232794e-05
bsc_token_hub_2022,bsc_token_hub_2022__hn020,bsc_token_hub_2022,hard_negative_mined,bsc,0,ratio_75,2,2,0.06733167082294264,0.003190810465858328,0.07751130148244958,0.02011527159581581,2.7134406991535798e-05
bsc_token_hub_2022,bsc_token_hub_2022__hn021,bsc_token_hub_2022,hard_negative_mined,bsc,0,ratio_25,1,3,0.06733167082294264,0.0,0.10575644941811935,0.022996595693716454,0.00048390834126621485
bsc_token_hub_2022,bsc_token_hub_2022__hn021,bsc_token_hub_2022,hard_negative_mined,bsc,0,ratio_50,2,3,0.06733167082294264,0.0025526483726866626,0.10575644941811935,0.14778643896008142,3.23178646794986e-05
bsc_token_hub_2022,bsc_token_hub_2022__hn021,bsc_token_hub_2022,hard_negative_mined,bsc,0,ratio_75,3,3,0.06733167082294264,0.004467134652201659,0.05407549903456859,0.012205771182962915,0.00010706587636377662
bsc_token_hub_2022,bsc_token_hub_2022__hn022,bsc_token_hub_2022,hard_negative_mined,bsc,0,ratio_25,1,1,0.06733167082294264,0.0012763241863433313,0.01318157616352422,0.0015487179487179486,1.7457816284149885e-05
bsc_token_hub_2022,bsc_token_hub_2022__hn023,bsc_token_hub_2022,hard_negative_mined,bsc,0,ratio_25,1,2,0.06733167082294264,0.0,0.05633456588608633,0.01722244796644373,0.00018470511713530868
bsc_token_hub_2022,bsc_token_hub_2022__hn023,bsc_token_hub_2022,hard_negative_mined,bsc,0,ratio_75,2,2,0.06733167082294264,0.0025526483726866626,0.05633456588608633,0.15773171135485334,0.0007999985828064382
bsc_token_hub_2022,bsc_token_hub_2022__hn024,bsc_token_hub_2022,hard_negative_mined,bsc,0,ratio_25,2,5,0.06733167082294264,0.003190810465858328,0.07751130148244958,0.4770253404043136,0.035193249583244324
bsc_token_hub_2022,bsc_token_hub_2022__hn024,bsc_token_hub_2022,hard_negative_mined,bsc,0,ratio_50,3,5,0.06733167082294264,0.0038289725590299937,0.06974657648260305,0.012935344827586206,0.000212012673728168
bsc_token_hub_2022,bsc_token_hub_2022__hn024,bsc_token_hub_2022,hard_negative_mined,bsc,0,ratio_75,4,5,0.06733167082294264,0.004467134652201659,0.07751130148244958,0.012,0.0007474629092030227
bsc_token_hub_2022,bsc_token_hub_2022__hn024,bsc_token_hub_2022,hard_negative_mined,bsc,0,ratio_100,5,5,0.06733167082294264,0.004467134652201659,0.08254280092792517,0.012,0.0008831615559756756
bsc_token_hub_2022,bsc_token_hub_2022__hn025,bsc_token_hub_2022,hard_negative_mined,bsc,0,ratio_25,1,1,0.06733167082294264,0.0,0.10575644941811935,0.0,1.0254238986817654e-05
bsc_token_hub_2022,bsc_token_hub_2022__hn026,bsc_token_hub_2022,hard_negative_mined,bsc,0,ratio_25,1,4,0.06733167082294264,0.0,0.05633456588608633,0.056941031212211224,0.00026014179456979036
bsc_token_hub_2022,bsc_token_hub_2022__hn026,bsc_token_hub_2022,hard_negative_mined,bsc,0,ratio_50,2,4,0.06733167082294264,0.003190810465858328,0.05633456588608633,0.09563823223563167,0.0004573078767862171
bsc_token_hub_2022,bsc_token_hub_2022__hn026,bsc_token_hub_2022,hard_negative_mined,bsc,0,ratio_75,3,4,0.06733167082294264,0.0038289725590299937,0.05633456588608633,0.05632954056660504,8.146111940732226e-05
bsc_token_hub_2022,bsc_token_hub_2022__hn026,bsc_token_hub_2022,hard_negative_mined,bsc,0,ratio_100,4,4,0.06733167082294264,0.0038289725590299937,0.05633456588608633,0.002,9.26736174733378e-05
bsc_token_hub_2022,bsc_token_hub_2022__hn027,bsc_token_hub_2022,hard_negative_mined,bsc,0,ratio_25,1,3,0.06733167082294264,0.0,0.05633456588608633,0.017996595693716456,5.7002420362550765e-05
bsc_token_hub_2022,bsc_token_hub_2022__hn027,bsc_token_hub_2022,hard_negative_mined,bsc,0,ratio_50,2,3,0.06733167082294264,0.0025526483726866626,0.05633456588608633,0.43951971234259973,0.004238390363752842
bsc_token_hub_2022,bsc_token_hub_2022__hn027,bsc_token_hub_2022,hard_negative_mined,bsc,0,ratio_75,3,3,0.06733167082294264,0.0025526483726866626,0.05633456588608633,0.474509175938938,0.004850132390856743
bsc_token_hub_2022,bsc_token_hub_2022__hn028,bsc_token_hub_2022,hard_negative_mined,bsc,0,ratio_25,1,2,0.06733167082294264,0.0,0.05633456588608633,0.022996595693716454,2.4157056031981483e-05
bsc_token_hub_2022,bsc_token_hub_2022__hn028,bsc_token_hub_2022,hard_negative_mined,bsc,0,ratio_75,2,2,0.06733167082294264,0.0025526483726866626,0.07751130148244958,0.02198495122006994,8.142252045217901e-05
bsc_token_hub_2022,bsc_token_hub_2022__hn029,bsc_token_hub_2022,hard_negative_mined,bsc,0,ratio_25,1,1,0.06733167082294264,0.0,0.05633456588608633,0.004766154260150022,7.748237112537026e-05
bsc_token_hub_2022,bsc_token_hub_2022__hn030,bsc_token_hub_2022,hard_negative_mined,bsc,0,ratio_25,1,1,0.06733167082294264,0.0,0.05633456588608633,0.009766154260150022,5.8304496633354574e-05
bsc_token_hub_2022,bsc_token_hub_2022__hn032,bsc_token_hub_2022,hard_negative_mined,bsc,0,ratio_25,1,2,0.06733167082294264,0.0,0.05633456588608633,0.01603090226305952,2.435420174151659e-05
bsc_token_hub_2022,bsc_token_hub_2022__hn032,bsc_token_hub_2022,hard_negative_mined,bsc,0,ratio_75,2,2,0.06733167082294264,0.003190810465858328,0.07751130148244958,0.03057435138949341,0.0005171793163754046
bsc_token_hub_2022,bsc_token_hub_2022__hn033,bsc_token_hub_2022,hard_negative_mined,bsc,0,ratio_25,1,2,0.06733167082294264,0.0012763241863433313,0.01318157616352422,0.0,1.364993386232527e-05
bsc_token_hub_2022,bsc_token_hub_2022__hn033,bsc_token_hub_2022,hard_negative_mined,bsc,0,ratio_75,2,2,0.06733167082294264,0.0038289725590299937,0.03822640182396881,0.00788411434586132,9.29654561332427e-06
bsc_token_hub_2022,bsc_token_hub_2022__hn034,bsc_token_hub_2022,hard_negative_mined,bsc,0,ratio_25,1,2,0.06733167082294264,0.0012763241863433313,0.01318157616352422,0.0,1.364993386232527e-05
bsc_token_hub_2022,bsc_token_hub_2022__hn034,bsc_token_hub_2022,hard_negative_mined,bsc,0,ratio_75,2,2,0.06733167082294264,0.01148691767708998,0.027463101810336957,0.026307266869440106,0.00021507302881218493
bsc_token_hub_2022,bsc_token_hub_2022__hn035,bsc_token_hub_2022,hard_negative_mined,bsc,0,ratio_25,1,1,0.06733167082294264,0.0012763241863433313,0.01318157616352422,0.0,8.726150554139167e-06
bsc_token_hub_2022,bsc_token_hub_2022__hn036,bsc_token_hub_2022,hard_negative_mined,bsc,0,ratio_25,1,1,0.06733167082294264,0.0012763241863433313,0.01318157616352422,0.0,8.726150554139167e-06
bsc_token_hub_2022,bsc_token_hub_2022__hn037,bsc_token_hub_2022,hard_negative_mined,bsc,0,ratio_25,1,1,0.06733167082294264,0.0012763241863433313,0.01318157616352422,0.0015487179487179486,1.7457816284149885e-05
bsc_token_hub_2022,bsc_token_hub_2022__hn038,bsc_token_hub_2022,hard_negative_mined,bsc,0,ratio_25,1,3,0.06733167082294264,0.0,0.10575644941811935,0.0021201465201465203,4.690637797466479e-05
bsc_token_hub_2022,bsc_token_hub_2022__hn038,bsc_token_hub_2022,hard_negative_mined,bsc,0,ratio_50,2,3,0.06733167082294264,0.0025526483726866626,0.10575644941811935,0.039673393894037234,0.00013204173592384905
bsc_token_hub_2022,bsc_token_hub_2022__hn038,bsc_token_hub_2022,hard_negative_mined,bsc,0,ratio_75,3,3,0.06733167082294264,0.0025526483726866626,0.10575644941811935,0.018451116233187445,5.812091694679111e-05
bsc_token_hub_2022,bsc_token_hub_2022__hn039,bsc_token_hub_2022,hard_negative_mined,bsc,0,ratio_25,1,4,0.06733167082294264,0.0,0.05633456588608633,0.02849115438377243,0.0002353284799028188
bsc_token_hub_2022,bsc_token_hub_2022__hn039,bsc_token_hub_2022,hard_negative_mined,bsc,0,ratio_50,2,4,0.06733167082294264,0.003190810465858328,0.05633456588608633,0.4548597950562167,0.003936962690204382
bsc_token_hub_2022,bsc_token_hub_2022__hn039,bsc_token_hub_2022,hard_negative_mined,bsc,0,ratio_75,3,4,0.06733167082294264,0.005105296745373325,0.034974648386334906,0.23292431517311615,0.0012865448370575905
bsc_token_hub_2022,bsc_token_hub_2022__hn039,bsc_token_hub_2022,hard_negative_mined,bsc,0,ratio_100,4,4,0.06733167082294264,0.005105296745373325,0.027463101810336957,0.17153863021284457,0.0013147364370524883
bsc_token_hub_2022,bsc_token_hub_2022__hn040,bsc_token_hub_2022,hard_negative_mined,bsc,0,ratio_25,2,6,0.06733167082294264,0.0025526483726866626,0.05633456588608633,0.1853520448587075,0.0009648959967307746
bsc_token_hub_2022,bsc_token_hub_2022__hn040,bsc_token_hub_2022,hard_negative_mined,bsc,0,ratio_50,3,6,0.06733167082294264,0.003190810465858328,0.06974657648260305,0.03353393741889361,0.0009669366991147399
bsc_token_hub_2022,bsc_token_hub_2022__hn040,bsc_token_hub_2022,hard_negative_mined,bsc,0,ratio_75,5,6,0.06733167082294264,0.0038289725590299937,0.07276217933441782,0.04737704918032787,0.00239420123398304
bsc_token_hub_2022,bsc_token_hub_2022__hn040,bsc_token_hub_2022,hard_negative_mined,bsc,0,ratio_100,6,6,0.06733167082294264,0.0038289725590299937,0.06974657648260305,0.045,0.006079193204641342
bsc_token_hub_2022,bsc_token_hub_2022__hn041,bsc_token_hub_2022,hard_negative_mined,bsc,0,ratio_25,1,1,0.06733167082294264,0.0,0.10575644941811935,0.0,1.0254238986817654e-05
bsc_token_hub_2022,bsc_token_hub_2022__hn042,bsc_token_hub_2022,hard_negative_mined,bsc,0,ratio_25,1,1,0.06733167082294264,0.0,0.10575644941811935,0.004766154260150022,3.615123932831921e-05
bsc_token_hub_2022,bsc_token_hub_2022__hn044,bsc_token_hub_2022,hard_negative_mined,bsc,0,ratio_25,1,1,0.06733167082294264,0.0,0.10575644941811935,0.0015487179487179486,2.0514908101176843e-05
bsc_token_hub_2022,bsc_token_hub_2022__hn045,bsc_token_hub_2022,hard_negative_mined,bsc,0,ratio_25,1,2,0.06733167082294264,0.0,0.05633456588608633,0.022996595693716454,2.3024902475299314e-05
bsc_token_hub_2022,bsc_token_hub_2022__hn045,bsc_token_hub_2022,hard_negative_mined,bsc,0,ratio_75,2,2,0.06733167082294264,0.003190810465858328,0.07751130148244958,0.15208974762192948,0.0003293052432127297
bsc_token_hub_2022,bsc_token_hub_2022__hn046,bsc_token_hub_2022,hard_negative_mined,bsc,0,ratio_25,1,1,0.06733167082294264,0.0012763241863433313,0.01318157616352422,0.0,8.726150554139167e-06
bsc_token_hub_2022,bsc_token_hub_2022__hn047,bsc_token_hub_2022,hard_negative_mined,bsc,0,ratio_25,1,1,0.06733167082294264,0.0012763241863433313,0.01318157616352422,0.0,8.726150554139167e-06
bsc_token_hub_2022,bsc_token_hub_2022__hn048,bsc_token_hub_2022,hard_negative_mined,bsc,0,ratio_25,2,5,0.06733167082294264,0.003190810465858328,0.10575644941811935,0.18673935701698027,0.0002855067723430693
bsc_token_hub_2022,bsc_token_hub_2022__hn048,bsc_token_hub_2022,hard_negative_mined,bsc,0,ratio_50,3,5,0.06733167082294264,0.0038289725590299937,0.10575644941811935,0.18578217325051308,0.0006445244653150439
bsc_token_hub_2022,bsc_token_hub_2022__hn048,bsc_token_hub_2022,hard_negative_mined,bsc,0,ratio_75,4,5,0.06733167082294264,0.004467134652201659,0.10575644941811935,0.009113794954374664,0.0009632788714952767
bsc_token_hub_2022,bsc_token_hub_2022__hn048,bsc_token_hub_2022,hard_negative_mined,bsc,0,ratio_100,5,5,0.06733167082294264,0.005105296745373325,0.10575644941811935,0.012113794954374667,0.00016023489297367632
bsc_token_hub_2022,bsc_token_hub_2022__hn049,bsc_token_hub_2022,hard_negative_mined,bsc,0,ratio_25,2,6,0.06733167082294264,0.0025526483726866626,0.05633456588608633,0.5273265467287039,0.0012245102552697062
bsc_token_hub_2022,bsc_token_hub_2022__hn049,bsc_token_hub_2022,hard_negative_mined,bsc,0,ratio_50,3,6,0.06733167082294264,0.003190810465858328,0.06974657648260305,0.19384739398682405,0.002244471339508891
bsc_token_hub_2022,bsc_token_hub_2022__hn049,bsc_token_hub_2022,hard_negative_mined,bsc,0,ratio_75,5,6,0.06733167082294264,0.0038289725590299937,0.08254280092792517,0.16253634247544685,0.0045745414681732655
bsc_token_hub_2022,bsc_token_hub_2022__hn049,bsc_token_hub_2022,hard_negative_mined,bsc,0,ratio_100,6,6,0.06733167082294264,0.0038289725590299937,0.08606048449151686,0.16762406177369243,0.007165926042944193
bsc_token_hub_2022,bsc_token_hub_2022__hn050,bsc_token_hub_2022,hard_negative_mined,bsc,0,ratio_25,1,2,0.06733167082294264,0.0,0.05633456588608633,0.017996595693716456,0.0002463126729708165
bsc_token_hub_2022,bsc_token_hub_2022__hn050,bsc_token_hub_2022,hard_negative_mined,bsc,0,ratio_75,2,2,0.06733167082294264,0.0025526483726866626,0.05633456588608633,0.09146639981407936,0.006789484992623329
bsc_token_hub_2022,bsc_token_hub_2022__hn051,bsc_token_hub_2022,hard_negative_mined,bsc,0,ratio_25,1,1,0.06733167082294264,0.0,0.10575644941811935,0.0,1.0254238986817654e-05
bsc_token_hub_2022,bsc_token_hub_2022__hn052,bsc_token_hub_2022,hard_negative_mined,bsc,0,ratio_25,1,1,0.06733167082294264,0.0,0.05633456588608633,0.004766154260150022,1.478833110013511e-05
bsc_token_hub_2022,bsc_token_hub_2022__hn053,bsc_token_hub_2022,hard_negative_mined,bsc,0,ratio_25,1,1,0.06733167082294264,0.0,0.10575644941811935,0.0,1.0254238986817654e-05
bsc_token_hub_2022,bsc_token_hub_2022__hn054,bsc_token_hub_2022,hard_negative_mined,bsc,0,ratio_25,1,1,0.06733167082294264,0.0,0.05633456588608633,0.0021201465201465203,1.1586218533921055e-05
bsc_token_hub_2022,bsc_token_hub_2022__hn055,bsc_token_hub_2022,hard_negative_mined,bsc,0,ratio_25,1,3,0.06733167082294264,0.0,0.10575644941811935,0.01,4.6440727601293474e-05
bsc_token_hub_2022,bsc_token_hub_2022__hn055,bsc_token_hub_2022,hard_negative_mined,bsc,0,ratio_50,2,3,0.06733167082294264,0.0025526483726866626,0.10575644941811935,0.016845559257582,7.854305295040831e-05
bsc_token_hub_2022,bsc_token_hub_2022__hn055,bsc_token_hub_2022,hard_negative_mined,bsc,0,ratio_75,3,3,0.06733167082294264,0.005105296745373325,0.10575644941811935,0.002215847070308167,3.9447739254683256e-05
bsc_token_hub_2022,bsc_token_hub_2022__hn056,bsc_token_hub_2022,hard_negative_mined,bsc,0,ratio_25,1,1,0.06733167082294264,0.0012763241863433313,0.01318157616352422,0.0,8.726150554139167e-06
bsc_token_hub_2022,bsc_token_hub_2022__hn057,bsc_token_hub_2022,hard_negative_mined,bsc,0,ratio_25,1,1,0.06733167082294264,0.0012763241863433313,0.01318157616352422,0.0071201465201465195,1.7457816284149885e-05
bsc_token_hub_2022,bsc_token_hub_2022__hn058,bsc_token_hub_2022,hard_negative_mined,bsc,0,ratio_25,1,1,0.06733167082294264,0.0012763241863433313,0.01318157616352422,0.0,8.726150554139167e-06
bsc_token_hub_2022,bsc_token_hub_2022__hn059,bsc_token_hub_2022,hard_negative_mined,bsc,0,k_2,2,14,0.06733167082294264,0.0,0.10575644941811935,0.09675884258320976,0.002035933779552579
bsc_token_hub_2022,bsc_token_hub_2022__hn059,bsc_token_hub_2022,hard_negative_mined,bsc,0,k_3,3,14,0.06733167082294264,0.0025526483726866626,0.10575644941811935,0.06484930896402394,0.0002783282834570855
bsc_token_hub_2022,bsc_token_hub_2022__hn059,bsc_token_hub_2022,hard_negative_mined,bsc,0,ratio_25,4,14,0.06733167082294264,0.005105296745373325,0.10575644941811935,0.04481699552032805,0.0029808031395077705
bsc_token_hub_2022,bsc_token_hub_2022__hn059,bsc_token_hub_2022,hard_negative_mined,bsc,0,k_5,5,14,0.06733167082294264,0.005105296745373325,0.10575644941811935,0.03682998253331506,0.0007873166468925774
bsc_token_hub_2022,bsc_token_hub_2022__hn059,bsc_token_hub_2022,hard_negative_mined,bsc,0,ratio_50,7,14,0.06733167082294264,0.005105296745373325,0.10575644941811935,0.020361702127659576,0.0010290772188454866
bsc_token_hub_2022,bsc_token_hub_2022__hn059,bsc_token_hub_2022,hard_negative_mined,bsc,0,ratio_75,11,14,0.06733167082294264,0.006381620931716656,0.08841877845929012,0.02,0.0013228838797658682
bsc_token_hub_2022,bsc_token_hub_2022__hn059,bsc_token_hub_2022,hard_negative_mined,bsc,0,ratio_100,14,14,0.06733167082294264,0.006381620931716656,0.09190340378145331,0.025,0.0005793168093077838
bsc_token_hub_2022,bsc_token_hub_2022__hn060,bsc_token_hub_2022,hard_negative_mined,bsc,0,ratio_25,1,1,0.06733167082294264,0.0,0.10575644941811935,0.0,1.0254238986817654e-05
bsc_token_hub_2022,bsc_token_hub_2022__hn061,bsc_token_hub_2022,hard_negative_mined,bsc,0,ratio_25,2,6,0.06733167082294264,0.0025526483726866626,0.05633456588608633,0.11591782669875408,0.0006469927029684186
bsc_token_hub_2022,bsc_token_hub_2022__hn061,bsc_token_hub_2022,hard_negative_mined,bsc,0,ratio_50,3,6,0.06733167082294264,0.0025526483726866626,0.05633456588608633,0.042903656241737434,7.295716204680502e-05
bsc_token_hub_2022,bsc_token_hub_2022__hn061,bsc_token_hub_2022,hard_negative_mined,bsc,0,ratio_75,5,6,0.06733167082294264,0.0025526483726866626,0.05633456588608633,0.01772318687687674,2.7591258913162164e-05
bsc_token_hub_2022,bsc_token_hub_2022__hn061,bsc_token_hub_2022,hard_negative_mined,bsc,0,ratio_100,6,6,0.06733167082294264,0.0025526483726866626,0.05633456588608633,0.006399965846994535,3.03035067190649e-05
bsc_token_hub_2022,bsc_token_hub_2022__hn062,bsc_token_hub_2022,hard_negative_mined,bsc,0,ratio_25,1,2,0.06733167082294264,0.0,0.10575644941811935,0.022996595693716454,0.0003661903028842062
bsc_token_hub_2022,bsc_token_hub_2022__hn062,bsc_token_hub_2022,hard_negative_mined,bsc,0,ratio_75,2,2,0.06733167082294264,0.003190810465858328,0.10575644941811935,0.20323632982843642,0.0004484481178224087
bsc_token_hub_2022,bsc_token_hub_2022__hn063,bsc_token_hub_2022,hard_negative_mined,bsc,0,ratio_25,1,3,0.06733167082294264,0.0012763241863433313,0.01318157616352422,0.0,1.5952617104630917e-05
bsc_token_hub_2022,bsc_token_hub_2022__hn063,bsc_token_hub_2022,hard_negative_mined,bsc,0,ratio_50,2,3,0.06733167082294264,0.0038289725590299937,0.01318157616352422,0.012920971626038455,8.139177953125909e-05
bsc_token_hub_2022,bsc_token_hub_2022__hn063,bsc_token_hub_2022,hard_negative_mined,bsc,0,ratio_75,3,3,0.06733167082294264,0.0038289725590299937,0.026890494739111506,0.0013310580204778158,2.8742397262249142e-05
bsc_token_hub_2022,bsc_token_hub_2022__hn064,bsc_token_hub_2022,hard_negative_mined,bsc,0,ratio_25,1,1,0.06733167082294264,0.0,0.10575644941811935,0.0021201465201465203,2.0514908101176843e-05
bsc_token_hub_2022,bsc_token_hub_2022__hn065,bsc_token_hub_2022,hard_negative_mined,bsc,0,ratio_25,2,8,0.06733167082294264,0.0025526483726866626,0.05633456588608633,0.5193623759149602,0.0716555267572403
bsc_token_hub_2022,bsc_token_hub_2022__hn065,bsc_token_hub_2022,hard_negative_mined,bsc,0,k_3,3,8,0.06733167082294264,0.0025526483726866626,0.05633456588608633,0.339310601765769,0.03880869597196579
bsc_token_hub_2022,bsc_token_hub_2022__hn065,bsc_token_hub_2022,hard_negative_mined,bsc,0,ratio_50,4,8,0.06733167082294264,0.0025526483726866626,0.05633456588608633,0.333925119910045,0.009486667811870575
bsc_token_hub_2022,bsc_token_hub_2022__hn065,bsc_token_hub_2022,hard_negative_mined,bsc,0,k_5,5,8,0.06733167082294264,0.0025526483726866626,0.05633456588608633,0.008608602150537634,0.0007902191136963665
bsc_token_hub_2022,bsc_token_hub_2022__hn065,bsc_token_hub_2022,hard_negative_mined,bsc,0,ratio_75,6,8,0.06733167082294264,0.0025526483726866626,0.05633456588608633,0.0159856513308655,0.00021875288803130388
bsc_token_hub_2022,bsc_token_hub_2022__hn065,bsc_token_hub_2022,hard_negative_mined,bsc,0,k_7,7,8,0.06733167082294264,0.0025526483726866626,0.05633456588608633,0.007372748105059053,0.0003523366467561573
bsc_token_hub_2022,bsc_token_hub_2022__hn065,bsc_token_hub_2022,hard_negative_mined,bsc,0,ratio_100,8,8,0.06733167082294264,0.0025526483726866626,0.05633456588608633,0.004995698924731183,0.0016766015905886889
bsc_token_hub_2022,bsc_token_hub_2022__hn066,bsc_token_hub_2022,hard_negative_mined,bsc,0,ratio_25,2,5,0.06733167082294264,0.0025526483726866626,0.10575644941811935,0.046557031023386,5.371342922444455e-05
bsc_token_hub_2022,bsc_token_hub_2022__hn066,bsc_token_hub_2022,hard_negative_mined,bsc,0,ratio_50,3,5,0.06733167082294264,0.0025526483726866626,0.10575644941811935,0.009316895775446617,2.687340929696802e-05
bsc_token_hub_2022,bsc_token_hub_2022__hn066,bsc_token_hub_2022,hard_negative_mined,bsc,0,ratio_75,4,5,0.06733167082294264,0.0025526483726866626,0.10575644941811935,0.0003617021276595744,0.00014049082528799772
bsc_token_hub_2022,bsc_token_hub_2022__hn066,bsc_token_hub_2022,hard_negative_mined,bsc,0,ratio_100,5,5,0.06733167082294264,0.0025526483726866626,0.10575644941811935,0.0003617021276595744,0.00014049082528799772
bsc_token_hub_2022,bsc_token_hub_2022__hn067,bsc_token_hub_2022,hard_negative_mined,bsc,0,ratio_25,1,2,0.06733167082294264,0.0,0.05633456588608633,0.0015487179487179486,2.0967534510418773e-05
bsc_token_hub_2022,bsc_token_hub_2022__hn067,bsc_token_hub_2022,hard_negative_mined,bsc,0,ratio_75,2,2,0.06733167082294264,0.003190810465858328,0.07751130148244958,0.06880980675050954,4.226627424941398e-05
bsc_token_hub_2022,bsc_token_hub_2022__hn068,bsc_token_hub_2022,hard_negative_mined,bsc,0,ratio_25,1,2,0.06733167082294264,0.0,0.05633456588608633,0.017996595693716456,4.692521542892791e-05
bsc_token_hub_2022,bsc_token_hub_2022__hn068,bsc_token_hub_2022,hard_negative_mined,bsc,0,ratio_75,2,2,0.06733167082294264,0.003190810465858328,0.07751130148244958,0.1065625533936351,0.0004201378033030778
bsc_token_hub_2022,bsc_token_hub_2022__hn069,bsc_token_hub_2022,hard_negative_mined,bsc,0,ratio_25,1,3,0.06733167082294264,0.0,0.10575644941811935,0.027222447966443727,0.0009239695500582457
bsc_token_hub_2022,bsc_token_hub_2022__hn069,bsc_token_hub_2022,hard_negative_mined,bsc,0,ratio_50,2,3,0.06733167082294264,0.0025526483726866626,0.10575644941811935,0.14160562435413548,0.0004892903380095959
bsc_token_hub_2022,bsc_token_hub_2022__hn069,bsc_token_hub_2022,hard_negative_mined,bsc,0,ratio_75,3,3,0.06733167082294264,0.004467134652201659,0.05407549903456859,0.3341301365000369,0.04762273281812668
qbridge_qubit_2022,qbridge_qubit_2022__hn000,qbridge_qubit_2022,hard_negative_mined,bsc,0,ratio_25,1,1,0.06936416184971098,0.0,0.05070010956047068,0.004399977718360071,6.26142937107943e-05
qbridge_qubit_2022,qbridge_qubit_2022__hn001,qbridge_qubit_2022,hard_negative_mined,bsc,0,k_2,2,458,0.06936416184971098,0.0025526483726866626,0.11692000227235051,0.1295656233573455,0.006001945585012436
qbridge_qubit_2022,qbridge_qubit_2022__hn001,qbridge_qubit_2022,hard_negative_mined,bsc,0,k_3,3,458,0.06936416184971098,0.0025526483726866626,0.11692000227235051,0.07286328947394097,0.0013121626107022166
qbridge_qubit_2022,qbridge_qubit_2022__hn001,qbridge_qubit_2022,hard_negative_mined,bsc,0,k_5,5,458,0.06936416184971098,0.0025526483726866626,0.11692000227235051,0.07504062604233824,0.00117108051199466
qbridge_qubit_2022,qbridge_qubit_2022__hn001,qbridge_qubit_2022,hard_negative_mined,bsc,0,k_7,7,458,0.06936416184971098,0.0025526483726866626,0.11692000227235051,0.0806371652345478,0.00032552832271903753
qbridge_qubit_2022,qbridge_qubit_2022__hn001,qbridge_qubit_2022,hard_negative_mined,bsc,0,ratio_25,115,458,0.06936416184971098,0.0025526483726866626,0.11692000227235051,0.052225948592635296,0.00027244017110206187
qbridge_qubit_2022,qbridge_qubit_2022__hn001,qbridge_qubit_2022,hard_negative_mined,bsc,0,ratio_50,229,458,0.06936416184971098,0.0025526483726866626,0.11692000227235051,0.01479313719886806,8.13236620160751e-05
qbridge_qubit_2022,qbridge_qubit_2022__hn001,qbridge_qubit_2022,hard_negative_mined,bsc,0,ratio_75,344,458,0.06936416184971098,0.0025526483726866626,0.11692000227235051,0.006912477870908741,6.435476097976789e-05
qbridge_qubit_2022,qbridge_qubit_2022__hn001,qbridge_qubit_2022,hard_negative_mined,bsc,0,ratio_100,458,458,0.06936416184971098,0.0025526483726866626,0.11692000227235051,0.0023730389069173464,3.764481152757071e-05
qbridge_qubit_2022,qbridge_qubit_2022__hn002,qbridge_qubit_2022,hard_negative_mined,bsc,0,ratio_25,1,3,0.06936416184971098,0.0,0.05070010956047068,0.010863289052994935,1.7962813217309304e-05
qbridge_qubit_2022,qbridge_qubit_2022__hn002,qbridge_qubit_2022,hard_negative_mined,bsc,0,ratio_50,2,3,0.06936416184971098,0.003190810465858328,0.05070010956047068,0.04044122361066095,2.632988071127329e-05
qbridge_qubit_2022,qbridge_qubit_2022__hn002,qbridge_qubit_2022,hard_negative_mined,bsc,0,ratio_75,3,3,0.06936416184971098,0.0038289725590299937,0.05070010956047068,0.007831184768880868,3.5749952076002955e-05
qbridge_qubit_2022,qbridge_qubit_2022__hn003,qbridge_qubit_2022,hard_negative_mined,bsc,0,ratio_25,1,1,0.06936416184971098,0.0,0.11692000227235051,0.0,1.291631178901298e-05
qbridge_qubit_2022,qbridge_qubit_2022__hn004,qbridge_qubit_2022,hard_negative_mined,bsc,0,ratio_25,1,3,0.06936416184971098,0.0,0.11692000227235051,0.0,2.4245080567197874e-05
qbridge_qubit_2022,qbridge_qubit_2022__hn004,qbridge_qubit_2022,hard_negative_mined,bsc,0,ratio_50,2,3,0.06936416184971098,0.003190810465858328,0.06326914912754518,0.05002549580853409,2.3246526325237937e-05
qbridge_qubit_2022,qbridge_qubit_2022__hn004,qbridge_qubit_2022,hard_negative_mined,bsc,0,ratio_75,3,3,0.06936416184971098,0.003190810465858328,0.051204998652712046,0.13882886780307466,2.3609152776771225e-05
qbridge_qubit_2022,qbridge_qubit_2022__hn005,qbridge_qubit_2022,hard_negative_mined,bsc,0,ratio_25,1,3,0.06936416184971098,0.0,0.033308381194448615,0.006185692004074358,0.00027285609394311905
qbridge_qubit_2022,qbridge_qubit_2022__hn005,qbridge_qubit_2022,hard_negative_mined,bsc,0,ratio_50,2,3,0.06936416184971098,0.0025526483726866626,0.033308381194448615,0.05230490781825252,0.0001662299910094589
qbridge_qubit_2022,qbridge_qubit_2022__hn005,qbridge_qubit_2022,hard_negative_mined,bsc,0,ratio_75,3,3,0.06936416184971098,0.003190810465858328,0.033308381194448615,0.02736506562766333,0.0010004781652241945
qbridge_qubit_2022,qbridge_qubit_2022__hn006,qbridge_qubit_2022,hard_negative_mined,bsc,0,ratio_25,1,2,0.06936416184971098,0.0,0.11692000227235051,0.0008477272727272728,2.4717790438444354e-05
qbridge_qubit_2022,qbridge_qubit_2022__hn006,qbridge_qubit_2022,hard_negative_mined,bsc,0,ratio_75,2,2,0.06936416184971098,0.0025526483726866626,0.11692000227235051,0.03206930359116905,9.369228064315394e-05
qbridge_qubit_2022,qbridge_qubit_2022__hn007,qbridge_qubit_2022,hard_negative_mined,bsc,0,ratio_25,1,2,0.06936416184971098,0.0,0.11692000227235051,0.0,2.1429554180940613e-05
qbridge_qubit_2022,qbridge_qubit_2022__hn007,qbridge_qubit_2022,hard_negative_mined,bsc,0,ratio_75,2,2,0.06936416184971098,0.0025526483726866626,0.11692000227235051,0.027102981248387698,8.041202090680599e-05
qbridge_qubit_2022,qbridge_qubit_2022__hn008,qbridge_qubit_2022,hard_negative_mined,bsc,0,ratio_25,2,7,0.06936416184971098,0.0025526483726866626,0.11692000227235051,0.06283962441064356,0.00017545172886457294
qbridge_qubit_2022,qbridge_qubit_2022__hn008,qbridge_qubit_2022,hard_negative_mined,bsc,0,k_3,3,7,0.06936416184971098,0.0025526483726866626,0.11692000227235051,0.08944018194559476,0.00028329205815680325
qbridge_qubit_2022,qbridge_qubit_2022__hn008,qbridge_qubit_2022,hard_negative_mined,bsc,0,ratio_50,4,7,0.06936416184971098,0.0025526483726866626,0.11692000227235051,0.09593594870796508,0.00015972067194525152
qbridge_qubit_2022,qbridge_qubit_2022__hn008,qbridge_qubit_2022,hard_negative_mined,bsc,0,k_5,5,7,0.06936416184971098,0.0025526483726866626,0.11692000227235051,0.06995650865698995,0.0002062230050796643
qbridge_qubit_2022,qbridge_qubit_2022__hn008,qbridge_qubit_2022,hard_negative_mined,bsc,0,ratio_75,6,7,0.06936416184971098,0.0025526483726866626,0.11692000227235051,0.06880427104139025,0.0002022568805841729
qbridge_qubit_2022,qbridge_qubit_2022__hn008,qbridge_qubit_2022,hard_negative_mined,bsc,0,ratio_100,7,7,0.06936416184971098,0.0025526483726866626,0.11692000227235051,0.04636558955495982,3.35722288582474e-05
qbridge_qubit_2022,qbridge_qubit_2022__hn009,qbridge_qubit_2022,hard_negative_mined,bsc,0,k_2,2,858,0.06936416184971098,0.0025526483726866626,0.11692000227235051,0.14427230156854573,0.002366175875067711
qbridge_qubit_2022,qbridge_qubit_2022__hn009,qbridge_qubit_2022,hard_negative_mined,bsc,0,k_3,3,858,0.06936416184971098,0.0025526483726866626,0.11692000227235051,0.13690871469428795,0.0021573840640485287
qbridge_qubit_2022,qbridge_qubit_2022__hn009,qbridge_qubit_2022,hard_negative_mined,bsc,0,k_5,5,858,0.06936416184971098,0.0025526483726866626,0.11692000227235051,0.14366257775463367,0.007313183043152094
qbridge_qubit_2022,qbridge_qubit_2022__hn009,qbridge_qubit_2022,hard_negative_mined,bsc,0,k_7,7,858,0.06936416184971098,0.0025526483726866626,0.11692000227235051,0.06624553189246278,0.0010124982800334692
qbridge_qubit_2022,qbridge_qubit_2022__hn009,qbridge_qubit_2022,hard_negative_mined,bsc,0,ratio_25,215,858,0.06936416184971098,0.0025526483726866626,0.11692000227235051,0.008350867269984918,6.058619328541681e-05
qbridge_qubit_2022,qbridge_qubit_2022__hn009,qbridge_qubit_2022,hard_negative_mined,bsc,0,ratio_50,429,858,0.06936416184971098,0.0025526483726866626,0.11692000227235051,0.02378226794572948,2.319641316717025e-05
qbridge_qubit_2022,qbridge_qubit_2022__hn009,qbridge_qubit_2022,hard_negative_mined,bsc,0,ratio_75,644,858,0.06936416184971098,0.0025526483726866626,0.11692000227235051,0.023657267945729483,9.316946670878679e-05
qbridge_qubit_2022,qbridge_qubit_2022__hn009,qbridge_qubit_2022,hard_negative_mined,bsc,0,ratio_100,858,858,0.06936416184971098,0.0025526483726866626,0.11692000227235051,0.033344767945729485,2.9477825592039153e-05
qbridge_qubit_2022,qbridge_qubit_2022__hn010,qbridge_qubit_2022,hard_negative_mined,bsc,0,k_2,2,176,0.06936416184971098,0.0025526483726866626,0.11692000227235051,0.09532937089168886,0.0043966760858893394
qbridge_qubit_2022,qbridge_qubit_2022__hn010,qbridge_qubit_2022,hard_negative_mined,bsc,0,k_3,3,176,0.06936416184971098,0.0025526483726866626,0.11692000227235051,0.04654870001758191,0.0009431230719201267
qbridge_qubit_2022,qbridge_qubit_2022__hn010,qbridge_qubit_2022,hard_negative_mined,bsc,0,k_5,5,176,0.06936416184971098,0.0025526483726866626,0.11692000227235051,0.0780995656051429,0.0027046441100537777
qbridge_qubit_2022,qbridge_qubit_2022__hn010,qbridge_qubit_2022,hard_negative_mined,bsc,0,k_7,7,176,0.06936416184971098,0.0025526483726866626,0.11692000227235051,0.05860889655197385,0.0010617882944643497
qbridge_qubit_2022,qbridge_qubit_2022__hn010,qbridge_qubit_2022,hard_negative_mined,bsc,0,ratio_25,44,176,0.06936416184971098,0.0025526483726866626,0.11692000227235051,0.011655301066886656,0.0002547354670241475
qbridge_qubit_2022,qbridge_qubit_2022__hn010,qbridge_qubit_2022,hard_negative_mined,bsc,0,ratio_50,88,176,0.06936416184971098,0.0025526483726866626,0.11692000227235051,0.0008035714285714287,5.3149684390518814e-05
qbridge_qubit_2022,qbridge_qubit_2022__hn010,qbridge_qubit_2022,hard_negative_mined,bsc,0,ratio_75,132,176,0.06936416184971098,0.0025526483726866626,0.11692000227235051,0.0008035714285714287,3.662490416900255e-05
qbridge_qubit_2022,qbridge_qubit_2022__hn010,qbridge_qubit_2022,hard_negative_mined,bsc,0,ratio_100,176,176,0.06936416184971098,0.0025526483726866626,0.11692000227235051,0.005803571428571429,3.592040957300924e-05
qbridge_qubit_2022,qbridge_qubit_2022__hn011,qbridge_qubit_2022,hard_negative_mined,bsc,0,k_2,2,773,0.06936416184971098,0.0025526483726866626,0.11692000227235051,0.03623457413135244,0.003109340788796544
qbridge_qubit_2022,qbridge_qubit_2022__hn011,qbridge_qubit_2022,hard_negative_mined,bsc,0,k_3,3,773,0.06936416184971098,0.0025526483726866626,0.11692000227235051,0.14043278342615512,0.006315384991466999
qbridge_qubit_2022,qbridge_qubit_2022__hn011,qbridge_qubit_2022,hard_negative_mined,bsc,0,k_5,5,773,0.06936416184971098,0.0025526483726866626,0.11692000227235051,0.11174525654505568,0.003554366063326597
qbridge_qubit_2022,qbridge_qubit_2022__hn011,qbridge_qubit_2022,hard_negative_mined,bsc,0,k_7,7,773,0.06936416184971098,0.0025526483726866626,0.11692000227235051,0.08664609814171843,0.002348870038986206
qbridge_qubit_2022,qbridge_qubit_2022__hn011,qbridge_qubit_2022,hard_negative_mined,bsc,0,ratio_25,194,773,0.06936416184971098,0.0025526483726866626,0.11692000227235051,0.010391422112594837,0.000226121541345492
qbridge_qubit_2022,qbridge_qubit_2022__hn011,qbridge_qubit_2022,hard_negative_mined,bsc,0,ratio_50,387,773,0.06936416184971098,0.0025526483726866626,0.11692000227235051,0.010391422112594837,4.4254178646951914e-05
qbridge_qubit_2022,qbridge_qubit_2022__hn011,qbridge_qubit_2022,hard_negative_mined,bsc,0,ratio_75,580,773,0.06936416184971098,0.0025526483726866626,0.11692000227235051,0.004051938281307728,3.0494958991766907e-05
qbridge_qubit_2022,qbridge_qubit_2022__hn011,qbridge_qubit_2022,hard_negative_mined,bsc,0,ratio_100,773,773,0.06936416184971098,0.0025526483726866626,0.11692000227235051,0.002840674828558206,0.0003099535242654383
qbridge_qubit_2022,qbridge_qubit_2022__hn012,qbridge_qubit_2022,hard_negative_mined,bsc,0,ratio_25,1,4,0.06936416184971098,0.0,0.033308381194448615,0.034621772802553435,0.0034398736897855997
qbridge_qubit_2022,qbridge_qubit_2022__hn012,qbridge_qubit_2022,hard_negative_mined,bsc,0,ratio_50,2,4,0.06936416184971098,0.003190810465858328,0.033308381194448615,0.020395451003157407,0.00020952039631083608
qbridge_qubit_2022,qbridge_qubit_2022__hn012,qbridge_qubit_2022,hard_negative_mined,bsc,0,ratio_75,3,4,0.06936416184971098,0.0038289725590299937,0.033308381194448615,0.010867293853120592,6.366063462337479e-05
qbridge_qubit_2022,qbridge_qubit_2022__hn012,qbridge_qubit_2022,hard_negative_mined,bsc,0,ratio_100,4,4,0.06936416184971098,0.004467134652201659,0.033308381194448615,0.05,0.00011144046584377065
qbridge_qubit_2022,qbridge_qubit_2022__hn013,qbridge_qubit_2022,hard_negative_mined,bsc,0,k_2,2,521,0.06936416184971098,0.0025526483726866626,0.11692000227235051,0.1133705631381257,0.006101164035499096
qbridge_qubit_2022,qbridge_qubit_2022__hn013,qbridge_qubit_2022,hard_negative_mined,bsc,0,k_3,3,521,0.06936416184971098,0.0025526483726866626,0.11692000227235051,0.09736181337874862,0.002046627691015601
qbridge_qubit_2022,qbridge_qubit_2022__hn013,qbridge_qubit_2022,hard_negative_mined,bsc,0,k_5,5,521,0.06936416184971098,0.0025526483726866626,0.09943662757725387,0.12188004366341416,0.004543147515505552
qbridge_qubit_2022,qbridge_qubit_2022__hn013,qbridge_qubit_2022,hard_negative_mined,bsc,0,k_7,7,521,0.06936416184971098,0.0025526483726866626,0.1041797813835775,0.1037025009620312,0.003848425578325987
qbridge_qubit_2022,qbridge_qubit_2022__hn013,qbridge_qubit_2022,hard_negative_mined,bsc,0,ratio_25,131,521,0.06936416184971098,0.0025526483726866626,0.11479038236706908,0.001236122099762645,0.00010917576582869515
qbridge_qubit_2022,qbridge_qubit_2022__hn013,qbridge_qubit_2022,hard_negative_mined,bsc,0,ratio_50,261,521,0.06936416184971098,0.0025526483726866626,0.11584686049530604,0.006548913043478262,0.0003182780055794865
qbridge_qubit_2022,qbridge_qubit_2022__hn013,qbridge_qubit_2022,hard_negative_mined,bsc,0,ratio_75,391,521,0.06936416184971098,0.0025526483726866626,0.11620270639670449,0.001548913043478261,1.1782148249039892e-05
qbridge_qubit_2022,qbridge_qubit_2022__hn013,qbridge_qubit_2022,hard_negative_mined,bsc,0,ratio_100,521,521,0.06936416184971098,0.0025526483726866626,0.11638132751481477,0.001548913043478261,1.1555509445315693e-05
qbridge_qubit_2022,qbridge_qubit_2022__hn014,qbridge_qubit_2022,hard_negative_mined,bsc,0,k_2,2,11,0.06936416184971098,0.0025526483726866626,0.05070010956047068,0.6361576981868468,0.5316179990768433
qbridge_qubit_2022,qbridge_qubit_2022__hn014,qbridge_qubit_2022,hard_negative_mined,bsc,0,ratio_25,3,11,0.06936416184971098,0.0025526483726866626,0.05070010956047068,0.47970320804381955,0.19717182219028473
qbridge_qubit_2022,qbridge_qubit_2022__hn014,qbridge_qubit_2022,hard_negative_mined,bsc,0,k_5,5,11,0.06936416184971098,0.0025526483726866626,0.05070010956047068,0.014509453760762334,0.0011495129438117146
qbridge_qubit_2022,qbridge_qubit_2022__hn014,qbridge_qubit_2022,hard_negative_mined,bsc,0,ratio_50,6,11,0.06936416184971098,0.0025526483726866626,0.05070010956047068,0.0099050662128264,0.0016413264675065875
qbridge_qubit_2022,qbridge_qubit_2022__hn014,qbridge_qubit_2022,hard_negative_mined,bsc,0,k_7,7,11,0.06936416184971098,0.0025526483726866626,0.05070010956047068,0.010738399546159733,0.0011315778829157352
qbridge_qubit_2022,qbridge_qubit_2022__hn014,qbridge_qubit_2022,hard_negative_mined,bsc,0,ratio_75,9,11,0.06936416184971098,0.0025526483726866626,0.05070010956047068,0.012124363360966053,0.0004031084245070815
qbridge_qubit_2022,qbridge_qubit_2022__hn014,qbridge_qubit_2022,hard_negative_mined,bsc,0,ratio_100,11,11,0.06936416184971098,0.003190810465858328,0.05482297032277145,0.0035522504456327987,0.0004640533297788352
qbridge_qubit_2022,qbridge_qubit_2022__hn015,qbridge_qubit_2022,hard_negative_mined,bsc,0,k_2,2,23,0.06936416184971098,0.0025526483726866626,0.11692000227235051,0.15101799551774375,0.013466920703649521
qbridge_qubit_2022,qbridge_qubit_2022__hn015,qbridge_qubit_2022,hard_negative_mined,bsc,0,k_3,3,23,0.06936416184971098,0.0025526483726866626,0.11692000227235051,0.15155782803501938,0.011754223145544529
qbridge_qubit_2022,qbridge_qubit_2022__hn015,qbridge_qubit_2022,hard_negative_mined,bsc,0,k_5,5,23,0.06936416184971098,0.0025526483726866626,0.11692000227235051,0.06964600245717516,0.0012437369441613555
qbridge_qubit_2022,qbridge_qubit_2022__hn015,qbridge_qubit_2022,hard_negative_mined,bsc,0,ratio_25,6,23,0.06936416184971098,0.0025526483726866626,0.11692000227235051,0.00977715443353592,0.0006905618356540799
qbridge_qubit_2022,qbridge_qubit_2022__hn015,qbridge_qubit_2022,hard_negative_mined,bsc,0,k_7,7,23,0.06936416184971098,0.0025526483726866626,0.11692000227235051,0.003164251207729468,0.0006390077760443091
qbridge_qubit_2022,qbridge_qubit_2022__hn015,qbridge_qubit_2022,hard_negative_mined,bsc,0,ratio_50,12,23,0.06936416184971098,0.0025526483726866626,0.11692000227235051,0.0,0.00017084395221900195
qbridge_qubit_2022,qbridge_qubit_2022__hn015,qbridge_qubit_2022,hard_negative_mined,bsc,0,ratio_75,18,23,0.06936416184971098,0.0025526483726866626,0.11692000227235051,0.0,0.00011773089499911293
qbridge_qubit_2022,qbridge_qubit_2022__hn015,qbridge_qubit_2022,hard_negative_mined,bsc,0,ratio_100,23,23,0.06936416184971098,0.0025526483726866626,0.11692000227235051,0.002105263157894737,9.081287862500176e-05
qbridge_qubit_2022,qbridge_qubit_2022__hn016,qbridge_qubit_2022,hard_negative_mined,bsc,0,ratio_25,1,4,0.06936416184971098,0.0,0.05070010956047068,0.03962177280255344,0.0007380595779977739
qbridge_qubit_2022,qbridge_qubit_2022__hn016,qbridge_qubit_2022,hard_negative_mined,bsc,0,ratio_50,2,4,0.06936416184971098,0.0025526483726866626,0.05070010956047068,0.11075336003005938,8.807954873191193e-05
qbridge_qubit_2022,qbridge_qubit_2022__hn016,qbridge_qubit_2022,hard_negative_mined,bsc,0,ratio_75,3,4,0.06936416184971098,0.0025526483726866626,0.05070010956047068,0.23891778955179696,0.00010136271157534793
qbridge_qubit_2022,qbridge_qubit_2022__hn016,qbridge_qubit_2022,hard_negative_mined,bsc,0,ratio_100,4,4,0.06936416184971098,0.0025526483726866626,0.05070010956047068,0.2492658906227176,3.5365286748856306e-05
qbridge_qubit_2022,qbridge_qubit_2022__hn017,qbridge_qubit_2022,hard_negative_mined,bsc,0,ratio_25,1,2,0.06936416184971098,0.0,0.11692000227235051,0.0,2.1429554180940613e-05
qbridge_qubit_2022,qbridge_qubit_2022__hn017,qbridge_qubit_2022,hard_negative_mined,bsc,0,ratio_75,2,2,0.06936416184971098,0.003190810465858328,0.11692000227235051,0.05067300061629952,2.9464390536304563e-05
qbridge_qubit_2022,qbridge_qubit_2022__hn018,qbridge_qubit_2022,hard_negative_mined,bsc,0,ratio_25,1,2,0.06936416184971098,0.0,0.05070010956047068,0.010989613572701808,3.075720087508671e-05
qbridge_qubit_2022,qbridge_qubit_2022__hn018,qbridge_qubit_2022,hard_negative_mined,bsc,0,ratio_75,2,2,0.06936416184971098,0.0025526483726866626,0.05070010956047068,0.11769896533284163,8.578712004236877e-05
qbridge_qubit_2022,qbridge_qubit_2022__hn019,qbridge_qubit_2022,hard_negative_mined,bsc,0,ratio_25,1,1,0.06936416184971098,0.0,0.11692000227235051,0.0,1.291631178901298e-05
qbridge_qubit_2022,qbridge_qubit_2022__hn020,qbridge_qubit_2022,hard_negative_mined,bsc,0,ratio_25,1,3,0.06936416184971098,0.0,0.05070010956047068,0.014613289052994936,1.6296191461151466e-05
qbridge_qubit_2022,qbridge_qubit_2022__hn020,qbridge_qubit_2022,hard_negative_mined,bsc,0,ratio_50,2,3,0.06936416184971098,0.0025526483726866626,0.05070010956047068,0.14845450183209294,0.00014604000898543745
qbridge_qubit_2022,qbridge_qubit_2022__hn020,qbridge_qubit_2022,hard_negative_mined,bsc,0,ratio_75,3,3,0.06936416184971098,0.0025526483726866626,0.05070010956047068,0.10341892727071583,0.00013093762390781194
qbridge_qubit_2022,qbridge_qubit_2022__hn021,qbridge_qubit_2022,hard_negative_mined,bsc,0,k_2,2,12,0.06936416184971098,0.0025526483726866626,0.05070010956047068,0.6373754708671224,0.35135501623153687
qbridge_qubit_2022,qbridge_qubit_2022__hn021,qbridge_qubit_2022,hard_negative_mined,bsc,0,ratio_25,3,12,0.06936416184971098,0.0025526483726866626,0.05070010956047068,0.4311847612418446,0.032226208597421646
qbridge_qubit_2022,qbridge_qubit_2022__hn021,qbridge_qubit_2022,hard_negative_mined,bsc,0,k_5,5,12,0.06936416184971098,0.0025526483726866626,0.05070010956047068,0.2672231755947057,0.0010190736502408981
qbridge_qubit_2022,qbridge_qubit_2022__hn021,qbridge_qubit_2022,hard_negative_mined,bsc,0,ratio_50,6,12,0.06936416184971098,0.0025526483726866626,0.05070010956047068,0.30561510346863335,0.0005177714629098773
qbridge_qubit_2022,qbridge_qubit_2022__hn021,qbridge_qubit_2022,hard_negative_mined,bsc,0,k_7,7,12,0.06936416184971098,0.0025526483726866626,0.05070010956047068,0.29478315758941553,0.004376695957034826
qbridge_qubit_2022,qbridge_qubit_2022__hn021,qbridge_qubit_2022,hard_negative_mined,bsc,0,ratio_75,9,12,0.06936416184971098,0.0025526483726866626,0.05070010956047068,0.03986946203939878,0.000190289894817397
qbridge_qubit_2022,qbridge_qubit_2022__hn021,qbridge_qubit_2022,hard_negative_mined,bsc,0,ratio_100,12,12,0.06936416184971098,0.0025526483726866626,0.05070010956047068,0.05287883205534774,0.00014678441220894456
qbridge_qubit_2022,qbridge_qubit_2022__hn022,qbridge_qubit_2022,hard_negative_mined,bsc,0,k_2,2,77,0.06936416184971098,0.0025526483726866626,0.05070010956047068,0.6144362836345642,0.018330616876482964
qbridge_qubit_2022,qbridge_qubit_2022__hn022,qbridge_qubit_2022,hard_negative_mined,bsc,0,k_3,3,77,0.06936416184971098,0.0025526483726866626,0.05070010956047068,0.6301008224027288,0.03110184334218502
qbridge_qubit_2022,qbridge_qubit_2022__hn022,qbridge_qubit_2022,hard_negative_mined,bsc,0,k_5,5,77,0.06936416184971098,0.003190810465858328,0.07131596555590015,0.4498187653144751,0.6370898485183716
qbridge_qubit_2022,qbridge_qubit_2022__hn022,qbridge_qubit_2022,hard_negative_mined,bsc,0,k_7,7,77,0.06936416184971098,0.004467134652201659,0.07305313598246548,0.4411447699238847,0.5476295351982117
qbridge_qubit_2022,qbridge_qubit_2022__hn022,qbridge_qubit_2022,hard_negative_mined,bsc,0,ratio_25,20,77,0.06936416184971098,0.006381620931716656,0.08087869158684902,0.18583702866710297,0.09690113365650177
qbridge_qubit_2022,qbridge_qubit_2022__hn022,qbridge_qubit_2022,hard_negative_mined,bsc,0,ratio_50,39,77,0.06936416184971098,0.006381620931716656,0.06740995092054683,0.06245968449552842,0.03062046878039837
qbridge_qubit_2022,qbridge_qubit_2022__hn022,qbridge_qubit_2022,hard_negative_mined,bsc,0,ratio_75,58,77,0.06936416184971098,0.006381620931716656,0.0809951277678595,0.06361180074509595,0.0030977746937423944
qbridge_qubit_2022,qbridge_qubit_2022__hn022,qbridge_qubit_2022,hard_negative_mined,bsc,0,ratio_100,77,77,0.06936416184971098,0.006381620931716656,0.08879159611466989,0.02260967846036496,0.0028489679098129272
qbridge_qubit_2022,qbridge_qubit_2022__hn023,qbridge_qubit_2022,hard_negative_mined,bsc,0,k_2,2,253,0.06936416184971098,0.0025526483726866626,0.11692000227235051,0.1814845933529576,0.003834679489955306
qbridge_qubit_2022,qbridge_qubit_2022__hn023,qbridge_qubit_2022,hard_negative_mined,bsc,0,k_3,3,253,0.06936416184971098,0.0025526483726866626,0.11692000227235051,0.12643255328878086,0.059890907257795334
qbridge_qubit_2022,qbridge_qubit_2022__hn023,qbridge_qubit_2022,hard_negative_mined,bsc,0,k_5,5,253,0.06936416184971098,0.0025526483726866626,0.11692000227235051,0.022114357794132754,0.0008279761532321572
qbridge_qubit_2022,qbridge_qubit_2022__hn023,qbridge_qubit_2022,hard_negative_mined,bsc,0,k_7,7,253,0.06936416184971098,0.0025526483726866626,0.11692000227235051,0.06188346782742346,0.00196624593809247
qbridge_qubit_2022,qbridge_qubit_2022__hn023,qbridge_qubit_2022,hard_negative_mined,bsc,0,ratio_25,64,253,0.06936416184971098,0.0025526483726866626,0.11692000227235051,0.0047153626076893405,0.0005932120839133859
qbridge_qubit_2022,qbridge_qubit_2022__hn023,qbridge_qubit_2022,hard_negative_mined,bsc,0,ratio_50,127,253,0.06936416184971098,0.0025526483726866626,0.11692000227235051,0.009715362607689342,0.00014203813043422997
qbridge_qubit_2022,qbridge_qubit_2022__hn023,qbridge_qubit_2022,hard_negative_mined,bsc,0,ratio_75,190,253,0.06936416184971098,0.0025526483726866626,0.11692000227235051,0.014715362607689339,9.787935414351523e-05
qbridge_qubit_2022,qbridge_qubit_2022__hn023,qbridge_qubit_2022,hard_negative_mined,bsc,0,ratio_100,253,253,0.06936416184971098,0.0025526483726866626,0.11692000227235051,0.006820625765584077,9.599672193871811e-05
qbridge_qubit_2022,qbridge_qubit_2022__hn024,qbridge_qubit_2022,hard_negative_mined,bsc,0,ratio_25,1,2,0.06936416184971098,0.0,0.11692000227235051,0.0,2.1429554180940613e-05
qbridge_qubit_2022,qbridge_qubit_2022__hn024,qbridge_qubit_2022,hard_negative_mined,bsc,0,ratio_75,2,2,0.06936416184971098,0.003190810465858328,0.11692000227235051,0.0517018629715763,4.341842213761993e-05
qbridge_qubit_2022,qbridge_qubit_2022__hn025,qbridge_qubit_2022,hard_negative_mined,bsc,0,k_2,2,43,0.06936416184971098,0.0025526483726866626,0.11692000227235051,0.010161503838151611,0.00017091237532440573
qbridge_qubit_2022,qbridge_qubit_2022__hn025,qbridge_qubit_2022,hard_negative_mined,bsc,0,k_3,3,43,0.06936416184971098,0.0025526483726866626,0.11692000227235051,0.036292876020011716,0.001484122360125184
qbridge_qubit_2022,qbridge_qubit_2022__hn025,qbridge_qubit_2022,hard_negative_mined,bsc,0,k_5,5,43,0.06936416184971098,0.0025526483726866626,0.11692000227235051,0.06566637115032849,0.0011514137731865048
qbridge_qubit_2022,qbridge_qubit_2022__hn025,qbridge_qubit_2022,hard_negative_mined,bsc,0,k_7,7,43,0.06936416184971098,0.0025526483726866626,0.11692000227235051,0.054573414045358246,0.0003227197448723018
qbridge_qubit_2022,qbridge_qubit_2022__hn025,qbridge_qubit_2022,hard_negative_mined,bsc,0,ratio_25,11,43,0.06936416184971098,0.0025526483726866626,0.11692000227235051,0.03386972160654304,4.912801523460075e-05
qbridge_qubit_2022,qbridge_qubit_2022__hn025,qbridge_qubit_2022,hard_negative_mined,bsc,0,ratio_50,22,43,0.06936416184971098,0.008296107211231652,0.09724127020099153,0.025170082070944705,0.00024930285871960223
qbridge_qubit_2022,qbridge_qubit_2022__hn025,qbridge_qubit_2022,hard_negative_mined,bsc,0,ratio_75,33,43,0.06936416184971098,0.014677728142948309,0.09136855215671304,0.023001892755720753,0.00016751229122746736
qbridge_qubit_2022,qbridge_qubit_2022__hn025,qbridge_qubit_2022,hard_negative_mined,bsc,0,ratio_100,43,43,0.06936416184971098,0.01914486279514997,0.08629483124054523,0.011414728682170543,0.0018591460539028049
qbridge_qubit_2022,qbridge_qubit_2022__hn026,qbridge_qubit_2022,hard_negative_mined,bsc,0,ratio_25,1,1,0.06936416184971098,0.0,0.11692000227235051,0.0,1.291631178901298e-05
qbridge_qubit_2022,qbridge_qubit_2022__hn027,qbridge_qubit_2022,hard_negative_mined,bsc,0,ratio_25,1,3,0.06936416184971098,0.0,0.033308381194448615,0.006185692004074358,0.00027285609394311905
qbridge_qubit_2022,qbridge_qubit_2022__hn027,qbridge_qubit_2022,hard_negative_mined,bsc,0,ratio_50,2,3,0.06936416184971098,0.0025526483726866626,0.033308381194448615,0.05356793131161308,0.00022086100943852216
qbridge_qubit_2022,qbridge_qubit_2022__hn027,qbridge_qubit_2022,hard_negative_mined,bsc,0,ratio_75,3,3,0.06936416184971098,0.003190810465858328,0.033308381194448615,0.02736506562766333,0.000886722409632057
qbridge_qubit_2022,qbridge_qubit_2022__hn028,qbridge_qubit_2022,hard_negative_mined,bsc,0,ratio_25,2,8,0.06936416184971098,0.003190810465858328,0.0775678161317564,0.2486893909815242,0.0011625405168160796
qbridge_qubit_2022,qbridge_qubit_2022__hn028,qbridge_qubit_2022,hard_negative_mined,bsc,0,k_3,3,8,0.06936416184971098,0.0038289725590299937,0.08911009179890406,0.05031560638786482,0.00025661784457042813
qbridge_qubit_2022,qbridge_qubit_2022__hn028,qbridge_qubit_2022,hard_negative_mined,bsc,0,ratio_50,4,8,0.06936416184971098,0.004467134652201659,0.0775678161317564,0.012606707317073172,0.0003301514661870897
qbridge_qubit_2022,qbridge_qubit_2022__hn028,qbridge_qubit_2022,hard_negative_mined,bsc,0,k_5,5,8,0.06936416184971098,0.005105296745373325,0.08431796936567126,0.005,0.0004166275030001998
qbridge_qubit_2022,qbridge_qubit_2022__hn028,qbridge_qubit_2022,hard_negative_mined,bsc,0,ratio_75,6,8,0.06936416184971098,0.005105296745373325,0.08911009179890406,0.012606707317073172,0.0002692416019272059
qbridge_qubit_2022,qbridge_qubit_2022__hn028,qbridge_qubit_2022,hard_negative_mined,bsc,0,k_7,7,8,0.06936416184971098,0.00574345883854499,0.08233672029080885,0.005731707317073171,0.00030041264835745096
qbridge_qubit_2022,qbridge_qubit_2022__hn028,qbridge_qubit_2022,hard_negative_mined,bsc,0,ratio_100,8,8,0.06936416184971098,0.006381620931716656,0.08608696578375158,0.0,0.0005688572418875992
qbridge_qubit_2022,qbridge_qubit_2022__hn029,qbridge_qubit_2022,hard_negative_mined,bsc,0,ratio_25,1,3,0.06936416184971098,0.0,0.11692000227235051,0.0,2.4245080567197874e-05
qbridge_qubit_2022,qbridge_qubit_2022__hn029,qbridge_qubit_2022,hard_negative_mined,bsc,0,ratio_50,2,3,0.06936416184971098,0.003190810465858328,0.11692000227235051,0.026111666310591045,1.493006493547e-05
qbridge_qubit_2022,qbridge_qubit_2022__hn029,qbridge_qubit_2022,hard_negative_mined,bsc,0,ratio_75,3,3,0.06936416184971098,0.0038289725590299937,0.11692000227235051,0.019322713257965057,9.131000115303323e-05
qbridge_qubit_2022,qbridge_qubit_2022__hn030,qbridge_qubit_2022,hard_negative_mined,bsc,0,ratio_25,1,1,0.06936416184971098,0.0,0.05070010956047068,0.004273653198653199,8.560376045352314e-06
qbridge_qubit_2022,qbridge_qubit_2022__hn031,qbridge_qubit_2022,hard_negative_mined,bsc,0,ratio_25,1,2,0.06936416184971098,0.0,0.05070010956047068,0.010863289052994935,1.2884890566056129e-05
qbridge_qubit_2022,qbridge_qubit_2022__hn031,qbridge_qubit_2022,hard_negative_mined,bsc,0,ratio_75,2,2,0.06936416184971098,0.003190810465858328,0.0775678161317564,0.009802204363670694,0.00014296591689344496
qbridge_qubit_2022,qbridge_qubit_2022__hn032,qbridge_qubit_2022,hard_negative_mined,bsc,0,k_2,2,58,0.06936416184971098,0.003190810465858328,0.033308381194448615,0.12273186922246974,0.001425484661012888
qbridge_qubit_2022,qbridge_qubit_2022__hn032,qbridge_qubit_2022,hard_negative_mined,bsc,0,k_3,3,58,0.06936416184971098,0.0038289725590299937,0.033308381194448615,0.4752495833391574,0.006753604393452406
qbridge_qubit_2022,qbridge_qubit_2022__hn032,qbridge_qubit_2022,hard_negative_mined,bsc,0,k_5,5,58,0.06936416184971098,0.005105296745373325,0.033308381194448615,0.3766419043390003,0.0038279443979263306
qbridge_qubit_2022,qbridge_qubit_2022__hn032,qbridge_qubit_2022,hard_negative_mined,bsc,0,k_7,7,58,0.06936416184971098,0.006381620931716656,0.033308381194448615,0.21292262382956278,0.0014081172412261367
qbridge_qubit_2022,qbridge_qubit_2022__hn032,qbridge_qubit_2022,hard_negative_mined,bsc,0,ratio_25,15,58,0.06936416184971098,0.010848755583918315,0.036322213018086316,0.07039934638067276,0.0005534946103580296
qbridge_qubit_2022,qbridge_qubit_2022__hn032,qbridge_qubit_2022,hard_negative_mined,bsc,0,ratio_50,29,58,0.06936416184971098,0.010848755583918315,0.06465870317285975,0.0269997606004471,0.0001979002117877826
qbridge_qubit_2022,qbridge_qubit_2022__hn032,qbridge_qubit_2022,hard_negative_mined,bsc,0,ratio_75,44,58,0.06936416184971098,0.010848755583918315,0.07942066481629477,0.002581807780320366,0.00012112583499401808
qbridge_qubit_2022,qbridge_qubit_2022__hn032,qbridge_qubit_2022,hard_negative_mined,bsc,0,ratio_100,58,58,0.06936416184971098,0.010848755583918315,0.08731589517341119,0.009310344827586206,0.0006552637205459177
qbridge_qubit_2022,qbridge_qubit_2022__hn033,qbridge_qubit_2022,hard_negative_mined,bsc,0,k_2,2,89,0.06936416184971098,0.0025526483726866626,0.11692000227235051,0.023229136688393156,0.0006359781255014241
qbridge_qubit_2022,qbridge_qubit_2022__hn033,qbridge_qubit_2022,hard_negative_mined,bsc,0,k_3,3,89,0.06936416184971098,0.0025526483726866626,0.08911009179890406,0.03742095439616459,0.0006644758395850658
qbridge_qubit_2022,qbridge_qubit_2022__hn033,qbridge_qubit_2022,hard_negative_mined,bsc,0,k_5,5,89,0.06936416184971098,0.0025526483726866626,0.07131596555590015,0.08388145521549253,0.00535824429243803
qbridge_qubit_2022,qbridge_qubit_2022__hn033,qbridge_qubit_2022,hard_negative_mined,bsc,0,k_7,7,89,0.06936416184971098,0.0025526483726866626,0.06474244041996816,0.07142737482397321,0.004278917796909809
qbridge_qubit_2022,qbridge_qubit_2022__hn033,qbridge_qubit_2022,hard_negative_mined,bsc,0,ratio_25,23,89,0.06936416184971098,0.0025526483726866626,0.08804785846246883,0.02428226726437225,0.00489459652453661
qbridge_qubit_2022,qbridge_qubit_2022__hn033,qbridge_qubit_2022,hard_negative_mined,bsc,0,ratio_50,45,89,0.06936416184971098,0.0025526483726866626,0.10125792682607967,0.0022954545454545454,0.001790137030184269
qbridge_qubit_2022,qbridge_qubit_2022__hn033,qbridge_qubit_2022,hard_negative_mined,bsc,0,ratio_75,67,89,0.06936416184971098,0.0025526483726866626,0.10618382680550743,0.003139602053915276,0.0008130876231007278
qbridge_qubit_2022,qbridge_qubit_2022__hn033,qbridge_qubit_2022,hard_negative_mined,bsc,0,ratio_100,89,89,0.06936416184971098,0.0025526483726866626,0.10875398350051015,0.0006578947368421052,0.0005676535074599087
qbridge_qubit_2022,qbridge_qubit_2022__hn034,qbridge_qubit_2022,hard_negative_mined,bsc,0,ratio_25,1,1,0.06936416184971098,0.0,0.05070010956047068,0.002931060606060606,8.921436347009148e-06
feg_bridge_2024,feg_bridge_2024__hn000,feg_bridge_2024,hard_negative_mined,eth,0,ratio_25,1,1,0.06397694524495677,0.0,0.6486513167656759,0.0,0.3559437096118927
feg_bridge_2024,feg_bridge_2024__hn001,feg_bridge_2024,hard_negative_mined,eth,0,ratio_25,1,1,0.06397694524495677,0.0,0.6486513167656759,0.0,0.6559529304504395
feg_bridge_2024,feg_bridge_2024__hn002,feg_bridge_2024,hard_negative_mined,eth,0,ratio_25,1,1,0.06397694524495677,0.0,0.6486513167656759,0.0,0.6559529304504395
feg_bridge_2024,feg_bridge_2024__hn003,feg_bridge_2024,hard_negative_mined,eth,0,ratio_25,1,2,0.06397694524495677,0.0,0.6486513167656759,0.0,0.4158342778682709
feg_bridge_2024,feg_bridge_2024__hn003,feg_bridge_2024,hard_negative_mined,eth,0,ratio_75,2,2,0.06397694524495677,0.0025526483726866626,0.3142172246986252,0.027391735473758515,0.0602525994181633
feg_bridge_2024,feg_bridge_2024__hn004,feg_bridge_2024,hard_negative_mined,eth,0,ratio_25,1,1,0.06397694524495677,0.0,0.6486513167656759,0.0,0.3559437096118927
feg_bridge_2024,feg_bridge_2024__hn005,feg_bridge_2024,hard_negative_mined,eth,0,ratio_25,1,1,0.06397694524495677,0.0,0.6486513167656759,0.021324552431055323,0.7855006456375122
feg_bridge_2024,feg_bridge_2024__hn006,feg_bridge_2024,hard_negative_mined,eth,0,ratio_25,1,1,0.06397694524495677,0.0,0.6486513167656759,0.021324552431055323,0.7855006456375122
feg_bridge_2024,feg_bridge_2024__hn007,feg_bridge_2024,hard_negative_mined,eth,0,ratio_25,1,1,0.06397694524495677,0.0,0.6486513167656759,0.0,0.7121321558952332
feg_bridge_2024,feg_bridge_2024__hn008,feg_bridge_2024,hard_negative_mined,eth,0,ratio_25,1,1,0.06397694524495677,0.0,0.6486513167656759,0.021324552431055323,0.7855006456375122
feg_bridge_2024,feg_bridge_2024__hn009,feg_bridge_2024,hard_negative_mined,eth,0,ratio_25,1,1,0.06397694524495677,0.0,0.6486513167656759,0.0,0.3559437096118927
feg_bridge_2024,feg_bridge_2024__hn010,feg_bridge_2024,hard_negative_mined,eth,0,ratio_25,1,1,0.06397694524495677,0.0,0.6486513167656759,0.0,0.7121321558952332
feg_bridge_2024,feg_bridge_2024__hn011,feg_bridge_2024,hard_negative_mined,eth,0,ratio_25,1,1,0.06397694524495677,0.0,0.6486513167656759,0.0,0.6559529304504395
feg_bridge_2024,feg_bridge_2024__hn012,feg_bridge_2024,hard_negative_mined,eth,0,ratio_25,1,1,0.06397694524495677,0.0,0.6486513167656759,0.021324552431055323,0.7855006456375122
feg_bridge_2024,feg_bridge_2024__hn013,feg_bridge_2024,hard_negative_mined,eth,0,ratio_25,1,1,0.06397694524495677,0.0,0.6486513167656759,0.0,0.6559529304504395
feg_bridge_2024,feg_bridge_2024__hn014,feg_bridge_2024,hard_negative_mined,eth,0,ratio_25,1,1,0.06397694524495677,0.0,0.6486513167656759,0.0,0.3559437096118927
feg_bridge_2024,feg_bridge_2024__hn015,feg_bridge_2024,hard_negative_mined,eth,0,ratio_25,1,1,0.06397694524495677,0.0,0.6486513167656759,0.0,0.6559529304504395
feg_bridge_2024,feg_bridge_2024__hn016,feg_bridge_2024,hard_negative_mined,eth,0,ratio_25,1,1,0.06397694524495677,0.0,0.6486513167656759,0.0,0.3559437096118927
feg_bridge_2024,feg_bridge_2024__hn017,feg_bridge_2024,hard_negative_mined,eth,0,ratio_25,1,1,0.06397694524495677,0.0,0.6486513167656759,0.021324552431055323,0.7855006456375122
feg_bridge_2024,feg_bridge_2024__hn018,feg_bridge_2024,hard_negative_mined,eth,0,ratio_25,1,1,0.06397694524495677,0.0,0.6486513167656759,0.021324552431055323,0.7855006456375122
feg_bridge_2024,feg_bridge_2024__hn019,feg_bridge_2024,hard_negative_mined,eth,0,ratio_25,1,1,0.06397694524495677,0.0,0.6486513167656759,0.0,0.6559529304504395
feg_bridge_2024,feg_bridge_2024__hn020,feg_bridge_2024,hard_negative_mined,eth,0,ratio_25,1,1,0.06397694524495677,0.0,0.6486513167656759,0.021324552431055323,0.7855006456375122
feg_bridge_2024,feg_bridge_2024__hn021,feg_bridge_2024,hard_negative_mined,eth,0,ratio_25,1,1,0.06397694524495677,0.0,0.6486513167656759,0.0,0.6559529304504395
feg_bridge_2024,feg_bridge_2024__hn022,feg_bridge_2024,hard_negative_mined,eth,0,ratio_25,1,1,0.06397694524495677,0.0,0.6486513167656759,0.0,0.7121321558952332
feg_bridge_2024,feg_bridge_2024__hn023,feg_bridge_2024,hard_negative_mined,eth,0,ratio_25,1,1,0.06397694524495677,0.0,0.6486513167656759,0.0,0.6559529304504395
feg_bridge_2024,feg_bridge_2024__hn024,feg_bridge_2024,hard_negative_mined,eth,0,ratio_25,1,1,0.06397694524495677,0.0,0.6486513167656759,0.0,0.6559529304504395
feg_bridge_2024,feg_bridge_2024__hn025,feg_bridge_2024,hard_negative_mined,eth,0,ratio_25,1,1,0.06397694524495677,0.0,0.6486513167656759,0.0,0.3559437096118927
feg_bridge_2024,feg_bridge_2024__hn027,feg_bridge_2024,hard_negative_mined,eth,0,ratio_25,1,1,0.06397694524495677,0.0,0.6486513167656759,0.0,0.6559529304504395
feg_bridge_2024,feg_bridge_2024__hn028,feg_bridge_2024,hard_negative_mined,eth,0,ratio_25,1,1,0.06397694524495677,0.0,0.6486513167656759,0.0,0.3559437096118927
feg_bridge_2024,feg_bridge_2024__hn029,feg_bridge_2024,hard_negative_mined,eth,0,ratio_25,1,1,0.06397694524495677,0.0,0.6486513167656759,0.0,0.3559437096118927
feg_bridge_2024,feg_bridge_2024__hn030,feg_bridge_2024,hard_negative_mined,eth,0,ratio_25,1,1,0.06397694524495677,0.0,0.6486513167656759,0.0,0.7121321558952332
feg_bridge_2024,feg_bridge_2024__hn031,feg_bridge_2024,hard_negative_mined,eth,0,ratio_25,1,1,0.06397694524495677,0.0,0.6486513167656759,0.0,0.3559437096118927
chibi_finance_2023,chibi_finance_2023__hn000,chibi_finance_2023,hard_negative_mined,arbitrum,0,ratio_25,1,1,0.0629737609329446,0.0012763241863433313,0.01466091319460416,0.00011904761904761905,1.029547092912253e-05
chibi_finance_2023,chibi_finance_2023__hn001,chibi_finance_2023,hard_negative_mined,arbitrum,0,ratio_25,1,1,0.0629737609329446,0.0,0.09521010279557318,0.00011904761904761905,1.1119295777461957e-05
chibi_finance_2023,chibi_finance_2023__hn002,chibi_finance_2023,hard_negative_mined,arbitrum,0,ratio_25,1,3,0.0629737609329446,0.0012763241863433313,0.01466091319460416,0.00011904761904761905,2.651065915415529e-05
chibi_finance_2023,chibi_finance_2023__hn002,chibi_finance_2023,hard_negative_mined,arbitrum,0,ratio_50,2,3,0.0629737609329446,0.01148691767708998,0.024897929453899615,0.04367970993948937,5.747802060795948e-05
chibi_finance_2023,chibi_finance_2023__hn002,chibi_finance_2023,hard_negative_mined,arbitrum,0,ratio_75,3,3,0.0629737609329446,0.012125079770261647,0.039327461017551,0.1025487376291228,0.0005487958551384509
chibi_finance_2023,chibi_finance_2023__hn003,chibi_finance_2023,hard_negative_mined,arbitrum,0,ratio_25,1,1,0.0629737609329446,0.0012763241863433313,0.01466091319460416,0.00011904761904761905,1.029547092912253e-05
chibi_finance_2023,chibi_finance_2023__hn004,chibi_finance_2023,hard_negative_mined,arbitrum,0,ratio_25,2,8,0.0629737609329446,0.0038289725590299937,0.038062908632623765,0.07978937163581508,0.014567019417881966
chibi_finance_2023,chibi_finance_2023__hn004,chibi_finance_2023,hard_negative_mined,arbitrum,0,k_3,3,8,0.0629737609329446,0.0038289725590299937,0.05197204152899049,0.024435836834733892,0.0014393712626770139
chibi_finance_2023,chibi_finance_2023__hn004,chibi_finance_2023,hard_negative_mined,arbitrum,0,ratio_50,4,8,0.0629737609329446,0.006381620931716656,0.06061615484331081,0.017404586834733893,0.000848178518936038
chibi_finance_2023,chibi_finance_2023__hn004,chibi_finance_2023,hard_negative_mined,arbitrum,0,k_5,5,8,0.0629737609329446,0.008934269304403318,0.06643084684974015,0.026452205882352944,0.0013614309718832374
chibi_finance_2023,chibi_finance_2023__hn004,chibi_finance_2023,hard_negative_mined,arbitrum,0,ratio_75,6,8,0.0629737609329446,0.008934269304403318,0.07059092460068446,0.026452205882352944,0.0015233823796734214
chibi_finance_2023,chibi_finance_2023__hn004,chibi_finance_2023,hard_negative_mined,arbitrum,0,k_7,7,8,0.0629737609329446,0.008934269304403318,0.07370845057151224,0.026452205882352944,0.0014778085751459002
chibi_finance_2023,chibi_finance_2023__hn004,chibi_finance_2023,hard_negative_mined,arbitrum,0,ratio_100,8,8,0.0629737609329446,0.008934269304403318,0.07612924353191747,0.026452205882352944,0.0014778085751459002
chibi_finance_2023,chibi_finance_2023__hn005,chibi_finance_2023,hard_negative_mined,arbitrum,0,ratio_25,1,1,0.0629737609329446,0.0012763241863433313,0.01466091319460416,0.00011904761904761905,1.029547092912253e-05
chibi_finance_2023,chibi_finance_2023__hn006,chibi_finance_2023,hard_negative_mined,arbitrum,0,ratio_25,1,2,0.0629737609329446,0.0012763241863433313,0.01466091319460416,0.00011904761904761905,1.7337330064037815e-05
chibi_finance_2023,chibi_finance_2023__hn006,chibi_finance_2023,hard_negative_mined,arbitrum,0,ratio_75,2,2,0.0629737609329446,0.0038289725590299937,0.038062908632623765,0.05419754533596606,1.2047514246660285e-05
chibi_finance_2023,chibi_finance_2023__hn007,chibi_finance_2023,hard_negative_mined,arbitrum,0,ratio_25,1,2,0.0629737609329446,0.0012763241863433313,0.01466091319460416,0.00011904761904761905,1.7337330064037815e-05
chibi_finance_2023,chibi_finance_2023__hn007,chibi_finance_2023,hard_negative_mined,arbitrum,0,ratio_75,2,2,0.0629737609329446,0.0038289725590299937,0.01466091319460416,0.02568489679927188,7.615939830429852e-05
chibi_finance_2023,chibi_finance_2023__hn008,chibi_finance_2023,hard_negative_mined,arbitrum,0,ratio_25,1,1,0.0629737609329446,0.0012763241863433313,0.01466091319460416,0.00011904761904761905,1.029547092912253e-05
chibi_finance_2023,chibi_finance_2023__hn009,chibi_finance_2023,hard_negative_mined,arbitrum,0,ratio_25,1,2,0.0629737609329446,0.0012763241863433313,0.01466091319460416,0.00011904761904761905,1.7337330064037815e-05
chibi_finance_2023,chibi_finance_2023__hn009,chibi_finance_2023,hard_negative_mined,arbitrum,0,ratio_75,2,2,0.0629737609329446,0.0038289725590299937,0.038062908632623765,0.06581323327639177,2.4560758902225643e-05
chibi_finance_2023,chibi_finance_2023__hn010,chibi_finance_2023,hard_negative_mined,arbitrum,0,ratio_25,1,2,0.0629737609329446,0.0012763241863433313,0.01466091319460416,0.00011904761904761905,1.7337330064037815e-05
chibi_finance_2023,chibi_finance_2023__hn010,chibi_finance_2023,hard_negative_mined,arbitrum,0,ratio_75,2,2,0.0629737609329446,0.0038289725590299937,0.01466091319460416,0.024381836788681697,4.198458555038087e-05
chibi_finance_2023,chibi_finance_2023__hn011,chibi_finance_2023,hard_negative_mined,arbitrum,0,ratio_25,1,2,0.0629737609329446,0.0012763241863433313,0.01466091319460416,0.00011904761904761905,1.7337330064037815e-05
chibi_finance_2023,chibi_finance_2023__hn011,chibi_finance_2023,hard_negative_mined,arbitrum,0,ratio_75,2,2,0.0629737609329446,0.0038289725590299937,0.01466091319460416,0.01641796464378545,9.852713446889538e-06
chibi_finance_2023,chibi_finance_2023__hn012,chibi_finance_2023,hard_negative_mined,arbitrum,0,ratio_25,1,1,0.0629737609329446,0.0012763241863433313,0.01466091319460416,0.00011904761904761905,1.029547092912253e-05
chibi_finance_2023,chibi_finance_2023__hn013,chibi_finance_2023,hard_negative_mined,arbitrum,0,ratio_25,1,2,0.0629737609329446,0.0012763241863433313,0.01466091319460416,0.00011904761904761905,1.7337330064037815e-05
chibi_finance_2023,chibi_finance_2023__hn013,chibi_finance_2023,hard_negative_mined,arbitrum,0,ratio_75,2,2,0.0629737609329446,0.0038289725590299937,0.01466091319460416,0.031829571138058725,1.3043200851825532e-05
chibi_finance_2023,chibi_finance_2023__hn014,chibi_finance_2023,hard_negative_mined,arbitrum,0,ratio_25,1,1,0.0629737609329446,0.0012763241863433313,0.01466091319460416,0.00011904761904761905,1.029547092912253e-05
chibi_finance_2023,chibi_finance_2023__hn015,chibi_finance_2023,hard_negative_mined,arbitrum,0,ratio_25,2,6,0.0629737609329446,0.0038289725590299937,0.01466091319460416,0.0737582909324627,0.0019986273255199194
chibi_finance_2023,chibi_finance_2023__hn015,chibi_finance_2023,hard_negative_mined,arbitrum,0,ratio_50,3,6,0.0629737609329446,0.0038289725590299937,0.01466091319460416,0.06911568552167581,0.0009631930151954293
chibi_finance_2023,chibi_finance_2023__hn015,chibi_finance_2023,hard_negative_mined,arbitrum,0,ratio_75,5,6,0.0629737609329446,0.0038289725590299937,0.01466091319460416,0.025862920168067228,0.00023134404909797013
chibi_finance_2023,chibi_finance_2023__hn015,chibi_finance_2023,hard_negative_mined,arbitrum,0,ratio_100,6,6,0.0629737609329446,0.0038289725590299937,0.020197935985988333,0.010342086834733895,0.00010394338460173458
chibi_finance_2023,chibi_finance_2023__hn016,chibi_finance_2023,hard_negative_mined,arbitrum,0,ratio_25,1,1,0.0629737609329446,0.0012763241863433313,0.01466091319460416,0.00011904761904761905,1.029547092912253e-05
chibi_finance_2023,chibi_finance_2023__hn017,chibi_finance_2023,hard_negative_mined,arbitrum,0,ratio_25,1,1,0.0629737609329446,0.0012763241863433313,0.01466091319460416,0.00011904761904761905,1.029547092912253e-05
chibi_finance_2023,chibi_finance_2023__hn018,chibi_finance_2023,hard_negative_mined,arbitrum,0,ratio_25,1,2,0.0629737609329446,0.0012763241863433313,0.01466091319460416,0.00011904761904761905,1.7337330064037815e-05
chibi_finance_2023,chibi_finance_2023__hn018,chibi_finance_2023,hard_negative_mined,arbitrum,0,ratio_75,2,2,0.0629737609329446,0.0038289725590299937,0.01466091319460416,0.019088956302728916,1.719998545013368e-05
chibi_finance_2023,chibi_finance_2023__hn019,chibi_finance_2023,hard_negative_mined,arbitrum,0,ratio_25,1,1,0.0629737609329446,0.0012763241863433313,0.01466091319460416,0.00011904761904761905,1.029547092912253e-05
chibi_finance_2023,chibi_finance_2023__hn020,chibi_finance_2023,hard_negative_mined,arbitrum,0,ratio_25,1,1,0.0629737609329446,0.0012763241863433313,0.01466091319460416,0.00011904761904761905,1.029547092912253e-05
chibi_finance_2023,chibi_finance_2023__hn021,chibi_finance_2023,hard_negative_mined,arbitrum,0,ratio_25,1,1,0.0629737609329446,0.0012763241863433313,0.01466091319460416,0.00011904761904761905,1.029547092912253e-05
chibi_finance_2023,chibi_finance_2023__hn022,chibi_finance_2023,hard_negative_mined,arbitrum,0,ratio_25,1,1,0.0629737609329446,0.0012763241863433313,0.01466091319460416,0.00011904761904761905,1.029547092912253e-05
chibi_finance_2023,chibi_finance_2023__hn023,chibi_finance_2023,hard_negative_mined,arbitrum,0,ratio_25,1,1,0.0629737609329446,0.0012763241863433313,0.01466091319460416,0.00011904761904761905,1.029547092912253e-05
chibi_finance_2023,chibi_finance_2023__hn024,chibi_finance_2023,hard_negative_mined,arbitrum,0,ratio_25,1,1,0.0629737609329446,0.0012763241863433313,0.01466091319460416,0.00011904761904761905,1.029547092912253e-05
wooppv2_2024,wooppv2_2024__hn000,wooppv2_2024,hard_negative_mined,arbitrum,0,ratio_25,1,1,0.06264501160092807,0.0012763241863433313,0.012553055468376142,0.0,2.0225155822117813e-05
wooppv2_2024,wooppv2_2024__hn001,wooppv2_2024,hard_negative_mined,arbitrum,0,ratio_25,2,5,0.06264501160092807,0.0,0.10215439537936095,0.05469951986708344,0.0003403068403713405
wooppv2_2024,wooppv2_2024__hn001,wooppv2_2024,hard_negative_mined,arbitrum,0,ratio_50,3,5,0.06264501160092807,0.0025526483726866626,0.10215439537936095,0.0829129100301588,6.572535494342446e-05
wooppv2_2024,wooppv2_2024__hn001,wooppv2_2024,hard_negative_mined,arbitrum,0,ratio_75,4,5,0.06264501160092807,0.005105296745373325,0.10215439537936095,0.0458415292626726,0.00014698889572173357
wooppv2_2024,wooppv2_2024__hn001,wooppv2_2024,hard_negative_mined,arbitrum,0,ratio_100,5,5,0.06264501160092807,0.005105296745373325,0.10215439537936095,0.04826157588271922,0.00014534499496221542
wooppv2_2024,wooppv2_2024__hn002,wooppv2_2024,hard_negative_mined,arbitrum,0,ratio_25,1,3,0.06264501160092807,0.0012763241863433313,0.012553055468376142,0.0,3.560259938240051e-05
wooppv2_2024,wooppv2_2024__hn002,wooppv2_2024,hard_negative_mined,arbitrum,0,ratio_50,2,3,0.06264501160092807,0.0038289725590299937,0.012553055468376142,0.05010051387026736,5.348974445951171e-05
wooppv2_2024,wooppv2_2024__hn002,wooppv2_2024,hard_negative_mined,arbitrum,0,ratio_75,3,3,0.06264501160092807,0.0038289725590299937,0.0257154848678826,0.05237329214641103,5.7181161537300795e-05
wooppv2_2024,wooppv2_2024__hn003,wooppv2_2024,hard_negative_mined,arbitrum,0,ratio_25,1,3,0.06264501160092807,0.0012763241863433313,0.012553055468376142,0.0,3.560259938240051e-05
wooppv2_2024,wooppv2_2024__hn003,wooppv2_2024,hard_negative_mined,arbitrum,0,ratio_50,2,3,0.06264501160092807,0.0038289725590299937,0.012553055468376142,0.046479824215094945,4.3431173253338784e-05
wooppv2_2024,wooppv2_2024__hn003,wooppv2_2024,hard_negative_mined,arbitrum,0,ratio_75,3,3,0.06264501160092807,0.0038289725590299937,0.0257154848678826,0.06635737653178038,5.7181161537300795e-05
wooppv2_2024,wooppv2_2024__hn004,wooppv2_2024,hard_negative_mined,arbitrum,0,ratio_25,1,1,0.06264501160092807,0.0012763241863433313,0.012553055468376142,0.0,2.0225155822117813e-05
wooppv2_2024,wooppv2_2024__hn005,wooppv2_2024,hard_negative_mined,arbitrum,0,ratio_25,1,3,0.06264501160092807,0.0012763241863433313,0.012553055468376142,0.0,3.560259938240051e-05
wooppv2_2024,wooppv2_2024__hn005,wooppv2_2024,hard_negative_mined,arbitrum,0,ratio_50,2,3,0.06264501160092807,0.0038289725590299937,0.0366382674098333,0.06994291176884795,6.537598528666422e-05
wooppv2_2024,wooppv2_2024__hn005,wooppv2_2024,hard_negative_mined,arbitrum,0,ratio_75,3,3,0.06264501160092807,0.0038289725590299937,0.05195315816071275,0.019937156642081795,2.7845497243106365e-05
wooppv2_2024,wooppv2_2024__hn006,wooppv2_2024,hard_negative_mined,arbitrum,0,ratio_25,1,1,0.06264501160092807,0.0012763241863433313,0.012553055468376142,0.0,2.0225155822117813e-05
wooppv2_2024,wooppv2_2024__hn007,wooppv2_2024,hard_negative_mined,arbitrum,0,ratio_25,1,1,0.06264501160092807,0.0012763241863433313,0.012553055468376142,0.0,2.0225155822117813e-05
wooppv2_2024,wooppv2_2024__hn008,wooppv2_2024,hard_negative_mined,arbitrum,0,ratio_25,1,1,0.06264501160092807,0.0012763241863433313,0.012553055468376142,0.0005263157894736842,5.2789022447541356e-05
wooppv2_2024,wooppv2_2024__hn009,wooppv2_2024,hard_negative_mined,arbitrum,0,ratio_25,1,1,0.06264501160092807,0.0012763241863433313,0.012553055468376142,0.0,2.0225155822117813e-05
wooppv2_2024,wooppv2_2024__hn010,wooppv2_2024,hard_negative_mined,arbitrum,0,ratio_25,1,1,0.06264501160092807,0.0012763241863433313,0.012553055468376142,0.0,2.0225155822117813e-05
wooppv2_2024,wooppv2_2024__hn011,wooppv2_2024,hard_negative_mined,arbitrum,0,ratio_25,1,1,0.06264501160092807,0.0012763241863433313,0.012553055468376142,0.0005263157894736842,5.2789022447541356e-05
wooppv2_2024,wooppv2_2024__hn012,wooppv2_2024,hard_negative_mined,arbitrum,0,ratio_25,1,1,0.06264501160092807,0.0012763241863433313,0.012553055468376142,0.001304093567251462,6.178802868817002e-05
wooppv2_2024,wooppv2_2024__hn013,wooppv2_2024,hard_negative_mined,arbitrum,0,ratio_25,1,1,0.06264501160092807,0.0012763241863433313,0.012553055468376142,0.0,2.0225155822117813e-05
wooppv2_2024,wooppv2_2024__hn014,wooppv2_2024,hard_negative_mined,arbitrum,0,ratio_25,1,1,0.06264501160092807,0.0012763241863433313,0.012553055468376142,0.0,2.0225155822117813e-05
wooppv2_2024,wooppv2_2024__hn015,wooppv2_2024,hard_negative_mined,arbitrum,0,ratio_25,2,6,0.06264501160092807,0.0038289725590299937,0.012553055468376142,0.09241584714313829,7.025098602753133e-05
wooppv2_2024,wooppv2_2024__hn015,wooppv2_2024,hard_negative_mined,arbitrum,0,ratio_50,3,6,0.06264501160092807,0.0038289725590299937,0.012553055468376142,0.08300819447144363,6.989229586906731e-05
wooppv2_2024,wooppv2_2024__hn015,wooppv2_2024,hard_negative_mined,arbitrum,0,ratio_75,5,6,0.06264501160092807,0.0038289725590299937,0.012553055468376142,0.043070994695949605,5.264338687993586e-05
wooppv2_2024,wooppv2_2024__hn015,wooppv2_2024,hard_negative_mined,arbitrum,0,ratio_100,6,6,0.06264501160092807,0.0038289725590299937,0.017988252722059835,0.05372315398631687,6.0184775065863505e-05
wooppv2_2024,wooppv2_2024__hn016,wooppv2_2024,hard_negative_mined,arbitrum,0,ratio_25,1,1,0.06264501160092807,0.0012763241863433313,0.012553055468376142,0.0,2.0225155822117813e-05
wooppv2_2024,wooppv2_2024__hn017,wooppv2_2024,hard_negative_mined,arbitrum,0,ratio_25,1,1,0.06264501160092807,0.0012763241863433313,0.012553055468376142,0.0005263157894736842,5.2789022447541356e-05
wooppv2_2024,wooppv2_2024__hn018,wooppv2_2024,hard_negative_mined,arbitrum,0,ratio_25,1,1,0.06264501160092807,0.0012763241863433313,0.012553055468376142,0.0,2.0225155822117813e-05
wooppv2_2024,wooppv2_2024__hn019,wooppv2_2024,hard_negative_mined,arbitrum,0,ratio_25,1,1,0.06264501160092807,0.0012763241863433313,0.012553055468376142,0.0,3.059589289478026e-05
wooppv2_2024,wooppv2_2024__hn020,wooppv2_2024,hard_negative_mined,arbitrum,0,ratio_25,1,1,0.06264501160092807,0.0012763241863433313,0.012553055468376142,0.0005263157894736842,5.2789022447541356e-05
wooppv2_2024,wooppv2_2024__hn021,wooppv2_2024,hard_negative_mined,arbitrum,0,ratio_25,1,1,0.06264501160092807,0.0012763241863433313,0.012553055468376142,0.0,2.0225155822117813e-05
wooppv2_2024,wooppv2_2024__hn022,wooppv2_2024,hard_negative_mined,arbitrum,0,ratio_25,1,1,0.06264501160092807,0.0012763241863433313,0.012553055468376142,0.0,2.0225155822117813e-05
wooppv2_2024,wooppv2_2024__hn023,wooppv2_2024,hard_negative_mined,arbitrum,0,ratio_25,1,1,0.06264501160092807,0.0012763241863433313,0.012553055468376142,0.001304093567251462,6.178802868817002e-05
wooppv2_2024,wooppv2_2024__hn024,wooppv2_2024,hard_negative_mined,arbitrum,0,ratio_25,1,1,0.06264501160092807,0.0012763241863433313,0.012553055468376142,0.0005263157894736842,5.2789022447541356e-05
utopiasphere_2024,utopiasphere_2024__hn000,utopiasphere_2024,hard_negative_mined,bsc,0,ratio_25,1,3,0.0630841121495327,0.0012763241863433313,0.01191521974034849,0.00032426106113456947,1.4334264051285572e-05
utopiasphere_2024,utopiasphere_2024__hn000,utopiasphere_2024,hard_negative_mined,bsc,0,ratio_50,2,3,0.0630841121495327,0.004467134652201659,0.03463973981432344,0.08114247443435742,0.00011004810949089006
utopiasphere_2024,utopiasphere_2024__hn000,utopiasphere_2024,hard_negative_mined,bsc,0,ratio_75,3,3,0.0630841121495327,0.005105296745373325,0.049078253904135706,0.07412684160717721,0.0002698367752600461
utopiasphere_2024,utopiasphere_2024__hn001,utopiasphere_2024,hard_negative_mined,bsc,0,k_2,2,229,0.0630841121495327,0.0038289725590299937,0.01191521974034849,0.1553898468190906,0.0013390163658186793
utopiasphere_2024,utopiasphere_2024__hn001,utopiasphere_2024,hard_negative_mined,bsc,0,k_3,3,229,0.0630841121495327,0.0038289725590299937,0.01191521974034849,0.08436757569646465,0.0006077871075831354
utopiasphere_2024,utopiasphere_2024__hn001,utopiasphere_2024,hard_negative_mined,bsc,0,k_5,5,229,0.0630841121495327,0.0038289725590299937,0.01191521974034849,0.11280620421508634,0.00013945391401648521
utopiasphere_2024,utopiasphere_2024__hn001,utopiasphere_2024,hard_negative_mined,bsc,0,k_7,7,229,0.0630841121495327,0.0038289725590299937,0.01191521974034849,0.12791286328005047,0.003902116557583213
utopiasphere_2024,utopiasphere_2024__hn001,utopiasphere_2024,hard_negative_mined,bsc,0,ratio_25,58,229,0.0630841121495327,0.0038289725590299937,0.01191521974034849,0.010283769370725893,0.0005371954757720232
utopiasphere_2024,utopiasphere_2024__hn001,utopiasphere_2024,hard_negative_mined,bsc,0,ratio_50,115,229,0.0630841121495327,0.0038289725590299937,0.01191521974034849,0.010283769370725893,0.00013382160977926105
utopiasphere_2024,utopiasphere_2024__hn001,utopiasphere_2024,hard_negative_mined,bsc,0,ratio_75,172,229,0.0630841121495327,0.0038289725590299937,0.01191521974034849,0.0016068677085626238,5.5953887567739e-06
utopiasphere_2024,utopiasphere_2024__hn001,utopiasphere_2024,hard_negative_mined,bsc,0,ratio_100,229,229,0.0630841121495327,0.0038289725590299937,0.01191521974034849,0.0021624232641181793,7.38842791179195e-05
utopiasphere_2024,utopiasphere_2024__hn002,utopiasphere_2024,hard_negative_mined,bsc,0,ratio_25,1,1,0.0630841121495327,0.0,0.09647258132071307,3.579952267303103e-05,1.1254905075475108e-05
utopiasphere_2024,utopiasphere_2024__hn003,utopiasphere_2024,hard_negative_mined,bsc,0,ratio_25,1,1,0.0630841121495327,0.0012763241863433313,0.01191521974034849,0.00032426106113456947,7.253725016198587e-06
utopiasphere_2024,utopiasphere_2024__hn004,utopiasphere_2024,hard_negative_mined,bsc,0,ratio_25,2,6,0.0630841121495327,0.004467134652201659,0.03463973981432344,0.15147469759897686,0.0003121797926723957
utopiasphere_2024,utopiasphere_2024__hn004,utopiasphere_2024,hard_negative_mined,bsc,0,ratio_50,3,6,0.0630841121495327,0.005105296745373325,0.024340219346707985,0.006031746031746032,9.27937071537599e-05
utopiasphere_2024,utopiasphere_2024__hn004,utopiasphere_2024,hard_negative_mined,bsc,0,ratio_75,5,6,0.0630841121495327,0.00574345883854499,0.04272079264829973,0.018369338546757902,0.0004667163884732872
utopiasphere_2024,utopiasphere_2024__hn004,utopiasphere_2024,hard_negative_mined,bsc,0,ratio_100,6,6,0.0630841121495327,0.008934269304403318,0.049078253904135706,0.023691919191919188,0.0002638720325194299
utopiasphere_2024,utopiasphere_2024__hn005,utopiasphere_2024,hard_negative_mined,bsc,0,ratio_25,1,1,0.0630841121495327,0.0,0.09647258132071307,3.579952267303103e-05,1.1254905075475108e-05
utopiasphere_2024,utopiasphere_2024__hn006,utopiasphere_2024,hard_negative_mined,bsc,0,ratio_25,1,1,0.0630841121495327,0.0,0.09647258132071307,3.579952267303103e-05,1.1254905075475108e-05
utopiasphere_2024,utopiasphere_2024__hn007,utopiasphere_2024,hard_negative_mined,bsc,0,ratio_25,1,1,0.0630841121495327,0.0,0.09647258132071307,3.579952267303103e-05,1.1254905075475108e-05
utopiasphere_2024,utopiasphere_2024__hn008,utopiasphere_2024,hard_negative_mined,bsc,0,ratio_25,1,3,0.0630841121495327,0.0012763241863433313,0.01191521974034849,3.579952267303103e-05,1.4334264051285572e-05
utopiasphere_2024,utopiasphere_2024__hn008,utopiasphere_2024,hard_negative_mined,bsc,0,ratio_50,2,3,0.0630841121495327,0.004467134652201659,0.03463973981432344,0.08054788521348144,9.694858454167843e-05
utopiasphere_2024,utopiasphere_2024__hn008,utopiasphere_2024,hard_negative_mined,bsc,0,ratio_75,3,3,0.0630841121495327,0.005105296745373325,0.024340219346707985,0.11806373261148312,0.0012662055669352412
utopiasphere_2024,utopiasphere_2024__hn009,utopiasphere_2024,hard_negative_mined,bsc,0,ratio_25,1,3,0.0630841121495327,0.0012763241863433313,0.01191521974034849,0.00032426106113456947,1.4334264051285572e-05
utopiasphere_2024,utopiasphere_2024__hn009,utopiasphere_2024,hard_negative_mined,bsc,0,ratio_50,2,3,0.0630841121495327,0.004467134652201659,0.03463973981432344,0.07701710814565824,0.00011004810949089006
utopiasphere_2024,utopiasphere_2024__hn009,utopiasphere_2024,hard_negative_mined,bsc,0,ratio_75,3,3,0.0630841121495327,0.005105296745373325,0.049078253904135706,0.06579053738852006,0.00015721094678156078
utopiasphere_2024,utopiasphere_2024__hn010,utopiasphere_2024,hard_negative_mined,bsc,0,ratio_25,1,1,0.0630841121495327,0.0,0.09647258132071307,3.579952267303103e-05,1.1254905075475108e-05
utopiasphere_2024,utopiasphere_2024__hn011,utopiasphere_2024,hard_negative_mined,bsc,0,ratio_25,1,1,0.0630841121495327,0.0,0.09647258132071307,3.579952267303103e-05,1.1254905075475108e-05
utopiasphere_2024,utopiasphere_2024__hn012,utopiasphere_2024,hard_negative_mined,bsc,0,ratio_25,1,1,0.0630841121495327,0.0,0.09647258132071307,3.579952267303103e-05,1.1254905075475108e-05
utopiasphere_2024,utopiasphere_2024__hn014,utopiasphere_2024,hard_negative_mined,bsc,0,ratio_25,1,1,0.0630841121495327,0.0012763241863433313,0.01191521974034849,0.00032426106113456947,7.253725016198587e-06
utopiasphere_2024,utopiasphere_2024__hn015,utopiasphere_2024,hard_negative_mined,bsc,0,ratio_25,1,1,0.0630841121495327,0.0,0.09647258132071307,3.579952267303103e-05,1.1254905075475108e-05
utopiasphere_2024,utopiasphere_2024__hn016,utopiasphere_2024,hard_negative_mined,bsc,0,ratio_25,1,1,0.0630841121495327,0.0,0.09647258132071307,3.579952267303103e-05,1.1254905075475108e-05
utopiasphere_2024,utopiasphere_2024__hn017,utopiasphere_2024,hard_negative_mined,bsc,0,ratio_25,2,6,0.0630841121495327,0.004467134652201659,0.01191521974034849,0.08714295646341894,0.00023993587819859385
utopiasphere_2024,utopiasphere_2024__hn017,utopiasphere_2024,hard_negative_mined,bsc,0,ratio_50,3,6,0.0630841121495327,0.005105296745373325,0.01191521974034849,0.08659855466381655,0.00041228803456760943
utopiasphere_2024,utopiasphere_2024__hn017,utopiasphere_2024,hard_negative_mined,bsc,0,ratio_75,5,6,0.0630841121495327,0.006381620931716656,0.01191521974034849,0.03,0.00019380488083697855
utopiasphere_2024,utopiasphere_2024__hn017,utopiasphere_2024,hard_negative_mined,bsc,0,ratio_100,6,6,0.0630841121495327,0.007019783024888321,0.01191521974034849,0.0138640707118968,8.954654185799882e-05
utopiasphere_2024,utopiasphere_2024__hn018,utopiasphere_2024,hard_negative_mined,bsc,0,ratio_25,1,2,0.0630841121495327,0.0012763241863433313,0.01191521974034849,3.579952267303103e-05,1.2067350326105952e-05
utopiasphere_2024,utopiasphere_2024__hn018,utopiasphere_2024,hard_negative_mined,bsc,0,ratio_75,2,2,0.0630841121495327,0.004467134652201659,0.01191521974034849,0.03721775577149438,2.362723898841068e-05
utopiasphere_2024,utopiasphere_2024__hn019,utopiasphere_2024,hard_negative_mined,bsc,0,ratio_25,1,1,0.0630841121495327,0.0,0.09647258132071307,3.579952267303103e-05,1.1254905075475108e-05
utopiasphere_2024,utopiasphere_2024__hn020,utopiasphere_2024,hard_negative_mined,bsc,0,ratio_25,1,3,0.0630841121495327,0.0012763241863433313,0.01191521974034849,0.00032426106113456947,1.4334264051285572e-05
utopiasphere_2024,utopiasphere_2024__hn020,utopiasphere_2024,hard_negative_mined,bsc,0,ratio_50,2,3,0.0630841121495327,0.004467134652201659,0.03463973981432344,0.08114247443435742,0.00011004810949089006
utopiasphere_2024,utopiasphere_2024__hn020,utopiasphere_2024,hard_negative_mined,bsc,0,ratio_75,3,3,0.0630841121495327,0.005105296745373325,0.049078253904135706,0.0663460929440756,0.00016348029021173716
utopiasphere_2024,utopiasphere_2024__hn021,utopiasphere_2024,hard_negative_mined,bsc,0,ratio_25,1,1,0.0630841121495327,0.0012763241863433313,0.01191521974034849,3.579952267303103e-05,7.253725016198587e-06
utopiasphere_2024,utopiasphere_2024__hn022,utopiasphere_2024,hard_negative_mined,bsc,0,ratio_25,1,2,0.0630841121495327,0.0012763241863433313,0.01191521974034849,3.579952267303103e-05,1.2067350326105952e-05
utopiasphere_2024,utopiasphere_2024__hn022,utopiasphere_2024,hard_negative_mined,bsc,0,ratio_75,2,2,0.0630841121495327,0.0038289725590299937,0.01191521974034849,0.02905282888376538,9.357977251056582e-05
utopiasphere_2024,utopiasphere_2024__hn024,utopiasphere_2024,hard_negative_mined,bsc,0,ratio_25,1,2,0.0630841121495327,0.0012763241863433313,0.01191521974034849,3.579952267303103e-05,1.2067350326105952e-05
utopiasphere_2024,utopiasphere_2024__hn024,utopiasphere_2024,hard_negative_mined,bsc,0,ratio_75,2,2,0.0630841121495327,0.004467134652201659,0.01191521974034849,0.03442249032809632,2.904034590756055e-05
xkingdom_2024,xkingdom_2024__hn000,xkingdom_2024,hard_negative_mined,arbitrum,0,ratio_25,1,2,0.06293706293706294,0.0012763241863433313,0.010832160832414776,0.00012032085561497325,2.8116308385506272e-05
xkingdom_2024,xkingdom_2024__hn000,xkingdom_2024,hard_negative_mined,arbitrum,0,ratio_75,2,2,0.06293706293706294,0.004467134652201659,0.03296775018847277,0.06137115001411313,0.00013226350711192936
xkingdom_2024,xkingdom_2024__hn001,xkingdom_2024,hard_negative_mined,arbitrum,0,ratio_25,1,2,0.06293706293706294,0.0012763241863433313,0.010832160832414776,0.00012032085561497325,2.8116308385506272e-05
xkingdom_2024,xkingdom_2024__hn001,xkingdom_2024,hard_negative_mined,arbitrum,0,ratio_75,2,2,0.06293706293706294,0.0038289725590299937,0.03296775018847277,0.01698377124271325,3.633269079728052e-05
xkingdom_2024,xkingdom_2024__hn002,xkingdom_2024,hard_negative_mined,arbitrum,0,ratio_25,1,3,0.06293706293706294,0.0012763241863433313,0.010832160832414776,0.00012032085561497325,3.053730324609205e-05
xkingdom_2024,xkingdom_2024__hn002,xkingdom_2024,hard_negative_mined,arbitrum,0,ratio_50,2,3,0.06293706293706294,0.0038289725590299937,0.03296775018847277,0.06602275037774706,6.523928459500894e-05
xkingdom_2024,xkingdom_2024__hn002,xkingdom_2024,hard_negative_mined,arbitrum,0,ratio_75,3,3,0.06293706293706294,0.0038289725590299937,0.04741889153141548,0.05993099672474745,7.833466224838048e-05
xkingdom_2024,xkingdom_2024__hn003,xkingdom_2024,hard_negative_mined,arbitrum,0,ratio_25,1,1,0.06293706293706294,0.0012763241863433313,0.010832160832414776,0.00012032085561497325,1.2132639312767424e-05
xkingdom_2024,xkingdom_2024__hn004,xkingdom_2024,hard_negative_mined,arbitrum,0,ratio_25,1,1,0.06293706293706294,0.0012763241863433313,0.010832160832414776,0.0007318316469818797,1.9220640751882456e-05
xkingdom_2024,xkingdom_2024__hn005,xkingdom_2024,hard_negative_mined,arbitrum,0,ratio_25,1,3,0.06293706293706294,0.0012763241863433313,0.010832160832414776,0.00012032085561497325,3.053730324609205e-05
xkingdom_2024,xkingdom_2024__hn005,xkingdom_2024,hard_negative_mined,arbitrum,0,ratio_50,2,3,0.06293706293706294,0.0038289725590299937,0.03296775018847277,0.06602275037774706,6.523928459500894e-05
xkingdom_2024,xkingdom_2024__hn005,xkingdom_2024,hard_negative_mined,arbitrum,0,ratio_75,3,3,0.06293706293706294,0.0038289725590299937,0.04741889153141548,0.0576550466396652,8.330699347425252e-05
xkingdom_2024,xkingdom_2024__hn006,xkingdom_2024,hard_negative_mined,arbitrum,0,ratio_25,1,1,0.06293706293706294,0.0012763241863433313,0.010832160832414776,0.00012032085561497325,1.2132639312767424e-05
xkingdom_2024,xkingdom_2024__hn007,xkingdom_2024,hard_negative_mined,arbitrum,0,ratio_25,1,1,0.06293706293706294,0.0012763241863433313,0.010832160832414776,0.00012032085561497325,1.2132639312767424e-05
xkingdom_2024,xkingdom_2024__hn008,xkingdom_2024,hard_negative_mined,arbitrum,0,ratio_25,1,1,0.06293706293706294,0.0012763241863433313,0.010832160832414776,0.00012032085561497325,1.2132639312767424e-05
xkingdom_2024,xkingdom_2024__hn009,xkingdom_2024,hard_negative_mined,arbitrum,0,ratio_25,1,2,0.06293706293706294,0.0012763241863433313,0.010832160832414776,0.00012032085561497325,2.8116308385506272e-05
xkingdom_2024,xkingdom_2024__hn009,xkingdom_2024,hard_negative_mined,arbitrum,0,ratio_75,2,2,0.06293706293706294,0.0038289725590299937,0.03296775018847277,0.01698377124271325,3.633269079728052e-05
xkingdom_2024,xkingdom_2024__hn010,xkingdom_2024,hard_negative_mined,arbitrum,0,ratio_25,1,3,0.06293706293706294,0.0012763241863433313,0.010832160832414776,0.00012032085561497325,3.053730324609205e-05
xkingdom_2024,xkingdom_2024__hn010,xkingdom_2024,hard_negative_mined,arbitrum,0,ratio_50,2,3,0.06293706293706294,0.0038289725590299937,0.03296775018847277,0.06602275037774706,6.523928459500894e-05
xkingdom_2024,xkingdom_2024__hn010,xkingdom_2024,hard_negative_mined,arbitrum,0,ratio_75,3,3,0.06293706293706294,0.0038289725590299937,0.04741889153141548,0.0576550466396652,6.47969645797275e-05
xkingdom_2024,xkingdom_2024__hn011,xkingdom_2024,hard_negative_mined,arbitrum,0,ratio_25,1,1,0.06293706293706294,0.0012763241863433313,0.010832160832414776,0.0064461173612675934,2.4504586690454744e-05
xkingdom_2024,xkingdom_2024__hn012,xkingdom_2024,hard_negative_mined,arbitrum,0,ratio_25,1,2,0.06293706293706294,0.0012763241863433313,0.010832160832414776,0.00012032085561497325,2.8116308385506272e-05
xkingdom_2024,xkingdom_2024__hn012,xkingdom_2024,hard_negative_mined,arbitrum,0,ratio_75,2,2,0.06293706293706294,0.0038289725590299937,0.03296775018847277,0.01698377124271325,3.633269079728052e-05
xkingdom_2024,xkingdom_2024__hn013,xkingdom_2024,hard_negative_mined,arbitrum,0,ratio_25,1,3,0.06293706293706294,0.0012763241863433313,0.010832160832414776,0.00012032085561497325,3.053730324609205e-05
xkingdom_2024,xkingdom_2024__hn013,xkingdom_2024,hard_negative_mined,arbitrum,0,ratio_50,2,3,0.06293706293706294,0.0038289725590299937,0.03296775018847277,0.06602275037774706,6.523928459500894e-05
xkingdom_2024,xkingdom_2024__hn013,xkingdom_2024,hard_negative_mined,arbitrum,0,ratio_75,3,3,0.06293706293706294,0.0038289725590299937,0.04741889153141548,0.06231021905345831,6.47969645797275e-05
xkingdom_2024,xkingdom_2024__hn014,xkingdom_2024,hard_negative_mined,arbitrum,0,ratio_25,1,1,0.06293706293706294,0.0012763241863433313,0.010832160832414776,0.00012032085561497325,1.2132639312767424e-05
xkingdom_2024,xkingdom_2024__hn015,xkingdom_2024,hard_negative_mined,arbitrum,0,ratio_25,1,1,0.06293706293706294,0.0012763241863433313,0.010832160832414776,0.00012032085561497325,1.2132639312767424e-05
xkingdom_2024,xkingdom_2024__hn016,xkingdom_2024,hard_negative_mined,arbitrum,0,ratio_25,1,1,0.06293706293706294,0.0012763241863433313,0.010832160832414776,0.00012032085561497325,1.2132639312767424e-05
xkingdom_2024,xkingdom_2024__hn017,xkingdom_2024,hard_negative_mined,arbitrum,0,ratio_25,1,3,0.06293706293706294,0.0012763241863433313,0.010832160832414776,0.00012032085561497325,3.053730324609205e-05
xkingdom_2024,xkingdom_2024__hn017,xkingdom_2024,hard_negative_mined,arbitrum,0,ratio_50,2,3,0.06293706293706294,0.0038289725590299937,0.03296775018847277,0.06602275037774706,6.523928459500894e-05
xkingdom_2024,xkingdom_2024__hn017,xkingdom_2024,hard_negative_mined,arbitrum,0,ratio_75,3,3,0.06293706293706294,0.0038289725590299937,0.04741889153141548,0.06231021905345831,6.47969645797275e-05
xkingdom_2024,xkingdom_2024__hn018,xkingdom_2024,hard_negative_mined,arbitrum,0,ratio_25,1,1,0.06293706293706294,0.0012763241863433313,0.010832160832414776,0.00012032085561497325,1.2132639312767424e-05
xkingdom_2024,xkingdom_2024__hn019,xkingdom_2024,hard_negative_mined,arbitrum,0,ratio_25,1,1,0.06293706293706294,0.0012763241863433313,0.010832160832414776,0.00012032085561497325,1.2132639312767424e-05
xkingdom_2024,xkingdom_2024__hn020,xkingdom_2024,hard_negative_mined,arbitrum,0,ratio_25,1,3,0.06293706293706294,0.0012763241863433313,0.010832160832414776,0.001446117361267594,7.718643610132858e-05
xkingdom_2024,xkingdom_2024__hn020,xkingdom_2024,hard_negative_mined,arbitrum,0,ratio_50,2,3,0.06293706293706294,0.0038289725590299937,0.010832160832414776,0.08000005449076954,9.327374573331326e-05
xkingdom_2024,xkingdom_2024__hn020,xkingdom_2024,hard_negative_mined,arbitrum,0,ratio_75,3,3,0.06293706293706294,0.0038289725590299937,0.022815184362703186,0.09048237468890098,0.00011201598681509495
xkingdom_2024,xkingdom_2024__hn021,xkingdom_2024,hard_negative_mined,arbitrum,0,ratio_25,1,3,0.06293706293706294,0.0012763241863433313,0.010832160832414776,0.001446117361267594,7.718643610132858e-05
xkingdom_2024,xkingdom_2024__hn021,xkingdom_2024,hard_negative_mined,arbitrum,0,ratio_50,2,3,0.06293706293706294,0.0038289725590299937,0.010832160832414776,0.08000005449076954,9.327374573331326e-05
xkingdom_2024,xkingdom_2024__hn021,xkingdom_2024,hard_negative_mined,arbitrum,0,ratio_75,3,3,0.06293706293706294,0.0038289725590299937,0.022815184362703186,0.09048237468890098,0.00011201598681509495
wault_finance_2021,wault_finance_2021__hn000,wault_finance_2021,hard_negative_mined,bsc,0,k_2,2,449,0.06662553979025293,0.0025526483726866626,0.11431535477529246,0.036886779160802574,0.0007244349108077586
wault_finance_2021,wault_finance_2021__hn000,wault_finance_2021,hard_negative_mined,bsc,0,k_3,3,449,0.06662553979025293,0.0025526483726866626,0.11431535477529246,0.03163783783455769,0.00048117159167304635
wault_finance_2021,wault_finance_2021__hn000,wault_finance_2021,hard_negative_mined,bsc,0,k_5,5,449,0.06662553979025293,0.0025526483726866626,0.11431535477529246,0.04448422970559744,0.0017513158963993192
wault_finance_2021,wault_finance_2021__hn000,wault_finance_2021,hard_negative_mined,bsc,0,k_7,7,449,0.06662553979025293,0.0025526483726866626,0.11431535477529246,0.03297161666906241,0.00011520966654643416
wault_finance_2021,wault_finance_2021__hn000,wault_finance_2021,hard_negative_mined,bsc,0,ratio_25,113,449,0.06662553979025293,0.0025526483726866626,0.11431535477529246,0.013132438004987026,0.0002666875661816448
wault_finance_2021,wault_finance_2021__hn000,wault_finance_2021,hard_negative_mined,bsc,0,ratio_50,225,449,0.06662553979025293,0.0025526483726866626,0.11431535477529246,0.01391327311190909,3.59760488208849e-05
wault_finance_2021,wault_finance_2021__hn000,wault_finance_2021,hard_negative_mined,bsc,0,ratio_75,337,449,0.06662553979025293,0.0025526483726866626,0.11431535477529246,0.014224598930481282,1.1657873074000236e-05
wault_finance_2021,wault_finance_2021__hn000,wault_finance_2021,hard_negative_mined,bsc,0,ratio_100,449,449,0.06662553979025293,0.0025526483726866626,0.11431535477529246,0.009224598930481283,1.163767865364207e-05
wault_finance_2021,wault_finance_2021__hn001,wault_finance_2021,hard_negative_mined,bsc,0,k_2,2,353,0.06662553979025293,0.0025526483726866626,0.11431535477529246,0.3181515764566998,0.14239010214805603
wault_finance_2021,wault_finance_2021__hn001,wault_finance_2021,hard_negative_mined,bsc,0,k_3,3,353,0.06662553979025293,0.0025526483726866626,0.11431535477529246,0.24640262938933305,0.03182032331824303
wault_finance_2021,wault_finance_2021__hn001,wault_finance_2021,hard_negative_mined,bsc,0,k_5,5,353,0.06662553979025293,0.0025526483726866626,0.11431535477529246,0.08379304706670637,0.005061880685389042
wault_finance_2021,wault_finance_2021__hn001,wault_finance_2021,hard_negative_mined,bsc,0,k_7,7,353,0.06662553979025293,0.0025526483726866626,0.11431535477529246,0.11016034895195748,0.007559948600828648
wault_finance_2021,wault_finance_2021__hn001,wault_finance_2021,hard_negative_mined,bsc,0,ratio_25,89,353,0.06662553979025293,0.0025526483726866626,0.11431535477529246,0.14545728770065408,0.0018012284999713302
wault_finance_2021,wault_finance_2021__hn001,wault_finance_2021,hard_negative_mined,bsc,0,ratio_50,177,353,0.06662553979025293,0.0025526483726866626,0.11431535477529246,0.17043649413139778,0.00041221611900255084
wault_finance_2021,wault_finance_2021__hn001,wault_finance_2021,hard_negative_mined,bsc,0,ratio_75,265,353,0.06662553979025293,0.0025526483726866626,0.11431535477529246,0.20094722064407836,0.0002242303016828373
wault_finance_2021,wault_finance_2021__hn001,wault_finance_2021,hard_negative_mined,bsc,0,ratio_100,353,353,0.06662553979025293,0.0025526483726866626,0.11431535477529246,0.1991762794452222,0.00019367133791092783
wault_finance_2021,wault_finance_2021__hn002,wault_finance_2021,hard_negative_mined,bsc,0,ratio_25,1,1,0.06662553979025293,0.0,0.04214893941331264,0.002653330276281096,0.00013989355647936463
wault_finance_2021,wault_finance_2021__hn003,wault_finance_2021,hard_negative_mined,bsc,0,k_2,2,850,0.06662553979025293,0.0025526483726866626,0.11431535477529246,0.05221477647258765,0.003555994713678956
wault_finance_2021,wault_finance_2021__hn003,wault_finance_2021,hard_negative_mined,bsc,0,k_3,3,850,0.06662553979025293,0.0025526483726866626,0.11431535477529246,0.1348082312739327,0.016819417476654053
wault_finance_2021,wault_finance_2021__hn003,wault_finance_2021,hard_negative_mined,bsc,0,k_5,5,850,0.06662553979025293,0.0025526483726866626,0.11431535477529246,0.07481752153706087,0.006875661667436361
wault_finance_2021,wault_finance_2021__hn003,wault_finance_2021,hard_negative_mined,bsc,0,k_7,7,850,0.06662553979025293,0.0025526483726866626,0.11431535477529246,0.06719200195165734,0.0015478904824703932
wault_finance_2021,wault_finance_2021__hn003,wault_finance_2021,hard_negative_mined,bsc,0,ratio_25,213,850,0.06662553979025293,0.0025526483726866626,0.11431535477529246,0.045080899932633256,0.0007808774244040251
wault_finance_2021,wault_finance_2021__hn003,wault_finance_2021,hard_negative_mined,bsc,0,ratio_50,425,850,0.06662553979025293,0.0025526483726866626,0.11431535477529246,0.030159040206400457,0.0001201223858515732
wault_finance_2021,wault_finance_2021__hn003,wault_finance_2021,hard_negative_mined,bsc,0,ratio_75,638,850,0.06662553979025293,0.0025526483726866626,0.11431535477529246,0.027496797687015087,2.9933167752460577e-05
wault_finance_2021,wault_finance_2021__hn003,wault_finance_2021,hard_negative_mined,bsc,0,ratio_100,850,850,0.06662553979025293,0.0025526483726866626,0.11431535477529246,0.028787120267660237,5.146512921783142e-05
wault_finance_2021,wault_finance_2021__hn004,wault_finance_2021,hard_negative_mined,bsc,0,k_2,2,439,0.06662553979025293,0.0025526483726866626,0.11431535477529246,0.04807966475839299,0.003756709164008498
wault_finance_2021,wault_finance_2021__hn004,wault_finance_2021,hard_negative_mined,bsc,0,k_3,3,439,0.06662553979025293,0.0025526483726866626,0.11431535477529246,0.04557966475839299,0.002026560716331005
wault_finance_2021,wault_finance_2021__hn004,wault_finance_2021,hard_negative_mined,bsc,0,k_5,5,439,0.06662553979025293,0.0025526483726866626,0.11431535477529246,0.04343761930384753,0.001310192048549652
wault_finance_2021,wault_finance_2021__hn004,wault_finance_2021,hard_negative_mined,bsc,0,k_7,7,439,0.06662553979025293,0.0025526483726866626,0.11431535477529246,0.04137068435200693,0.0005732982535846531
wault_finance_2021,wault_finance_2021__hn004,wault_finance_2021,hard_negative_mined,bsc,0,ratio_25,110,439,0.06662553979025293,0.0025526483726866626,0.11431535477529246,0.005979302698600944,0.0005246458458714187
wault_finance_2021,wault_finance_2021__hn004,wault_finance_2021,hard_negative_mined,bsc,0,ratio_50,220,439,0.06662553979025293,0.0025526483726866626,0.11431535477529246,0.006788994151312993,0.0001676768733887002
wault_finance_2021,wault_finance_2021__hn004,wault_finance_2021,hard_negative_mined,bsc,0,ratio_75,330,439,0.06662553979025293,0.0025526483726866626,0.11431535477529246,0.008951251646903823,0.0002092648355755955
wault_finance_2021,wault_finance_2021__hn004,wault_finance_2021,hard_negative_mined,bsc,0,ratio_100,439,439,0.06662553979025293,0.0025526483726866626,0.11431535477529246,0.014718054288706463,0.00035559755633585155
wault_finance_2021,wault_finance_2021__hn005,wault_finance_2021,hard_negative_mined,bsc,0,ratio_25,1,1,0.06662553979025293,0.0,0.11431535477529246,0.0,1.5268993593053892e-05
wault_finance_2021,wault_finance_2021__hn006,wault_finance_2021,hard_negative_mined,bsc,0,k_2,2,1000,0.06662553979025293,0.0025526483726866626,0.11431535477529246,0.05156760607990641,0.003965340554714203
wault_finance_2021,wault_finance_2021__hn006,wault_finance_2021,hard_negative_mined,bsc,0,k_3,3,1000,0.06662553979025293,0.0025526483726866626,0.11431535477529246,0.0327008763943781,0.0029667585622519255
wault_finance_2021,wault_finance_2021__hn006,wault_finance_2021,hard_negative_mined,bsc,0,k_5,5,1000,0.06662553979025293,0.0025526483726866626,0.11431535477529246,0.04133043618527742,0.0008818552014417946
wault_finance_2021,wault_finance_2021__hn006,wault_finance_2021,hard_negative_mined,bsc,0,k_7,7,1000,0.06662553979025293,0.0025526483726866626,0.11431535477529246,0.04340782725960807,0.0002771845320239663
wault_finance_2021,wault_finance_2021__hn006,wault_finance_2021,hard_negative_mined,bsc,0,ratio_25,250,1000,0.06662553979025293,0.0025526483726866626,0.11431535477529246,0.04134224921832823,5.569711356656626e-05
wault_finance_2021,wault_finance_2021__hn006,wault_finance_2021,hard_negative_mined,bsc,0,ratio_50,500,1000,0.06662553979025293,0.0025526483726866626,0.11431535477529246,0.04175260413476493,4.033884033560753e-05
wault_finance_2021,wault_finance_2021__hn006,wault_finance_2021,hard_negative_mined,bsc,0,ratio_75,750,1000,0.06662553979025293,0.0025526483726866626,0.11431535477529246,0.048934422316583105,1.969876029761508e-05
wault_finance_2021,wault_finance_2021__hn006,wault_finance_2021,hard_negative_mined,bsc,0,ratio_100,1000,1000,0.06662553979025293,0.0025526483726866626,0.11431535477529246,0.060124935115713034,0.0001037885740515776
wault_finance_2021,wault_finance_2021__hn007,wault_finance_2021,hard_negative_mined,bsc,0,k_2,2,9,0.06662553979025293,0.003190810465858328,0.0302591121217432,0.08094469927789033,0.001847343402914703
wault_finance_2021,wault_finance_2021__hn007,wault_finance_2021,hard_negative_mined,bsc,0,ratio_25,3,9,0.06662553979025293,0.0038289725590299937,0.0302591121217432,0.07092649539413562,0.00014358015323523432
wault_finance_2021,wault_finance_2021__hn007,wault_finance_2021,hard_negative_mined,bsc,0,ratio_50,5,9,0.06662553979025293,0.005105296745373325,0.0302591121217432,0.08896728009257007,5.239847450866364e-05
wault_finance_2021,wault_finance_2021__hn007,wault_finance_2021,hard_negative_mined,bsc,0,ratio_75,7,9,0.06662553979025293,0.00574345883854499,0.03681293121187654,0.17052064172361064,0.0002815518237184733
wault_finance_2021,wault_finance_2021__hn007,wault_finance_2021,hard_negative_mined,bsc,0,ratio_100,9,9,0.06662553979025293,0.007019783024888321,0.03524765293597989,0.15003794591304598,0.00027922718436457217
wault_finance_2021,wault_finance_2021__hn008,wault_finance_2021,hard_negative_mined,bsc,0,ratio_25,1,3,0.06662553979025293,0.0,0.11431535477529246,0.0,3.425051909289323e-05
wault_finance_2021,wault_finance_2021__hn008,wault_finance_2021,hard_negative_mined,bsc,0,ratio_50,2,3,0.06662553979025293,0.0025526483726866626,0.11431535477529246,0.03675943383721329,2.991727160406299e-05
wault_finance_2021,wault_finance_2021__hn008,wault_finance_2021,hard_negative_mined,bsc,0,ratio_75,3,3,0.06662553979025293,0.0025526483726866626,0.11431535477529246,0.0007383966244725738,3.5593027860159054e-05
wault_finance_2021,wault_finance_2021__hn009,wault_finance_2021,hard_negative_mined,bsc,0,ratio_25,2,6,0.06662553979025293,0.0025526483726866626,0.04214893941331264,0.1074777069746051,0.00041316423448733985
wault_finance_2021,wault_finance_2021__hn009,wault_finance_2021,hard_negative_mined,bsc,0,ratio_50,3,6,0.06662553979025293,0.0025526483726866626,0.04214893941331264,0.03359612100750016,0.00010578394721960649
wault_finance_2021,wault_finance_2021__hn009,wault_finance_2021,hard_negative_mined,bsc,0,ratio_75,5,6,0.06662553979025293,0.0038289725590299937,0.05174644324114118,0.004100840336134454,6.10997958574444e-05
wault_finance_2021,wault_finance_2021__hn009,wault_finance_2021,hard_negative_mined,bsc,0,ratio_100,6,6,0.06662553979025293,0.004467134652201659,0.05925686267050325,0.006921353156647274,0.0001072962477337569
wault_finance_2021,wault_finance_2021__hn010,wault_finance_2021,hard_negative_mined,bsc,0,ratio_25,2,7,0.06662553979025293,0.0025526483726866626,0.11431535477529246,0.025741186981911694,0.00014679336163681
wault_finance_2021,wault_finance_2021__hn010,wault_finance_2021,hard_negative_mined,bsc,0,k_3,3,7,0.06662553979025293,0.0025526483726866626,0.11431535477529246,0.0992690684749584,8.909069583751261e-05
wault_finance_2021,wault_finance_2021__hn010,wault_finance_2021,hard_negative_mined,bsc,0,ratio_50,4,7,0.06662553979025293,0.0025526483726866626,0.11431535477529246,0.10076093976929457,8.808585698716342e-05
wault_finance_2021,wault_finance_2021__hn010,wault_finance_2021,hard_negative_mined,bsc,0,k_5,5,7,0.06662553979025293,0.0025526483726866626,0.11431535477529246,0.06734365297321776,4.0984374209074304e-05
wault_finance_2021,wault_finance_2021__hn010,wault_finance_2021,hard_negative_mined,bsc,0,ratio_75,6,7,0.06662553979025293,0.0025526483726866626,0.11431535477529246,0.05691802186742577,1.740878724376671e-05
wault_finance_2021,wault_finance_2021__hn010,wault_finance_2021,hard_negative_mined,bsc,0,ratio_100,7,7,0.06662553979025293,0.0025526483726866626,0.11431535477529246,0.03984770519377811,1.3958857380202971e-05
wault_finance_2021,wault_finance_2021__hn011,wault_finance_2021,hard_negative_mined,bsc,0,k_2,2,46,0.06662553979025293,0.0025526483726866626,0.07008128372898607,0.2012701850716089,0.01264022197574377
wault_finance_2021,wault_finance_2021__hn011,wault_finance_2021,hard_negative_mined,bsc,0,k_3,3,46,0.06662553979025293,0.0025526483726866626,0.08270915488805336,0.04693242826982221,0.0028730484191328287
wault_finance_2021,wault_finance_2021__hn011,wault_finance_2021,hard_negative_mined,bsc,0,k_5,5,46,0.06662553979025293,0.0025526483726866626,0.09426672495287498,0.02119283653284114,0.0011106873862445354
wault_finance_2021,wault_finance_2021__hn011,wault_finance_2021,hard_negative_mined,bsc,0,k_7,7,46,0.06662553979025293,0.0025526483726866626,0.09964940518937945,0.02647488781489242,0.001137175946496427
wault_finance_2021,wault_finance_2021__hn011,wault_finance_2021,hard_negative_mined,bsc,0,ratio_25,12,46,0.06662553979025293,0.0025526483726866626,0.1055453375085819,0.006264178298294629,0.00020574750669766217
wault_finance_2021,wault_finance_2021__hn011,wault_finance_2021,hard_negative_mined,bsc,0,ratio_50,23,46,0.06662553979025293,0.0025526483726866626,0.10966317122170856,0.007603464012580343,0.0001290562067879364
wault_finance_2021,wault_finance_2021__hn011,wault_finance_2021,hard_negative_mined,bsc,0,ratio_75,35,46,0.06662553979025293,0.0025526483726866626,0.11123920174730934,0.0021863830613830615,6.393287912942469e-05
wault_finance_2021,wault_finance_2021__hn011,wault_finance_2021,hard_negative_mined,bsc,0,ratio_100,46,46,0.06662553979025293,0.0025526483726866626,0.1119681494008454,0.005647921522921523,4.44848628831096e-05
wault_finance_2021,wault_finance_2021__hn012,wault_finance_2021,hard_negative_mined,bsc,0,k_2,2,13,0.06662553979025293,0.0025526483726866626,0.11431535477529246,0.1720912978548004,0.0009535753633826971
wault_finance_2021,wault_finance_2021__hn012,wault_finance_2021,hard_negative_mined,bsc,0,k_3,3,13,0.06662553979025293,0.0025526483726866626,0.11431535477529246,0.11742294775623584,0.0007333565154112875
wault_finance_2021,wault_finance_2021__hn012,wault_finance_2021,hard_negative_mined,bsc,0,ratio_25,4,13,0.06662553979025293,0.0025526483726866626,0.11431535477529246,0.06733501067927197,0.00031190342269837856
wault_finance_2021,wault_finance_2021__hn012,wault_finance_2021,hard_negative_mined,bsc,0,k_5,5,13,0.06662553979025293,0.0025526483726866626,0.11431535477529246,0.07608501067927197,0.0002074383810395375
wault_finance_2021,wault_finance_2021__hn012,wault_finance_2021,hard_negative_mined,bsc,0,ratio_50,7,13,0.06662553979025293,0.0025526483726866626,0.09964940518937945,0.0005454545454545455,0.000186980701982975
wault_finance_2021,wault_finance_2021__hn012,wault_finance_2021,hard_negative_mined,bsc,0,ratio_75,10,13,0.06662553979025293,0.0025526483726866626,0.09426672495287498,0.02554545454545455,0.0008308130200020969
wault_finance_2021,wault_finance_2021__hn012,wault_finance_2021,hard_negative_mined,bsc,0,ratio_100,13,13,0.06662553979025293,0.0025526483726866626,0.0985934769192574,0.0005454545454545455,2.2000584067427553e-05
wault_finance_2021,wault_finance_2021__hn013,wault_finance_2021,hard_negative_mined,bsc,0,ratio_25,1,1,0.06662553979025293,0.0,0.11431535477529246,0.0,1.5268993593053892e-05
wault_finance_2021,wault_finance_2021__hn014,wault_finance_2021,hard_negative_mined,bsc,0,ratio_25,2,7,0.06662553979025293,0.0025526483726866626,0.04214893941331264,0.5951201131059685,0.17962929606437683
wault_finance_2021,wault_finance_2021__hn014,wault_finance_2021,hard_negative_mined,bsc,0,k_3,3,7,0.06662553979025293,0.003190810465858328,0.04214893941331264,0.013890404215667375,0.0016055140877142549
wault_finance_2021,wault_finance_2021__hn014,wault_finance_2021,hard_negative_mined,bsc,0,ratio_50,4,7,0.06662553979025293,0.0038289725590299937,0.05445112362375721,0.010579365079365079,0.001030618092045188
wault_finance_2021,wault_finance_2021__hn014,wault_finance_2021,hard_negative_mined,bsc,0,k_5,5,7,0.06662553979025293,0.0038289725590299937,0.06338472595331256,0.015579365079365077,0.00018586618534754962
wault_finance_2021,wault_finance_2021__hn014,wault_finance_2021,hard_negative_mined,bsc,0,ratio_75,6,7,0.06662553979025293,0.0038289725590299937,0.05925686267050325,0.032544006868284035,0.0004364025953691453
wault_finance_2021,wault_finance_2021__hn014,wault_finance_2021,hard_negative_mined,bsc,0,ratio_100,7,7,0.06662553979025293,0.0038289725590299937,0.05646403639741962,0.016651149725426896,0.00038856270839460194
wault_finance_2021,wault_finance_2021__hn015,wault_finance_2021,hard_negative_mined,bsc,0,ratio_25,1,2,0.06662553979025293,0.0,0.11431535477529246,0.0,3.168980765622109e-05
wault_finance_2021,wault_finance_2021__hn015,wault_finance_2021,hard_negative_mined,bsc,0,ratio_75,2,2,0.06662553979025293,0.0025526483726866626,0.07008128372898607,0.030350485434437684,0.00012913584941998124
wault_finance_2021,wault_finance_2021__hn016,wault_finance_2021,hard_negative_mined,bsc,0,k_2,2,997,0.06662553979025293,0.0025526483726866626,0.11431535477529246,0.0351075583815818,0.004291440360248089
wault_finance_2021,wault_finance_2021__hn016,wault_finance_2021,hard_negative_mined,bsc,0,k_3,3,997,0.06662553979025293,0.0025526483726866626,0.11431535477529246,0.08809886012223361,0.0029086428694427013
wault_finance_2021,wault_finance_2021__hn016,wault_finance_2021,hard_negative_mined,bsc,0,k_5,5,997,0.06662553979025293,0.0025526483726866626,0.11431535477529246,0.07300422155290502,0.0022451430559158325
wault_finance_2021,wault_finance_2021__hn016,wault_finance_2021,hard_negative_mined,bsc,0,k_7,7,997,0.06662553979025293,0.0025526483726866626,0.11431535477529246,0.05145277805710501,0.0013581527164205909
wault_finance_2021,wault_finance_2021__hn016,wault_finance_2021,hard_negative_mined,bsc,0,ratio_25,250,997,0.06662553979025293,0.0025526483726866626,0.11431535477529246,0.02838659290662201,0.00023490503372158855
wault_finance_2021,wault_finance_2021__hn016,wault_finance_2021,hard_negative_mined,bsc,0,ratio_50,499,997,0.06662553979025293,0.0025526483726866626,0.11431535477529246,0.004181456138445385,0.0004577937361318618
wault_finance_2021,wault_finance_2021__hn016,wault_finance_2021,hard_negative_mined,bsc,0,ratio_75,748,997,0.06662553979025293,0.0025526483726866626,0.11431535477529246,0.005848122805112052,0.00011733079008990899
wault_finance_2021,wault_finance_2021__hn016,wault_finance_2021,hard_negative_mined,bsc,0,ratio_100,997,997,0.06662553979025293,0.0025526483726866626,0.11431535477529246,0.013576072127007916,0.00010549162107054144
wault_finance_2021,wault_finance_2021__hn017,wault_finance_2021,hard_negative_mined,bsc,0,ratio_25,1,3,0.06662553979025293,0.0,0.0302591121217432,0.012078617632602935,0.0015808368334546685
wault_finance_2021,wault_finance_2021__hn017,wault_finance_2021,hard_negative_mined,bsc,0,ratio_50,2,3,0.06662553979025293,0.0025526483726866626,0.0302591121217432,0.04306684501556912,0.0014510396867990494
wault_finance_2021,wault_finance_2021__hn017,wault_finance_2021,hard_negative_mined,bsc,0,ratio_75,3,3,0.06662553979025293,0.003190810465858328,0.0302591121217432,0.027114935011874248,0.0010620872490108013
wault_finance_2021,wault_finance_2021__hn018,wault_finance_2021,hard_negative_mined,bsc,0,ratio_25,2,7,0.06662553979025293,0.0025526483726866626,0.04214893941331264,0.16398685237091404,0.08238827437162399
wault_finance_2021,wault_finance_2021__hn018,wault_finance_2021,hard_negative_mined,bsc,0,k_3,3,7,0.06662553979025293,0.0025526483726866626,0.04214893941331264,0.04344434359422146,0.0011538221733644605
wault_finance_2021,wault_finance_2021__hn018,wault_finance_2021,hard_negative_mined,bsc,0,ratio_50,4,7,0.06662553979025293,0.0025526483726866626,0.04214893941331264,0.04713121228109016,0.0010453594150021672
wault_finance_2021,wault_finance_2021__hn018,wault_finance_2021,hard_negative_mined,bsc,0,k_5,5,7,0.06662553979025293,0.0025526483726866626,0.04214893941331264,0.0477875108058354,0.002370082540437579
wault_finance_2021,wault_finance_2021__hn018,wault_finance_2021,hard_negative_mined,bsc,0,ratio_75,6,7,0.06662553979025293,0.0025526483726866626,0.04214893941331264,0.030829830585889204,0.0005686371587216854
wault_finance_2021,wault_finance_2021__hn018,wault_finance_2021,hard_negative_mined,bsc,0,ratio_100,7,7,0.06662553979025293,0.0025526483726866626,0.04214893941331264,0.03431538270147228,0.0005254689021967351
wault_finance_2021,wault_finance_2021__hn019,wault_finance_2021,hard_negative_mined,bsc,0,ratio_25,2,6,0.06662553979025293,0.0025526483726866626,0.04214893941331264,0.42802941254358196,0.004696229938417673
wault_finance_2021,wault_finance_2021__hn019,wault_finance_2021,hard_negative_mined,bsc,0,ratio_50,3,6,0.06662553979025293,0.0025526483726866626,0.04214893941331264,0.03954779187008353,0.0008252983679994941
wault_finance_2021,wault_finance_2021__hn019,wault_finance_2021,hard_negative_mined,bsc,0,ratio_75,5,6,0.06662553979025293,0.0025526483726866626,0.04214893941331264,0.02052805639104013,0.0002453580091241747
wault_finance_2021,wault_finance_2021__hn019,wault_finance_2021,hard_negative_mined,bsc,0,ratio_100,6,6,0.06662553979025293,0.0025526483726866626,0.04214893941331264,0.023248783039065423,0.000512135389726609
wault_finance_2021,wault_finance_2021__hn020,wault_finance_2021,hard_negative_mined,bsc,0,ratio_25,1,1,0.06662553979025293,0.0,0.11431535477529246,0.0,1.5268993593053892e-05
wault_finance_2021,wault_finance_2021__hn021,wault_finance_2021,hard_negative_mined,bsc,0,ratio_25,1,3,0.06662553979025293,0.0,0.11431535477529246,0.0,3.425051909289323e-05
wault_finance_2021,wault_finance_2021__hn021,wault_finance_2021,hard_negative_mined,bsc,0,ratio_50,2,3,0.06662553979025293,0.0025526483726866626,0.07008128372898607,0.021229094631819947,3.53093164449092e-05
wault_finance_2021,wault_finance_2021__hn021,wault_finance_2021,hard_negative_mined,bsc,0,ratio_75,3,3,0.06662553979025293,0.003190810465858328,0.08270915488805336,0.04277185972775402,0.00013732897059526294
paraluni_2022,paraluni_2022__hn000,paraluni_2022,hard_negative_mined,bsc,0,ratio_25,1,4,0.0665024630541872,0.0,0.10558999308991493,0.0035875355761512077,0.00018790704780258238
paraluni_2022,paraluni_2022__hn000,paraluni_2022,hard_negative_mined,bsc,0,ratio_50,2,4,0.0665024630541872,0.0025526483726866626,0.10558999308991493,0.09801721853148726,0.0014791714493185282
paraluni_2022,paraluni_2022__hn000,paraluni_2022,hard_negative_mined,bsc,0,ratio_75,3,4,0.0665024630541872,0.003190810465858328,0.10558999308991493,0.05616527294101542,0.0001991901663132012
paraluni_2022,paraluni_2022__hn000,paraluni_2022,hard_negative_mined,bsc,0,ratio_100,4,4,0.0665024630541872,0.0038289725590299937,0.10558999308991493,0.003916666666666667,0.0004073975724168122
paraluni_2022,paraluni_2022__hn001,paraluni_2022,hard_negative_mined,bsc,0,k_2,2,1000,0.0665024630541872,0.0025526483726866626,0.10558999308991493,0.029097545338649947,0.02188222110271454
paraluni_2022,paraluni_2022__hn001,paraluni_2022,hard_negative_mined,bsc,0,k_3,3,1000,0.0665024630541872,0.0025526483726866626,0.10558999308991493,0.02244030551964542,0.008782918564975262
paraluni_2022,paraluni_2022__hn001,paraluni_2022,hard_negative_mined,bsc,0,k_5,5,1000,0.0665024630541872,0.0025526483726866626,0.10558999308991493,0.0703757498668188,0.004810088314116001
paraluni_2022,paraluni_2022__hn001,paraluni_2022,hard_negative_mined,bsc,0,k_7,7,1000,0.0665024630541872,0.0025526483726866626,0.10558999308991493,0.0939923104185758,0.002232988364994526
paraluni_2022,paraluni_2022__hn001,paraluni_2022,hard_negative_mined,bsc,0,ratio_25,250,1000,0.0665024630541872,0.0025526483726866626,0.10558999308991493,0.05451973414075507,0.0013020489132031798
paraluni_2022,paraluni_2022__hn001,paraluni_2022,hard_negative_mined,bsc,0,ratio_50,500,1000,0.0665024630541872,0.0025526483726866626,0.10558999308991493,0.052178442244324955,0.0005409772857092321
paraluni_2022,paraluni_2022__hn001,paraluni_2022,hard_negative_mined,bsc,0,ratio_75,750,1000,0.0665024630541872,0.0025526483726866626,0.10558999308991493,0.06084122677696856,0.00010324201866751537
paraluni_2022,paraluni_2022__hn001,paraluni_2022,hard_negative_mined,bsc,0,ratio_100,1000,1000,0.0665024630541872,0.0025526483726866626,0.10558999308991493,0.12033063153613131,0.001242190133780241
paraluni_2022,paraluni_2022__hn002,paraluni_2022,hard_negative_mined,bsc,0,k_2,2,560,0.0665024630541872,0.0025526483726866626,0.031591601896344995,0.16018098555378898,0.01779095269739628
paraluni_2022,paraluni_2022__hn002,paraluni_2022,hard_negative_mined,bsc,0,k_3,3,560,0.0665024630541872,0.003190810465858328,0.031591601896344995,0.25443381316902053,0.03414000943303108
paraluni_2022,paraluni_2022__hn002,paraluni_2022,hard_negative_mined,bsc,0,k_5,5,560,0.0665024630541872,0.0038289725590299937,0.031591601896344995,0.39138591813065043,0.794293999671936
paraluni_2022,paraluni_2022__hn002,paraluni_2022,hard_negative_mined,bsc,0,k_7,7,560,0.0665024630541872,0.004467134652201659,0.037723261394909065,0.2698989585450912,0.42820653319358826
paraluni_2022,paraluni_2022__hn002,paraluni_2022,hard_negative_mined,bsc,0,ratio_25,140,560,0.0665024630541872,0.010848755583918315,0.08870705631364863,0.040301642920063975,0.002432991750538349
paraluni_2022,paraluni_2022__hn002,paraluni_2022,hard_negative_mined,bsc,0,ratio_50,280,560,0.0665024630541872,0.010848755583918315,0.09682047715810305,0.017270389315146347,0.001678513246588409
paraluni_2022,paraluni_2022__hn002,paraluni_2022,hard_negative_mined,bsc,0,ratio_75,420,560,0.0665024630541872,0.010848755583918315,0.09966890998544752,0.027222222222222224,0.0010265596210956573
paraluni_2022,paraluni_2022__hn002,paraluni_2022,hard_negative_mined,bsc,0,ratio_100,560,560,0.0665024630541872,0.010848755583918315,0.1011208958928371,0.012916666666666667,0.0006254757172428071
paraluni_2022,paraluni_2022__hn003,paraluni_2022,hard_negative_mined,bsc,0,ratio_25,1,1,0.0665024630541872,0.0,0.05485783658856213,0.0008333333333333333,1.2873750165454112e-05
paraluni_2022,paraluni_2022__hn004,paraluni_2022,hard_negative_mined,bsc,0,ratio_25,1,4,0.0665024630541872,0.0,0.10558999308991493,0.057251656655765884,0.1366294026374817
paraluni_2022,paraluni_2022__hn004,paraluni_2022,hard_negative_mined,bsc,0,ratio_50,2,4,0.0665024630541872,0.003190810465858328,0.10558999308991493,0.039546025932818384,0.00675353454425931
paraluni_2022,paraluni_2022__hn004,paraluni_2022,hard_negative_mined,bsc,0,ratio_75,3,4,0.0665024630541872,0.0038289725590299937,0.08523431088980628,0.5124598071749207,0.6195007562637329
paraluni_2022,paraluni_2022__hn004,paraluni_2022,hard_negative_mined,bsc,0,ratio_100,4,4,0.0665024630541872,0.004467134652201659,0.08996207426686734,0.30785471829371075,0.018355369567871094
paraluni_2022,paraluni_2022__hn005,paraluni_2022,hard_negative_mined,bsc,0,k_2,2,108,0.0665024630541872,0.003190810465858328,0.05843206905656021,0.2891488364059383,0.11471855640411377
paraluni_2022,paraluni_2022__hn005,paraluni_2022,hard_negative_mined,bsc,0,k_3,3,108,0.0665024630541872,0.003190810465858328,0.047695765145125524,0.2867203821620716,0.09034708142280579
paraluni_2022,paraluni_2022__hn005,paraluni_2022,hard_negative_mined,bsc,0,k_5,5,108,0.0665024630541872,0.004467134652201659,0.04048368766067509,0.45086773060634316,0.025006907060742378
paraluni_2022,paraluni_2022__hn005,paraluni_2022,hard_negative_mined,bsc,0,k_7,7,108,0.0665024630541872,0.005105296745373325,0.037723261394909065,0.4016423594323072,0.0002850517339538783
paraluni_2022,paraluni_2022__hn005,paraluni_2022,hard_negative_mined,bsc,0,ratio_25,27,108,0.0665024630541872,0.01021059349074665,0.047695765145125524,0.04355349401015036,0.0007204198045656085
paraluni_2022,paraluni_2022__hn005,paraluni_2022,hard_negative_mined,bsc,0,ratio_50,54,108,0.0665024630541872,0.01021059349074665,0.07140390465469956,0.003222222222222222,0.0014122118009254336
paraluni_2022,paraluni_2022__hn005,paraluni_2022,hard_negative_mined,bsc,0,ratio_75,81,108,0.0665024630541872,0.01021059349074665,0.08147937495757782,0.0,0.0005474429926835
paraluni_2022,paraluni_2022__hn005,paraluni_2022,hard_negative_mined,bsc,0,ratio_100,108,108,0.0665024630541872,0.01021059349074665,0.08698941726382813,0.0,0.00047400451148860157
paraluni_2022,paraluni_2022__hn006,paraluni_2022,hard_negative_mined,bsc,0,k_2,2,15,0.0665024630541872,0.003190810465858328,0.10558999308991493,0.3495453468678549,0.012616612948477268
paraluni_2022,paraluni_2022__hn006,paraluni_2022,hard_negative_mined,bsc,0,k_3,3,15,0.0665024630541872,0.003190810465858328,0.10558999308991493,0.3374104101508475,0.01612457074224949
paraluni_2022,paraluni_2022__hn006,paraluni_2022,hard_negative_mined,bsc,0,ratio_25,4,15,0.0665024630541872,0.003190810465858328,0.10558999308991493,0.26516109445592795,0.019218815490603447
paraluni_2022,paraluni_2022__hn006,paraluni_2022,hard_negative_mined,bsc,0,k_5,5,15,0.0665024630541872,0.003190810465858328,0.10558999308991493,0.381121319414153,0.0070655979216098785
paraluni_2022,paraluni_2022__hn006,paraluni_2022,hard_negative_mined,bsc,0,k_7,7,15,0.0665024630541872,0.003190810465858328,0.10558999308991493,0.35901226379317513,0.004070178139954805
paraluni_2022,paraluni_2022__hn006,paraluni_2022,hard_negative_mined,bsc,0,ratio_50,8,15,0.0665024630541872,0.003190810465858328,0.10558999308991493,0.3710424875560301,0.0038651993963867426
paraluni_2022,paraluni_2022__hn006,paraluni_2022,hard_negative_mined,bsc,0,ratio_75,12,15,0.0665024630541872,0.003190810465858328,0.10558999308991493,0.2084721156470521,0.004559014458209276
paraluni_2022,paraluni_2022__hn006,paraluni_2022,hard_negative_mined,bsc,0,ratio_100,15,15,0.0665024630541872,0.003190810465858328,0.10558999308991493,0.23037650292294448,0.004458067938685417
paraluni_2022,paraluni_2022__hn007,paraluni_2022,hard_negative_mined,bsc,0,k_2,2,13,0.0665024630541872,0.0025526483726866626,0.05485783658856213,0.2119538392838874,0.12173888832330704
paraluni_2022,paraluni_2022__hn007,paraluni_2022,hard_negative_mined,bsc,0,k_3,3,13,0.0665024630541872,0.0025526483726866626,0.05485783658856213,0.060326967003311444,0.05460124835371971
paraluni_2022,paraluni_2022__hn007,paraluni_2022,hard_negative_mined,bsc,0,ratio_25,4,13,0.0665024630541872,0.0025526483726866626,0.05485783658856213,0.026156650876212148,0.010344985872507095
paraluni_2022,paraluni_2022__hn007,paraluni_2022,hard_negative_mined,bsc,0,k_5,5,13,0.0665024630541872,0.0025526483726866626,0.05485783658856213,0.021004484705024237,0.0025045564398169518
paraluni_2022,paraluni_2022__hn007,paraluni_2022,hard_negative_mined,bsc,0,ratio_50,7,13,0.0665024630541872,0.0025526483726866626,0.05485783658856213,0.028363544444766266,0.0011713621206581593
paraluni_2022,paraluni_2022__hn007,paraluni_2022,hard_negative_mined,bsc,0,ratio_75,10,13,0.0665024630541872,0.01148691767708998,0.047691732846730714,0.00424537037037037,0.0006971076945774257
paraluni_2022,paraluni_2022__hn007,paraluni_2022,hard_negative_mined,bsc,0,ratio_100,13,13,0.0665024630541872,0.01148691767708998,0.051883904099828224,0.00424537037037037,0.020151160657405853
paraluni_2022,paraluni_2022__hn008,paraluni_2022,hard_negative_mined,bsc,0,ratio_25,1,4,0.0665024630541872,0.0,0.05485783658856213,0.06127943443354366,0.003971091005951166
paraluni_2022,paraluni_2022__hn008,paraluni_2022,hard_negative_mined,bsc,0,ratio_50,2,4,0.0665024630541872,0.0025526483726866626,0.07644947133948712,0.08133211256013384,0.0012920745648443699
paraluni_2022,paraluni_2022__hn008,paraluni_2022,hard_negative_mined,bsc,0,ratio_75,3,4,0.0665024630541872,0.0025526483726866626,0.06850225542237914,0.03357690352529179,0.0003138706961181015
paraluni_2022,paraluni_2022__hn008,paraluni_2022,hard_negative_mined,bsc,0,ratio_100,4,4,0.0665024630541872,0.003190810465858328,0.06482193537640693,0.004285714285714285,0.00034289146424271166
paraluni_2022,paraluni_2022__hn009,paraluni_2022,hard_negative_mined,bsc,0,k_2,2,334,0.0665024630541872,0.0025526483726866626,0.10558999308991493,0.08230174091274436,0.003194246906787157
paraluni_2022,paraluni_2022__hn009,paraluni_2022,hard_negative_mined,bsc,0,k_3,3,334,0.0665024630541872,0.0025526483726866626,0.10558999308991493,0.07736477546468182,0.0020226335618644953
paraluni_2022,paraluni_2022__hn009,paraluni_2022,hard_negative_mined,bsc,0,k_5,5,334,0.0665024630541872,0.0025526483726866626,0.10558999308991493,0.07812668022658657,0.002142837271094322
paraluni_2022,paraluni_2022__hn009,paraluni_2022,hard_negative_mined,bsc,0,k_7,7,334,0.0665024630541872,0.0025526483726866626,0.10558999308991493,0.05467820370079171,0.0007745458278805017
paraluni_2022,paraluni_2022__hn009,paraluni_2022,hard_negative_mined,bsc,0,ratio_25,84,334,0.0665024630541872,0.0025526483726866626,0.10558999308991493,0.006144175155227734,0.0003411515790503472
paraluni_2022,paraluni_2022__hn009,paraluni_2022,hard_negative_mined,bsc,0,ratio_50,167,334,0.0665024630541872,0.0025526483726866626,0.10558999308991493,0.006144175155227734,0.00011337138130329549
paraluni_2022,paraluni_2022__hn009,paraluni_2022,hard_negative_mined,bsc,0,ratio_75,251,334,0.0665024630541872,0.0025526483726866626,0.10558999308991493,0.001388888888888889,3.8155721995281056e-05
paraluni_2022,paraluni_2022__hn009,paraluni_2022,hard_negative_mined,bsc,0,ratio_100,334,334,0.0665024630541872,0.0025526483726866626,0.10558999308991493,0.010800653594771241,4.61548515886534e-05
paraluni_2022,paraluni_2022__hn010,paraluni_2022,hard_negative_mined,bsc,0,ratio_25,1,1,0.0665024630541872,0.0,0.05485783658856213,0.0008333333333333333,1.2873750165454112e-05
paraluni_2022,paraluni_2022__hn011,paraluni_2022,hard_negative_mined,bsc,0,ratio_25,2,6,0.0665024630541872,0.0025526483726866626,0.05485783658856213,0.23228303263876302,0.008181952871382236
paraluni_2022,paraluni_2022__hn011,paraluni_2022,hard_negative_mined,bsc,0,ratio_50,3,6,0.0665024630541872,0.0025526483726866626,0.05485783658856213,0.09597247642066697,0.005041248165071011
paraluni_2022,paraluni_2022__hn011,paraluni_2022,hard_negative_mined,bsc,0,ratio_75,5,6,0.0665024630541872,0.003190810465858328,0.06270291343951362,0.014709677419354838,0.003020342206582427
paraluni_2022,paraluni_2022__hn011,paraluni_2022,hard_negative_mined,bsc,0,ratio_100,6,6,0.0665024630541872,0.003190810465858328,0.06850225542237914,0.008876344086021505,0.0008302602218464017
paraluni_2022,paraluni_2022__hn012,paraluni_2022,hard_negative_mined,bsc,0,k_2,2,27,0.0665024630541872,0.003190810465858328,0.05485783658856213,0.2337070911218548,0.032157815992832184
paraluni_2022,paraluni_2022__hn012,paraluni_2022,hard_negative_mined,bsc,0,k_3,3,27,0.0665024630541872,0.0038289725590299937,0.05485783658856213,0.103865198604393,0.008634638041257858
paraluni_2022,paraluni_2022__hn012,paraluni_2022,hard_negative_mined,bsc,0,k_5,5,27,0.0665024630541872,0.0038289725590299937,0.05485783658856213,0.06370329504738777,0.0019147524144500494
paraluni_2022,paraluni_2022__hn012,paraluni_2022,hard_negative_mined,bsc,0,ratio_25,7,27,0.0665024630541872,0.005105296745373325,0.05485783658856213,0.053908361665714596,0.0014331868151202798
paraluni_2022,paraluni_2022__hn012,paraluni_2022,hard_negative_mined,bsc,0,ratio_50,14,27,0.0665024630541872,0.007657945118059987,0.05485783658856213,0.010194805194805194,0.000575666141230613
paraluni_2022,paraluni_2022__hn012,paraluni_2022,hard_negative_mined,bsc,0,ratio_75,21,27,0.0665024630541872,0.009572431397574984,0.05485783658856213,0.006103896103896104,0.00018914465908892453
paraluni_2022,paraluni_2022__hn012,paraluni_2022,hard_negative_mined,bsc,0,ratio_100,27,27,0.0665024630541872,0.01148691767708998,0.05485783658856213,0.006103896103896104,7.059650670271367e-05
paraluni_2022,paraluni_2022__hn013,paraluni_2022,hard_negative_mined,bsc,0,k_2,2,13,0.0665024630541872,0.0025526483726866626,0.10558999308991493,0.30022151584710266,0.876400351524353
paraluni_2022,paraluni_2022__hn013,paraluni_2022,hard_negative_mined,bsc,0,k_3,3,13,0.0665024630541872,0.0025526483726866626,0.10558999308991493,0.639863062273432,0.9706940650939941
paraluni_2022,paraluni_2022__hn013,paraluni_2022,hard_negative_mined,bsc,0,ratio_25,4,13,0.0665024630541872,0.0025526483726866626,0.10558999308991493,0.5930713236403539,0.9628890156745911
paraluni_2022,paraluni_2022__hn013,paraluni_2022,hard_negative_mined,bsc,0,k_5,5,13,0.0665024630541872,0.0025526483726866626,0.10558999308991493,0.5172299559855521,0.669189453125
paraluni_2022,paraluni_2022__hn013,paraluni_2022,hard_negative_mined,bsc,0,ratio_50,7,13,0.0665024630541872,0.003190810465858328,0.07557296492755339,0.05054845266194597,0.005142676644027233
paraluni_2022,paraluni_2022__hn013,paraluni_2022,hard_negative_mined,bsc,0,ratio_75,10,13,0.0665024630541872,0.005105296745373325,0.05843206905656021,0.21043592891202695,0.006763584911823273
paraluni_2022,paraluni_2022__hn013,paraluni_2022,hard_negative_mined,bsc,0,ratio_100,13,13,0.0665024630541872,0.007019783024888321,0.050782559223009796,0.17157635932661697,0.005023423116654158
paraluni_2022,paraluni_2022__hn014,paraluni_2022,hard_negative_mined,bsc,0,k_2,2,219,0.0665024630541872,0.0025526483726866626,0.07644947133948712,0.3033391142499814,0.011142779141664505
paraluni_2022,paraluni_2022__hn014,paraluni_2022,hard_negative_mined,bsc,0,k_3,3,219,0.0665024630541872,0.0025526483726866626,0.08523431088980628,0.0945359346286356,0.0017166293691843748
paraluni_2022,paraluni_2022__hn014,paraluni_2022,hard_negative_mined,bsc,0,k_5,5,219,0.0665024630541872,0.0025526483726866626,0.09291099286882232,0.057912432595604545,0.002387275220826268
paraluni_2022,paraluni_2022__hn014,paraluni_2022,hard_negative_mined,bsc,0,k_7,7,219,0.0665024630541872,0.0025526483726866626,0.08010789657620014,0.0145627438574195,0.0034299169201403856
paraluni_2022,paraluni_2022__hn014,paraluni_2022,hard_negative_mined,bsc,0,ratio_25,55,219,0.0665024630541872,0.0025526483726866626,0.09291099286882232,0.0008893777498428662,0.00157270859926939
paraluni_2022,paraluni_2022__hn014,paraluni_2022,hard_negative_mined,bsc,0,ratio_50,110,219,0.0665024630541872,0.0025526483726866626,0.09907011103474905,0.0003488372093023256,0.0002552343357820064
paraluni_2022,paraluni_2022__hn014,paraluni_2022,hard_negative_mined,bsc,0,ratio_75,165,219,0.0665024630541872,0.0025526483726866626,0.10120258833802681,0.0,0.00014113694487605244
paraluni_2022,paraluni_2022__hn014,paraluni_2022,hard_negative_mined,bsc,0,ratio_100,219,219,0.0665024630541872,0.0025526483726866626,0.10226914751964229,0.007916666666666667,0.0001113479447667487
paraluni_2022,paraluni_2022__hn015,paraluni_2022,hard_negative_mined,bsc,0,ratio_25,1,1,0.0665024630541872,0.0,0.05485783658856213,0.0008333333333333333,3.5013970773434266e-05
paraluni_2022,paraluni_2022__hn016,paraluni_2022,hard_negative_mined,bsc,0,ratio_25,1,2,0.0665024630541872,0.0,0.05485783658856213,0.003818364997121474,6.287414726102725e-05
paraluni_2022,paraluni_2022__hn016,paraluni_2022,hard_negative_mined,bsc,0,ratio_75,2,2,0.0665024630541872,0.0025526483726866626,0.05485783658856213,0.33321042422564895,7.302238373085856e-05
paraluni_2022,paraluni_2022__hn017,paraluni_2022,hard_negative_mined,bsc,0,k_2,2,1000,0.0665024630541872,0.0025526483726866626,0.10558999308991493,0.08666175595936887,0.011922248639166355
paraluni_2022,paraluni_2022__hn017,paraluni_2022,hard_negative_mined,bsc,0,k_3,3,1000,0.0665024630541872,0.0025526483726866626,0.10558999308991493,0.04208335363747869,0.0009189497795887291
paraluni_2022,paraluni_2022__hn017,paraluni_2022,hard_negative_mined,bsc,0,k_5,5,1000,0.0665024630541872,0.0025526483726866626,0.10558999308991493,0.06858474896521034,0.00240308977663517
paraluni_2022,paraluni_2022__hn017,paraluni_2022,hard_negative_mined,bsc,0,k_7,7,1000,0.0665024630541872,0.0025526483726866626,0.10558999308991493,0.06792095586176207,0.0011585315223783255
paraluni_2022,paraluni_2022__hn017,paraluni_2022,hard_negative_mined,bsc,0,ratio_25,250,1000,0.0665024630541872,0.0025526483726866626,0.10558999308991493,0.0005813953488372093,0.0008440382080152631
paraluni_2022,paraluni_2022__hn017,paraluni_2022,hard_negative_mined,bsc,0,ratio_50,500,1000,0.0665024630541872,0.0025526483726866626,0.10558999308991493,0.0005560910953126883,2.4517206838936545e-05
paraluni_2022,paraluni_2022__hn017,paraluni_2022,hard_negative_mined,bsc,0,ratio_75,750,1000,0.0665024630541872,0.0025526483726866626,0.10558999308991493,0.009302369774200759,0.00040857697604224086
paraluni_2022,paraluni_2022__hn017,paraluni_2022,hard_negative_mined,bsc,0,ratio_100,1000,1000,0.0665024630541872,0.0025526483726866626,0.10558999308991493,0.0032460317460317454,0.0003803817380685359
paraluni_2022,paraluni_2022__hn018,paraluni_2022,hard_negative_mined,bsc,0,ratio_25,2,5,0.0665024630541872,0.0,0.10558999308991493,0.08881918735324604,0.04188496619462967
paraluni_2022,paraluni_2022__hn018,paraluni_2022,hard_negative_mined,bsc,0,ratio_50,3,5,0.0665024630541872,0.0025526483726866626,0.10558999308991493,0.05173727360683092,0.021673720329999924
paraluni_2022,paraluni_2022__hn018,paraluni_2022,hard_negative_mined,bsc,0,ratio_75,4,5,0.0665024630541872,0.005105296745373325,0.10558999308991493,0.06869097023699813,0.011072279885411263
paraluni_2022,paraluni_2022__hn018,paraluni_2022,hard_negative_mined,bsc,0,ratio_100,5,5,0.0665024630541872,0.005105296745373325,0.10558999308991493,0.06964822131924922,0.014104446396231651
paraluni_2022,paraluni_2022__hn019,paraluni_2022,hard_negative_mined,bsc,0,ratio_25,1,2,0.0665024630541872,0.0,0.05485783658856213,0.0002072538860103627,2.1337013095035218e-05
paraluni_2022,paraluni_2022__hn019,paraluni_2022,hard_negative_mined,bsc,0,ratio_75,2,2,0.0665024630541872,0.003190810465858328,0.05485783658856213,0.08295985449991562,3.9848255255492404e-05
paraluni_2022,paraluni_2022__hn020,paraluni_2022,hard_negative_mined,bsc,0,ratio_25,1,1,0.0665024630541872,0.0,0.05485783658856213,0.0008333333333333333,1.5853280274313875e-05
paraluni_2022,paraluni_2022__hn021,paraluni_2022,hard_negative_mined,bsc,0,ratio_25,1,1,0.0665024630541872,0.0,0.10558999308991493,0.0,2.162773671443574e-05
radiant_capital_arbitrum_2024,radiant_capital_arbitrum_2024__hn000,radiant_capital_arbitrum_2024,hard_negative_mined,arbitrum,0,ratio_25,2,8,0.06436233611442194,0.0038289725590299937,0.03643229904985154,0.2030958845671574,0.001369446748867631
radiant_capital_arbitrum_2024,radiant_capital_arbitrum_2024__hn000,radiant_capital_arbitrum_2024,hard_negative_mined,arbitrum,0,k_3,3,8,0.06436233611442194,0.0038289725590299937,0.0504967547916602,0.0667823103049513,0.00014006039418745786
radiant_capital_arbitrum_2024,radiant_capital_arbitrum_2024__hn000,radiant_capital_arbitrum_2024,hard_negative_mined,arbitrum,0,ratio_50,4,8,0.06436233611442194,0.0038289725590299937,0.03643229904985154,0.05353772957040361,6.724827835569158e-05
radiant_capital_arbitrum_2024,radiant_capital_arbitrum_2024__hn000,radiant_capital_arbitrum_2024,hard_negative_mined,arbitrum,0,k_5,5,8,0.06436233611442194,0.0038289725590299937,0.029890120706613246,0.027259106112017106,0.00013885879889130592
radiant_capital_arbitrum_2024,radiant_capital_arbitrum_2024__hn000,radiant_capital_arbitrum_2024,hard_negative_mined,arbitrum,0,ratio_75,6,8,0.06436233611442194,0.006381620931716656,0.03643229904985154,0.05928715181935112,0.0004160871321801096
radiant_capital_arbitrum_2024,radiant_capital_arbitrum_2024__hn000,radiant_capital_arbitrum_2024,hard_negative_mined,arbitrum,0,k_7,7,8,0.06436233611442194,0.006381620931716656,0.04192768858097319,0.1208810257539071,0.0019692997448146343
radiant_capital_arbitrum_2024,radiant_capital_arbitrum_2024__hn000,radiant_capital_arbitrum_2024,hard_negative_mined,arbitrum,0,ratio_100,8,8,0.06436233611442194,0.006381620931716656,0.04656068935781778,0.10588102575390711,0.0014617793494835496
radiant_capital_arbitrum_2024,radiant_capital_arbitrum_2024__hn001,radiant_capital_arbitrum_2024,hard_negative_mined,arbitrum,0,ratio_25,2,5,0.06436233611442194,0.004467134652201659,0.013404647446140873,0.47256702292098546,0.06866190582513809
radiant_capital_arbitrum_2024,radiant_capital_arbitrum_2024__hn001,radiant_capital_arbitrum_2024,hard_negative_mined,arbitrum,0,ratio_50,3,5,0.06436233611442194,0.005105296745373325,0.026177107280677497,0.3279715084084158,0.016608981415629387
radiant_capital_arbitrum_2024,radiant_capital_arbitrum_2024__hn001,radiant_capital_arbitrum_2024,hard_negative_mined,arbitrum,0,ratio_75,4,5,0.06436233611442194,0.005105296745373325,0.03643229904985154,0.4972766890362339,0.06904413551092148
radiant_capital_arbitrum_2024,radiant_capital_arbitrum_2024__hn001,radiant_capital_arbitrum_2024,hard_negative_mined,arbitrum,0,ratio_100,5,5,0.06436233611442194,0.00574345883854499,0.044340943191054416,0.42095396305410304,0.07983769476413727
radiant_capital_arbitrum_2024,radiant_capital_arbitrum_2024__hn002,radiant_capital_arbitrum_2024,hard_negative_mined,arbitrum,0,ratio_25,1,1,0.06436233611442194,0.0012763241863433313,0.013404647446140873,0.0,1.8708182324189693e-05
radiant_capital_arbitrum_2024,radiant_capital_arbitrum_2024__hn003,radiant_capital_arbitrum_2024,hard_negative_mined,arbitrum,0,k_2,2,24,0.06436233611442194,0.0038289725590299937,0.013404647446140873,0.029932849298078743,0.0005108134355396032
radiant_capital_arbitrum_2024,radiant_capital_arbitrum_2024__hn003,radiant_capital_arbitrum_2024,hard_negative_mined,arbitrum,0,k_3,3,24,0.06436233611442194,0.0038289725590299937,0.013404647446140873,0.08264200106154687,0.00088690867414698
radiant_capital_arbitrum_2024,radiant_capital_arbitrum_2024__hn003,radiant_capital_arbitrum_2024,hard_negative_mined,arbitrum,0,k_5,5,24,0.06436233611442194,0.0038289725590299937,0.013404647446140873,0.060159853923179185,0.0006711131427437067
radiant_capital_arbitrum_2024,radiant_capital_arbitrum_2024__hn003,radiant_capital_arbitrum_2024,hard_negative_mined,arbitrum,0,ratio_25,6,24,0.06436233611442194,0.0038289725590299937,0.013404647446140873,0.0617358587932123,0.0005654958076775074
radiant_capital_arbitrum_2024,radiant_capital_arbitrum_2024__hn003,radiant_capital_arbitrum_2024,hard_negative_mined,arbitrum,0,k_7,7,24,0.06436233611442194,0.0038289725590299937,0.013404647446140873,0.05351569412029265,0.0003687247517518699
radiant_capital_arbitrum_2024,radiant_capital_arbitrum_2024__hn003,radiant_capital_arbitrum_2024,hard_negative_mined,arbitrum,0,ratio_50,12,24,0.06436233611442194,0.0038289725590299937,0.013404647446140873,0.06056332111047413,7.735000690445304e-05
radiant_capital_arbitrum_2024,radiant_capital_arbitrum_2024__hn003,radiant_capital_arbitrum_2024,hard_negative_mined,arbitrum,0,ratio_75,18,24,0.06436233611442194,0.0038289725590299937,0.013404647446140873,0.10502946640618202,0.00014011943130753934
radiant_capital_arbitrum_2024,radiant_capital_arbitrum_2024__hn003,radiant_capital_arbitrum_2024,hard_negative_mined,arbitrum,0,ratio_100,24,24,0.06436233611442194,0.0038289725590299937,0.013404647446140873,0.11395906415683292,0.00011649321822915226
radiant_capital_arbitrum_2024,radiant_capital_arbitrum_2024__hn004,radiant_capital_arbitrum_2024,hard_negative_mined,arbitrum,0,k_2,2,142,0.06436233611442194,0.0038289725590299937,0.013404647446140873,0.08354433156148885,0.0007600569515489042
radiant_capital_arbitrum_2024,radiant_capital_arbitrum_2024__hn004,radiant_capital_arbitrum_2024,hard_negative_mined,arbitrum,0,k_3,3,142,0.06436233611442194,0.0038289725590299937,0.013404647446140873,0.05393408905648012,0.0009193723089993
radiant_capital_arbitrum_2024,radiant_capital_arbitrum_2024__hn004,radiant_capital_arbitrum_2024,hard_negative_mined,arbitrum,0,k_5,5,142,0.06436233611442194,0.0038289725590299937,0.013404647446140873,0.0487699629549061,0.0007829185924492776
radiant_capital_arbitrum_2024,radiant_capital_arbitrum_2024__hn004,radiant_capital_arbitrum_2024,hard_negative_mined,arbitrum,0,k_7,7,142,0.06436233611442194,0.0038289725590299937,0.013404647446140873,0.03226931855274026,0.0005728675168938935
radiant_capital_arbitrum_2024,radiant_capital_arbitrum_2024__hn004,radiant_capital_arbitrum_2024,hard_negative_mined,arbitrum,0,ratio_25,36,142,0.06436233611442194,0.0038289725590299937,0.013404647446140873,0.0320523352233862,0.0015102237230166793
radiant_capital_arbitrum_2024,radiant_capital_arbitrum_2024__hn004,radiant_capital_arbitrum_2024,hard_negative_mined,arbitrum,0,ratio_50,71,142,0.06436233611442194,0.0038289725590299937,0.013404647446140873,0.005411795318337507,0.00013132837193552405
radiant_capital_arbitrum_2024,radiant_capital_arbitrum_2024__hn004,radiant_capital_arbitrum_2024,hard_negative_mined,arbitrum,0,ratio_75,107,142,0.06436233611442194,0.0038289725590299937,0.013404647446140873,0.0,4.305373295210302e-05
radiant_capital_arbitrum_2024,radiant_capital_arbitrum_2024__hn004,radiant_capital_arbitrum_2024,hard_negative_mined,arbitrum,0,ratio_100,142,142,0.06436233611442194,0.0038289725590299937,0.013404647446140873,0.006922869590902377,0.0001348655205219984
radiant_capital_arbitrum_2024,radiant_capital_arbitrum_2024__hn005,radiant_capital_arbitrum_2024,hard_negative_mined,arbitrum,0,ratio_25,1,1,0.06436233611442194,0.0012763241863433313,0.013404647446140873,0.0,1.8708182324189693e-05
radiant_capital_arbitrum_2024,radiant_capital_arbitrum_2024__hn006,radiant_capital_arbitrum_2024,hard_negative_mined,arbitrum,0,k_2,2,22,0.06436233611442194,0.004467134652201659,0.013404647446140873,0.25021218434863624,0.0019849420059472322
radiant_capital_arbitrum_2024,radiant_capital_arbitrum_2024__hn006,radiant_capital_arbitrum_2024,hard_negative_mined,arbitrum,0,k_3,3,22,0.06436233611442194,0.005105296745373325,0.013404647446140873,0.3034276668602002,0.003945682197809219
radiant_capital_arbitrum_2024,radiant_capital_arbitrum_2024__hn006,radiant_capital_arbitrum_2024,hard_negative_mined,arbitrum,0,k_5,5,22,0.06436233611442194,0.006381620931716656,0.013404647446140873,0.3534875739938002,0.021582044661045074
radiant_capital_arbitrum_2024,radiant_capital_arbitrum_2024__hn006,radiant_capital_arbitrum_2024,hard_negative_mined,arbitrum,0,ratio_25,6,22,0.06436233611442194,0.007019783024888321,0.013404647446140873,0.31156910926509956,0.003437077859416604
radiant_capital_arbitrum_2024,radiant_capital_arbitrum_2024__hn006,radiant_capital_arbitrum_2024,hard_negative_mined,arbitrum,0,k_7,7,22,0.06436233611442194,0.007657945118059987,0.013404647446140873,0.26543924208666797,0.0020845711696892977
radiant_capital_arbitrum_2024,radiant_capital_arbitrum_2024__hn006,radiant_capital_arbitrum_2024,hard_negative_mined,arbitrum,0,ratio_50,11,22,0.06436233611442194,0.01021059349074665,0.013404647446140873,0.31298648578825555,0.0005173752433620393
radiant_capital_arbitrum_2024,radiant_capital_arbitrum_2024__hn006,radiant_capital_arbitrum_2024,hard_negative_mined,arbitrum,0,ratio_75,17,22,0.06436233611442194,0.014039566049776643,0.013404647446140873,0.011348038045042828,0.00017741038755048066
radiant_capital_arbitrum_2024,radiant_capital_arbitrum_2024__hn006,radiant_capital_arbitrum_2024,hard_negative_mined,arbitrum,0,ratio_100,22,22,0.06436233611442194,0.01723037651563497,0.013404647446140873,0.024905891010790528,0.00015111641550902277
radiant_capital_arbitrum_2024,radiant_capital_arbitrum_2024__hn007,radiant_capital_arbitrum_2024,hard_negative_mined,arbitrum,0,ratio_25,1,3,0.06436233611442194,0.0012763241863433313,0.013404647446140873,0.0,2.8963097065570764e-05
radiant_capital_arbitrum_2024,radiant_capital_arbitrum_2024__hn007,radiant_capital_arbitrum_2024,hard_negative_mined,arbitrum,0,ratio_50,2,3,0.06436233611442194,0.0038289725590299937,0.013404647446140873,0.010850704834737677,6.0864040278829634e-05
radiant_capital_arbitrum_2024,radiant_capital_arbitrum_2024__hn007,radiant_capital_arbitrum_2024,hard_negative_mined,arbitrum,0,ratio_75,3,3,0.06436233611442194,0.0038289725590299937,0.013404647446140873,0.026579480960033798,0.00013528502313420177
radiant_capital_arbitrum_2024,radiant_capital_arbitrum_2024__hn008,radiant_capital_arbitrum_2024,hard_negative_mined,arbitrum,0,ratio_25,1,1,0.06436233611442194,0.0,0.04794302476357297,0.0,1.2755587704305071e-05
radiant_capital_arbitrum_2024,radiant_capital_arbitrum_2024__hn009,radiant_capital_arbitrum_2024,hard_negative_mined,arbitrum,0,ratio_25,1,2,0.06436233611442194,0.0012763241863433313,0.013404647446140873,0.0,2.8789003408746794e-05
radiant_capital_arbitrum_2024,radiant_capital_arbitrum_2024__hn009,radiant_capital_arbitrum_2024,hard_negative_mined,arbitrum,0,ratio_75,2,2,0.06436233611442194,0.0038289725590299937,0.013404647446140873,0.08131519851413918,0.00011940827243961394
radiant_capital_arbitrum_2024,radiant_capital_arbitrum_2024__hn010,radiant_capital_arbitrum_2024,hard_negative_mined,arbitrum,0,ratio_25,2,5,0.06436233611442194,0.0038289725590299937,0.03643229904985154,0.07620288024285435,7.201880362117663e-05
radiant_capital_arbitrum_2024,radiant_capital_arbitrum_2024__hn010,radiant_capital_arbitrum_2024,hard_negative_mined,arbitrum,0,ratio_50,3,5,0.06436233611442194,0.0038289725590299937,0.026177107280677497,0.025847123144924166,6.0826961998827755e-05
radiant_capital_arbitrum_2024,radiant_capital_arbitrum_2024__hn010,radiant_capital_arbitrum_2024,hard_negative_mined,arbitrum,0,ratio_75,4,5,0.06436233611442194,0.0038289725590299937,0.03643229904985154,0.02210095374215826,9.590942499926314e-05
radiant_capital_arbitrum_2024,radiant_capital_arbitrum_2024__hn010,radiant_capital_arbitrum_2024,hard_negative_mined,arbitrum,0,ratio_100,5,5,0.06436233611442194,0.0038289725590299937,0.029890120706613246,0.027081054286774937,0.00010848129750229418
radiant_capital_arbitrum_2024,radiant_capital_arbitrum_2024__hn011,radiant_capital_arbitrum_2024,hard_negative_mined,arbitrum,0,ratio_25,1,4,0.06436233611442194,0.0012763241863433313,0.013404647446140873,0.0033612748086432297,0.00010744747123681009
radiant_capital_arbitrum_2024,radiant_capital_arbitrum_2024__hn011,radiant_capital_arbitrum_2024,hard_negative_mined,arbitrum,0,ratio_50,2,4,0.06436233611442194,0.0038289725590299937,0.013404647446140873,0.04706481231207424,0.0001331132516497746
radiant_capital_arbitrum_2024,radiant_capital_arbitrum_2024__hn011,radiant_capital_arbitrum_2024,hard_negative_mined,arbitrum,0,ratio_75,3,4,0.06436233611442194,0.004467134652201659,0.026177107280677497,0.03999926423800969,0.0002239484601886943
radiant_capital_arbitrum_2024,radiant_capital_arbitrum_2024__hn011,radiant_capital_arbitrum_2024,hard_negative_mined,arbitrum,0,ratio_100,4,4,0.06436233611442194,0.005105296745373325,0.022162913042499635,0.027024402294254797,0.0002458568196743727
radiant_capital_arbitrum_2024,radiant_capital_arbitrum_2024__hn012,radiant_capital_arbitrum_2024,hard_negative_mined,arbitrum,0,k_2,2,113,0.06436233611442194,0.0038289725590299937,0.013404647446140873,0.08869854781653264,0.00028209458105266094
radiant_capital_arbitrum_2024,radiant_capital_arbitrum_2024__hn012,radiant_capital_arbitrum_2024,hard_negative_mined,arbitrum,0,k_3,3,113,0.06436233611442194,0.0038289725590299937,0.013404647446140873,0.09309498318778395,0.0007208737661130726
radiant_capital_arbitrum_2024,radiant_capital_arbitrum_2024__hn012,radiant_capital_arbitrum_2024,hard_negative_mined,arbitrum,0,k_5,5,113,0.06436233611442194,0.0038289725590299937,0.013404647446140873,0.0796757913503047,0.000282012828392908
radiant_capital_arbitrum_2024,radiant_capital_arbitrum_2024__hn012,radiant_capital_arbitrum_2024,hard_negative_mined,arbitrum,0,k_7,7,113,0.06436233611442194,0.0038289725590299937,0.013404647446140873,0.055052768374252985,0.004355966579169035
radiant_capital_arbitrum_2024,radiant_capital_arbitrum_2024__hn012,radiant_capital_arbitrum_2024,hard_negative_mined,arbitrum,0,ratio_25,29,113,0.06436233611442194,0.0038289725590299937,0.013404647446140873,0.033660884154769775,0.0008638284052722156
radiant_capital_arbitrum_2024,radiant_capital_arbitrum_2024__hn012,radiant_capital_arbitrum_2024,hard_negative_mined,arbitrum,0,ratio_50,57,113,0.06436233611442194,0.0038289725590299937,0.013404647446140873,0.006691951806057568,0.0002525296004023403
radiant_capital_arbitrum_2024,radiant_capital_arbitrum_2024__hn012,radiant_capital_arbitrum_2024,hard_negative_mined,arbitrum,0,ratio_75,85,113,0.06436233611442194,0.0038289725590299937,0.013404647446140873,0.002172869590902378,0.00017033920448739082
radiant_capital_arbitrum_2024,radiant_capital_arbitrum_2024__hn012,radiant_capital_arbitrum_2024,hard_negative_mined,arbitrum,0,ratio_100,113,113,0.06436233611442194,0.0038289725590299937,0.013892319448877222,0.007017283119526433,0.00011609234934439883
radiant_capital_arbitrum_2024,radiant_capital_arbitrum_2024__hn013,radiant_capital_arbitrum_2024,hard_negative_mined,arbitrum,0,ratio_25,1,4,0.06436233611442194,0.0,0.02957233563848899,0.0033612748086432297,9.70435721683316e-05
radiant_capital_arbitrum_2024,radiant_capital_arbitrum_2024__hn013,radiant_capital_arbitrum_2024,hard_negative_mined,arbitrum,0,ratio_50,2,4,0.06436233611442194,0.003190810465858328,0.02957233563848899,0.04219155944106619,0.0001494079624535516
radiant_capital_arbitrum_2024,radiant_capital_arbitrum_2024__hn013,radiant_capital_arbitrum_2024,hard_negative_mined,arbitrum,0,ratio_75,3,4,0.06436233611442194,0.0038289725590299937,0.0440307756199611,0.011000000000000001,0.00014529647887684405
radiant_capital_arbitrum_2024,radiant_capital_arbitrum_2024__hn013,radiant_capital_arbitrum_2024,hard_negative_mined,arbitrum,0,ratio_100,4,4,0.06436233611442194,0.00574345883854499,0.032829658961655926,0.03,0.00037973214057274163
radiant_capital_arbitrum_2024,radiant_capital_arbitrum_2024__hn014,radiant_capital_arbitrum_2024,hard_negative_mined,arbitrum,0,ratio_25,1,3,0.06436233611442194,0.0,0.09520158695168301,0.0,2.0044410121045075e-05
radiant_capital_arbitrum_2024,radiant_capital_arbitrum_2024__hn014,radiant_capital_arbitrum_2024,hard_negative_mined,arbitrum,0,ratio_50,2,3,0.06436233611442194,0.0025526483726866626,0.09520158695168301,0.028807940102511274,4.2085805034730583e-05
radiant_capital_arbitrum_2024,radiant_capital_arbitrum_2024__hn014,radiant_capital_arbitrum_2024,hard_negative_mined,arbitrum,0,ratio_75,3,3,0.06436233611442194,0.0025526483726866626,0.09520158695168301,0.0013395362575690445,6.906444468768314e-05
radiant_capital_arbitrum_2024,radiant_capital_arbitrum_2024__hn015,radiant_capital_arbitrum_2024,hard_negative_mined,arbitrum,0,ratio_25,1,3,0.06436233611442194,0.0012763241863433313,0.013404647446140873,0.0,2.8963097065570764e-05
radiant_capital_arbitrum_2024,radiant_capital_arbitrum_2024__hn015,radiant_capital_arbitrum_2024,hard_negative_mined,arbitrum,0,ratio_50,2,3,0.06436233611442194,0.0038289725590299937,0.01994211073236776,0.04583012502309989,0.00015896874538157135
radiant_capital_arbitrum_2024,radiant_capital_arbitrum_2024__hn015,radiant_capital_arbitrum_2024,hard_negative_mined,arbitrum,0,ratio_75,3,3,0.06436233611442194,0.004467134652201659,0.02275058157023624,0.0331346162656498,0.00010939190542558208
radiant_capital_arbitrum_2024,radiant_capital_arbitrum_2024__hn016,radiant_capital_arbitrum_2024,hard_negative_mined,arbitrum,0,ratio_25,1,1,0.06436233611442194,0.0012763241863433313,0.013404647446140873,0.0,1.8708182324189693e-05
radiant_capital_arbitrum_2024,radiant_capital_arbitrum_2024__hn017,radiant_capital_arbitrum_2024,hard_negative_mined,arbitrum,0,ratio_25,1,1,0.06436233611442194,0.0,0.09520158695168301,0.0,1.2947279174113646e-05
radiant_capital_arbitrum_2024,radiant_capital_arbitrum_2024__hn018,radiant_capital_arbitrum_2024,hard_negative_mined,arbitrum,0,k_2,2,30,0.06436233611442194,0.0038289725590299937,0.013404647446140873,0.6750943697997883,0.7467442750930786
radiant_capital_arbitrum_2024,radiant_capital_arbitrum_2024__hn018,radiant_capital_arbitrum_2024,hard_negative_mined,arbitrum,0,k_3,3,30,0.06436233611442194,0.004467134652201659,0.013404647446140873,0.2526353080973354,0.01985110528767109
radiant_capital_arbitrum_2024,radiant_capital_arbitrum_2024__hn018,radiant_capital_arbitrum_2024,hard_negative_mined,arbitrum,0,k_5,5,30,0.06436233611442194,0.00574345883854499,0.013404647446140873,0.21429490175659677,0.03303759545087814
radiant_capital_arbitrum_2024,radiant_capital_arbitrum_2024__hn018,radiant_capital_arbitrum_2024,hard_negative_mined,arbitrum,0,k_7,7,30,0.06436233611442194,0.007019783024888321,0.013404647446140873,0.15675155624086717,0.013522063381969929
radiant_capital_arbitrum_2024,radiant_capital_arbitrum_2024__hn018,radiant_capital_arbitrum_2024,hard_negative_mined,arbitrum,0,ratio_25,8,30,0.06436233611442194,0.007657945118059987,0.013404647446140873,0.18067317226536164,0.005395623855292797
radiant_capital_arbitrum_2024,radiant_capital_arbitrum_2024__hn018,radiant_capital_arbitrum_2024,hard_negative_mined,arbitrum,0,ratio_50,15,30,0.06436233611442194,0.008934269304403318,0.013404647446140873,0.062287591912496276,0.0004372458206489682
radiant_capital_arbitrum_2024,radiant_capital_arbitrum_2024__hn018,radiant_capital_arbitrum_2024,hard_negative_mined,arbitrum,0,ratio_75,23,30,0.06436233611442194,0.012763241863433313,0.01463406589451204,0.006140440035434501,0.00016115608741529286
radiant_capital_arbitrum_2024,radiant_capital_arbitrum_2024__hn018,radiant_capital_arbitrum_2024,hard_negative_mined,arbitrum,0,ratio_100,30,30,0.06436233611442194,0.014039566049776643,0.014337619358696908,0.004734190035434501,0.00013411940017249435
radiant_capital_arbitrum_2024,radiant_capital_arbitrum_2024__hn019,radiant_capital_arbitrum_2024,hard_negative_mined,arbitrum,0,ratio_25,1,4,0.06436233611442194,0.0,0.09520158695168301,0.0033612748086432297,7.436260057147592e-05
radiant_capital_arbitrum_2024,radiant_capital_arbitrum_2024__hn019,radiant_capital_arbitrum_2024,hard_negative_mined,arbitrum,0,ratio_50,2,4,0.06436233611442194,0.0025526483726866626,0.09520158695168301,0.03762858636510232,3.606013342505321e-05
radiant_capital_arbitrum_2024,radiant_capital_arbitrum_2024__hn019,radiant_capital_arbitrum_2024,hard_negative_mined,arbitrum,0,ratio_75,3,4,0.06436233611442194,0.0025526483726866626,0.09520158695168301,0.008435428494737475,1.0390646821178962e-05
radiant_capital_arbitrum_2024,radiant_capital_arbitrum_2024__hn019,radiant_capital_arbitrum_2024,hard_negative_mined,arbitrum,0,ratio_100,4,4,0.06436233611442194,0.0025526483726866626,0.09520158695168301,0.0034354284947374757,3.75056333723478e-05
radiant_capital_arbitrum_2024,radiant_capital_arbitrum_2024__hn020,radiant_capital_arbitrum_2024,hard_negative_mined,arbitrum,0,ratio_25,1,1,0.06436233611442194,0.0012763241863433313,0.013404647446140873,0.0,1.8708182324189693e-05
radiant_capital_arbitrum_2024,radiant_capital_arbitrum_2024__hn021,radiant_capital_arbitrum_2024,hard_negative_mined,arbitrum,0,ratio_25,1,1,0.06436233611442194,0.0,0.09520158695168301,0.0,1.2947279174113646e-05
radiant_capital_arbitrum_2024,radiant_capital_arbitrum_2024__hn022,radiant_capital_arbitrum_2024,hard_negative_mined,arbitrum,0,ratio_25,1,4,0.06436233611442194,0.0012763241863433313,0.013404647446140873,0.0033612748086432297,0.00010744747123681009
radiant_capital_arbitrum_2024,radiant_capital_arbitrum_2024__hn022,radiant_capital_arbitrum_2024,hard_negative_mined,arbitrum,0,ratio_50,2,4,0.06436233611442194,0.004467134652201659,0.01994211073236776,0.1117444401057595,0.00014528969768434763
radiant_capital_arbitrum_2024,radiant_capital_arbitrum_2024__hn022,radiant_capital_arbitrum_2024,hard_negative_mined,arbitrum,0,ratio_75,3,4,0.06436233611442194,0.005105296745373325,0.03399056752705531,0.07188118178037595,3.160765481879935e-05
radiant_capital_arbitrum_2024,radiant_capital_arbitrum_2024__hn022,radiant_capital_arbitrum_2024,hard_negative_mined,arbitrum,0,ratio_100,4,4,0.06436233611442194,0.005105296745373325,0.04422438693797795,0.03879748788550966,8.114773663692176e-05
radiant_capital_arbitrum_2024,radiant_capital_arbitrum_2024__hn023,radiant_capital_arbitrum_2024,hard_negative_mined,arbitrum,0,ratio_25,1,2,0.06436233611442194,0.0,0.09520158695168301,0.0,1.992392571992241e-05
radiant_capital_arbitrum_2024,radiant_capital_arbitrum_2024__hn023,radiant_capital_arbitrum_2024,hard_negative_mined,arbitrum,0,ratio_75,2,2,0.06436233611442194,0.0025526483726866626,0.09520158695168301,0.06099041326603533,5.915865403949283e-05
radiant_capital_arbitrum_2024,radiant_capital_arbitrum_2024__hn024,radiant_capital_arbitrum_2024,hard_negative_mined,arbitrum,0,k_2,2,24,0.06436233611442194,0.0038289725590299937,0.013404647446140873,0.052232284670352375,0.0006715836934745312
radiant_capital_arbitrum_2024,radiant_capital_arbitrum_2024__hn024,radiant_capital_arbitrum_2024,hard_negative_mined,arbitrum,0,k_3,3,24,0.06436233611442194,0.0038289725590299937,0.026177107280677497,0.3286274312151619,0.04454321786761284
radiant_capital_arbitrum_2024,radiant_capital_arbitrum_2024__hn024,radiant_capital_arbitrum_2024,hard_negative_mined,arbitrum,0,k_5,5,24,0.06436233611442194,0.0038289725590299937,0.020050048700513943,0.13541322434819647,0.0033734063617885113
radiant_capital_arbitrum_2024,radiant_capital_arbitrum_2024__hn024,radiant_capital_arbitrum_2024,hard_negative_mined,arbitrum,0,ratio_25,6,24,0.06436233611442194,0.0038289725590299937,0.01875243183093418,0.11949767888337183,0.001037193345837295
radiant_capital_arbitrum_2024,radiant_capital_arbitrum_2024__hn024,radiant_capital_arbitrum_2024,hard_negative_mined,arbitrum,0,k_7,7,24,0.06436233611442194,0.0038289725590299937,0.017876359142476508,0.042278581284954736,0.0018058023415505886
radiant_capital_arbitrum_2024,radiant_capital_arbitrum_2024__hn024,radiant_capital_arbitrum_2024,hard_negative_mined,arbitrum,0,ratio_50,12,24,0.06436233611442194,0.0038289725590299937,0.01875243183093418,0.0066209545979162765,0.00011476898362161592
radiant_capital_arbitrum_2024,radiant_capital_arbitrum_2024__hn024,radiant_capital_arbitrum_2024,hard_negative_mined,arbitrum,0,ratio_75,18,24,0.06436233611442194,0.0038289725590299937,0.01875243183093418,0.002305347872770078,6.425977335311472e-05
radiant_capital_arbitrum_2024,radiant_capital_arbitrum_2024__hn024,radiant_capital_arbitrum_2024,hard_negative_mined,arbitrum,0,ratio_100,24,24,0.06436233611442194,0.0038289725590299937,0.01724579599723819,0.002305347872770078,9.325036080554128e-05
magic_abracadabra_arbitrum_2025,magic_abracadabra_arbitrum_2025__hn000,magic_abracadabra_arbitrum_2025,hard_negative_mined,arbitrum,0,k_2,2,496,0.06428571428571428,0.0038289725590299937,0.01567387509754638,0.1161297057036292,0.002385971834883094
magic_abracadabra_arbitrum_2025,magic_abracadabra_arbitrum_2025__hn000,magic_abracadabra_arbitrum_2025,hard_negative_mined,arbitrum,0,k_3,3,496,0.06428571428571428,0.0038289725590299937,0.01567387509754638,0.09235649032185304,0.006676355376839638
magic_abracadabra_arbitrum_2025,magic_abracadabra_arbitrum_2025__hn000,magic_abracadabra_arbitrum_2025,hard_negative_mined,arbitrum,0,k_5,5,496,0.06428571428571428,0.0038289725590299937,0.01567387509754638,0.03913026659477936,0.0008539443369954824
magic_abracadabra_arbitrum_2025,magic_abracadabra_arbitrum_2025__hn000,magic_abracadabra_arbitrum_2025,hard_negative_mined,arbitrum,0,k_7,7,496,0.06428571428571428,0.0038289725590299937,0.01567387509754638,0.015783525598278572,3.475398989394307e-05
magic_abracadabra_arbitrum_2025,magic_abracadabra_arbitrum_2025__hn000,magic_abracadabra_arbitrum_2025,hard_negative_mined,arbitrum,0,ratio_25,124,496,0.06428571428571428,0.0038289725590299937,0.01567387509754638,0.012662977212110819,0.0005158804706297815
magic_abracadabra_arbitrum_2025,magic_abracadabra_arbitrum_2025__hn000,magic_abracadabra_arbitrum_2025,hard_negative_mined,arbitrum,0,ratio_50,248,496,0.06428571428571428,0.0038289725590299937,0.01567387509754638,0.013967525501728369,6.130710244178772e-05
magic_abracadabra_arbitrum_2025,magic_abracadabra_arbitrum_2025__hn000,magic_abracadabra_arbitrum_2025,hard_negative_mined,arbitrum,0,ratio_75,372,496,0.06428571428571428,0.0038289725590299937,0.01567387509754638,0.006407557219842429,0.0001991698518395424
magic_abracadabra_arbitrum_2025,magic_abracadabra_arbitrum_2025__hn000,magic_abracadabra_arbitrum_2025,hard_negative_mined,arbitrum,0,ratio_100,496,496,0.06428571428571428,0.0038289725590299937,0.01567387509754638,0.009282196581834087,3.268144064350054e-05
magic_abracadabra_arbitrum_2025,magic_abracadabra_arbitrum_2025__hn001,magic_abracadabra_arbitrum_2025,hard_negative_mined,arbitrum,0,k_2,2,10,0.06428571428571428,0.01148691767708998,0.027184339765553515,0.13977246369305815,0.002854263875633478
magic_abracadabra_arbitrum_2025,magic_abracadabra_arbitrum_2025__hn001,magic_abracadabra_arbitrum_2025,hard_negative_mined,arbitrum,0,ratio_25,3,10,0.06428571428571428,0.01148691767708998,0.0226425180615154,0.017048501740784237,0.0007440850022248924
magic_abracadabra_arbitrum_2025,magic_abracadabra_arbitrum_2025__hn001,magic_abracadabra_arbitrum_2025,hard_negative_mined,arbitrum,0,ratio_50,5,10,0.06428571428571428,0.012763241863433313,0.01955072408128849,0.0002325581395348837,0.000485643045976758
magic_abracadabra_arbitrum_2025,magic_abracadabra_arbitrum_2025__hn001,magic_abracadabra_arbitrum_2025,hard_negative_mined,arbitrum,0,k_7,7,10,0.06428571428571428,0.014039566049776643,0.031013674110128883,0.11932072088408031,0.026477621868252754
magic_abracadabra_arbitrum_2025,magic_abracadabra_arbitrum_2025__hn001,magic_abracadabra_arbitrum_2025,hard_negative_mined,arbitrum,0,ratio_75,8,10,0.06428571428571428,0.014039566049776643,0.02849577603098273,0.0846359918200409,0.01163067389279604
magic_abracadabra_arbitrum_2025,magic_abracadabra_arbitrum_2025__hn001,magic_abracadabra_arbitrum_2025,hard_negative_mined,arbitrum,0,ratio_100,10,10,0.06428571428571428,0.015315890236119975,0.030378927626996514,0.039638176638176634,0.008003058843314648
magic_abracadabra_arbitrum_2025,magic_abracadabra_arbitrum_2025__hn002,magic_abracadabra_arbitrum_2025,hard_negative_mined,arbitrum,0,ratio_25,1,2,0.06428571428571428,0.0,0.09458610880082384,9.960159362549801e-05,1.8930799342342652e-05
magic_abracadabra_arbitrum_2025,magic_abracadabra_arbitrum_2025__hn002,magic_abracadabra_arbitrum_2025,hard_negative_mined,arbitrum,0,ratio_75,2,2,0.06428571428571428,0.0025526483726866626,0.09458610880082384,0.00493023192182856,7.016168092377484e-05
magic_abracadabra_arbitrum_2025,magic_abracadabra_arbitrum_2025__hn003,magic_abracadabra_arbitrum_2025,hard_negative_mined,arbitrum,0,ratio_25,1,3,0.06428571428571428,0.0,0.09458610880082384,9.960159362549801e-05,4.451686254469678e-05
magic_abracadabra_arbitrum_2025,magic_abracadabra_arbitrum_2025__hn003,magic_abracadabra_arbitrum_2025,hard_negative_mined,arbitrum,0,ratio_50,2,3,0.06428571428571428,0.0025526483726866626,0.09458610880082384,0.03642703695808392,7.060223288135603e-05
magic_abracadabra_arbitrum_2025,magic_abracadabra_arbitrum_2025__hn003,magic_abracadabra_arbitrum_2025,hard_negative_mined,arbitrum,0,ratio_75,3,3,0.06428571428571428,0.0025526483726866626,0.10167567104679495,0.021037850647952393,9.356754162581638e-05
magic_abracadabra_arbitrum_2025,magic_abracadabra_arbitrum_2025__hn004,magic_abracadabra_arbitrum_2025,hard_negative_mined,arbitrum,0,ratio_25,1,1,0.06428571428571428,0.0012763241863433313,0.01567387509754638,9.960159362549801e-05,2.4451246645185165e-05
magic_abracadabra_arbitrum_2025,magic_abracadabra_arbitrum_2025__hn005,magic_abracadabra_arbitrum_2025,hard_negative_mined,arbitrum,0,ratio_25,2,5,0.06428571428571428,0.0038289725590299937,0.03918748909706585,0.09852733255998437,0.0003885015903506428
magic_abracadabra_arbitrum_2025,magic_abracadabra_arbitrum_2025__hn005,magic_abracadabra_arbitrum_2025,hard_negative_mined,arbitrum,0,ratio_50,3,5,0.06428571428571428,0.004467134652201659,0.052854575926624,0.1282445992326256,0.00023847098054829985
magic_abracadabra_arbitrum_2025,magic_abracadabra_arbitrum_2025__hn005,magic_abracadabra_arbitrum_2025,hard_negative_mined,arbitrum,0,ratio_75,4,5,0.06428571428571428,0.005105296745373325,0.044320042199437006,0.047969399973323286,5.5868142226245254e-05
magic_abracadabra_arbitrum_2025,magic_abracadabra_arbitrum_2025__hn005,magic_abracadabra_arbitrum_2025,hard_negative_mined,arbitrum,0,ratio_100,5,5,0.06428571428571428,0.00574345883854499,0.03609698766722317,0.1089933565876911,0.0003924710617866367
magic_abracadabra_arbitrum_2025,magic_abracadabra_arbitrum_2025__hn006,magic_abracadabra_arbitrum_2025,hard_negative_mined,arbitrum,0,ratio_25,1,2,0.06428571428571428,0.0012763241863433313,0.01567387509754638,0.015099601593625498,4.112939859624021e-05
magic_abracadabra_arbitrum_2025,magic_abracadabra_arbitrum_2025__hn006,magic_abracadabra_arbitrum_2025,hard_negative_mined,arbitrum,0,ratio_75,2,2,0.06428571428571428,0.0038289725590299937,0.01567387509754638,0.119827020903266,4.119412551517598e-05
magic_abracadabra_arbitrum_2025,magic_abracadabra_arbitrum_2025__hn007,magic_abracadabra_arbitrum_2025,hard_negative_mined,arbitrum,0,ratio_25,1,3,0.06428571428571428,0.0012763241863433313,0.01567387509754638,9.960159362549801e-05,2.6468749638297595e-05
magic_abracadabra_arbitrum_2025,magic_abracadabra_arbitrum_2025__hn007,magic_abracadabra_arbitrum_2025,hard_negative_mined,arbitrum,0,ratio_50,2,3,0.06428571428571428,0.004467134652201659,0.03918748909706585,0.004189491181087819,0.00011869976879097521
magic_abracadabra_arbitrum_2025,magic_abracadabra_arbitrum_2025__hn007,magic_abracadabra_arbitrum_2025,hard_negative_mined,arbitrum,0,ratio_75,3,3,0.06428571428571428,0.005105296745373325,0.028946418899689248,0.051304324355182195,1.9219742171117105e-05
magic_abracadabra_arbitrum_2025,magic_abracadabra_arbitrum_2025__hn008,magic_abracadabra_arbitrum_2025,hard_negative_mined,arbitrum,0,k_2,2,20,0.06428571428571428,0.0038289725590299937,0.01567387509754638,0.06564974661940434,0.00010526381811359897
magic_abracadabra_arbitrum_2025,magic_abracadabra_arbitrum_2025__hn008,magic_abracadabra_arbitrum_2025,hard_negative_mined,arbitrum,0,k_3,3,20,0.06428571428571428,0.0038289725590299937,0.01567387509754638,0.04756050084071081,0.00012932550453115255
magic_abracadabra_arbitrum_2025,magic_abracadabra_arbitrum_2025__hn008,magic_abracadabra_arbitrum_2025,hard_negative_mined,arbitrum,0,ratio_25,5,20,0.06428571428571428,0.0038289725590299937,0.01567387509754638,0.017390907365667438,3.5467961424728855e-05
magic_abracadabra_arbitrum_2025,magic_abracadabra_arbitrum_2025__hn008,magic_abracadabra_arbitrum_2025,hard_negative_mined,arbitrum,0,k_7,7,20,0.06428571428571428,0.0038289725590299937,0.01567387509754638,0.009003765303593168,1.835512557590846e-05
magic_abracadabra_arbitrum_2025,magic_abracadabra_arbitrum_2025__hn008,magic_abracadabra_arbitrum_2025,hard_negative_mined,arbitrum,0,ratio_50,10,20,0.06428571428571428,0.012763241863433313,0.021054282107713942,0.04429860225479141,6.997725722612813e-05
magic_abracadabra_arbitrum_2025,magic_abracadabra_arbitrum_2025__hn008,magic_abracadabra_arbitrum_2025,hard_negative_mined,arbitrum,0,ratio_75,15,20,0.06428571428571428,0.012763241863433313,0.03514342207827062,0.04429860225479141,9.638609481044114e-05
magic_abracadabra_arbitrum_2025,magic_abracadabra_arbitrum_2025__hn008,magic_abracadabra_arbitrum_2025,hard_negative_mined,arbitrum,0,ratio_100,20,20,0.06428571428571428,0.012763241863433313,0.045255183036100426,0.04929860225479141,0.00011906558938790113
magic_abracadabra_arbitrum_2025,magic_abracadabra_arbitrum_2025__hn009,magic_abracadabra_arbitrum_2025,hard_negative_mined,arbitrum,0,ratio_25,1,4,0.06428571428571428,0.0,0.09458610880082384,0.015392758952800123,0.0002624304033815861
magic_abracadabra_arbitrum_2025,magic_abracadabra_arbitrum_2025__hn009,magic_abracadabra_arbitrum_2025,hard_negative_mined,arbitrum,0,ratio_50,2,4,0.06428571428571428,0.0025526483726866626,0.09458610880082384,0.06721321546945572,0.0001839190226746723
magic_abracadabra_arbitrum_2025,magic_abracadabra_arbitrum_2025__hn009,magic_abracadabra_arbitrum_2025,hard_negative_mined,arbitrum,0,ratio_75,3,4,0.06428571428571428,0.0025526483726866626,0.09458610880082384,0.0476497532313089,1.6340636648237705e-05
magic_abracadabra_arbitrum_2025,magic_abracadabra_arbitrum_2025__hn009,magic_abracadabra_arbitrum_2025,hard_negative_mined,arbitrum,0,ratio_100,4,4,0.06428571428571428,0.0025526483726866626,0.09458610880082384,0.035625405622652775,2.2388630895875394e-05
magic_abracadabra_arbitrum_2025,magic_abracadabra_arbitrum_2025__hn010,magic_abracadabra_arbitrum_2025,hard_negative_mined,arbitrum,0,ratio_25,2,5,0.06428571428571428,0.004467134652201659,0.03918748909706585,0.3607505539668505,0.005221433471888304
magic_abracadabra_arbitrum_2025,magic_abracadabra_arbitrum_2025__hn010,magic_abracadabra_arbitrum_2025,hard_negative_mined,arbitrum,0,ratio_50,3,5,0.06428571428571428,0.004467134652201659,0.028946418899689248,0.35652831333134416,0.003020451171323657
magic_abracadabra_arbitrum_2025,magic_abracadabra_arbitrum_2025__hn010,magic_abracadabra_arbitrum_2025,hard_negative_mined,arbitrum,0,ratio_75,4,5,0.06428571428571428,0.004467134652201659,0.03918748909706585,0.36481985031322994,0.0335284024477005
magic_abracadabra_arbitrum_2025,magic_abracadabra_arbitrum_2025__hn010,magic_abracadabra_arbitrum_2025,hard_negative_mined,arbitrum,0,ratio_100,5,5,0.06428571428571428,0.004467134652201659,0.046917366577768745,0.4898947535368336,0.29673999547958374
magic_abracadabra_arbitrum_2025,magic_abracadabra_arbitrum_2025__hn011,magic_abracadabra_arbitrum_2025,hard_negative_mined,arbitrum,0,k_2,2,14,0.06428571428571428,0.0038289725590299937,0.01567387509754638,0.0692279890223676,0.002528395736590028
magic_abracadabra_arbitrum_2025,magic_abracadabra_arbitrum_2025__hn011,magic_abracadabra_arbitrum_2025,hard_negative_mined,arbitrum,0,k_3,3,14,0.06428571428571428,0.0038289725590299937,0.01567387509754638,0.0489846819575288,0.0020984625443816185
magic_abracadabra_arbitrum_2025,magic_abracadabra_arbitrum_2025__hn011,magic_abracadabra_arbitrum_2025,hard_negative_mined,arbitrum,0,ratio_25,4,14,0.06428571428571428,0.0038289725590299937,0.01567387509754638,0.0057810292762413154,0.0002407470456091687
magic_abracadabra_arbitrum_2025,magic_abracadabra_arbitrum_2025__hn011,magic_abracadabra_arbitrum_2025,hard_negative_mined,arbitrum,0,k_5,5,14,0.06428571428571428,0.0038289725590299937,0.01567387509754638,0.014985574730786771,9.360646072309464e-05
magic_abracadabra_arbitrum_2025,magic_abracadabra_arbitrum_2025__hn011,magic_abracadabra_arbitrum_2025,hard_negative_mined,arbitrum,0,ratio_50,7,14,0.06428571428571428,0.0038289725590299937,0.01567387509754638,0.0030042227494347876,4.573166370391846e-05
magic_abracadabra_arbitrum_2025,magic_abracadabra_arbitrum_2025__hn011,magic_abracadabra_arbitrum_2025,hard_negative_mined,arbitrum,0,ratio_75,11,14,0.06428571428571428,0.0038289725590299937,0.01567387509754638,0.0006417189010818827,1.3075357855996117e-05
magic_abracadabra_arbitrum_2025,magic_abracadabra_arbitrum_2025__hn011,magic_abracadabra_arbitrum_2025,hard_negative_mined,arbitrum,0,ratio_100,14,14,0.06428571428571428,0.0038289725590299937,0.01567387509754638,0.008076006808571142,2.9592121791210957e-05
magic_abracadabra_arbitrum_2025,magic_abracadabra_arbitrum_2025__hn012,magic_abracadabra_arbitrum_2025,hard_negative_mined,arbitrum,0,ratio_25,2,7,0.06428571428571428,0.0038289725590299937,0.01567387509754638,0.13711041414359804,0.00031878179288469255
magic_abracadabra_arbitrum_2025,magic_abracadabra_arbitrum_2025__hn012,magic_abracadabra_arbitrum_2025,hard_negative_mined,arbitrum,0,k_3,3,7,0.06428571428571428,0.004467134652201659,0.01567387509754638,0.055638799111989774,0.00015902634186204523
magic_abracadabra_arbitrum_2025,magic_abracadabra_arbitrum_2025__hn012,magic_abracadabra_arbitrum_2025,hard_negative_mined,arbitrum,0,ratio_50,4,7,0.06428571428571428,0.004467134652201659,0.01567387509754638,0.05092697504184094,0.00027426998713053763
magic_abracadabra_arbitrum_2025,magic_abracadabra_arbitrum_2025__hn012,magic_abracadabra_arbitrum_2025,hard_negative_mined,arbitrum,0,k_5,5,7,0.06428571428571428,0.004467134652201659,0.01567387509754638,0.049418290185211065,6.675050099147484e-05
magic_abracadabra_arbitrum_2025,magic_abracadabra_arbitrum_2025__hn012,magic_abracadabra_arbitrum_2025,hard_negative_mined,arbitrum,0,ratio_75,6,7,0.06428571428571428,0.004467134652201659,0.01567387509754638,0.03957431415682372,9.179882181342691e-05
magic_abracadabra_arbitrum_2025,magic_abracadabra_arbitrum_2025__hn012,magic_abracadabra_arbitrum_2025,hard_negative_mined,arbitrum,0,ratio_100,7,7,0.06428571428571428,0.004467134652201659,0.020407460205447026,0.029435277769536104,3.51074559148401e-05
magic_abracadabra_arbitrum_2025,magic_abracadabra_arbitrum_2025__hn013,magic_abracadabra_arbitrum_2025,hard_negative_mined,arbitrum,0,ratio_25,1,3,0.06428571428571428,0.0012763241863433313,0.01567387509754638,9.960159362549801e-05,2.6468749638297595e-05
magic_abracadabra_arbitrum_2025,magic_abracadabra_arbitrum_2025__hn013,magic_abracadabra_arbitrum_2025,hard_negative_mined,arbitrum,0,ratio_50,2,3,0.06428571428571428,0.004467134652201659,0.03918748909706585,0.046503391599083926,2.9368251489358954e-05
magic_abracadabra_arbitrum_2025,magic_abracadabra_arbitrum_2025__hn013,magic_abracadabra_arbitrum_2025,hard_negative_mined,arbitrum,0,ratio_75,3,3,0.06428571428571428,0.005105296745373325,0.028946418899689248,0.0637298580882766,1.9204846466891468e-05
magic_abracadabra_arbitrum_2025,magic_abracadabra_arbitrum_2025__hn014,magic_abracadabra_arbitrum_2025,hard_negative_mined,arbitrum,0,k_2,2,9,0.06428571428571428,0.0038289725590299937,0.01567387509754638,0.07140707021092679,0.0019468349637463689
magic_abracadabra_arbitrum_2025,magic_abracadabra_arbitrum_2025__hn014,magic_abracadabra_arbitrum_2025,hard_negative_mined,arbitrum,0,ratio_25,3,9,0.06428571428571428,0.0038289725590299937,0.01567387509754638,0.02754884021842695,0.00010651871707523242
magic_abracadabra_arbitrum_2025,magic_abracadabra_arbitrum_2025__hn014,magic_abracadabra_arbitrum_2025,hard_negative_mined,arbitrum,0,ratio_50,5,9,0.06428571428571428,0.0038289725590299937,0.01567387509754638,0.0030042227494347876,4.824335337616503e-05
magic_abracadabra_arbitrum_2025,magic_abracadabra_arbitrum_2025__hn014,magic_abracadabra_arbitrum_2025,hard_negative_mined,arbitrum,0,ratio_75,7,9,0.06428571428571428,0.0038289725590299937,0.01567387509754638,0.0033528990253054846,5.0133636250393465e-05
magic_abracadabra_arbitrum_2025,magic_abracadabra_arbitrum_2025__hn014,magic_abracadabra_arbitrum_2025,hard_negative_mined,arbitrum,0,ratio_100,9,9,0.06428571428571428,0.0038289725590299937,0.023615709906653966,0.02280963077523343,4.914488454232924e-05
magic_abracadabra_arbitrum_2025,magic_abracadabra_arbitrum_2025__hn015,magic_abracadabra_arbitrum_2025,hard_negative_mined,arbitrum,0,ratio_25,1,2,0.06428571428571428,0.0012763241863433313,0.01567387509754638,9.960159362549801e-05,1.8762246327241883e-05
magic_abracadabra_arbitrum_2025,magic_abracadabra_arbitrum_2025__hn015,magic_abracadabra_arbitrum_2025,hard_negative_mined,arbitrum,0,ratio_75,2,2,0.06428571428571428,0.0038289725590299937,0.01567387509754638,0.014907613612524753,2.387851600360591e-05
magic_abracadabra_arbitrum_2025,magic_abracadabra_arbitrum_2025__hn016,magic_abracadabra_arbitrum_2025,hard_negative_mined,arbitrum,0,k_2,2,13,0.06428571428571428,0.0038289725590299937,0.01567387509754638,0.1278692380789859,0.00030228152172639966
magic_abracadabra_arbitrum_2025,magic_abracadabra_arbitrum_2025__hn016,magic_abracadabra_arbitrum_2025,hard_negative_mined,arbitrum,0,k_3,3,13,0.06428571428571428,0.0038289725590299937,0.01567387509754638,0.0484140792190365,0.0005697813467122614
magic_abracadabra_arbitrum_2025,magic_abracadabra_arbitrum_2025__hn016,magic_abracadabra_arbitrum_2025,hard_negative_mined,arbitrum,0,ratio_25,4,13,0.06428571428571428,0.01148691767708998,0.02065841507180306,0.020084749780717347,0.0008693893323652446
magic_abracadabra_arbitrum_2025,magic_abracadabra_arbitrum_2025__hn016,magic_abracadabra_arbitrum_2025,hard_negative_mined,arbitrum,0,k_5,5,13,0.06428571428571428,0.01148691767708998,0.024362756995254066,0.01008474978071735,0.00021702793310396373
magic_abracadabra_arbitrum_2025,magic_abracadabra_arbitrum_2025__hn016,magic_abracadabra_arbitrum_2025,hard_negative_mined,arbitrum,0,ratio_50,7,13,0.06428571428571428,0.01148691767708998,0.0251384331151867,0.0002325581395348837,0.0002533497754484415
magic_abracadabra_arbitrum_2025,magic_abracadabra_arbitrum_2025__hn016,magic_abracadabra_arbitrum_2025,hard_negative_mined,arbitrum,0,ratio_75,10,13,0.06428571428571428,0.01148691767708998,0.02182746764812228,0.001897615277793374,8.121493010548875e-05
magic_abracadabra_arbitrum_2025,magic_abracadabra_arbitrum_2025__hn016,magic_abracadabra_arbitrum_2025,hard_negative_mined,arbitrum,0,ratio_100,13,13,0.06428571428571428,0.01914486279514997,0.022012972426195182,0.001897615277793374,5.2616687753470615e-05
magic_abracadabra_arbitrum_2025,magic_abracadabra_arbitrum_2025__hn017,magic_abracadabra_arbitrum_2025,hard_negative_mined,arbitrum,0,ratio_25,2,5,0.06428571428571428,0.0038289725590299937,0.03918748909706585,0.4856832271473923,0.011147035285830498
magic_abracadabra_arbitrum_2025,magic_abracadabra_arbitrum_2025__hn017,magic_abracadabra_arbitrum_2025,hard_negative_mined,arbitrum,0,ratio_50,3,5,0.06428571428571428,0.004467134652201659,0.028946418899689248,0.39385887516557416,0.00334294349886477
magic_abracadabra_arbitrum_2025,magic_abracadabra_arbitrum_2025__hn017,magic_abracadabra_arbitrum_2025,hard_negative_mined,arbitrum,0,ratio_75,4,5,0.06428571428571428,0.004467134652201659,0.03918748909706585,0.4139511397603634,0.01111957523971796
magic_abracadabra_arbitrum_2025,magic_abracadabra_arbitrum_2025__hn017,magic_abracadabra_arbitrum_2025,hard_negative_mined,arbitrum,0,ratio_100,5,5,0.06428571428571428,0.005105296745373325,0.046917366577768745,0.4744606296896663,0.11965450644493103
magic_abracadabra_arbitrum_2025,magic_abracadabra_arbitrum_2025__hn018,magic_abracadabra_arbitrum_2025,hard_negative_mined,arbitrum,0,ratio_25,1,3,0.06428571428571428,0.0012763241863433313,0.01567387509754638,0.0016513257315565325,0.0003428849158808589
magic_abracadabra_arbitrum_2025,magic_abracadabra_arbitrum_2025__hn018,magic_abracadabra_arbitrum_2025,hard_negative_mined,arbitrum,0,ratio_50,2,3,0.06428571428571428,0.0038289725590299937,0.03918748909706585,0.06132791424419523,0.0005147377378307283
magic_abracadabra_arbitrum_2025,magic_abracadabra_arbitrum_2025__hn018,magic_abracadabra_arbitrum_2025,hard_negative_mined,arbitrum,0,ratio_75,3,3,0.06428571428571428,0.0038289725590299937,0.028946418899689248,0.02006138392243132,0.00022671434271614999
magic_abracadabra_arbitrum_2025,magic_abracadabra_arbitrum_2025__hn019,magic_abracadabra_arbitrum_2025,hard_negative_mined,arbitrum,0,ratio_25,1,2,0.06428571428571428,0.0012763241863433313,0.01567387509754638,9.960159362549801e-05,1.8762246327241883e-05
magic_abracadabra_arbitrum_2025,magic_abracadabra_arbitrum_2025__hn019,magic_abracadabra_arbitrum_2025,hard_negative_mined,arbitrum,0,ratio_75,2,2,0.06428571428571428,0.0038289725590299937,0.01567387509754638,0.02665785260893247,5.848715591127984e-05
magic_abracadabra_arbitrum_2025,magic_abracadabra_arbitrum_2025__hn020,magic_abracadabra_arbitrum_2025,hard_negative_mined,arbitrum,0,ratio_25,1,3,0.06428571428571428,0.0012763241863433313,0.01567387509754638,0.0016513257315565325,0.0009766006842255592
magic_abracadabra_arbitrum_2025,magic_abracadabra_arbitrum_2025__hn020,magic_abracadabra_arbitrum_2025,hard_negative_mined,arbitrum,0,ratio_50,2,3,0.06428571428571428,0.0038289725590299937,0.03918748909706585,0.05070350013333513,0.0010472179856151342
magic_abracadabra_arbitrum_2025,magic_abracadabra_arbitrum_2025__hn020,magic_abracadabra_arbitrum_2025,hard_negative_mined,arbitrum,0,ratio_75,3,3,0.06428571428571428,0.0038289725590299937,0.028946418899689248,0.025958819819867217,0.0007744214963167906
magic_abracadabra_arbitrum_2025,magic_abracadabra_arbitrum_2025__hn021,magic_abracadabra_arbitrum_2025,hard_negative_mined,arbitrum,0,ratio_25,2,5,0.06428571428571428,0.0038289725590299937,0.01567387509754638,0.09032629671686822,7.649551844224334e-05
magic_abracadabra_arbitrum_2025,magic_abracadabra_arbitrum_2025__hn021,magic_abracadabra_arbitrum_2025,hard_negative_mined,arbitrum,0,ratio_50,3,5,0.06428571428571428,0.0038289725590299937,0.01567387509754638,0.0638270135532352,3.5469925933284685e-05
magic_abracadabra_arbitrum_2025,magic_abracadabra_arbitrum_2025__hn021,magic_abracadabra_arbitrum_2025,hard_negative_mined,arbitrum,0,ratio_75,4,5,0.06428571428571428,0.0038289725590299937,0.02485101055847618,0.03126807516786584,3.591431232052855e-05
magic_abracadabra_arbitrum_2025,magic_abracadabra_arbitrum_2025__hn021,magic_abracadabra_arbitrum_2025,hard_negative_mined,arbitrum,0,ratio_100,5,5,0.06428571428571428,0.0038289725590299937,0.032687470732011746,0.019315955636068,0.0003056515415664762
magic_abracadabra_arbitrum_2025,magic_abracadabra_arbitrum_2025__hn022,magic_abracadabra_arbitrum_2025,hard_negative_mined,arbitrum,0,ratio_25,2,6,0.06428571428571428,0.0038289725590299937,0.01567387509754638,0.05183731487878229,8.859694207785651e-05
magic_abracadabra_arbitrum_2025,magic_abracadabra_arbitrum_2025__hn022,magic_abracadabra_arbitrum_2025,hard_negative_mined,arbitrum,0,ratio_50,3,6,0.06428571428571428,0.0038289725590299937,0.01567387509754638,0.0030042227494347876,4.5274049625732005e-05
magic_abracadabra_arbitrum_2025,magic_abracadabra_arbitrum_2025__hn022,magic_abracadabra_arbitrum_2025,hard_negative_mined,arbitrum,0,ratio_75,5,6,0.06428571428571428,0.0038289725590299937,0.032687470732011746,0.007743769123947221,1.4366028153744992e-05
magic_abracadabra_arbitrum_2025,magic_abracadabra_arbitrum_2025__hn022,magic_abracadabra_arbitrum_2025,hard_negative_mined,arbitrum,0,ratio_100,6,6,0.06428571428571428,0.0038289725590299937,0.03918748909706585,0.001897615277793374,1.8147340597352013e-05
magic_abracadabra_arbitrum_2025,magic_abracadabra_arbitrum_2025__hn023,magic_abracadabra_arbitrum_2025,hard_negative_mined,arbitrum,0,ratio_25,1,3,0.06428571428571428,0.0012763241863433313,0.01567387509754638,9.960159362549801e-05,2.6468749638297595e-05
magic_abracadabra_arbitrum_2025,magic_abracadabra_arbitrum_2025__hn023,magic_abracadabra_arbitrum_2025,hard_negative_mined,arbitrum,0,ratio_50,2,3,0.06428571428571428,0.008296107211231652,0.01567387509754638,0.04186360818284779,7.435175211867318e-05
magic_abracadabra_arbitrum_2025,magic_abracadabra_arbitrum_2025__hn023,magic_abracadabra_arbitrum_2025,hard_negative_mined,arbitrum,0,ratio_75,3,3,0.06428571428571428,0.008934269304403318,0.01567387509754638,0.019621945068395496,1.9687189706019126e-05
hackerdao_2022,hackerdao_2022__hn000,hackerdao_2022,hard_negative_mined,bsc,0,ratio_25,1,2,0.06498194945848375,0.0,0.05602357000046246,0.014069325309361249,1.3931249668530654e-05
hackerdao_2022,hackerdao_2022__hn000,hackerdao_2022,hard_negative_mined,bsc,0,ratio_75,2,2,0.06498194945848375,0.0025526483726866626,0.05602357000046246,0.09463021513561554,1.811160473152995e-05
hackerdao_2022,hackerdao_2022__hn001,hackerdao_2022,hard_negative_mined,bsc,0,k_2,2,12,0.06498194945848375,0.003190810465858328,0.07496134516077733,0.6956060734407218,0.9658830165863037
hackerdao_2022,hackerdao_2022__hn001,hackerdao_2022,hard_negative_mined,bsc,0,ratio_25,3,12,0.06498194945848375,0.0038289725590299937,0.06807229988499246,0.11017773063437901,0.017565589398145676
hackerdao_2022,hackerdao_2022__hn001,hackerdao_2022,hard_negative_mined,bsc,0,k_5,5,12,0.06498194945848375,0.004467134652201659,0.0707545481952841,0.013087298310074382,0.0007025609957054257
hackerdao_2022,hackerdao_2022__hn001,hackerdao_2022,hard_negative_mined,bsc,0,ratio_50,6,12,0.06498194945848375,0.005105296745373325,0.06807229988499246,0.018304337872272657,0.0010933929588645697
hackerdao_2022,hackerdao_2022__hn001,hackerdao_2022,hard_negative_mined,bsc,0,k_7,7,12,0.06498194945848375,0.00574345883854499,0.07193371744916609,0.07040637078533449,0.008701100014150143
hackerdao_2022,hackerdao_2022__hn001,hackerdao_2022,hard_negative_mined,bsc,0,ratio_75,9,12,0.06498194945848375,0.007019783024888321,0.06807229988499246,0.07682880244018112,0.005951723549515009
hackerdao_2022,hackerdao_2022__hn001,hackerdao_2022,hard_negative_mined,bsc,0,ratio_100,12,12,0.06498194945848375,0.007657945118059987,0.06485207472492574,0.05275439006653601,0.0027298657223582268
hackerdao_2022,hackerdao_2022__hn002,hackerdao_2022,hard_negative_mined,bsc,0,ratio_25,1,3,0.06498194945848375,0.0,0.09962509176178677,0.0,5.875172519154148e-06
hackerdao_2022,hackerdao_2022__hn002,hackerdao_2022,hard_negative_mined,bsc,0,ratio_50,2,3,0.06498194945848375,0.0025526483726866626,0.09962509176178677,0.030957457340097423,4.7420457121916115e-05
hackerdao_2022,hackerdao_2022__hn002,hackerdao_2022,hard_negative_mined,bsc,0,ratio_75,3,3,0.06498194945848375,0.0025526483726866626,0.09962509176178677,0.015885293205995042,7.156880019465461e-05
hackerdao_2022,hackerdao_2022__hn003,hackerdao_2022,hard_negative_mined,bsc,0,ratio_25,1,2,0.06498194945848375,0.0,0.05602357000046246,0.014069325309361249,4.490096398512833e-05
hackerdao_2022,hackerdao_2022__hn003,hackerdao_2022,hard_negative_mined,bsc,0,ratio_75,2,2,0.06498194945848375,0.0025526483726866626,0.05602357000046246,0.5176740208954679,0.0654420480132103
hackerdao_2022,hackerdao_2022__hn004,hackerdao_2022,hard_negative_mined,bsc,0,k_2,2,102,0.06498194945848375,0.0025526483726866626,0.07496134516077733,0.006463509203403856,0.0006809860933572054
hackerdao_2022,hackerdao_2022__hn004,hackerdao_2022,hard_negative_mined,bsc,0,k_3,3,102,0.06498194945848375,0.0025526483726866626,0.06807229988499246,0.13321565635547036,0.00020692773978225887
hackerdao_2022,hackerdao_2022__hn004,hackerdao_2022,hard_negative_mined,bsc,0,k_5,5,102,0.06498194945848375,0.003190810465858328,0.0629885582333982,0.70770003771756,0.8168665170669556
hackerdao_2022,hackerdao_2022__hn004,hackerdao_2022,hard_negative_mined,bsc,0,k_7,7,102,0.06498194945848375,0.0038289725590299937,0.06092003770468244,0.6853624401724734,0.1364121437072754
hackerdao_2022,hackerdao_2022__hn004,hackerdao_2022,hard_negative_mined,bsc,0,ratio_25,26,102,0.06498194945848375,0.007657945118059987,0.05861227780188713,0.16798324884091248,0.029625454917550087
hackerdao_2022,hackerdao_2022__hn004,hackerdao_2022,hard_negative_mined,bsc,0,ratio_50,51,102,0.06498194945848375,0.007657945118059987,0.05732957911051046,0.019766245542087654,0.0012106264475733042
hackerdao_2022,hackerdao_2022__hn004,hackerdao_2022,hard_negative_mined,bsc,0,ratio_75,77,102,0.06498194945848375,0.007657945118059987,0.06875978748414809,0.022742673992673997,0.0008883887785486877
hackerdao_2022,hackerdao_2022__hn004,hackerdao_2022,hard_negative_mined,bsc,0,ratio_100,102,102,0.06498194945848375,0.007657945118059987,0.07538593034326174,0.034328874057134924,0.0014793298905715346
hackerdao_2022,hackerdao_2022__hn005,hackerdao_2022,hard_negative_mined,bsc,0,ratio_25,1,3,0.06498194945848375,0.0,0.05602357000046246,0.0,6.1596688283316325e-06
hackerdao_2022,hackerdao_2022__hn005,hackerdao_2022,hard_negative_mined,bsc,0,ratio_50,2,3,0.06498194945848375,0.003190810465858328,0.05602357000046246,0.03806443053331352,0.0001436819147784263
hackerdao_2022,hackerdao_2022__hn005,hackerdao_2022,hard_negative_mined,bsc,0,ratio_75,3,3,0.06498194945848375,0.0038289725590299937,0.06807229988499246,0.028805778491171753,0.0008636818383820355
hackerdao_2022,hackerdao_2022__hn006,hackerdao_2022,hard_negative_mined,bsc,0,ratio_25,1,1,0.06498194945848375,0.0,0.09962509176178677,0.0,5.725189566874178e-06
hackerdao_2022,hackerdao_2022__hn007,hackerdao_2022,hard_negative_mined,bsc,0,ratio_25,1,2,0.06498194945848375,0.0,0.05602357000046246,0.014069325309361249,3.9097714761737734e-05
hackerdao_2022,hackerdao_2022__hn007,hackerdao_2022,hard_negative_mined,bsc,0,ratio_75,2,2,0.06498194945848375,0.0025526483726866626,0.05602357000046246,0.35841698392205124,0.0008323490619659424
hackerdao_2022,hackerdao_2022__hn008,hackerdao_2022,hard_negative_mined,bsc,0,ratio_25,1,2,0.06498194945848375,0.0,0.09962509176178677,0.0,5.085405064164661e-06
hackerdao_2022,hackerdao_2022__hn008,hackerdao_2022,hard_negative_mined,bsc,0,ratio_75,2,2,0.06498194945848375,0.003190810465858328,0.09962509176178677,0.06458766295795793,6.83365942677483e-05
hackerdao_2022,hackerdao_2022__hn009,hackerdao_2022,hard_negative_mined,bsc,0,k_2,2,828,0.06498194945848375,0.0025526483726866626,0.09962509176178677,0.027556873738669777,0.0023483000695705414
hackerdao_2022,hackerdao_2022__hn009,hackerdao_2022,hard_negative_mined,bsc,0,k_3,3,828,0.06498194945848375,0.0025526483726866626,0.09962509176178677,0.021678173609969646,0.0016624159179627895
hackerdao_2022,hackerdao_2022__hn009,hackerdao_2022,hard_negative_mined,bsc,0,k_5,5,828,0.06498194945848375,0.0025526483726866626,0.09962509176178677,0.04906707515197297,0.0020532335620373487
hackerdao_2022,hackerdao_2022__hn009,hackerdao_2022,hard_negative_mined,bsc,0,k_7,7,828,0.06498194945848375,0.0025526483726866626,0.09962509176178677,0.04931851815341598,0.0019933083094656467
hackerdao_2022,hackerdao_2022__hn009,hackerdao_2022,hard_negative_mined,bsc,0,ratio_25,207,828,0.06498194945848375,0.0025526483726866626,0.09962509176178677,0.05771654845424279,0.00017836055485531688
hackerdao_2022,hackerdao_2022__hn009,hackerdao_2022,hard_negative_mined,bsc,0,ratio_50,414,828,0.06498194945848375,0.0025526483726866626,0.09962509176178677,0.06411655473231408,3.755567013286054e-05
hackerdao_2022,hackerdao_2022__hn009,hackerdao_2022,hard_negative_mined,bsc,0,ratio_75,621,828,0.06498194945848375,0.0025526483726866626,0.09962509176178677,0.03474598333280489,3.8639507693005726e-05
hackerdao_2022,hackerdao_2022__hn009,hackerdao_2022,hard_negative_mined,bsc,0,ratio_100,828,828,0.06498194945848375,0.0025526483726866626,0.09962509176178677,0.04060528630164132,2.637443867570255e-05
hackerdao_2022,hackerdao_2022__hn010,hackerdao_2022,hard_negative_mined,bsc,0,k_2,2,529,0.06498194945848375,0.0025526483726866626,0.09962509176178677,0.10838058885325434,0.02152879349887371
hackerdao_2022,hackerdao_2022__hn010,hackerdao_2022,hard_negative_mined,bsc,0,k_3,3,529,0.06498194945848375,0.0025526483726866626,0.09962509176178677,0.10952689965030045,0.02987964265048504
hackerdao_2022,hackerdao_2022__hn010,hackerdao_2022,hard_negative_mined,bsc,0,k_5,5,529,0.06498194945848375,0.0025526483726866626,0.09962509176178677,0.11001965356669524,0.00419046962633729
hackerdao_2022,hackerdao_2022__hn010,hackerdao_2022,hard_negative_mined,bsc,0,k_7,7,529,0.06498194945848375,0.0025526483726866626,0.09962509176178677,0.09420484213487618,0.00419046962633729
hackerdao_2022,hackerdao_2022__hn010,hackerdao_2022,hard_negative_mined,bsc,0,ratio_25,133,529,0.06498194945848375,0.0025526483726866626,0.09962509176178677,0.05924338832011749,0.0001072937884600833
hackerdao_2022,hackerdao_2022__hn010,hackerdao_2022,hard_negative_mined,bsc,0,ratio_50,265,529,0.06498194945848375,0.0025526483726866626,0.09962509176178677,0.05866807312315453,2.6297409931430593e-05
hackerdao_2022,hackerdao_2022__hn010,hackerdao_2022,hard_negative_mined,bsc,0,ratio_75,397,529,0.06498194945848375,0.0025526483726866626,0.09962509176178677,0.038145105757799225,1.7200361980940215e-05
hackerdao_2022,hackerdao_2022__hn010,hackerdao_2022,hard_negative_mined,bsc,0,ratio_100,529,529,0.06498194945848375,0.0025526483726866626,0.09962509176178677,0.03161064348804285,1.6890329789021052e-05
hackerdao_2022,hackerdao_2022__hn011,hackerdao_2022,hard_negative_mined,bsc,0,ratio_25,1,2,0.06498194945848375,0.0,0.09962509176178677,0.0,5.085405064164661e-06
hackerdao_2022,hackerdao_2022__hn011,hackerdao_2022,hard_negative_mined,bsc,0,ratio_75,2,2,0.06498194945848375,0.0025526483726866626,0.09962509176178677,0.03303963222883747,3.281194585724734e-05
hackerdao_2022,hackerdao_2022__hn012,hackerdao_2022,hard_negative_mined,bsc,0,k_2,2,516,0.06498194945848375,0.0025526483726866626,0.09962509176178677,0.13130926634636014,0.023952718824148178
hackerdao_2022,hackerdao_2022__hn012,hackerdao_2022,hard_negative_mined,bsc,0,k_3,3,516,0.06498194945848375,0.0025526483726866626,0.09962509176178677,0.10452689965030044,0.02987964265048504
hackerdao_2022,hackerdao_2022__hn012,hackerdao_2022,hard_negative_mined,bsc,0,k_5,5,516,0.06498194945848375,0.0025526483726866626,0.09962509176178677,0.11001965356669524,0.00419046962633729
hackerdao_2022,hackerdao_2022__hn012,hackerdao_2022,hard_negative_mined,bsc,0,k_7,7,516,0.06498194945848375,0.0025526483726866626,0.09962509176178677,0.10719911183188001,0.004671589937061071
hackerdao_2022,hackerdao_2022__hn012,hackerdao_2022,hard_negative_mined,bsc,0,ratio_25,129,516,0.06498194945848375,0.0025526483726866626,0.09962509176178677,0.10300960623111752,0.00020235237025190145
hackerdao_2022,hackerdao_2022__hn012,hackerdao_2022,hard_negative_mined,bsc,0,ratio_50,258,516,0.06498194945848375,0.0025526483726866626,0.09962509176178677,0.050564775625307014,2.9362568966462277e-05
hackerdao_2022,hackerdao_2022__hn012,hackerdao_2022,hard_negative_mined,bsc,0,ratio_75,387,516,0.06498194945848375,0.0025526483726866626,0.09962509176178677,0.035081839826426674,2.0672649043262936e-05
hackerdao_2022,hackerdao_2022__hn012,hackerdao_2022,hard_negative_mined,bsc,0,ratio_100,516,516,0.06498194945848375,0.0025526483726866626,0.09962509176178677,0.03207678932137618,2.0300032701925375e-05
hackerdao_2022,hackerdao_2022__hn013,hackerdao_2022,hard_negative_mined,bsc,0,k_2,2,208,0.06498194945848375,0.0025526483726866626,0.0336947372081889,0.1158612346790317,0.0012483192840591073
hackerdao_2022,hackerdao_2022__hn013,hackerdao_2022,hard_negative_mined,bsc,0,k_3,3,208,0.06498194945848375,0.003190810465858328,0.0336947372081889,0.31718494658930707,0.006715303752571344
hackerdao_2022,hackerdao_2022__hn013,hackerdao_2022,hard_negative_mined,bsc,0,k_5,5,208,0.06498194945848375,0.004467134652201659,0.0336947372081889,0.5964377652402171,0.5159006118774414
hackerdao_2022,hackerdao_2022__hn013,hackerdao_2022,hard_negative_mined,bsc,0,k_7,7,208,0.06498194945848375,0.005105296745373325,0.0336947372081889,0.5173997348295045,0.34862181544303894
hackerdao_2022,hackerdao_2022__hn013,hackerdao_2022,hard_negative_mined,bsc,0,ratio_25,52,208,0.06498194945848375,0.014039566049776643,0.06490430762610919,0.26349906227726694,0.15929631888866425
hackerdao_2022,hackerdao_2022__hn013,hackerdao_2022,hard_negative_mined,bsc,0,ratio_50,104,208,0.06498194945848375,0.014039566049776643,0.08057455686588642,0.06060810810810811,0.00711400480940938
hackerdao_2022,hackerdao_2022__hn013,hackerdao_2022,hard_negative_mined,bsc,0,ratio_75,156,208,0.06498194945848375,0.014039566049776643,0.08652338277395202,0.04182222294064399,0.006210205610841513
hackerdao_2022,hackerdao_2022__hn013,hackerdao_2022,hard_negative_mined,bsc,0,ratio_100,208,208,0.06498194945848375,0.014039566049776643,0.08964464103912442,0.020608108108108106,0.004289000295102596
hackerdao_2022,hackerdao_2022__hn014,hackerdao_2022,hard_negative_mined,bsc,0,ratio_25,1,2,0.06498194945848375,0.0,0.05602357000046246,0.017621956888308615,1.653832987358328e-05
hackerdao_2022,hackerdao_2022__hn014,hackerdao_2022,hard_negative_mined,bsc,0,ratio_75,2,2,0.06498194945848375,0.003190810465858328,0.05602357000046246,0.13405986216097499,0.000224991628783755
hackerdao_2022,hackerdao_2022__hn015,hackerdao_2022,hard_negative_mined,bsc,0,ratio_25,1,4,0.06498194945848375,0.0,0.05602357000046246,0.03142875484314984,0.0003065945056732744
hackerdao_2022,hackerdao_2022__hn015,hackerdao_2022,hard_negative_mined,bsc,0,ratio_50,2,4,0.06498194945848375,0.003190810465858328,0.05602357000046246,0.0624893147862462,0.00042178313015028834
hackerdao_2022,hackerdao_2022__hn015,hackerdao_2022,hard_negative_mined,bsc,0,ratio_75,3,4,0.06498194945848375,0.0038289725590299937,0.05602357000046246,0.07238409303115186,0.0004329014918766916
hackerdao_2022,hackerdao_2022__hn015,hackerdao_2022,hard_negative_mined,bsc,0,ratio_100,4,4,0.06498194945848375,0.004467134652201659,0.06485207472492574,0.02,0.0007916948525235057
hackerdao_2022,hackerdao_2022__hn016,hackerdao_2022,hard_negative_mined,bsc,0,k_2,2,43,0.06498194945848375,0.0025526483726866626,0.05602357000046246,0.3813034015398953,0.0007997002103365958
hackerdao_2022,hackerdao_2022__hn016,hackerdao_2022,hard_negative_mined,bsc,0,k_3,3,43,0.06498194945848375,0.0025526483726866626,0.05602357000046246,0.20101302914672484,0.0001277867122553289
hackerdao_2022,hackerdao_2022__hn016,hackerdao_2022,hard_negative_mined,bsc,0,k_5,5,43,0.06498194945848375,0.0025526483726866626,0.05602357000046246,0.1869713285850018,0.002377555938437581
hackerdao_2022,hackerdao_2022__hn016,hackerdao_2022,hard_negative_mined,bsc,0,k_7,7,43,0.06498194945848375,0.0025526483726866626,0.06092003770468244,0.09493161107014876,0.0003736190847121179
hackerdao_2022,hackerdao_2022__hn016,hackerdao_2022,hard_negative_mined,bsc,0,ratio_25,11,43,0.06498194945848375,0.0025526483726866626,0.05909484960379163,0.047547116175492586,0.001816289615817368
hackerdao_2022,hackerdao_2022__hn016,hackerdao_2022,hard_negative_mined,bsc,0,ratio_50,22,43,0.06498194945848375,0.005105296745373325,0.05753997215240618,0.028625058422302577,0.000719275907613337
hackerdao_2022,hackerdao_2022__hn016,hackerdao_2022,hard_negative_mined,bsc,0,ratio_75,33,43,0.06498194945848375,0.006381620931716656,0.05703027070322316,0.16570666536680156,0.029789358377456665
hackerdao_2022,hackerdao_2022__hn016,hackerdao_2022,hard_negative_mined,bsc,0,ratio_100,43,43,0.06498194945848375,0.008934269304403318,0.05679464824271834,0.13475443567239898,0.011589028872549534
hackerdao_2022,hackerdao_2022__hn017,hackerdao_2022,hard_negative_mined,bsc,0,ratio_25,1,3,0.06498194945848375,0.0,0.05602357000046246,0.010180436420472361,3.263799226260744e-05
hackerdao_2022,hackerdao_2022__hn017,hackerdao_2022,hard_negative_mined,bsc,0,ratio_50,2,3,0.06498194945848375,0.003190810465858328,0.07496134516077733,0.270078639584423,0.0054011717438697815
hackerdao_2022,hackerdao_2022__hn017,hackerdao_2022,hard_negative_mined,bsc,0,ratio_75,3,3,0.06498194945848375,0.0038289725590299937,0.06807229988499246,0.38433109870431087,0.07283418625593185
hackerdao_2022,hackerdao_2022__hn018,hackerdao_2022,hard_negative_mined,bsc,0,k_2,2,557,0.06498194945848375,0.0025526483726866626,0.09962509176178677,0.10838058885325434,0.02152879349887371
hackerdao_2022,hackerdao_2022__hn018,hackerdao_2022,hard_negative_mined,bsc,0,k_3,3,557,0.06498194945848375,0.0025526483726866626,0.09962509176178677,0.11066820399812655,0.02987964265048504
hackerdao_2022,hackerdao_2022__hn018,hackerdao_2022,hard_negative_mined,bsc,0,k_5,5,557,0.06498194945848375,0.0025526483726866626,0.09962509176178677,0.11001965356669524,0.00419046962633729
hackerdao_2022,hackerdao_2022__hn018,hackerdao_2022,hard_negative_mined,bsc,0,k_7,7,557,0.06498194945848375,0.0025526483726866626,0.09962509176178677,0.10926942433188001,0.004671589937061071
hackerdao_2022,hackerdao_2022__hn018,hackerdao_2022,hard_negative_mined,bsc,0,ratio_25,140,557,0.06498194945848375,0.0025526483726866626,0.09962509176178677,0.059590981903005186,0.0001072937884600833
hackerdao_2022,hackerdao_2022__hn018,hackerdao_2022,hard_negative_mined,bsc,0,ratio_50,279,557,0.06498194945848375,0.0025526483726866626,0.09962509176178677,0.05044622337486138,2.4430712073808536e-05
hackerdao_2022,hackerdao_2022__hn018,hackerdao_2022,hard_negative_mined,bsc,0,ratio_75,418,557,0.06498194945848375,0.0025526483726866626,0.09962509176178677,0.04810005779305979,1.540479570394382e-05
hackerdao_2022,hackerdao_2022__hn018,hackerdao_2022,hard_negative_mined,bsc,0,ratio_100,557,557,0.06498194945848375,0.0025526483726866626,0.09962509176178677,0.03161064348804285,1.6890329789021052e-05
hackerdao_2022,hackerdao_2022__hn019,hackerdao_2022,hard_negative_mined,bsc,0,ratio_25,1,2,0.06498194945848375,0.0,0.05602357000046246,0.014069325309361249,1.4616100088460371e-05
hackerdao_2022,hackerdao_2022__hn019,hackerdao_2022,hard_negative_mined,bsc,0,ratio_75,2,2,0.06498194945848375,0.003190810465858328,0.07496134516077733,0.3570384963552056,0.016898056492209435
hackerdao_2022,hackerdao_2022__hn020,hackerdao_2022,hard_negative_mined,bsc,0,k_2,2,14,0.06498194945848375,0.003190810465858328,0.0336947372081889,0.056879503179501946,0.0008435806375928223
hackerdao_2022,hackerdao_2022__hn020,hackerdao_2022,hard_negative_mined,bsc,0,k_3,3,14,0.06498194945848375,0.0038289725590299937,0.0336947372081889,0.6235046901604062,0.07205546647310257
hackerdao_2022,hackerdao_2022__hn020,hackerdao_2022,hard_negative_mined,bsc,0,ratio_25,4,14,0.06498194945848375,0.004467134652201659,0.0336947372081889,0.32270310011761383,0.05016645789146423
hackerdao_2022,hackerdao_2022__hn020,hackerdao_2022,hard_negative_mined,bsc,0,k_5,5,14,0.06498194945848375,0.005105296745373325,0.0336947372081889,0.5218672364144817,0.010594058781862259
hackerdao_2022,hackerdao_2022__hn020,hackerdao_2022,hard_negative_mined,bsc,0,ratio_50,7,14,0.06498194945848375,0.006381620931716656,0.0336947372081889,0.5398874499157932,0.013404282741248608
hackerdao_2022,hackerdao_2022__hn020,hackerdao_2022,hard_negative_mined,bsc,0,ratio_75,11,14,0.06498194945848375,0.008934269304403318,0.0336947372081889,0.4911207833851234,0.010950736701488495
hackerdao_2022,hackerdao_2022__hn020,hackerdao_2022,hard_negative_mined,bsc,0,ratio_100,14,14,0.06498194945848375,0.010848755583918315,0.0336947372081889,0.28587309922265414,0.016534077003598213
hackerdao_2022,hackerdao_2022__hn021,hackerdao_2022,hard_negative_mined,bsc,0,ratio_25,1,3,0.06498194945848375,0.0,0.09962509176178677,0.0,5.875172519154148e-06
hackerdao_2022,hackerdao_2022__hn021,hackerdao_2022,hard_negative_mined,bsc,0,ratio_50,2,3,0.06498194945848375,0.003190810465858328,0.07496134516077733,0.04270728767617066,0.00015314332267735153
hackerdao_2022,hackerdao_2022__hn021,hackerdao_2022,hard_negative_mined,bsc,0,ratio_75,3,3,0.06498194945848375,0.0038289725590299937,0.08248586632800203,0.004448717948717948,9.20386373763904e-05
hackerdao_2022,hackerdao_2022__hn022,hackerdao_2022,hard_negative_mined,bsc,0,k_2,2,1000,0.06498194945848375,0.0025526483726866626,0.09962509176178677,0.10791790120326868,0.011388729326426983
hackerdao_2022,hackerdao_2022__hn022,hackerdao_2022,hard_negative_mined,bsc,0,k_3,3,1000,0.06498194945848375,0.0025526483726866626,0.09962509176178677,0.10098269738013353,0.008587474934756756
hackerdao_2022,hackerdao_2022__hn022,hackerdao_2022,hard_negative_mined,bsc,0,k_5,5,1000,0.06498194945848375,0.0025526483726866626,0.09962509176178677,0.08292559738952165,0.00979867484420538
hackerdao_2022,hackerdao_2022__hn022,hackerdao_2022,hard_negative_mined,bsc,0,k_7,7,1000,0.06498194945848375,0.0025526483726866626,0.09962509176178677,0.11909422972617723,0.007222379557788372
hackerdao_2022,hackerdao_2022__hn022,hackerdao_2022,hard_negative_mined,bsc,0,ratio_25,250,1000,0.06498194945848375,0.0025526483726866626,0.09962509176178677,0.03514693599605148,0.0003811888745985925
hackerdao_2022,hackerdao_2022__hn022,hackerdao_2022,hard_negative_mined,bsc,0,ratio_50,500,1000,0.06498194945848375,0.0025526483726866626,0.09962509176178677,0.03104650683657365,5.954193329671398e-05
hackerdao_2022,hackerdao_2022__hn022,hackerdao_2022,hard_negative_mined,bsc,0,ratio_75,750,1000,0.06498194945848375,0.0025526483726866626,0.09962509176178677,0.03232885854918852,9.970197424991056e-05
hackerdao_2022,hackerdao_2022__hn022,hackerdao_2022,hard_negative_mined,bsc,0,ratio_100,1000,1000,0.06498194945848375,0.0025526483726866626,0.09962509176178677,0.02769126465303955,0.0001180141480290331
hackerdao_2022,hackerdao_2022__hn023,hackerdao_2022,hard_negative_mined,bsc,0,ratio_25,2,5,0.06498194945848375,0.003190810465858328,0.05602357000046246,0.14845302320978057,0.00038906087866052985
hackerdao_2022,hackerdao_2022__hn023,hackerdao_2022,hard_negative_mined,bsc,0,ratio_50,3,5,0.06498194945848375,0.003190810465858328,0.06807229988499246,0.07955576879192136,0.00020354280422907323
hackerdao_2022,hackerdao_2022__hn023,hackerdao_2022,hard_negative_mined,bsc,0,ratio_75,4,5,0.06498194945848375,0.0038289725590299937,0.07496134516077733,0.08994042736156357,0.000449809362180531
hackerdao_2022,hackerdao_2022__hn023,hackerdao_2022,hard_negative_mined,bsc,0,ratio_100,5,5,0.06498194945848375,0.0038289725590299937,0.0793968914615713,0.09676437655495876,0.0005954634980298579
hackerdao_2022,hackerdao_2022__hn024,hackerdao_2022,hard_negative_mined,bsc,0,ratio_25,1,2,0.06498194945848375,0.0,0.05602357000046246,0.014069325309361249,1.245989460585406e-05
hackerdao_2022,hackerdao_2022__hn024,hackerdao_2022,hard_negative_mined,bsc,0,ratio_75,2,2,0.06498194945848375,0.003190810465858328,0.07496134516077733,0.19048885917966832,0.000804739014711231
new_free_dao_2022,new_free_dao_2022__hn000,new_free_dao_2022,hard_negative_mined,bsc,0,k_2,2,348,0.0644208037825059,0.0025526483726866626,0.10853919514183874,0.08780943735356958,0.005206356290727854
new_free_dao_2022,new_free_dao_2022__hn000,new_free_dao_2022,hard_negative_mined,bsc,0,k_3,3,348,0.0644208037825059,0.0025526483726866626,0.10853919514183874,0.09925541208245672,0.015006491914391518
new_free_dao_2022,new_free_dao_2022__hn000,new_free_dao_2022,hard_negative_mined,bsc,0,k_5,5,348,0.0644208037825059,0.0025526483726866626,0.10853919514183874,0.05817721133583491,0.002846358809620142
new_free_dao_2022,new_free_dao_2022__hn000,new_free_dao_2022,hard_negative_mined,bsc,0,k_7,7,348,0.0644208037825059,0.0025526483726866626,0.10853919514183874,0.04843695159557516,0.001725333509966731
new_free_dao_2022,new_free_dao_2022__hn000,new_free_dao_2022,hard_negative_mined,bsc,0,ratio_25,87,348,0.0644208037825059,0.0025526483726866626,0.10853919514183874,0.017819874566940837,0.00029035209445282817
new_free_dao_2022,new_free_dao_2022__hn000,new_free_dao_2022,hard_negative_mined,bsc,0,ratio_50,174,348,0.0644208037825059,0.005105296745373325,0.10853919514183874,0.018083944890581467,0.00017198905698023736
new_free_dao_2022,new_free_dao_2022__hn000,new_free_dao_2022,hard_negative_mined,bsc,0,ratio_75,261,348,0.0644208037825059,0.005105296745373325,0.10853919514183874,0.0014365795171014434,6.790558836655691e-05
new_free_dao_2022,new_free_dao_2022__hn000,new_free_dao_2022,hard_negative_mined,bsc,0,ratio_100,348,348,0.0644208037825059,0.005105296745373325,0.10853919514183874,0.012020978494083541,0.00012397082173265517
new_free_dao_2022,new_free_dao_2022__hn001,new_free_dao_2022,hard_negative_mined,bsc,0,ratio_25,1,3,0.0644208037825059,0.0012763241863433313,0.012879928180152576,0.00019862490450725745,3.9754810131853446e-05
new_free_dao_2022,new_free_dao_2022__hn001,new_free_dao_2022,hard_negative_mined,bsc,0,ratio_50,2,3,0.0644208037825059,0.0038289725590299937,0.012879928180152576,0.022266426042499902,3.10549366986379e-05
new_free_dao_2022,new_free_dao_2022__hn001,new_free_dao_2022,hard_negative_mined,bsc,0,ratio_75,3,3,0.0644208037825059,0.0038289725590299937,0.012879928180152576,0.004649125639357295,9.648932973504998e-06
new_free_dao_2022,new_free_dao_2022__hn002,new_free_dao_2022,hard_negative_mined,bsc,0,k_2,2,476,0.0644208037825059,0.0025526483726866626,0.051899870104537525,0.48130604795770887,0.31731534004211426
new_free_dao_2022,new_free_dao_2022__hn002,new_free_dao_2022,hard_negative_mined,bsc,0,k_3,3,476,0.0644208037825059,0.0025526483726866626,0.051899870104537525,0.33121206676424686,0.1190745010972023
new_free_dao_2022,new_free_dao_2022__hn002,new_free_dao_2022,hard_negative_mined,bsc,0,k_5,5,476,0.0644208037825059,0.0025526483726866626,0.051899870104537525,0.30667548771825254,0.24572473764419556
new_free_dao_2022,new_free_dao_2022__hn002,new_free_dao_2022,hard_negative_mined,bsc,0,k_7,7,476,0.0644208037825059,0.0025526483726866626,0.057815471667333786,0.20450883475093007,0.06040816381573677
new_free_dao_2022,new_free_dao_2022__hn002,new_free_dao_2022,hard_negative_mined,bsc,0,ratio_25,119,476,0.0644208037825059,0.0025526483726866626,0.1047003802671918,0.012403775540045636,0.00014106484013609588
new_free_dao_2022,new_free_dao_2022__hn002,new_free_dao_2022,hard_negative_mined,bsc,0,ratio_50,238,476,0.0644208037825059,0.0025526483726866626,0.10660457113317277,0.005134672550012415,4.876175444223918e-05
new_free_dao_2022,new_free_dao_2022__hn002,new_free_dao_2022,hard_negative_mined,bsc,0,ratio_75,357,476,0.0644208037825059,0.0025526483726866626,0.10724604785313702,0.004403775540045638,3.5533845220925286e-05
new_free_dao_2022,new_free_dao_2022__hn002,new_free_dao_2022,hard_negative_mined,bsc,0,ratio_100,476,476,0.0644208037825059,0.0025526483726866626,0.10756805813011461,0.0033180345164456116,3.856139301205985e-05
new_free_dao_2022,new_free_dao_2022__hn003,new_free_dao_2022,hard_negative_mined,bsc,0,ratio_25,1,1,0.0644208037825059,0.0,0.051899870104537525,0.003145139881560139,1.6755375327193178e-05
new_free_dao_2022,new_free_dao_2022__hn004,new_free_dao_2022,hard_negative_mined,bsc,0,ratio_25,2,8,0.0644208037825059,0.003190810465858328,0.051899870104537525,0.36199886183224,0.005340803414583206
new_free_dao_2022,new_free_dao_2022__hn004,new_free_dao_2022,hard_negative_mined,bsc,0,k_3,3,8,0.0644208037825059,0.0038289725590299937,0.06669019483635225,0.23665789997607944,0.006190079730004072
new_free_dao_2022,new_free_dao_2022__hn004,new_free_dao_2022,hard_negative_mined,bsc,0,ratio_50,4,8,0.0644208037825059,0.0038289725590299937,0.07547720795492627,0.2949274337081009,0.001332959858700633
new_free_dao_2022,new_free_dao_2022__hn004,new_free_dao_2022,hard_negative_mined,bsc,0,k_5,5,8,0.0644208037825059,0.0038289725590299937,0.08124818054484793,0.34169684221626684,0.009590799920260906
new_free_dao_2022,new_free_dao_2022__hn004,new_free_dao_2022,hard_negative_mined,bsc,0,ratio_75,6,8,0.0644208037825059,0.004467134652201659,0.07547720795492627,0.015857142857142858,0.0033218879252672195
new_free_dao_2022,new_free_dao_2022__hn004,new_free_dao_2022,hard_negative_mined,bsc,0,k_7,7,8,0.0644208037825059,0.005105296745373325,0.07955948292156427,0.030544642857142854,0.006439020857214928
new_free_dao_2022,new_free_dao_2022__hn004,new_free_dao_2022,hard_negative_mined,bsc,0,ratio_100,8,8,0.0644208037825059,0.005105296745373325,0.08275252672146234,0.0526875,0.018768735229969025
new_free_dao_2022,new_free_dao_2022__hn005,new_free_dao_2022,hard_negative_mined,bsc,0,ratio_25,1,2,0.0644208037825059,0.0,0.10853919514183874,0.00019862490450725745,2.2935642846277915e-05
new_free_dao_2022,new_free_dao_2022__hn005,new_free_dao_2022,hard_negative_mined,bsc,0,ratio_75,2,2,0.0644208037825059,0.0025526483726866626,0.10853919514183874,0.019800591463906354,4.2671876144595444e-05
new_free_dao_2022,new_free_dao_2022__hn006,new_free_dao_2022,hard_negative_mined,bsc,0,ratio_25,1,1,0.0644208037825059,0.0,0.051899870104537525,0.003145139881560139,0.00011126716708531603
new_free_dao_2022,new_free_dao_2022__hn007,new_free_dao_2022,hard_negative_mined,bsc,0,ratio_25,1,2,0.0644208037825059,0.0,0.051899870104537525,0.004321610469795433,0.00031632318859919906
new_free_dao_2022,new_free_dao_2022__hn007,new_free_dao_2022,hard_negative_mined,bsc,0,ratio_75,2,2,0.0644208037825059,0.0025526483726866626,0.051899870104537525,0.22177908084074294,0.0045912000350654125
new_free_dao_2022,new_free_dao_2022__hn009,new_free_dao_2022,hard_negative_mined,bsc,0,ratio_25,2,6,0.0644208037825059,0.003190810465858328,0.027523350892059543,0.06873446247715521,0.0028970218263566494
new_free_dao_2022,new_free_dao_2022__hn009,new_free_dao_2022,hard_negative_mined,bsc,0,ratio_50,3,6,0.0644208037825059,0.0038289725590299937,0.027523350892059543,0.015363860277653381,3.536394069669768e-05
new_free_dao_2022,new_free_dao_2022__hn009,new_free_dao_2022,hard_negative_mined,bsc,0,ratio_75,5,6,0.0644208037825059,0.005105296745373325,0.027523350892059543,0.008116477272727273,3.34045325871557e-05
new_free_dao_2022,new_free_dao_2022__hn009,new_free_dao_2022,hard_negative_mined,bsc,0,ratio_100,6,6,0.0644208037825059,0.00574345883854499,0.027523350892059543,0.009950590140156918,0.00027918166597373784
new_free_dao_2022,new_free_dao_2022__hn010,new_free_dao_2022,hard_negative_mined,bsc,0,ratio_25,1,1,0.0644208037825059,0.0,0.10853919514183874,0.00019862490450725745,1.590940883033909e-05
new_free_dao_2022,new_free_dao_2022__hn011,new_free_dao_2022,hard_negative_mined,bsc,0,k_2,2,93,0.0644208037825059,0.0025526483726866626,0.051899870104537525,0.6032365812501809,0.04280936345458031
new_free_dao_2022,new_free_dao_2022__hn011,new_free_dao_2022,hard_negative_mined,bsc,0,k_3,3,93,0.0644208037825059,0.0025526483726866626,0.06669019483635225,0.3332383530742888,0.05696367844939232
new_free_dao_2022,new_free_dao_2022__hn011,new_free_dao_2022,hard_negative_mined,bsc,0,k_5,5,93,0.0644208037825059,0.0025526483726866626,0.06035461784108692,0.565967540838669,0.17903295159339905
new_free_dao_2022,new_free_dao_2022__hn011,new_free_dao_2022,hard_negative_mined,bsc,0,k_7,7,93,0.0644208037825059,0.0025526483726866626,0.057815471667333786,0.5056007894407383,0.0879971981048584
new_free_dao_2022,new_free_dao_2022__hn011,new_free_dao_2022,hard_negative_mined,bsc,0,ratio_25,24,93,0.0644208037825059,0.0025526483726866626,0.0687935387320808,0.08920697985378868,0.009671906009316444
new_free_dao_2022,new_free_dao_2022__hn011,new_free_dao_2022,hard_negative_mined,bsc,0,ratio_50,47,93,0.0644208037825059,0.0025526483726866626,0.06291182085029585,0.003784084467120181,0.00011440600792411715
new_free_dao_2022,new_free_dao_2022__hn011,new_free_dao_2022,hard_negative_mined,bsc,0,ratio_75,70,93,0.0644208037825059,0.0025526483726866626,0.06367530285951667,0.026239958708708707,0.00036595421261154115
new_free_dao_2022,new_free_dao_2022__hn011,new_free_dao_2022,hard_negative_mined,bsc,0,ratio_100,93,93,0.0644208037825059,0.0025526483726866626,0.06458175644854901,0.007335577091086211,6.565650983247906e-05
new_free_dao_2022,new_free_dao_2022__hn012,new_free_dao_2022,hard_negative_mined,bsc,0,k_2,2,338,0.0644208037825059,0.0025526483726866626,0.10853919514183874,0.04314109204182778,0.0009137152810581028
new_free_dao_2022,new_free_dao_2022__hn012,new_free_dao_2022,hard_negative_mined,bsc,0,k_3,3,338,0.0644208037825059,0.0025526483726866626,0.10853919514183874,0.02466854777434451,0.00073479232378304
new_free_dao_2022,new_free_dao_2022__hn012,new_free_dao_2022,hard_negative_mined,bsc,0,k_5,5,338,0.0644208037825059,0.0025526483726866626,0.10853919514183874,0.018770563722630213,0.0003334993380121887
new_free_dao_2022,new_free_dao_2022__hn012,new_free_dao_2022,hard_negative_mined,bsc,0,k_7,7,338,0.0644208037825059,0.0025526483726866626,0.10853919514183874,0.01225380616341012,0.0003344806900713593
new_free_dao_2022,new_free_dao_2022__hn012,new_free_dao_2022,hard_negative_mined,bsc,0,ratio_25,85,338,0.0644208037825059,0.0025526483726866626,0.10853919514183874,0.017180002858826145,0.0003586200182326138
new_free_dao_2022,new_free_dao_2022__hn012,new_free_dao_2022,hard_negative_mined,bsc,0,ratio_50,169,338,0.0644208037825059,0.0025526483726866626,0.10853919514183874,0.002228119019509305,1.3071978173684329e-05
new_free_dao_2022,new_free_dao_2022__hn012,new_free_dao_2022,hard_negative_mined,bsc,0,ratio_75,254,338,0.0644208037825059,0.0025526483726866626,0.10853919514183874,0.009468710604980703,2.6591276764520444e-05
new_free_dao_2022,new_free_dao_2022__hn012,new_free_dao_2022,hard_negative_mined,bsc,0,ratio_100,338,338,0.0644208037825059,0.0025526483726866626,0.10853919514183874,0.04641664166565876,2.8856924473075196e-05
new_free_dao_2022,new_free_dao_2022__hn013,new_free_dao_2022,hard_negative_mined,bsc,0,ratio_25,1,1,0.0644208037825059,0.0,0.10853919514183874,0.00019862490450725745,1.590940883033909e-05
new_free_dao_2022,new_free_dao_2022__hn014,new_free_dao_2022,hard_negative_mined,bsc,0,ratio_25,1,1,0.0644208037825059,0.0,0.051899870104537525,0.00019862490450725745,7.822547559044324e-06
new_free_dao_2022,new_free_dao_2022__hn015,new_free_dao_2022,hard_negative_mined,bsc,0,ratio_25,1,3,0.0644208037825059,0.0,0.051899870104537525,0.006200695437115694,0.00012785143917426467
new_free_dao_2022,new_free_dao_2022__hn015,new_free_dao_2022,hard_negative_mined,bsc,0,ratio_50,2,3,0.0644208037825059,0.0025526483726866626,0.051899870104537525,0.1303964736394489,0.000920354388654232
new_free_dao_2022,new_free_dao_2022__hn015,new_free_dao_2022,hard_negative_mined,bsc,0,ratio_75,3,3,0.0644208037825059,0.0025526483726866626,0.051899870104537525,0.017642980401434857,0.00018733421165961772
new_free_dao_2022,new_free_dao_2022__hn016,new_free_dao_2022,hard_negative_mined,bsc,0,ratio_25,1,3,0.0644208037825059,0.0,0.10853919514183874,0.011200695437115694,0.0002546762116253376
new_free_dao_2022,new_free_dao_2022__hn016,new_free_dao_2022,hard_negative_mined,bsc,0,ratio_50,2,3,0.0644208037825059,0.0025526483726866626,0.10853919514183874,0.051783266916850056,2.84060588455759e-05
new_free_dao_2022,new_free_dao_2022__hn016,new_free_dao_2022,hard_negative_mined,bsc,0,ratio_75,3,3,0.0644208037825059,0.003190810465858328,0.10853919514183874,0.08805014804554774,0.003582174191251397
new_free_dao_2022,new_free_dao_2022__hn017,new_free_dao_2022,hard_negative_mined,bsc,0,ratio_25,1,2,0.0644208037825059,0.0,0.10853919514183874,0.00019862490450725745,5.647778743878007e-05
new_free_dao_2022,new_free_dao_2022__hn017,new_free_dao_2022,hard_negative_mined,bsc,0,ratio_75,2,2,0.0644208037825059,0.0025526483726866626,0.10853919514183874,0.050337989369059685,4.5168435462983325e-05
new_free_dao_2022,new_free_dao_2022__hn018,new_free_dao_2022,hard_negative_mined,bsc,0,ratio_25,1,3,0.0644208037825059,0.0,0.10853919514183874,0.00019862490450725745,5.0512458983575925e-05
new_free_dao_2022,new_free_dao_2022__hn018,new_free_dao_2022,hard_negative_mined,bsc,0,ratio_50,2,3,0.0644208037825059,0.003190810465858328,0.07547720795492627,0.02439610827554993,0.00011194701073691249
new_free_dao_2022,new_free_dao_2022__hn018,new_free_dao_2022,hard_negative_mined,bsc,0,ratio_75,3,3,0.0644208037825059,0.0038289725590299937,0.0853161522738896,0.017210929568831763,4.885097951046191e-05
new_free_dao_2022,new_free_dao_2022__hn019,new_free_dao_2022,hard_negative_mined,bsc,0,ratio_25,1,3,0.0644208037825059,0.0,0.10853919514183874,0.00019862490450725745,5.0512458983575925e-05
new_free_dao_2022,new_free_dao_2022__hn019,new_free_dao_2022,hard_negative_mined,bsc,0,ratio_50,2,3,0.0644208037825059,0.0025526483726866626,0.10853919514183874,0.03102968354329951,9.050027438206598e-05
new_free_dao_2022,new_free_dao_2022__hn019,new_free_dao_2022,hard_negative_mined,bsc,0,ratio_75,3,3,0.0644208037825059,0.0025526483726866626,0.10853919514183874,0.02996876876876877,9.639142808737233e-05
new_free_dao_2022,new_free_dao_2022__hn020,new_free_dao_2022,hard_negative_mined,bsc,0,ratio_25,1,4,0.0644208037825059,0.0,0.10853919514183874,0.017690429090787968,0.010234806686639786
new_free_dao_2022,new_free_dao_2022__hn020,new_free_dao_2022,hard_negative_mined,bsc,0,ratio_50,2,4,0.0644208037825059,0.003190810465858328,0.10853919514183874,0.16096962016440058,0.0003734768251888454
new_free_dao_2022,new_free_dao_2022__hn020,new_free_dao_2022,hard_negative_mined,bsc,0,ratio_75,3,4,0.0644208037825059,0.0038289725590299937,0.10853919514183874,0.6083316696486681,0.05372960865497589
new_free_dao_2022,new_free_dao_2022__hn020,new_free_dao_2022,hard_negative_mined,bsc,0,ratio_100,4,4,0.0644208037825059,0.0038289725590299937,0.10853919514183874,0.019375,0.0012381885899230838
new_free_dao_2022,new_free_dao_2022__hn021,new_free_dao_2022,hard_negative_mined,bsc,0,ratio_25,1,4,0.0644208037825059,0.0,0.10853919514183874,0.003773450079332433,9.57189331529662e-05
new_free_dao_2022,new_free_dao_2022__hn021,new_free_dao_2022,hard_negative_mined,bsc,0,ratio_50,2,4,0.0644208037825059,0.0025526483726866626,0.10853919514183874,0.026573404776823798,7.474301673937589e-05
new_free_dao_2022,new_free_dao_2022__hn021,new_free_dao_2022,hard_negative_mined,bsc,0,ratio_75,3,4,0.0644208037825059,0.0025526483726866626,0.10853919514183874,0.015314209244559642,4.868444011663087e-05
new_free_dao_2022,new_free_dao_2022__hn021,new_free_dao_2022,hard_negative_mined,bsc,0,ratio_100,4,4,0.0644208037825059,0.0025526483726866626,0.10853919514183874,0.014202746219664891,9.34154522838071e-05
new_free_dao_2022,new_free_dao_2022__hn023,new_free_dao_2022,hard_negative_mined,bsc,0,ratio_25,1,1,0.0644208037825059,0.0,0.051899870104537525,0.0029486249045072577,1.6384359696530737e-05
new_free_dao_2022,new_free_dao_2022__hn024,new_free_dao_2022,hard_negative_mined,bsc,0,k_2,2,207,0.0644208037825059,0.0025526483726866626,0.051899870104537525,0.45978411987565215,0.06388618052005768
new_free_dao_2022,new_free_dao_2022__hn024,new_free_dao_2022,hard_negative_mined,bsc,0,k_3,3,207,0.0644208037825059,0.0025526483726866626,0.051899870104537525,0.29443862364669277,0.013081553392112255
new_free_dao_2022,new_free_dao_2022__hn024,new_free_dao_2022,hard_negative_mined,bsc,0,k_5,5,207,0.0644208037825059,0.0025526483726866626,0.051899870104537525,0.222968076932526,0.013795279897749424
new_free_dao_2022,new_free_dao_2022__hn024,new_free_dao_2022,hard_negative_mined,bsc,0,k_7,7,207,0.0644208037825059,0.0025526483726866626,0.051899870104537525,0.18168727225183892,0.0024205108638852835
new_free_dao_2022,new_free_dao_2022__hn024,new_free_dao_2022,hard_negative_mined,bsc,0,ratio_25,52,207,0.0644208037825059,0.0025526483726866626,0.08451976778030182,0.05525831051337262,0.0003452762321103364
new_free_dao_2022,new_free_dao_2022__hn024,new_free_dao_2022,hard_negative_mined,bsc,0,ratio_50,104,207,0.0644208037825059,0.0025526483726866626,0.09585902061854937,0.02604044467047723,7.319395081140101e-05
new_free_dao_2022,new_free_dao_2022__hn024,new_free_dao_2022,hard_negative_mined,bsc,0,ratio_75,156,207,0.0644208037825059,0.0025526483726866626,0.09993132608157712,0.031068359284598737,7.631475455127656e-05
new_free_dao_2022,new_free_dao_2022__hn024,new_free_dao_2022,hard_negative_mined,bsc,0,ratio_100,207,207,0.0644208037825059,0.0025526483726866626,0.10199401348695993,0.018277504711885093,7.032330904621631e-05
chibi_finance_2023,chibi_finance_2023__hnc000,chibi_finance_2023,hard_negative_mined_v2_complexity,arbitrum,0,ratio_25,1,3,0.0629737609329446,0.0012763241863433313,0.01466091319460416,0.00011904761904761905,2.651065915415529e-05
chibi_finance_2023,chibi_finance_2023__hnc000,chibi_finance_2023,hard_negative_mined_v2_complexity,arbitrum,0,ratio_50,2,3,0.0629737609329446,0.0038289725590299937,0.038062908632623765,0.04203622844459023,3.34678879880812e-05
chibi_finance_2023,chibi_finance_2023__hnc000,chibi_finance_2023,hard_negative_mined_v2_complexity,arbitrum,0,ratio_75,3,3,0.0629737609329446,0.0038289725590299937,0.027767209431368928,0.0036549329459817405,8.961189450928941e-06
chibi_finance_2023,chibi_finance_2023__hnc001,chibi_finance_2023,hard_negative_mined_v2_complexity,arbitrum,0,ratio_25,1,2,0.0629737609329446,0.0012763241863433313,0.01466091319460416,0.00011904761904761905,1.7337330064037815e-05
chibi_finance_2023,chibi_finance_2023__hnc001,chibi_finance_2023,hard_negative_mined_v2_complexity,arbitrum,0,ratio_75,2,2,0.0629737609329446,0.0038289725590299937,0.01466091319460416,0.017905556352018424,2.6404712116345763e-05
chibi_finance_2023,chibi_finance_2023__hnc002,chibi_finance_2023,hard_negative_mined_v2_complexity,arbitrum,0,ratio_25,1,2,0.0629737609329446,0.0012763241863433313,0.01466091319460416,0.00011904761904761905,1.7337330064037815e-05
chibi_finance_2023,chibi_finance_2023__hnc002,chibi_finance_2023,hard_negative_mined_v2_complexity,arbitrum,0,ratio_75,2,2,0.0629737609329446,0.0038289725590299937,0.01466091319460416,0.017400930390402154,8.350059943040833e-06
chibi_finance_2023,chibi_finance_2023__hnc003,chibi_finance_2023,hard_negative_mined_v2_complexity,arbitrum,0,ratio_25,1,1,0.0629737609329446,0.0012763241863433313,0.01466091319460416,0.00011904761904761905,1.029547092912253e-05
chibi_finance_2023,chibi_finance_2023__hnc004,chibi_finance_2023,hard_negative_mined_v2_complexity,arbitrum,0,ratio_25,1,3,0.0629737609329446,0.0012763241863433313,0.01466091319460416,0.00011904761904761905,2.651065915415529e-05
chibi_finance_2023,chibi_finance_2023__hnc004,chibi_finance_2023,hard_negative_mined_v2_complexity,arbitrum,0,ratio_50,2,3,0.0629737609329446,0.0038289725590299937,0.01466091319460416,0.024316620559192564,1.5196518688753713e-05
chibi_finance_2023,chibi_finance_2023__hnc004,chibi_finance_2023,hard_negative_mined_v2_complexity,arbitrum,0,ratio_75,3,3,0.0629737609329446,0.0038289725590299937,0.01466091319460416,0.02427300553870825,7.2753746280795895e-06
chibi_finance_2023,chibi_finance_2023__hnc005,chibi_finance_2023,hard_negative_mined_v2_complexity,arbitrum,0,ratio_25,1,2,0.0629737609329446,0.0012763241863433313,0.01466091319460416,0.00011904761904761905,1.7337330064037815e-05
chibi_finance_2023,chibi_finance_2023__hnc005,chibi_finance_2023,hard_negative_mined_v2_complexity,arbitrum,0,ratio_75,2,2,0.0629737609329446,0.0038289725590299937,0.038062908632623765,0.011020876229571612,1.5095281014509965e-05
chibi_finance_2023,chibi_finance_2023__hnc006,chibi_finance_2023,hard_negative_mined_v2_complexity,arbitrum,0,ratio_25,1,1,0.0629737609329446,0.0012763241863433313,0.01466091319460416,0.00011904761904761905,1.029547092912253e-05
chibi_finance_2023,chibi_finance_2023__hnc007,chibi_finance_2023,hard_negative_mined_v2_complexity,arbitrum,0,ratio_25,1,2,0.0629737609329446,0.0012763241863433313,0.01466091319460416,0.004592731829573935,6.892377859912813e-05
chibi_finance_2023,chibi_finance_2023__hnc007,chibi_finance_2023,hard_negative_mined_v2_complexity,arbitrum,0,ratio_75,2,2,0.0629737609329446,0.0038289725590299937,0.038062908632623765,0.08356648933650143,0.00016516479081474245
chibi_finance_2023,chibi_finance_2023__hnc008,chibi_finance_2023,hard_negative_mined_v2_complexity,arbitrum,0,ratio_25,1,2,0.0629737609329446,0.0012763241863433313,0.01466091319460416,0.00011904761904761905,1.7337330064037815e-05
chibi_finance_2023,chibi_finance_2023__hnc008,chibi_finance_2023,hard_negative_mined_v2_complexity,arbitrum,0,ratio_75,2,2,0.0629737609329446,0.0038289725590299937,0.038062908632623765,0.05780538788695578,1.3730435966863297e-05
chibi_finance_2023,chibi_finance_2023__hnc009,chibi_finance_2023,hard_negative_mined_v2_complexity,arbitrum,0,ratio_25,1,1,0.0629737609329446,0.0012763241863433313,0.01466091319460416,0.00011904761904761905,1.029547092912253e-05
deltaprime_arbitrum_2024,deltaprime_arbitrum_2024__hnc000,deltaprime_arbitrum_2024,hard_negative_mined_v2_complexity,arbitrum,0,k_2,2,224,0.06679035250463822,0.0038289725590299937,0.015372950093541293,0.08915386508879536,0.0009808895410969853
deltaprime_arbitrum_2024,deltaprime_arbitrum_2024__hnc000,deltaprime_arbitrum_2024,hard_negative_mined_v2_complexity,arbitrum,0,k_3,3,224,0.06679035250463822,0.0038289725590299937,0.015372950093541293,0.09914308629116098,0.032536059617996216
deltaprime_arbitrum_2024,deltaprime_arbitrum_2024__hnc000,deltaprime_arbitrum_2024,hard_negative_mined_v2_complexity,arbitrum,0,k_5,5,224,0.06679035250463822,0.0038289725590299937,0.015372950093541293,0.050775417741362905,0.004585907328873873
deltaprime_arbitrum_2024,deltaprime_arbitrum_2024__hnc000,deltaprime_arbitrum_2024,hard_negative_mined_v2_complexity,arbitrum,0,k_7,7,224,0.06679035250463822,0.0038289725590299937,0.015372950093541293,0.034302127647971574,0.0003094881249126047
deltaprime_arbitrum_2024,deltaprime_arbitrum_2024__hnc000,deltaprime_arbitrum_2024,hard_negative_mined_v2_complexity,arbitrum,0,ratio_25,56,224,0.06679035250463822,0.0038289725590299937,0.015372950093541293,0.015239609602353175,0.0001909999264171347
deltaprime_arbitrum_2024,deltaprime_arbitrum_2024__hnc000,deltaprime_arbitrum_2024,hard_negative_mined_v2_complexity,arbitrum,0,ratio_50,112,224,0.06679035250463822,0.0038289725590299937,0.015372950093541293,0.0014374280734545646,4.121255551581271e-05
deltaprime_arbitrum_2024,deltaprime_arbitrum_2024__hnc000,deltaprime_arbitrum_2024,hard_negative_mined_v2_complexity,arbitrum,0,ratio_75,168,224,0.06679035250463822,0.0038289725590299937,0.015372950093541293,0.006437428073454566,3.3603169868001714e-05
deltaprime_arbitrum_2024,deltaprime_arbitrum_2024__hnc000,deltaprime_arbitrum_2024,hard_negative_mined_v2_complexity,arbitrum,0,ratio_100,224,224,0.06679035250463822,0.0038289725590299937,0.015372950093541293,0.013042767178793668,0.00033479175181128085
deltaprime_arbitrum_2024,deltaprime_arbitrum_2024__hnc001,deltaprime_arbitrum_2024,hard_negative_mined_v2_complexity,arbitrum,0,ratio_25,1,1,0.06679035250463822,0.0,0.09908919297221386,0.00525824012041587,6.418982229661196e-05
deltaprime_arbitrum_2024,deltaprime_arbitrum_2024__hnc002,deltaprime_arbitrum_2024,hard_negative_mined_v2_complexity,arbitrum,0,ratio_25,1,1,0.06679035250463822,0.0,0.09908919297221386,0.00525824012041587,0.00013610770110972226
deltaprime_arbitrum_2024,deltaprime_arbitrum_2024__hnc003,deltaprime_arbitrum_2024,hard_negative_mined_v2_complexity,arbitrum,0,ratio_25,1,1,0.06679035250463822,0.0,0.04985048538769048,0.00525824012041587,3.328255479573272e-05
deltaprime_arbitrum_2024,deltaprime_arbitrum_2024__hnc004,deltaprime_arbitrum_2024,hard_negative_mined_v2_complexity,arbitrum,0,ratio_25,1,1,0.06679035250463822,0.0012763241863433313,0.015372950093541293,0.0009781468531468531,3.05824723909609e-05
deltaprime_arbitrum_2024,deltaprime_arbitrum_2024__hnc007,deltaprime_arbitrum_2024,hard_negative_mined_v2_complexity,arbitrum,0,ratio_25,1,3,0.06679035250463822,0.0,0.04985048538769048,0.0009781468531468531,3.884659236064181e-05
deltaprime_arbitrum_2024,deltaprime_arbitrum_2024__hnc007,deltaprime_arbitrum_2024,hard_negative_mined_v2_complexity,arbitrum,0,ratio_50,2,3,0.06679035250463822,0.003190810465858328,0.07060134991797763,0.11533288007309331,5.47585150343366e-05
deltaprime_arbitrum_2024,deltaprime_arbitrum_2024__hnc007,deltaprime_arbitrum_2024,hard_negative_mined_v2_complexity,arbitrum,0,ratio_75,3,3,0.06679035250463822,0.003190810465858328,0.07913771329955482,0.1581666212708278,6.800291157560423e-05
deltaprime_arbitrum_2024,deltaprime_arbitrum_2024__hnc008,deltaprime_arbitrum_2024,hard_negative_mined_v2_complexity,arbitrum,0,ratio_25,1,3,0.06679035250463822,0.0,0.04985048538769048,0.0009781468531468531,3.884659236064181e-05
deltaprime_arbitrum_2024,deltaprime_arbitrum_2024__hnc008,deltaprime_arbitrum_2024,hard_negative_mined_v2_complexity,arbitrum,0,ratio_50,2,3,0.06679035250463822,0.003190810465858328,0.07060134991797763,0.11533288007309331,5.47585150343366e-05
deltaprime_arbitrum_2024,deltaprime_arbitrum_2024__hnc008,deltaprime_arbitrum_2024,hard_negative_mined_v2_complexity,arbitrum,0,ratio_75,3,3,0.06679035250463822,0.003190810465858328,0.07913771329955482,0.16316662127082782,6.3192484958563e-05
deltaprime_arbitrum_2024,deltaprime_arbitrum_2024__hnc009,deltaprime_arbitrum_2024,hard_negative_mined_v2_complexity,arbitrum,0,ratio_25,1,1,0.06679035250463822,0.0,0.04985048538769048,0.009258240120415871,2.788206074910704e-05
feg_bridge_2024,feg_bridge_2024__hnc000,feg_bridge_2024,hard_negative_mined_v2_complexity,eth,0,ratio_25,1,2,0.06397694524495677,0.0,0.6486513167656759,0.0,0.710625946521759
feg_bridge_2024,feg_bridge_2024__hnc000,feg_bridge_2024,hard_negative_mined_v2_complexity,eth,0,ratio_75,2,2,0.06397694524495677,0.0025526483726866626,0.3142172246986252,0.06898694977441502,0.39473891258239746
feg_bridge_2024,feg_bridge_2024__hnc001,feg_bridge_2024,hard_negative_mined_v2_complexity,eth,0,ratio_25,1,1,0.06397694524495677,0.0,0.6486513167656759,0.0,0.3559437096118927
feg_bridge_2024,feg_bridge_2024__hnc002,feg_bridge_2024,hard_negative_mined_v2_complexity,eth,0,ratio_25,1,1,0.06397694524495677,0.0,0.6486513167656759,0.0,0.7121321558952332
feg_bridge_2024,feg_bridge_2024__hnc003,feg_bridge_2024,hard_negative_mined_v2_complexity,eth,0,ratio_25,1,1,0.06397694524495677,0.0,0.6486513167656759,0.0,0.3559437096118927
feg_bridge_2024,feg_bridge_2024__hnc004,feg_bridge_2024,hard_negative_mined_v2_complexity,eth,0,ratio_25,1,1,0.06397694524495677,0.0,0.6486513167656759,0.0,0.3559437096118927
feg_bridge_2024,feg_bridge_2024__hnc005,feg_bridge_2024,hard_negative_mined_v2_complexity,eth,0,ratio_25,1,1,0.06397694524495677,0.0,0.6486513167656759,0.0,0.6559529304504395
feg_bridge_2024,feg_bridge_2024__hnc006,feg_bridge_2024,hard_negative_mined_v2_complexity,eth,0,ratio_25,1,1,0.06397694524495677,0.0,0.6486513167656759,0.021324552431055323,0.7855006456375122
feg_bridge_2024,feg_bridge_2024__hnc007,feg_bridge_2024,hard_negative_mined_v2_complexity,eth,0,ratio_25,1,1,0.06397694524495677,0.0,0.6486513167656759,0.0,0.7121321558952332
feg_bridge_2024,feg_bridge_2024__hnc008,feg_bridge_2024,hard_negative_mined_v2_complexity,eth,0,ratio_25,1,2,0.06397694524495677,0.0,0.6486513167656759,0.0,0.710625946521759
feg_bridge_2024,feg_bridge_2024__hnc008,feg_bridge_2024,hard_negative_mined_v2_complexity,eth,0,ratio_75,2,2,0.06397694524495677,0.0025526483726866626,0.3142172246986252,0.039163917751864445,0.12713488936424255
feg_bridge_2024,feg_bridge_2024__hnc009,feg_bridge_2024,hard_negative_mined_v2_complexity,eth,0,ratio_25,1,1,0.06397694524495677,0.0,0.6486513167656759,0.0,0.3559437096118927
ronin_bridge_2022,ronin_bridge_2022__hnc000,ronin_bridge_2022,hard_negative_mined_v2_complexity,eth,0,ratio_25,1,2,0.06533575317604355,0.0,0.09912135641813052,0.0060009469696969695,0.0004730848013423383
ronin_bridge_2022,ronin_bridge_2022__hnc000,ronin_bridge_2022,hard_negative_mined_v2_complexity,eth,0,ratio_75,2,2,0.06533575317604355,0.007874015748031496,0.09912135641813052,0.018963652759012396,0.0006096279248595238
ronin_bridge_2022,ronin_bridge_2022__hnc001,ronin_bridge_2022,hard_negative_mined_v2_complexity,eth,0,ratio_25,1,2,0.06533575317604355,0.0,0.09912135641813052,0.0060009469696969695,0.0005547759355977178
ronin_bridge_2022,ronin_bridge_2022__hnc001,ronin_bridge_2022,hard_negative_mined_v2_complexity,eth,0,ratio_75,2,2,0.06533575317604355,0.007874015748031496,0.09912135641813052,0.15223562730482723,0.00023557318490929902
ronin_bridge_2022,ronin_bridge_2022__hnc003,ronin_bridge_2022,hard_negative_mined_v2_complexity,eth,0,ratio_25,1,2,0.06533575317604355,0.0031496062992125984,0.015340331883414429,0.0,9.60095439950237e-06
ronin_bridge_2022,ronin_bridge_2022__hnc003,ronin_bridge_2022,hard_negative_mined_v2_complexity,eth,0,ratio_75,2,2,0.06533575317604355,0.009448818897637795,0.015340331883414429,0.035793637176956355,9.930857049766928e-05
ronin_bridge_2022,ronin_bridge_2022__hnc004,ronin_bridge_2022,hard_negative_mined_v2_complexity,eth,0,ratio_25,1,1,0.06533575317604355,0.0031496062992125984,0.015340331883414429,0.0,8.899241038307082e-06
ronin_bridge_2022,ronin_bridge_2022__hnc005,ronin_bridge_2022,hard_negative_mined_v2_complexity,eth,0,ratio_25,1,2,0.06533575317604355,0.0031496062992125984,0.015340331883414429,0.0,9.60095439950237e-06
ronin_bridge_2022,ronin_bridge_2022__hnc005,ronin_bridge_2022,hard_negative_mined_v2_complexity,eth,0,ratio_75,2,2,0.06533575317604355,0.009448818897637795,0.015340331883414429,0.014051015212535127,0.00011266741785220802
ronin_bridge_2022,ronin_bridge_2022__hnc006,ronin_bridge_2022,hard_negative_mined_v2_complexity,eth,0,ratio_25,1,3,0.06533575317604355,0.0031496062992125984,0.015340331883414429,0.0,1.2796684131899383e-05
ronin_bridge_2022,ronin_bridge_2022__hnc006,ronin_bridge_2022,hard_negative_mined_v2_complexity,eth,0,ratio_50,2,3,0.06533575317604355,0.009448818897637795,0.015340331883414429,0.03703738403956908,9.930857049766928e-05
ronin_bridge_2022,ronin_bridge_2022__hnc006,ronin_bridge_2022,hard_negative_mined_v2_complexity,eth,0,ratio_75,3,3,0.06533575317604355,0.009448818897637795,0.015340331883414429,0.02401056227668996,0.000264680857071653
ronin_bridge_2022,ronin_bridge_2022__hnc007,ronin_bridge_2022,hard_negative_mined_v2_complexity,eth,0,ratio_25,1,1,0.06533575317604355,0.0,0.09912135641813052,0.0032412067099567097,0.00026517186779528856
ronin_bridge_2022,ronin_bridge_2022__hnc008,ronin_bridge_2022,hard_negative_mined_v2_complexity,eth,0,ratio_25,1,1,0.06533575317604355,0.0031496062992125984,0.015340331883414429,0.0045817550505050505,4.2948588088620454e-05
ronin_bridge_2022,ronin_bridge_2022__hnc009,ronin_bridge_2022,hard_negative_mined_v2_complexity,eth,0,ratio_25,1,2,0.06533575317604355,0.0031496062992125984,0.015340331883414429,0.0,9.60095439950237e-06
ronin_bridge_2022,ronin_bridge_2022__hnc009,ronin_bridge_2022,hard_negative_mined_v2_complexity,eth,0,ratio_75,2,2,0.06533575317604355,0.009448818897637795,0.015340331883414429,0.04635438446811216,2.8583694074768573e-05
wooppv2_2024,wooppv2_2024__hnc000,wooppv2_2024,hard_negative_mined_v2_complexity,arbitrum,0,ratio_25,1,1,0.06264501160092807,0.0012763241863433313,0.012553055468376142,0.0005263157894736842,5.2789022447541356e-05
wooppv2_2024,wooppv2_2024__hnc001,wooppv2_2024,hard_negative_mined_v2_complexity,arbitrum,0,ratio_25,1,1,0.06264501160092807,0.0012763241863433313,0.012553055468376142,0.0,2.0225155822117813e-05
wooppv2_2024,wooppv2_2024__hnc002,wooppv2_2024,hard_negative_mined_v2_complexity,arbitrum,0,ratio_25,1,2,0.06264501160092807,0.0012763241863433313,0.012553055468376142,0.0,3.560259938240051e-05
wooppv2_2024,wooppv2_2024__hnc002,wooppv2_2024,hard_negative_mined_v2_complexity,arbitrum,0,ratio_75,2,2,0.06264501160092807,0.0038289725590299937,0.0366382674098333,0.06278679136244464,8.404451364185661e-05
wooppv2_2024,wooppv2_2024__hnc003,wooppv2_2024,hard_negative_mined_v2_complexity,arbitrum,0,ratio_25,2,6,0.06264501160092807,0.0038289725590299937,0.012553055468376142,0.07939984996448778,7.025098602753133e-05
wooppv2_2024,wooppv2_2024__hnc003,wooppv2_2024,hard_negative_mined_v2_complexity,arbitrum,0,ratio_50,3,6,0.06264501160092807,0.0038289725590299937,0.012553055468376142,0.08189793108010993,7.091125735314563e-05
wooppv2_2024,wooppv2_2024__hnc003,wooppv2_2024,hard_negative_mined_v2_complexity,arbitrum,0,ratio_75,5,6,0.06264501160092807,0.0038289725590299937,0.012553055468376142,0.06694781271361269,5.264338687993586e-05
wooppv2_2024,wooppv2_2024__hnc003,wooppv2_2024,hard_negative_mined_v2_complexity,arbitrum,0,ratio_100,6,6,0.06264501160092807,0.0038289725590299937,0.017988252722059835,0.06602595560102438,6.0184775065863505e-05
wooppv2_2024,wooppv2_2024__hnc004,wooppv2_2024,hard_negative_mined_v2_complexity,arbitrum,0,ratio_25,1,1,0.06264501160092807,0.0012763241863433313,0.012553055468376142,0.0005263157894736842,5.2789022447541356e-05
wooppv2_2024,wooppv2_2024__hnc005,wooppv2_2024,hard_negative_mined_v2_complexity,arbitrum,0,ratio_25,1,1,0.06264501160092807,0.0012763241863433313,0.012553055468376142,0.001304093567251462,7.590417953906581e-05
wooppv2_2024,wooppv2_2024__hnc006,wooppv2_2024,hard_negative_mined_v2_complexity,arbitrum,0,ratio_25,1,1,0.06264501160092807,0.0012763241863433313,0.012553055468376142,0.0,2.0225155822117813e-05
wooppv2_2024,wooppv2_2024__hnc007,wooppv2_2024,hard_negative_mined_v2_complexity,arbitrum,0,ratio_25,1,3,0.06264501160092807,0.0012763241863433313,0.012553055468376142,0.0,3.560259938240051e-05
wooppv2_2024,wooppv2_2024__hnc007,wooppv2_2024,hard_negative_mined_v2_complexity,arbitrum,0,ratio_50,2,3,0.06264501160092807,0.0038289725590299937,0.012553055468376142,0.046479824215094945,4.3431173253338784e-05
wooppv2_2024,wooppv2_2024__hnc007,wooppv2_2024,hard_negative_mined_v2_complexity,arbitrum,0,ratio_75,3,3,0.06264501160092807,0.0038289725590299937,0.0257154848678826,0.06712444197864878,5.7181161537300795e-05
wooppv2_2024,wooppv2_2024__hnc008,wooppv2_2024,hard_negative_mined_v2_complexity,arbitrum,0,ratio_25,1,1,0.06264501160092807,0.0012763241863433313,0.012553055468376142,0.0,2.0225155822117813e-05
wooppv2_2024,wooppv2_2024__hnc009,wooppv2_2024,hard_negative_mined_v2_complexity,arbitrum,0,ratio_25,1,1,0.06264501160092807,0.0012763241863433313,0.012553055468376142,0.0,2.0225155822117813e-05
xkingdom_2024,xkingdom_2024__hnc000,xkingdom_2024,hard_negative_mined_v2_complexity,arbitrum,0,ratio_25,1,2,0.06293706293706294,0.0012763241863433313,0.010832160832414776,0.00012032085561497325,2.8116308385506272e-05
xkingdom_2024,xkingdom_2024__hnc000,xkingdom_2024,hard_negative_mined_v2_complexity,arbitrum,0,ratio_75,2,2,0.06293706293706294,0.0038289725590299937,0.03296775018847277,0.01698377124271325,3.633269079728052e-05
xkingdom_2024,xkingdom_2024__hnc001,xkingdom_2024,hard_negative_mined_v2_complexity,arbitrum,0,ratio_25,1,3,0.06293706293706294,0.0012763241863433313,0.010832160832414776,0.00012032085561497325,3.053730324609205e-05
xkingdom_2024,xkingdom_2024__hnc001,xkingdom_2024,hard_negative_mined_v2_complexity,arbitrum,0,ratio_50,2,3,0.06293706293706294,0.0038289725590299937,0.03296775018847277,0.06602275037774706,6.523928459500894e-05
xkingdom_2024,xkingdom_2024__hnc001,xkingdom_2024,hard_negative_mined_v2_complexity,arbitrum,0,ratio_75,3,3,0.06293706293706294,0.0038289725590299937,0.04741889153141548,0.06231021905345831,6.47969645797275e-05
xkingdom_2024,xkingdom_2024__hnc002,xkingdom_2024,hard_negative_mined_v2_complexity,arbitrum,0,ratio_25,1,2,0.06293706293706294,0.0012763241863433313,0.010832160832414776,0.00012032085561497325,2.8116308385506272e-05
xkingdom_2024,xkingdom_2024__hnc002,xkingdom_2024,hard_negative_mined_v2_complexity,arbitrum,0,ratio_75,2,2,0.06293706293706294,0.0038289725590299937,0.03296775018847277,0.01698377124271325,3.633269079728052e-05
xkingdom_2024,xkingdom_2024__hnc003,xkingdom_2024,hard_negative_mined_v2_complexity,arbitrum,0,ratio_25,1,3,0.06293706293706294,0.0012763241863433313,0.010832160832414776,0.00012032085561497325,3.053730324609205e-05
xkingdom_2024,xkingdom_2024__hnc003,xkingdom_2024,hard_negative_mined_v2_complexity,arbitrum,0,ratio_50,2,3,0.06293706293706294,0.0038289725590299937,0.03296775018847277,0.06602275037774706,6.523928459500894e-05
xkingdom_2024,xkingdom_2024__hnc003,xkingdom_2024,hard_negative_mined_v2_complexity,arbitrum,0,ratio_75,3,3,0.06293706293706294,0.0038289725590299937,0.04741889153141548,0.04449771905345831,6.47969645797275e-05
xkingdom_2024,xkingdom_2024__hnc004,xkingdom_2024,hard_negative_mined_v2_complexity,arbitrum,0,ratio_25,1,1,0.06293706293706294,0.0012763241863433313,0.010832160832414776,0.00012032085561497325,1.2132639312767424e-05
xkingdom_2024,xkingdom_2024__hnc005,xkingdom_2024,hard_negative_mined_v2_complexity,arbitrum,0,ratio_25,1,2,0.06293706293706294,0.0012763241863433313,0.010832160832414776,0.00012032085561497325,2.8116308385506272e-05
xkingdom_2024,xkingdom_2024__hnc005,xkingdom_2024,hard_negative_mined_v2_complexity,arbitrum,0,ratio_75,2,2,0.06293706293706294,0.0038289725590299937,0.03296775018847277,0.01698377124271325,3.633269079728052e-05
xkingdom_2024,xkingdom_2024__hnc006,xkingdom_2024,hard_negative_mined_v2_complexity,arbitrum,0,ratio_25,1,2,0.06293706293706294,0.0012763241863433313,0.010832160832414776,0.0007318316469818797,4.903220906271599e-05
xkingdom_2024,xkingdom_2024__hnc006,xkingdom_2024,hard_negative_mined_v2_complexity,arbitrum,0,ratio_75,2,2,0.06293706293706294,0.0038289725590299937,0.03296775018847277,0.07115813677050306,0.00010306643525836989
xkingdom_2024,xkingdom_2024__hnc007,xkingdom_2024,hard_negative_mined_v2_complexity,arbitrum,0,ratio_25,1,2,0.06293706293706294,0.0012763241863433313,0.010832160832414776,0.0007318316469818797,4.903220906271599e-05
xkingdom_2024,xkingdom_2024__hnc007,xkingdom_2024,hard_negative_mined_v2_complexity,arbitrum,0,ratio_75,2,2,0.06293706293706294,0.0038289725590299937,0.03296775018847277,0.07115813677050306,0.00010306643525836989
xkingdom_2024,xkingdom_2024__hnc008,xkingdom_2024,hard_negative_mined_v2_complexity,arbitrum,0,ratio_25,1,2,0.06293706293706294,0.0012763241863433313,0.010832160832414776,0.0007318316469818797,4.903220906271599e-05
xkingdom_2024,xkingdom_2024__hnc008,xkingdom_2024,hard_negative_mined_v2_complexity,arbitrum,0,ratio_75,2,2,0.06293706293706294,0.0038289725590299937,0.03296775018847277,0.07115813677050306,0.00010306643525836989
xkingdom_2024,xkingdom_2024__hnc009,xkingdom_2024,hard_negative_mined_v2_complexity,arbitrum,0,ratio_25,1,2,0.06293706293706294,0.0012763241863433313,0.010832160832414776,0.0007318316469818797,4.903220906271599e-05
xkingdom_2024,xkingdom_2024__hnc009,xkingdom_2024,hard_negative_mined_v2_complexity,arbitrum,0,ratio_75,2,2,0.06293706293706294,0.0038289725590299937,0.03296775018847277,0.07115813677050306,0.00010306643525836989
bsc_token_hub_2022,bsc_token_hub_2022__hnc000,bsc_token_hub_2022,hard_negative_mined_v2_complexity,bsc,0,ratio_25,1,3,0.06733167082294264,0.0,0.10575644941811935,0.0,1.8746115529211238e-05
bsc_token_hub_2022,bsc_token_hub_2022__hnc000,bsc_token_hub_2022,hard_negative_mined_v2_complexity,bsc,0,ratio_50,2,3,0.06733167082294264,0.003190810465858328,0.07751130148244958,0.015922709483893113,0.00011304298823233694
bsc_token_hub_2022,bsc_token_hub_2022__hnc000,bsc_token_hub_2022,hard_negative_mined_v2_complexity,bsc,0,ratio_75,3,3,0.06733167082294264,0.0038289725590299937,0.08606048449151686,0.009006211180124225,0.0003383504808880389
bsc_token_hub_2022,bsc_token_hub_2022__hnc001,bsc_token_hub_2022,hard_negative_mined_v2_complexity,bsc,0,ratio_25,1,3,0.06733167082294264,0.0,0.10575644941811935,0.0,1.8746115529211238e-05
bsc_token_hub_2022,bsc_token_hub_2022__hnc001,bsc_token_hub_2022,hard_negative_mined_v2_complexity,bsc,0,ratio_50,2,3,0.06733167082294264,0.0025526483726866626,0.10575644941811935,0.03183093556143559,0.00018132988770958036
bsc_token_hub_2022,bsc_token_hub_2022__hnc001,bsc_token_hub_2022,hard_negative_mined_v2_complexity,bsc,0,ratio_75,3,3,0.06733167082294264,0.0025526483726866626,0.10575644941811935,0.020278520969185525,8.860752132022753e-06
bsc_token_hub_2022,bsc_token_hub_2022__hnc002,bsc_token_hub_2022,hard_negative_mined_v2_complexity,bsc,0,ratio_25,1,4,0.06733167082294264,0.0,0.05633456588608633,0.02849115438377243,0.0002353284799028188
bsc_token_hub_2022,bsc_token_hub_2022__hnc002,bsc_token_hub_2022,hard_negative_mined_v2_complexity,bsc,0,ratio_50,2,4,0.06733167082294264,0.003190810465858328,0.07751130148244958,0.1963458442298516,0.0025704035069793463
bsc_token_hub_2022,bsc_token_hub_2022__hnc002,bsc_token_hub_2022,hard_negative_mined_v2_complexity,bsc,0,ratio_75,3,4,0.06733167082294264,0.003190810465858328,0.08606048449151686,0.28573626149600706,0.0020297302398830652
bsc_token_hub_2022,bsc_token_hub_2022__hnc002,bsc_token_hub_2022,hard_negative_mined_v2_complexity,bsc,0,ratio_100,4,4,0.06733167082294264,0.0038289725590299937,0.09064824859492134,0.1646581622636389,0.004646029323339462
bsc_token_hub_2022,bsc_token_hub_2022__hnc003,bsc_token_hub_2022,hard_negative_mined_v2_complexity,bsc,0,ratio_25,1,3,0.06733167082294264,0.0,0.05633456588608633,0.01493090226305952,2.9287230063346215e-05
bsc_token_hub_2022,bsc_token_hub_2022__hnc003,bsc_token_hub_2022,hard_negative_mined_v2_complexity,bsc,0,ratio_50,2,3,0.06733167082294264,0.003190810465858328,0.05633456588608633,0.07998801820315048,0.00010729112545959651
bsc_token_hub_2022,bsc_token_hub_2022__hnc003,bsc_token_hub_2022,hard_negative_mined_v2_complexity,bsc,0,ratio_75,3,3,0.06733167082294264,0.0038289725590299937,0.05633456588608633,0.15350459384547122,0.00010048099647974595
bsc_token_hub_2022,bsc_token_hub_2022__hnc004,bsc_token_hub_2022,hard_negative_mined_v2_complexity,bsc,0,ratio_25,1,1,0.06733167082294264,0.0,0.10575644941811935,0.0,1.0254238986817654e-05
bsc_token_hub_2022,bsc_token_hub_2022__hnc005,bsc_token_hub_2022,hard_negative_mined_v2_complexity,bsc,0,ratio_25,1,1,0.06733167082294264,0.0,0.05633456588608633,0.004766154260150022,1.478833110013511e-05
bsc_token_hub_2022,bsc_token_hub_2022__hnc006,bsc_token_hub_2022,hard_negative_mined_v2_complexity,bsc,0,k_2,2,37,0.06733167082294264,0.0025526483726866626,0.10575644941811935,0.06074835856391142,0.0008376281475648284
bsc_token_hub_2022,bsc_token_hub_2022__hnc006,bsc_token_hub_2022,hard_negative_mined_v2_complexity,bsc,0,k_3,3,37,0.06733167082294264,0.0025526483726866626,0.10575644941811935,0.048921941434076806,0.0009485033806413412
bsc_token_hub_2022,bsc_token_hub_2022__hnc006,bsc_token_hub_2022,hard_negative_mined_v2_complexity,bsc,0,k_5,5,37,0.06733167082294264,0.0025526483726866626,0.10575644941811935,0.028286256249754945,0.001692715915851295
bsc_token_hub_2022,bsc_token_hub_2022__hnc006,bsc_token_hub_2022,hard_negative_mined_v2_complexity,bsc,0,k_7,7,37,0.06733167082294264,0.0025526483726866626,0.10575644941811935,0.027423543945465662,0.0004480479401536286
bsc_token_hub_2022,bsc_token_hub_2022__hnc006,bsc_token_hub_2022,hard_negative_mined_v2_complexity,bsc,0,ratio_25,10,37,0.06733167082294264,0.0025526483726866626,0.10575644941811935,0.0005931836091410559,0.00010749635112006217
bsc_token_hub_2022,bsc_token_hub_2022__hnc006,bsc_token_hub_2022,hard_negative_mined_v2_complexity,bsc,0,ratio_50,19,37,0.06733167082294264,0.0038289725590299937,0.10575644941811935,0.001956521739130435,0.00021229323465377092
bsc_token_hub_2022,bsc_token_hub_2022__hnc006,bsc_token_hub_2022,hard_negative_mined_v2_complexity,bsc,0,ratio_75,28,37,0.06733167082294264,0.006381620931716656,0.10575644941811935,0.001956521739130435,2.2426516807172447e-05
bsc_token_hub_2022,bsc_token_hub_2022__hnc006,bsc_token_hub_2022,hard_negative_mined_v2_complexity,bsc,0,ratio_100,37,37,0.06733167082294264,0.01021059349074665,0.10575644941811935,0.011956521739130435,8.164036989910528e-05
bsc_token_hub_2022,bsc_token_hub_2022__hnc007,bsc_token_hub_2022,hard_negative_mined_v2_complexity,bsc,0,ratio_25,1,2,0.06733167082294264,0.0,0.05633456588608633,0.017996595693716456,0.00014925291179679334
bsc_token_hub_2022,bsc_token_hub_2022__hnc007,bsc_token_hub_2022,hard_negative_mined_v2_complexity,bsc,0,ratio_75,2,2,0.06733167082294264,0.0025526483726866626,0.05633456588608633,0.3150945146140719,0.0006329058087430894
bsc_token_hub_2022,bsc_token_hub_2022__hnc008,bsc_token_hub_2022,hard_negative_mined_v2_complexity,bsc,0,ratio_25,1,2,0.06733167082294264,0.0,0.10575644941811935,0.0,1.604021235834807e-05
bsc_token_hub_2022,bsc_token_hub_2022__hnc008,bsc_token_hub_2022,hard_negative_mined_v2_complexity,bsc,0,ratio_75,2,2,0.06733167082294264,0.0025526483726866626,0.10575644941811935,0.020105611579206883,1.3420411050901748e-05
bsc_token_hub_2022,bsc_token_hub_2022__hnc009,bsc_token_hub_2022,hard_negative_mined_v2_complexity,bsc,0,ratio_25,1,4,0.06733167082294264,0.0,0.05633456588608633,0.06803369709171561,0.0030414911452680826
bsc_token_hub_2022,bsc_token_hub_2022__hnc009,bsc_token_hub_2022,hard_negative_mined_v2_complexity,bsc,0,ratio_50,2,4,0.06733167082294264,0.003190810465858328,0.05633456588608633,0.06657882282126117,0.00840509682893753
bsc_token_hub_2022,bsc_token_hub_2022__hnc009,bsc_token_hub_2022,hard_negative_mined_v2_complexity,bsc,0,ratio_75,3,4,0.06733167082294264,0.0038289725590299937,0.05633456588608633,0.014658829676071057,0.0004345859633758664
bsc_token_hub_2022,bsc_token_hub_2022__hnc009,bsc_token_hub_2022,hard_negative_mined_v2_complexity,bsc,0,ratio_100,4,4,0.06733167082294264,0.0038289725590299937,0.05633456588608633,0.014602011494252873,0.00014503762940876186
utopiasphere_2024,utopiasphere_2024__hnc000,utopiasphere_2024,hard_negative_mined_v2_complexity,bsc,0,ratio_25,1,3,0.0630841121495327,0.0012763241863433313,0.01191521974034849,0.0018235294117647058,3.0207313102437183e-05
utopiasphere_2024,utopiasphere_2024__hnc000,utopiasphere_2024,hard_negative_mined_v2_complexity,bsc,0,ratio_50,2,3,0.0630841121495327,0.004467134652201659,0.01191521974034849,0.0672084548931601,0.00023190942010842264
utopiasphere_2024,utopiasphere_2024__hnc000,utopiasphere_2024,hard_negative_mined_v2_complexity,bsc,0,ratio_75,3,3,0.0630841121495327,0.012763241863433313,0.01892354067804035,0.011612554112554114,4.268315024091862e-05
utopiasphere_2024,utopiasphere_2024__hnc001,utopiasphere_2024,hard_negative_mined_v2_complexity,bsc,0,ratio_25,2,5,0.0630841121495327,0.004467134652201659,0.01191521974034849,0.06789683753044713,5.374396641855128e-05
utopiasphere_2024,utopiasphere_2024__hnc001,utopiasphere_2024,hard_negative_mined_v2_complexity,bsc,0,ratio_50,3,5,0.0630841121495327,0.005105296745373325,0.024340219346707985,0.08259362051809209,7.359463779721409e-05
utopiasphere_2024,utopiasphere_2024__hnc001,utopiasphere_2024,hard_negative_mined_v2_complexity,bsc,0,ratio_75,4,5,0.0630841121495327,0.005105296745373325,0.03463973981432344,0.23666073215312575,0.004319119267165661
utopiasphere_2024,utopiasphere_2024__hnc001,utopiasphere_2024,hard_negative_mined_v2_complexity,bsc,0,ratio_100,5,5,0.0630841121495327,0.00574345883854499,0.028042517547933903,0.07158545148940551,0.0008340004133060575
utopiasphere_2024,utopiasphere_2024__hnc002,utopiasphere_2024,hard_negative_mined_v2_complexity,bsc,0,ratio_25,1,2,0.0630841121495327,0.0012763241863433313,0.01191521974034849,3.579952267303103e-05,1.2067350326105952e-05
utopiasphere_2024,utopiasphere_2024__hnc002,utopiasphere_2024,hard_negative_mined_v2_complexity,bsc,0,ratio_75,2,2,0.0630841121495327,0.004467134652201659,0.01191521974034849,0.05020179446275596,3.998925967607647e-05
utopiasphere_2024,utopiasphere_2024__hnc003,utopiasphere_2024,hard_negative_mined_v2_complexity,bsc,0,ratio_25,1,2,0.0630841121495327,0.0012763241863433313,0.01191521974034849,3.579952267303103e-05,1.2067350326105952e-05
utopiasphere_2024,utopiasphere_2024__hnc003,utopiasphere_2024,hard_negative_mined_v2_complexity,bsc,0,ratio_75,2,2,0.0630841121495327,0.004467134652201659,0.01191521974034849,0.04520179446275595,3.179678969900124e-05
utopiasphere_2024,utopiasphere_2024__hnc004,utopiasphere_2024,hard_negative_mined_v2_complexity,bsc,0,ratio_25,1,2,0.0630841121495327,0.0012763241863433313,0.01191521974034849,3.579952267303103e-05,1.2067350326105952e-05
utopiasphere_2024,utopiasphere_2024__hnc004,utopiasphere_2024,hard_negative_mined_v2_complexity,bsc,0,ratio_75,2,2,0.0630841121495327,0.004467134652201659,0.01191521974034849,0.038622490328096316,2.79871001112042e-05
utopiasphere_2024,utopiasphere_2024__hnc005,utopiasphere_2024,hard_negative_mined_v2_complexity,bsc,0,ratio_25,1,1,0.0630841121495327,0.0,0.09647258132071307,3.579952267303103e-05,1.1254905075475108e-05
utopiasphere_2024,utopiasphere_2024__hnc006,utopiasphere_2024,hard_negative_mined_v2_complexity,bsc,0,ratio_25,1,1,0.0630841121495327,0.0012763241863433313,0.01191521974034849,3.579952267303103e-05,2.057240817521233e-05
utopiasphere_2024,utopiasphere_2024__hnc007,utopiasphere_2024,hard_negative_mined_v2_complexity,bsc,0,ratio_25,1,1,0.0630841121495327,0.0012763241863433313,0.01191521974034849,3.579952267303103e-05,7.253725016198587e-06
utopiasphere_2024,utopiasphere_2024__hnc008,utopiasphere_2024,hard_negative_mined_v2_complexity,bsc,0,ratio_25,1,1,0.0630841121495327,0.0,0.09647258132071307,3.579952267303103e-05,1.1254905075475108e-05
utopiasphere_2024,utopiasphere_2024__hnc009,utopiasphere_2024,hard_negative_mined_v2_complexity,bsc,0,ratio_25,1,1,0.0630841121495327,0.0012763241863433313,0.01191521974034849,3.579952267303103e-05,1.0676840247469954e-05
qbridge_qubit_2022,qbridge_qubit_2022__hnc000,qbridge_qubit_2022,hard_negative_mined_v2_complexity,bsc,0,k_2,2,434,0.06936416184971098,0.0025526483726866626,0.11692000227235051,0.16249698319822012,0.006001945585012436
qbridge_qubit_2022,qbridge_qubit_2022__hnc000,qbridge_qubit_2022,hard_negative_mined_v2_complexity,bsc,0,k_3,3,434,0.06936416184971098,0.0025526483726866626,0.11692000227235051,0.09791830088690917,0.0007550119771622121
qbridge_qubit_2022,qbridge_qubit_2022__hnc000,qbridge_qubit_2022,hard_negative_mined_v2_complexity,bsc,0,k_5,5,434,0.06936416184971098,0.0025526483726866626,0.11692000227235051,0.07337095798950112,0.013759095221757889
qbridge_qubit_2022,qbridge_qubit_2022__hnc000,qbridge_qubit_2022,hard_negative_mined_v2_complexity,bsc,0,k_7,7,434,0.06936416184971098,0.0025526483726866626,0.11692000227235051,0.03396380876617544,0.0005841842503286898
qbridge_qubit_2022,qbridge_qubit_2022__hnc000,qbridge_qubit_2022,hard_negative_mined_v2_complexity,bsc,0,ratio_25,109,434,0.06936416184971098,0.0025526483726866626,0.11692000227235051,0.0021562659846547315,0.00022362031450029463
qbridge_qubit_2022,qbridge_qubit_2022__hnc000,qbridge_qubit_2022,hard_negative_mined_v2_complexity,bsc,0,ratio_50,217,434,0.06936416184971098,0.0025526483726866626,0.11692000227235051,0.001865789794178541,3.4610580769367516e-05
qbridge_qubit_2022,qbridge_qubit_2022__hnc000,qbridge_qubit_2022,hard_negative_mined_v2_complexity,bsc,0,ratio_75,326,434,0.06936416184971098,0.0025526483726866626,0.11692000227235051,0.0010562659846547315,3.152832869091071e-05
qbridge_qubit_2022,qbridge_qubit_2022__hnc000,qbridge_qubit_2022,hard_negative_mined_v2_complexity,bsc,0,ratio_100,434,434,0.06936416184971098,0.0025526483726866626,0.11692000227235051,0.001865789794178541,2.3390830392600037e-05
qbridge_qubit_2022,qbridge_qubit_2022__hnc001,qbridge_qubit_2022,hard_negative_mined_v2_complexity,bsc,0,k_2,2,647,0.06936416184971098,0.0025526483726866626,0.11692000227235051,0.01926934300840464,0.0007868614047765732
qbridge_qubit_2022,qbridge_qubit_2022__hnc001,qbridge_qubit_2022,hard_negative_mined_v2_complexity,bsc,0,k_3,3,647,0.06936416184971098,0.0025526483726866626,0.11692000227235051,0.01826934300840464,0.0018721349770203233
qbridge_qubit_2022,qbridge_qubit_2022__hnc001,qbridge_qubit_2022,hard_negative_mined_v2_complexity,bsc,0,k_5,5,647,0.06936416184971098,0.0025526483726866626,0.11692000227235051,0.023702950222538745,0.0012812188360840082
qbridge_qubit_2022,qbridge_qubit_2022__hnc001,qbridge_qubit_2022,hard_negative_mined_v2_complexity,bsc,0,k_7,7,647,0.06936416184971098,0.0025526483726866626,0.11692000227235051,0.09012681648396807,0.0016185682034119964
qbridge_qubit_2022,qbridge_qubit_2022__hnc001,qbridge_qubit_2022,hard_negative_mined_v2_complexity,bsc,0,ratio_25,162,647,0.06936416184971098,0.0025526483726866626,0.11692000227235051,0.0443311099761963,0.0017762967618182302
qbridge_qubit_2022,qbridge_qubit_2022__hnc001,qbridge_qubit_2022,hard_negative_mined_v2_complexity,bsc,0,ratio_50,324,647,0.06936416184971098,0.0025526483726866626,0.11692000227235051,0.025670357405958476,0.00015060185978654772
qbridge_qubit_2022,qbridge_qubit_2022__hnc001,qbridge_qubit_2022,hard_negative_mined_v2_complexity,bsc,0,ratio_75,486,647,0.06936416184971098,0.0025526483726866626,0.11692000227235051,0.010769992789598297,8.671792602399364e-05
qbridge_qubit_2022,qbridge_qubit_2022__hnc001,qbridge_qubit_2022,hard_negative_mined_v2_complexity,bsc,0,ratio_100,647,647,0.06936416184971098,0.0025526483726866626,0.11692000227235051,0.020976498637551515,8.275188883999363e-05
qbridge_qubit_2022,qbridge_qubit_2022__hnc002,qbridge_qubit_2022,hard_negative_mined_v2_complexity,bsc,0,k_2,2,76,0.06936416184971098,0.0025526483726866626,0.05070010956047068,0.7119913100517921,0.20386576652526855
qbridge_qubit_2022,qbridge_qubit_2022__hnc002,qbridge_qubit_2022,hard_negative_mined_v2_complexity,bsc,0,k_3,3,76,0.06936416184971098,0.0025526483726866626,0.05070010956047068,0.6979027741662559,0.18870531022548676
qbridge_qubit_2022,qbridge_qubit_2022__hnc002,qbridge_qubit_2022,hard_negative_mined_v2_complexity,bsc,0,k_5,5,76,0.06936416184971098,0.0025526483726866626,0.05070010956047068,0.7096301695708425,0.5724672675132751
qbridge_qubit_2022,qbridge_qubit_2022__hnc002,qbridge_qubit_2022,hard_negative_mined_v2_complexity,bsc,0,k_7,7,76,0.06936416184971098,0.0025526483726866626,0.05070010956047068,0.7980724718053572,0.6010795831680298
qbridge_qubit_2022,qbridge_qubit_2022__hnc002,qbridge_qubit_2022,hard_negative_mined_v2_complexity,bsc,0,ratio_25,19,76,0.06936416184971098,0.0025526483726866626,0.05070010956047068,0.27464693352355796,0.07262180745601654
qbridge_qubit_2022,qbridge_qubit_2022__hnc002,qbridge_qubit_2022,hard_negative_mined_v2_complexity,bsc,0,ratio_50,38,76,0.06936416184971098,0.0025526483726866626,0.05070010956047068,0.18382441741372196,0.005051900167018175
qbridge_qubit_2022,qbridge_qubit_2022__hnc002,qbridge_qubit_2022,hard_negative_mined_v2_complexity,bsc,0,ratio_75,57,76,0.06936416184971098,0.0025526483726866626,0.05070010956047068,0.018099969036442093,0.001156336278654635
qbridge_qubit_2022,qbridge_qubit_2022__hnc002,qbridge_qubit_2022,hard_negative_mined_v2_complexity,bsc,0,ratio_100,76,76,0.06936416184971098,0.0025526483726866626,0.06141494277686638,0.022695047296565015,0.00043208413990214467
qbridge_qubit_2022,qbridge_qubit_2022__hnc003,qbridge_qubit_2022,hard_negative_mined_v2_complexity,bsc,0,k_2,2,485,0.06936416184971098,0.0025526483726866626,0.11692000227235051,0.17235139883207906,0.041388001292943954
qbridge_qubit_2022,qbridge_qubit_2022__hnc003,qbridge_qubit_2022,hard_negative_mined_v2_complexity,bsc,0,k_3,3,485,0.06936416184971098,0.0025526483726866626,0.11692000227235051,0.10827503912375941,0.003993285354226828
qbridge_qubit_2022,qbridge_qubit_2022__hnc003,qbridge_qubit_2022,hard_negative_mined_v2_complexity,bsc,0,k_5,5,485,0.06936416184971098,0.0025526483726866626,0.11692000227235051,0.04069046571810185,0.0023441570810973644
qbridge_qubit_2022,qbridge_qubit_2022__hnc003,qbridge_qubit_2022,hard_negative_mined_v2_complexity,bsc,0,k_7,7,485,0.06936416184971098,0.0025526483726866626,0.11692000227235051,0.037512830911265366,0.0006574458675459027
qbridge_qubit_2022,qbridge_qubit_2022__hnc003,qbridge_qubit_2022,hard_negative_mined_v2_complexity,bsc,0,ratio_25,122,485,0.06936416184971098,0.0025526483726866626,0.11692000227235051,0.001538992408557626,8.582982991356403e-05
qbridge_qubit_2022,qbridge_qubit_2022__hnc003,qbridge_qubit_2022,hard_negative_mined_v2_complexity,bsc,0,ratio_50,243,485,0.06936416184971098,0.0025526483726866626,0.11692000227235051,0.001548913043478261,0.0003182780055794865
qbridge_qubit_2022,qbridge_qubit_2022__hnc003,qbridge_qubit_2022,hard_negative_mined_v2_complexity,bsc,0,ratio_75,364,485,0.06936416184971098,0.0025526483726866626,0.11692000227235051,0.001548913043478261,1.1932189408980776e-05
qbridge_qubit_2022,qbridge_qubit_2022__hnc003,qbridge_qubit_2022,hard_negative_mined_v2_complexity,bsc,0,ratio_100,485,485,0.06936416184971098,0.0025526483726866626,0.11692000227235051,0.0013008971704623878,4.4160507968626916e-05
qbridge_qubit_2022,qbridge_qubit_2022__hnc004,qbridge_qubit_2022,hard_negative_mined_v2_complexity,bsc,0,ratio_25,1,1,0.06936416184971098,0.0,0.05070010956047068,0.004399977718360071,1.1958994036831427e-05
qbridge_qubit_2022,qbridge_qubit_2022__hnc005,qbridge_qubit_2022,hard_negative_mined_v2_complexity,bsc,0,ratio_25,2,8,0.06936416184971098,0.0025526483726866626,0.11692000227235051,0.1536987774506363,0.0029350733384490013
qbridge_qubit_2022,qbridge_qubit_2022__hnc005,qbridge_qubit_2022,hard_negative_mined_v2_complexity,bsc,0,k_3,3,8,0.06936416184971098,0.0025526483726866626,0.11692000227235051,0.002608695652173913,0.00015619043551851064
qbridge_qubit_2022,qbridge_qubit_2022__hnc005,qbridge_qubit_2022,hard_negative_mined_v2_complexity,bsc,0,ratio_50,4,8,0.06936416184971098,0.0025526483726866626,0.11692000227235051,0.0034122670807453415,0.00012971021351404488
qbridge_qubit_2022,qbridge_qubit_2022__hnc005,qbridge_qubit_2022,hard_negative_mined_v2_complexity,bsc,0,k_5,5,8,0.06936416184971098,0.0025526483726866626,0.11692000227235051,0.0008035714285714287,8.93837641342543e-05
qbridge_qubit_2022,qbridge_qubit_2022__hnc005,qbridge_qubit_2022,hard_negative_mined_v2_complexity,bsc,0,ratio_75,6,8,0.06936416184971098,0.0025526483726866626,0.11692000227235051,0.0008035714285714287,9.183611837215722e-05
qbridge_qubit_2022,qbridge_qubit_2022__hnc005,qbridge_qubit_2022,hard_negative_mined_v2_complexity,bsc,0,k_7,7,8,0.06936416184971098,0.0025526483726866626,0.11692000227235051,0.0008035714285714287,0.00011146352335345
qbridge_qubit_2022,qbridge_qubit_2022__hnc005,qbridge_qubit_2022,hard_negative_mined_v2_complexity,bsc,0,ratio_100,8,8,0.06936416184971098,0.0025526483726866626,0.11692000227235051,0.002908834586466165,0.00011146352335345
qbridge_qubit_2022,qbridge_qubit_2022__hnc006,qbridge_qubit_2022,hard_negative_mined_v2_complexity,bsc,0,ratio_25,1,2,0.06936416184971098,0.0,0.05070010956047068,0.006185692004074358,0.00012170878471806645
qbridge_qubit_2022,qbridge_qubit_2022__hnc006,qbridge_qubit_2022,hard_negative_mined_v2_complexity,bsc,0,ratio_75,2,2,0.06936416184971098,0.0025526483726866626,0.0775678161317564,0.19700849495457046,0.00022308641928248107
qbridge_qubit_2022,qbridge_qubit_2022__hnc007,qbridge_qubit_2022,hard_negative_mined_v2_complexity,bsc,0,ratio_25,1,2,0.06936416184971098,0.0,0.11692000227235051,0.0,2.1429554180940613e-05
qbridge_qubit_2022,qbridge_qubit_2022__hnc007,qbridge_qubit_2022,hard_negative_mined_v2_complexity,bsc,0,ratio_75,2,2,0.06936416184971098,0.003190810465858328,0.11692000227235051,0.04341738560425621,4.341842213761993e-05
qbridge_qubit_2022,qbridge_qubit_2022__hnc008,qbridge_qubit_2022,hard_negative_mined_v2_complexity,bsc,0,k_2,2,177,0.06936416184971098,0.0025526483726866626,0.033308381194448615,0.0892367820749728,0.0008660436724312603
qbridge_qubit_2022,qbridge_qubit_2022__hnc008,qbridge_qubit_2022,hard_negative_mined_v2_complexity,bsc,0,k_3,3,177,0.06936416184971098,0.0025526483726866626,0.033308381194448615,0.059331797748315325,0.00019650821923278272
qbridge_qubit_2022,qbridge_qubit_2022__hnc008,qbridge_qubit_2022,hard_negative_mined_v2_complexity,bsc,0,k_5,5,177,0.06936416184971098,0.0025526483726866626,0.033308381194448615,0.039384083718608395,7.596551586175337e-05
qbridge_qubit_2022,qbridge_qubit_2022__hnc008,qbridge_qubit_2022,hard_negative_mined_v2_complexity,bsc,0,k_7,7,177,0.06936416184971098,0.0038289725590299937,0.033308381194448615,0.2470095449791595,0.0005387928104028106
qbridge_qubit_2022,qbridge_qubit_2022__hnc008,qbridge_qubit_2022,hard_negative_mined_v2_complexity,bsc,0,ratio_25,45,177,0.06936416184971098,0.006381620931716656,0.06598120254924818,0.02667353950910029,0.00044768056250177324
qbridge_qubit_2022,qbridge_qubit_2022__hnc008,qbridge_qubit_2022,hard_negative_mined_v2_complexity,bsc,0,ratio_50,89,177,0.06936416184971098,0.006381620931716656,0.08789954757988278,0.005199277659838439,0.0002527213073335588
qbridge_qubit_2022,qbridge_qubit_2022__hnc008,qbridge_qubit_2022,hard_negative_mined_v2_complexity,bsc,0,ratio_75,133,177,0.06936416184971098,0.006381620931716656,0.09669705913588214,0.001563515097393537,4.915200770483352e-05
qbridge_qubit_2022,qbridge_qubit_2022__hnc008,qbridge_qubit_2022,hard_negative_mined_v2_complexity,bsc,0,ratio_100,177,177,0.06936416184971098,0.006381620931716656,0.10141157199570457,0.0008318077803203661,0.00020002473320346326
qbridge_qubit_2022,qbridge_qubit_2022__hnc009,qbridge_qubit_2022,hard_negative_mined_v2_complexity,bsc,0,k_2,2,649,0.06936416184971098,0.0025526483726866626,0.11692000227235051,0.13123956889732524,0.0058971066027879715
qbridge_qubit_2022,qbridge_qubit_2022__hnc009,qbridge_qubit_2022,hard_negative_mined_v2_complexity,bsc,0,k_3,3,649,0.06936416184971098,0.0025526483726866626,0.11692000227235051,0.1260385221495664,0.005378424655646086
qbridge_qubit_2022,qbridge_qubit_2022__hnc009,qbridge_qubit_2022,hard_negative_mined_v2_complexity,bsc,0,k_5,5,649,0.06936416184971098,0.0025526483726866626,0.11692000227235051,0.12111297521168787,0.003218371421098709
qbridge_qubit_2022,qbridge_qubit_2022__hnc009,qbridge_qubit_2022,hard_negative_mined_v2_complexity,bsc,0,k_7,7,649,0.06936416184971098,0.0025526483726866626,0.11692000227235051,0.09762837487033135,0.006064071319997311
qbridge_qubit_2022,qbridge_qubit_2022__hnc009,qbridge_qubit_2022,hard_negative_mined_v2_complexity,bsc,0,ratio_25,163,649,0.06936416184971098,0.0025526483726866626,0.11692000227235051,0.001548913043478261,4.506796904024668e-05
qbridge_qubit_2022,qbridge_qubit_2022__hnc009,qbridge_qubit_2022,hard_negative_mined_v2_complexity,bsc,0,ratio_50,325,649,0.06936416184971098,0.0025526483726866626,0.11692000227235051,0.001548913043478261,2.525541276554577e-05
qbridge_qubit_2022,qbridge_qubit_2022__hnc009,qbridge_qubit_2022,hard_negative_mined_v2_complexity,bsc,0,ratio_75,487,649,0.06936416184971098,0.0025526483726866626,0.11692000227235051,0.001548913043478261,6.474286055890843e-05
qbridge_qubit_2022,qbridge_qubit_2022__hnc009,qbridge_qubit_2022,hard_negative_mined_v2_complexity,bsc,0,ratio_100,649,649,0.06936416184971098,0.0025526483726866626,0.11692000227235051,0.001548913043478261,8.109095506370068e-05
wault_finance_2021,wault_finance_2021__hnc000,wault_finance_2021,hard_negative_mined_v2_complexity,bsc,0,ratio_25,1,2,0.06662553979025293,0.0,0.11431535477529246,0.0,3.168980765622109e-05
wault_finance_2021,wault_finance_2021__hnc000,wault_finance_2021,hard_negative_mined_v2_complexity,bsc,0,ratio_75,2,2,0.06662553979025293,0.0025526483726866626,0.11431535477529246,0.03215419837057467,2.7855747248395346e-05
wault_finance_2021,wault_finance_2021__hnc001,wault_finance_2021,hard_negative_mined_v2_complexity,bsc,0,k_2,2,540,0.06662553979025293,0.0025526483726866626,0.11431535477529246,0.06306976149488705,0.01588381454348564
wault_finance_2021,wault_finance_2021__hnc001,wault_finance_2021,hard_negative_mined_v2_complexity,bsc,0,k_3,3,540,0.06662553979025293,0.0025526483726866626,0.11431535477529246,0.1710004295106927,0.03859146684408188
wault_finance_2021,wault_finance_2021__hnc001,wault_finance_2021,hard_negative_mined_v2_complexity,bsc,0,k_5,5,540,0.06662553979025293,0.0025526483726866626,0.11431535477529246,0.13800328572811643,0.004390733316540718
wault_finance_2021,wault_finance_2021__hnc001,wault_finance_2021,hard_negative_mined_v2_complexity,bsc,0,k_7,7,540,0.06662553979025293,0.0025526483726866626,0.11431535477529246,0.18191275078293287,0.03679317608475685
wault_finance_2021,wault_finance_2021__hnc001,wault_finance_2021,hard_negative_mined_v2_complexity,bsc,0,ratio_25,135,540,0.06662553979025293,0.0025526483726866626,0.11431535477529246,0.07121166800776389,0.0018367208540439606
wault_finance_2021,wault_finance_2021__hnc001,wault_finance_2021,hard_negative_mined_v2_complexity,bsc,0,ratio_50,270,540,0.06662553979025293,0.0025526483726866626,0.11431535477529246,0.0130516429608368,8.160527067957446e-05
wault_finance_2021,wault_finance_2021__hnc001,wault_finance_2021,hard_negative_mined_v2_complexity,bsc,0,ratio_75,405,540,0.06662553979025293,0.0025526483726866626,0.11431535477529246,0.01723667478354978,7.118966459529474e-05
wault_finance_2021,wault_finance_2021__hnc001,wault_finance_2021,hard_negative_mined_v2_complexity,bsc,0,ratio_100,540,540,0.06662553979025293,0.0025526483726866626,0.11431535477529246,0.02606205230457948,3.6346031265566126e-05
wault_finance_2021,wault_finance_2021__hnc002,wault_finance_2021,hard_negative_mined_v2_complexity,bsc,0,ratio_25,2,7,0.06662553979025293,0.0025526483726866626,0.11431535477529246,0.048837114202854075,0.002795944921672344
wault_finance_2021,wault_finance_2021__hnc002,wault_finance_2021,hard_negative_mined_v2_complexity,bsc,0,k_3,3,7,0.06662553979025293,0.0025526483726866626,0.11431535477529246,0.02478689851758456,0.0001734154502628371
wault_finance_2021,wault_finance_2021__hnc002,wault_finance_2021,hard_negative_mined_v2_complexity,bsc,0,ratio_50,4,7,0.06662553979025293,0.0025526483726866626,0.11431535477529246,0.036799522998098945,0.0006253085448406637
wault_finance_2021,wault_finance_2021__hnc002,wault_finance_2021,hard_negative_mined_v2_complexity,bsc,0,k_5,5,7,0.06662553979025293,0.0025526483726866626,0.11431535477529246,0.011977483926059877,0.0002805536787491292
wault_finance_2021,wault_finance_2021__hnc002,wault_finance_2021,hard_negative_mined_v2_complexity,bsc,0,ratio_75,6,7,0.06662553979025293,0.003190810465858328,0.11431535477529246,0.011421928370504321,0.00011987705511273816
wault_finance_2021,wault_finance_2021__hnc002,wault_finance_2021,hard_negative_mined_v2_complexity,bsc,0,ratio_100,7,7,0.06662553979025293,0.0038289725590299937,0.11431535477529246,0.006900384202112325,0.0003894698165822774
wault_finance_2021,wault_finance_2021__hnc003,wault_finance_2021,hard_negative_mined_v2_complexity,bsc,0,ratio_25,2,6,0.06662553979025293,0.0025526483726866626,0.11431535477529246,0.06516294715113578,0.00010052115248981863
wault_finance_2021,wault_finance_2021__hnc003,wault_finance_2021,hard_negative_mined_v2_complexity,bsc,0,ratio_50,3,6,0.06662553979025293,0.0025526483726866626,0.11431535477529246,0.10608921653527262,0.00013221509288996458
wault_finance_2021,wault_finance_2021__hnc003,wault_finance_2021,hard_negative_mined_v2_complexity,bsc,0,ratio_75,5,6,0.06662553979025293,0.0025526483726866626,0.11431535477529246,0.08379618178200315,4.138320218771696e-05
wault_finance_2021,wault_finance_2021__hnc003,wault_finance_2021,hard_negative_mined_v2_complexity,bsc,0,ratio_100,6,6,0.06662553979025293,0.0025526483726866626,0.11431535477529246,0.11815037230743414,0.00010700707935029641
wault_finance_2021,wault_finance_2021__hnc004,wault_finance_2021,hard_negative_mined_v2_complexity,bsc,0,ratio_25,1,1,0.06662553979025293,0.0,0.04214893941331264,0.0010139860139860139,1.584555684530642e-05
wault_finance_2021,wault_finance_2021__hnc005,wault_finance_2021,hard_negative_mined_v2_complexity,bsc,0,ratio_25,1,3,0.06662553979025293,0.0,0.11431535477529246,0.0,3.425051909289323e-05
wault_finance_2021,wault_finance_2021__hnc005,wault_finance_2021,hard_negative_mined_v2_complexity,bsc,0,ratio_50,2,3,0.06662553979025293,0.0025526483726866626,0.11431535477529246,0.08455610569422399,8.72452073963359e-05
wault_finance_2021,wault_finance_2021__hnc005,wault_finance_2021,hard_negative_mined_v2_complexity,bsc,0,ratio_75,3,3,0.06662553979025293,0.003190810465858328,0.08270915488805336,0.02936602038693572,0.00020241065067239106
wault_finance_2021,wault_finance_2021__hnc006,wault_finance_2021,hard_negative_mined_v2_complexity,bsc,0,k_2,2,17,0.06662553979025293,0.0025526483726866626,0.11431535477529246,0.09862964547903035,0.000258331565419212
wault_finance_2021,wault_finance_2021__hnc006,wault_finance_2021,hard_negative_mined_v2_complexity,bsc,0,k_3,3,17,0.06662553979025293,0.0025526483726866626,0.08270915488805336,0.05270209177073476,0.00032798212487250566
wault_finance_2021,wault_finance_2021__hnc006,wault_finance_2021,hard_negative_mined_v2_complexity,bsc,0,ratio_25,5,17,0.06662553979025293,0.0038289725590299937,0.07742684316519857,0.03284925395336822,0.0013663657009601593
wault_finance_2021,wault_finance_2021__hnc006,wault_finance_2021,hard_negative_mined_v2_complexity,bsc,0,k_7,7,17,0.06662553979025293,0.0038289725590299937,0.08668086080159691,0.030384666852705168,0.0005168773932382464
wault_finance_2021,wault_finance_2021__hnc006,wault_finance_2021,hard_negative_mined_v2_complexity,bsc,0,ratio_50,9,17,0.06662553979025293,0.0038289725590299937,0.09224473937917418,0.022259666852705168,0.00025655963690951467
wault_finance_2021,wault_finance_2021__hnc006,wault_finance_2021,hard_negative_mined_v2_complexity,bsc,0,ratio_75,13,17,0.06662553979025293,0.0038289725590299937,0.0985934769192574,0.010588235294117647,0.00011471745528979227
wault_finance_2021,wault_finance_2021__hnc006,wault_finance_2021,hard_negative_mined_v2_complexity,bsc,0,ratio_100,17,17,0.06662553979025293,0.0038289725590299937,0.09107361335256557,0.000588235294117647,9.917627176037058e-05
wault_finance_2021,wault_finance_2021__hnc007,wault_finance_2021,hard_negative_mined_v2_complexity,bsc,0,k_2,2,19,0.06662553979025293,0.0025526483726866626,0.11431535477529246,0.04814168872880845,0.0008882119436748326
wault_finance_2021,wault_finance_2021__hnc007,wault_finance_2021,hard_negative_mined_v2_complexity,bsc,0,k_3,3,19,0.06662553979025293,0.0025526483726866626,0.11431535477529246,0.05960488471544219,0.00020563924044836313
wault_finance_2021,wault_finance_2021__hnc007,wault_finance_2021,hard_negative_mined_v2_complexity,bsc,0,ratio_25,5,19,0.06662553979025293,0.0025526483726866626,0.11431535477529246,0.08394167048042879,0.00023596770188305527
wault_finance_2021,wault_finance_2021__hnc007,wault_finance_2021,hard_negative_mined_v2_complexity,bsc,0,k_7,7,19,0.06662553979025293,0.0025526483726866626,0.11431535477529246,0.0666397673304384,4.640570841729641e-05
wault_finance_2021,wault_finance_2021__hnc007,wault_finance_2021,hard_negative_mined_v2_complexity,bsc,0,ratio_50,10,19,0.06662553979025293,0.0025526483726866626,0.11431535477529246,0.016193562824764106,6.985471554799005e-05
wault_finance_2021,wault_finance_2021__hnc007,wault_finance_2021,hard_negative_mined_v2_complexity,bsc,0,ratio_75,15,19,0.06662553979025293,0.0025526483726866626,0.11431535477529246,0.0005454545454545455,3.269612352596596e-05
wault_finance_2021,wault_finance_2021__hnc007,wault_finance_2021,hard_negative_mined_v2_complexity,bsc,0,ratio_100,19,19,0.06662553979025293,0.0025526483726866626,0.11431535477529246,0.0005454545454545455,3.782621570280753e-05
wault_finance_2021,wault_finance_2021__hnc008,wault_finance_2021,hard_negative_mined_v2_complexity,bsc,0,ratio_25,1,2,0.06662553979025293,0.0,0.11431535477529246,0.0,3.168980765622109e-05
wault_finance_2021,wault_finance_2021__hnc008,wault_finance_2021,hard_negative_mined_v2_complexity,bsc,0,ratio_75,2,2,0.06662553979025293,0.0025526483726866626,0.07008128372898607,0.32681659592413304,0.001267486484721303
wault_finance_2021,wault_finance_2021__hnc009,wault_finance_2021,hard_negative_mined_v2_complexity,bsc,0,k_2,2,20,0.06662553979025293,0.0025526483726866626,0.11431535477529246,0.09857412515296145,0.0004216345841996372
wault_finance_2021,wault_finance_2021__hnc009,wault_finance_2021,hard_negative_mined_v2_complexity,bsc,0,k_3,3,20,0.06662553979025293,0.0025526483726866626,0.11431535477529246,0.07389404771120367,0.0005116452230140567
wault_finance_2021,wault_finance_2021__hnc009,wault_finance_2021,hard_negative_mined_v2_complexity,bsc,0,ratio_25,5,20,0.06662553979025293,0.0025526483726866626,0.11431535477529246,0.007841578171730564,0.00015090417582541704
wault_finance_2021,wault_finance_2021__hnc009,wault_finance_2021,hard_negative_mined_v2_complexity,bsc,0,k_7,7,20,0.06662553979025293,0.0025526483726866626,0.11431535477529246,0.0007383966244725738,7.133610779419541e-05
wault_finance_2021,wault_finance_2021__hnc009,wault_finance_2021,hard_negative_mined_v2_complexity,bsc,0,ratio_50,10,20,0.06662553979025293,0.0025526483726866626,0.11431535477529246,0.0005454545454545455,6.351631600409746e-05
wault_finance_2021,wault_finance_2021__hnc009,wault_finance_2021,hard_negative_mined_v2_complexity,bsc,0,ratio_75,15,20,0.06662553979025293,0.0025526483726866626,0.11431535477529246,0.0005454545454545455,3.269612352596596e-05
wault_finance_2021,wault_finance_2021__hnc009,wault_finance_2021,hard_negative_mined_v2_complexity,bsc,0,ratio_100,20,20,0.06662553979025293,0.0025526483726866626,0.11431535477529246,0.0005454545454545455,1.6994868929032236e-05
paraluni_2022,paraluni_2022__hnc000,paraluni_2022,hard_negative_mined_v2_complexity,bsc,0,ratio_25,1,3,0.0665024630541872,0.0,0.10558999308991493,0.0002072538860103627,5.348704144125804e-05
paraluni_2022,paraluni_2022__hnc000,paraluni_2022,hard_negative_mined_v2_complexity,bsc,0,ratio_50,2,3,0.0665024630541872,0.0025526483726866626,0.10558999308991493,0.0020250828120860057,3.7997659092070535e-05
paraluni_2022,paraluni_2022__hnc000,paraluni_2022,hard_negative_mined_v2_complexity,bsc,0,ratio_75,3,3,0.0665024630541872,0.0025526483726866626,0.10558999308991493,0.0005517070757050965,7.125765114324167e-05
paraluni_2022,paraluni_2022__hnc001,paraluni_2022,hard_negative_mined_v2_complexity,bsc,0,k_2,2,854,0.0665024630541872,0.0025526483726866626,0.10558999308991493,0.06614117166867627,0.01136152632534504
paraluni_2022,paraluni_2022__hnc001,paraluni_2022,hard_negative_mined_v2_complexity,bsc,0,k_3,3,854,0.0665024630541872,0.0025526483726866626,0.10558999308991493,0.04910310087292444,0.00461631128564477
paraluni_2022,paraluni_2022__hnc001,paraluni_2022,hard_negative_mined_v2_complexity,bsc,0,k_5,5,854,0.0665024630541872,0.0025526483726866626,0.10558999308991493,0.04988927694239347,0.0014353017322719097
paraluni_2022,paraluni_2022__hnc001,paraluni_2022,hard_negative_mined_v2_complexity,bsc,0,k_7,7,854,0.0665024630541872,0.0025526483726866626,0.10558999308991493,0.03321345276656929,0.0013191069010645151
paraluni_2022,paraluni_2022__hnc001,paraluni_2022,hard_negative_mined_v2_complexity,bsc,0,ratio_25,214,854,0.0665024630541872,0.0025526483726866626,0.10558999308991493,0.0005560910953126883,0.00021324752015061677
paraluni_2022,paraluni_2022__hnc001,paraluni_2022,hard_negative_mined_v2_complexity,bsc,0,ratio_50,427,854,0.0665024630541872,0.0025526483726866626,0.10558999308991493,0.0005560910953126883,5.926943777012639e-05
paraluni_2022,paraluni_2022__hnc001,paraluni_2022,hard_negative_mined_v2_complexity,bsc,0,ratio_75,641,854,0.0665024630541872,0.0025526483726866626,0.10558999308991493,0.001,4.55014560429845e-05
paraluni_2022,paraluni_2022__hnc001,paraluni_2022,hard_negative_mined_v2_complexity,bsc,0,ratio_100,854,854,0.0665024630541872,0.0025526483726866626,0.10558999308991493,0.006,4.1968894947785884e-05
paraluni_2022,paraluni_2022__hnc002,paraluni_2022,hard_negative_mined_v2_complexity,bsc,0,k_2,2,26,0.0665024630541872,0.0025526483726866626,0.05485783658856213,0.2722874703997917,0.00433937506750226
paraluni_2022,paraluni_2022__hnc002,paraluni_2022,hard_negative_mined_v2_complexity,bsc,0,k_3,3,26,0.0665024630541872,0.0025526483726866626,0.05485783658856213,0.30528989353741154,0.005405782256275415
paraluni_2022,paraluni_2022__hnc002,paraluni_2022,hard_negative_mined_v2_complexity,bsc,0,k_5,5,26,0.0665024630541872,0.0025526483726866626,0.05485783658856213,0.4662021482845054,0.0042446996085345745
paraluni_2022,paraluni_2022__hnc002,paraluni_2022,hard_negative_mined_v2_complexity,bsc,0,ratio_25,7,26,0.0665024630541872,0.0025526483726866626,0.05485783658856213,0.40539859764421854,0.001367142889648676
paraluni_2022,paraluni_2022__hnc002,paraluni_2022,hard_negative_mined_v2_complexity,bsc,0,ratio_50,13,26,0.0665024630541872,0.0025526483726866626,0.05485783658856213,0.4578226060499809,5.566865002037957e-05
paraluni_2022,paraluni_2022__hnc002,paraluni_2022,hard_negative_mined_v2_complexity,bsc,0,ratio_75,20,26,0.0665024630541872,0.0025526483726866626,0.05485783658856213,0.45999472055827423,0.0002663473132997751
paraluni_2022,paraluni_2022__hnc002,paraluni_2022,hard_negative_mined_v2_complexity,bsc,0,ratio_100,26,26,0.0665024630541872,0.0025526483726866626,0.05485783658856213,0.38480700486870645,0.00018748109869193286
paraluni_2022,paraluni_2022__hnc003,paraluni_2022,hard_negative_mined_v2_complexity,bsc,0,ratio_25,1,1,0.0665024630541872,0.0,0.10558999308991493,0.0,2.162773671443574e-05
paraluni_2022,paraluni_2022__hnc004,paraluni_2022,hard_negative_mined_v2_complexity,bsc,0,ratio_25,2,5,0.0665024630541872,0.0025526483726866626,0.05485783658856213,0.6414265698474578,0.0009305603452958167
paraluni_2022,paraluni_2022__hnc004,paraluni_2022,hard_negative_mined_v2_complexity,bsc,0,ratio_50,3,5,0.0665024630541872,0.003190810465858328,0.06850225542237914,0.07186398433282667,0.0007195343496277928
paraluni_2022,paraluni_2022__hnc004,paraluni_2022,hard_negative_mined_v2_complexity,bsc,0,ratio_75,4,5,0.0665024630541872,0.003190810465858328,0.07644947133948712,0.02,0.002082233550027013
paraluni_2022,paraluni_2022__hnc004,paraluni_2022,hard_negative_mined_v2_complexity,bsc,0,ratio_100,5,5,0.0665024630541872,0.006381620931716656,0.08161553147267618,0.12,0.013991286978125572
paraluni_2022,paraluni_2022__hnc005,paraluni_2022,hard_negative_mined_v2_complexity,bsc,0,k_2,2,13,0.0665024630541872,0.0025526483726866626,0.07644947133948712,0.20459045421098257,0.011036545969545841
paraluni_2022,paraluni_2022__hnc005,paraluni_2022,hard_negative_mined_v2_complexity,bsc,0,k_3,3,13,0.0665024630541872,0.0025526483726866626,0.06850225542237914,0.004818092823067841,0.00041069992585107684
paraluni_2022,paraluni_2022__hnc005,paraluni_2022,hard_negative_mined_v2_complexity,bsc,0,ratio_25,4,13,0.0665024630541872,0.0025526483726866626,0.07644947133948712,0.020096631635853228,0.004723699297755957
paraluni_2022,paraluni_2022__hnc005,paraluni_2022,hard_negative_mined_v2_complexity,bsc,0,k_5,5,13,0.0665024630541872,0.0025526483726866626,0.08161553147267618,0.024263298302519897,0.0013950145803391933
paraluni_2022,paraluni_2022__hnc005,paraluni_2022,hard_negative_mined_v2_complexity,bsc,0,ratio_50,7,13,0.0665024630541872,0.0025526483726866626,0.08010789657620014,0.011988841780780768,0.00021405259030871093
paraluni_2022,paraluni_2022__hnc005,paraluni_2022,hard_negative_mined_v2_complexity,bsc,0,ratio_75,10,13,0.0665024630541872,0.0025526483726866626,0.08161553147267618,0.01470720720720721,0.0005656734574586153
paraluni_2022,paraluni_2022__hnc005,paraluni_2022,hard_negative_mined_v2_complexity,bsc,0,ratio_100,13,13,0.0665024630541872,0.0025526483726866626,0.08666449292901399,0.0447072072072072,0.0005403212853707373
paraluni_2022,paraluni_2022__hnc006,paraluni_2022,hard_negative_mined_v2_complexity,bsc,0,ratio_25,1,1,0.0665024630541872,0.0,0.10558999308991493,0.0,2.162773671443574e-05
paraluni_2022,paraluni_2022__hnc007,paraluni_2022,hard_negative_mined_v2_complexity,bsc,0,ratio_25,2,8,0.0665024630541872,0.0025526483726866626,0.10558999308991493,0.19944964728632106,0.0018349959282204509
paraluni_2022,paraluni_2022__hnc007,paraluni_2022,hard_negative_mined_v2_complexity,bsc,0,k_3,3,8,0.0665024630541872,0.0025526483726866626,0.10558999308991493,0.0,0.0002488262834958732
paraluni_2022,paraluni_2022__hnc007,paraluni_2022,hard_negative_mined_v2_complexity,bsc,0,ratio_50,4,8,0.0665024630541872,0.0025526483726866626,0.10558999308991493,0.029795918367346942,0.00107062968891114
paraluni_2022,paraluni_2022__hnc007,paraluni_2022,hard_negative_mined_v2_complexity,bsc,0,k_5,5,8,0.0665024630541872,0.0025526483726866626,0.10558999308991493,0.01479591836734694,0.0003595435991883278
paraluni_2022,paraluni_2022__hnc007,paraluni_2022,hard_negative_mined_v2_complexity,bsc,0,ratio_75,6,8,0.0665024630541872,0.0025526483726866626,0.10558999308991493,0.003333333333333333,4.6634129830636084e-05
paraluni_2022,paraluni_2022__hnc007,paraluni_2022,hard_negative_mined_v2_complexity,bsc,0,k_7,7,8,0.0665024630541872,0.0025526483726866626,0.10558999308991493,0.0,5.156568659003824e-05
paraluni_2022,paraluni_2022__hnc007,paraluni_2022,hard_negative_mined_v2_complexity,bsc,0,ratio_100,8,8,0.0665024630541872,0.0025526483726866626,0.10558999308991493,0.0,6.437673437176272e-05
paraluni_2022,paraluni_2022__hnc008,paraluni_2022,hard_negative_mined_v2_complexity,bsc,0,ratio_25,1,1,0.0665024630541872,0.0,0.05485783658856213,0.005833333333333334,5.4556123359361663e-05
paraluni_2022,paraluni_2022__hnc009,paraluni_2022,hard_negative_mined_v2_complexity,bsc,0,k_2,2,83,0.0665024630541872,0.0025526483726866626,0.10558999308991493,0.09722376041618805,0.002426505321636796
paraluni_2022,paraluni_2022__hnc009,paraluni_2022,hard_negative_mined_v2_complexity,bsc,0,k_3,3,83,0.0665024630541872,0.0025526483726866626,0.10558999308991493,0.06852647483383183,0.0009212414151988924
paraluni_2022,paraluni_2022__hnc009,paraluni_2022,hard_negative_mined_v2_complexity,bsc,0,k_5,5,83,0.0665024630541872,0.0025526483726866626,0.10558999308991493,0.08401886107209604,0.007724496070295572
paraluni_2022,paraluni_2022__hnc009,paraluni_2022,hard_negative_mined_v2_complexity,bsc,0,k_7,7,83,0.0665024630541872,0.0025526483726866626,0.10558999308991493,0.10279995137129541,0.026205066591501236
paraluni_2022,paraluni_2022__hnc009,paraluni_2022,hard_negative_mined_v2_complexity,bsc,0,ratio_25,21,83,0.0665024630541872,0.0025526483726866626,0.10558999308991493,0.21391289357988102,0.0015435611130669713
paraluni_2022,paraluni_2022__hnc009,paraluni_2022,hard_negative_mined_v2_complexity,bsc,0,ratio_50,42,83,0.0665024630541872,0.0025526483726866626,0.10558999308991493,0.1887602500258719,0.00015712238382548094
paraluni_2022,paraluni_2022__hnc009,paraluni_2022,hard_negative_mined_v2_complexity,bsc,0,ratio_75,63,83,0.0665024630541872,0.0025526483726866626,0.10558999308991493,0.05607925429079305,0.0007068062550388277
paraluni_2022,paraluni_2022__hnc009,paraluni_2022,hard_negative_mined_v2_complexity,bsc,0,ratio_100,83,83,0.0665024630541872,0.0025526483726866626,0.10558999308991493,0.04998064962866753,0.0005849873996339738
