trajectory_id,source_id,group_id,kind,chain,label,prefix_label,prefix_len,trajectory_len,oof_prob,oof_threshold
ronin_bridge_2022,ronin_bridge_2022,ronin_bridge_2022,positive,eth,1,ratio_25,407,1625,0.9994019269943237,0.4016687273979187
ronin_benign_control_2022,ronin_benign_control_2022,ronin_bridge_2022,hard_negative_control,eth,0,ratio_25,26,103,0.9972792267799377,0.4016687273979187
qbridge_qubit_2022,qbridge_qubit_2022,qbridge_qubit_2022,positive,bsc,1,ratio_25,175,698,0.9917003512382507,0.5879919528961182
feg_bridge_2024,feg_bridge_2024,feg_bridge_2024,positive,eth,1,ratio_25,3,9,0.0010071746073663235,0.786952793598175
deltaprime_arbitrum_2024,deltaprime_arbitrum_2024,deltaprime_arbitrum_2024,positive,arbitrum,1,ratio_25,6,23,0.009261968545615673,0.6136024594306946
bsc_token_hub_2022,bsc_token_hub_2022,bsc_token_hub_2022,positive,bsc,1,ratio_25,91,362,0.9953588843345642,0.9492552876472473
qbridge_benign_control_2022,qbridge_benign_control_2022,qbridge_qubit_2022,hard_negative_control,bsc,0,ratio_25,1,1,6.336434307741001e-05,0.5879919528961182
feg_benign_control_2024,feg_benign_control_2024,feg_bridge_2024,hard_negative_control,eth,0,ratio_25,1,1,0.00022004441416356713,0.786952793598175
deltaprime_benign_control_2024,deltaprime_benign_control_2024,deltaprime_arbitrum_2024,hard_negative_control,arbitrum,0,ratio_25,1,1,0.0002359249338041991,0.6136024594306946
bsc_token_hub_benign_control_2022,bsc_token_hub_benign_control_2022,bsc_token_hub_2022,hard_negative_control,bsc,0,ratio_25,1,1,0.000493580533657223,0.9492552876472473
chibi_finance_2023,chibi_finance_2023,chibi_finance_2023,positive,arbitrum,1,ratio_25,10,40,0.5084635019302368,0.7662532329559326
wooppv2_2024,wooppv2_2024,wooppv2_2024,positive,arbitrum,1,ratio_25,4,16,0.01162842195481062,0.1248798817396164
utopiasphere_2024,utopiasphere_2024,utopiasphere_2024,positive,bsc,1,ratio_25,10,37,0.9978073239326477,0.9007217288017273
xkingdom_2024,xkingdom_2024,xkingdom_2024,positive,arbitrum,1,ratio_25,19,73,0.23700553178787231,0.9581395983695984
wault_finance_2021,wault_finance_2021,wault_finance_2021,positive,bsc,1,ratio_25,48,190,0.5450220108032227,0.7839475274085999
paraluni_2022,paraluni_2022,paraluni_2022,positive,bsc,1,ratio_25,128,511,0.9917817711830139,0.30997219681739807
radiant_capital_arbitrum_2024,radiant_capital_arbitrum_2024,radiant_capital_arbitrum_2024,positive,arbitrum,1,ratio_25,62,248,0.999136745929718,0.7941718697547913
magic_abracadabra_arbitrum_2025,magic_abracadabra_arbitrum_2025,magic_abracadabra_arbitrum_2025,positive,arbitrum,1,ratio_25,22,88,0.9900360107421875,0.9371668696403503
hackerdao_2022,hackerdao_2022,hackerdao_2022,positive,bsc,1,ratio_25,9,35,0.4538664221763611,0.8673408627510071
new_free_dao_2022,new_free_dao_2022,new_free_dao_2022,positive,bsc,1,ratio_25,3,12,0.651922345161438,0.6276450753211975
ronin_bridge_2022,ronin_bridge_2022__hn000,ronin_bridge_2022,hard_negative_mined,eth,0,ratio_25,1,1,0.00024287111591547728,0.4016687273979187
ronin_bridge_2022,ronin_bridge_2022__hn001,ronin_bridge_2022,hard_negative_mined,eth,0,ratio_25,1,1,0.00024287111591547728,0.4016687273979187
ronin_bridge_2022,ronin_bridge_2022__hn002,ronin_bridge_2022,hard_negative_mined,eth,0,ratio_25,1,1,0.00024287111591547728,0.4016687273979187
ronin_bridge_2022,ronin_bridge_2022__hn003,ronin_bridge_2022,hard_negative_mined,eth,0,ratio_25,1,4,0.0010888454271480441,0.4016687273979187
ronin_bridge_2022,ronin_bridge_2022__hn004,ronin_bridge_2022,hard_negative_mined,eth,0,ratio_25,1,1,0.00024287111591547728,0.4016687273979187
ronin_bridge_2022,ronin_bridge_2022__hn005,ronin_bridge_2022,hard_negative_mined,eth,0,ratio_25,1,1,0.00024287111591547728,0.4016687273979187
ronin_bridge_2022,ronin_bridge_2022__hn006,ronin_bridge_2022,hard_negative_mined,eth,0,ratio_25,1,1,0.00024287111591547728,0.4016687273979187
ronin_bridge_2022,ronin_bridge_2022__hn007,ronin_bridge_2022,hard_negative_mined,eth,0,ratio_25,1,4,0.0010888454271480441,0.4016687273979187
ronin_bridge_2022,ronin_bridge_2022__hn008,ronin_bridge_2022,hard_negative_mined,eth,0,ratio_25,1,1,0.00024287111591547728,0.4016687273979187
ronin_bridge_2022,ronin_bridge_2022__hn009,ronin_bridge_2022,hard_negative_mined,eth,0,ratio_25,1,1,0.00024287111591547728,0.4016687273979187
ronin_bridge_2022,ronin_bridge_2022__hn010,ronin_bridge_2022,hard_negative_mined,eth,0,ratio_25,1,2,0.00024287111591547728,0.4016687273979187
ronin_bridge_2022,ronin_bridge_2022__hn011,ronin_bridge_2022,hard_negative_mined,eth,0,ratio_25,1,1,0.00024287111591547728,0.4016687273979187
ronin_bridge_2022,ronin_bridge_2022__hn012,ronin_bridge_2022,hard_negative_mined,eth,0,ratio_25,14,55,0.9931814074516296,0.4016687273979187
ronin_bridge_2022,ronin_bridge_2022__hn013,ronin_bridge_2022,hard_negative_mined,eth,0,ratio_25,1,2,0.00024287111591547728,0.4016687273979187
ronin_bridge_2022,ronin_bridge_2022__hn014,ronin_bridge_2022,hard_negative_mined,eth,0,ratio_25,1,1,0.00024287111591547728,0.4016687273979187
ronin_bridge_2022,ronin_bridge_2022__hn016,ronin_bridge_2022,hard_negative_mined,eth,0,ratio_25,1,1,0.00024287111591547728,0.4016687273979187
ronin_bridge_2022,ronin_bridge_2022__hn017,ronin_bridge_2022,hard_negative_mined,eth,0,ratio_25,1,1,0.0007788545335642993,0.4016687273979187
ronin_bridge_2022,ronin_bridge_2022__hn018,ronin_bridge_2022,hard_negative_mined,eth,0,ratio_25,1,1,0.00024287111591547728,0.4016687273979187
ronin_bridge_2022,ronin_bridge_2022__hn019,ronin_bridge_2022,hard_negative_mined,eth,0,ratio_25,1,1,0.00024287111591547728,0.4016687273979187
ronin_bridge_2022,ronin_bridge_2022__hn020,ronin_bridge_2022,hard_negative_mined,eth,0,ratio_25,1,1,0.00013331521768122911,0.4016687273979187
ronin_bridge_2022,ronin_bridge_2022__hn021,ronin_bridge_2022,hard_negative_mined,eth,0,ratio_25,1,3,0.00024287111591547728,0.4016687273979187
ronin_bridge_2022,ronin_bridge_2022__hn022,ronin_bridge_2022,hard_negative_mined,eth,0,ratio_25,1,1,0.00024287111591547728,0.4016687273979187
ronin_bridge_2022,ronin_bridge_2022__hn024,ronin_bridge_2022,hard_negative_mined,eth,0,ratio_25,1,1,0.00024287111591547728,0.4016687273979187
ronin_bridge_2022,ronin_bridge_2022__hn025,ronin_bridge_2022,hard_negative_mined,eth,0,ratio_25,1,1,0.00024287111591547728,0.4016687273979187
ronin_bridge_2022,ronin_bridge_2022__hn026,ronin_bridge_2022,hard_negative_mined,eth,0,ratio_25,1,2,0.00024287111591547728,0.4016687273979187
ronin_bridge_2022,ronin_bridge_2022__hn027,ronin_bridge_2022,hard_negative_mined,eth,0,ratio_25,1,1,0.00024287111591547728,0.4016687273979187
ronin_bridge_2022,ronin_bridge_2022__hn028,ronin_bridge_2022,hard_negative_mined,eth,0,ratio_25,1,1,0.00024287111591547728,0.4016687273979187
ronin_bridge_2022,ronin_bridge_2022__hn030,ronin_bridge_2022,hard_negative_mined,eth,0,ratio_25,1,1,0.00024287111591547728,0.4016687273979187
ronin_bridge_2022,ronin_bridge_2022__hn031,ronin_bridge_2022,hard_negative_mined,eth,0,ratio_25,1,1,0.00024287111591547728,0.4016687273979187
ronin_bridge_2022,ronin_bridge_2022__hn032,ronin_bridge_2022,hard_negative_mined,eth,0,ratio_25,1,1,0.00024287111591547728,0.4016687273979187
ronin_bridge_2022,ronin_bridge_2022__hn033,ronin_bridge_2022,hard_negative_mined,eth,0,ratio_25,1,3,0.00024287111591547728,0.4016687273979187
ronin_bridge_2022,ronin_bridge_2022__hn034,ronin_bridge_2022,hard_negative_mined,eth,0,ratio_25,1,2,0.00024287111591547728,0.4016687273979187
ronin_bridge_2022,ronin_bridge_2022__hn035,ronin_bridge_2022,hard_negative_mined,eth,0,ratio_25,1,1,0.00024287111591547728,0.4016687273979187
ronin_bridge_2022,ronin_bridge_2022__hn037,ronin_bridge_2022,hard_negative_mined,eth,0,ratio_25,1,1,0.00024287111591547728,0.4016687273979187
ronin_bridge_2022,ronin_bridge_2022__hn038,ronin_bridge_2022,hard_negative_mined,eth,0,ratio_25,1,1,0.00024287111591547728,0.4016687273979187
ronin_bridge_2022,ronin_bridge_2022__hn039,ronin_bridge_2022,hard_negative_mined,eth,0,ratio_25,1,1,0.00024287111591547728,0.4016687273979187
ronin_bridge_2022,ronin_bridge_2022__hn040,ronin_bridge_2022,hard_negative_mined,eth,0,ratio_25,1,1,0.00024287111591547728,0.4016687273979187
ronin_bridge_2022,ronin_bridge_2022__hn041,ronin_bridge_2022,hard_negative_mined,eth,0,ratio_25,1,3,0.00024287111591547728,0.4016687273979187
ronin_bridge_2022,ronin_bridge_2022__hn042,ronin_bridge_2022,hard_negative_mined,eth,0,ratio_25,1,1,0.00024287111591547728,0.4016687273979187
ronin_bridge_2022,ronin_bridge_2022__hn043,ronin_bridge_2022,hard_negative_mined,eth,0,ratio_25,1,1,0.00024287111591547728,0.4016687273979187
ronin_bridge_2022,ronin_bridge_2022__hn044,ronin_bridge_2022,hard_negative_mined,eth,0,ratio_25,1,2,0.00024287111591547728,0.4016687273979187
ronin_bridge_2022,ronin_bridge_2022__hn045,ronin_bridge_2022,hard_negative_mined,eth,0,ratio_25,1,1,0.00024287111591547728,0.4016687273979187
ronin_bridge_2022,ronin_bridge_2022__hn046,ronin_bridge_2022,hard_negative_mined,eth,0,ratio_25,1,1,0.00024287111591547728,0.4016687273979187
ronin_bridge_2022,ronin_bridge_2022__hn047,ronin_bridge_2022,hard_negative_mined,eth,0,ratio_25,1,1,0.0007788545335642993,0.4016687273979187
ronin_bridge_2022,ronin_bridge_2022__hn048,ronin_bridge_2022,hard_negative_mined,eth,0,ratio_25,1,1,0.00024287111591547728,0.4016687273979187
ronin_bridge_2022,ronin_bridge_2022__hn049,ronin_bridge_2022,hard_negative_mined,eth,0,ratio_25,1,3,0.00024287111591547728,0.4016687273979187
ronin_bridge_2022,ronin_bridge_2022__hn050,ronin_bridge_2022,hard_negative_mined,eth,0,ratio_25,1,1,0.0007788545335642993,0.4016687273979187
ronin_bridge_2022,ronin_bridge_2022__hn051,ronin_bridge_2022,hard_negative_mined,eth,0,ratio_25,1,2,0.00024287111591547728,0.4016687273979187
ronin_bridge_2022,ronin_bridge_2022__hn052,ronin_bridge_2022,hard_negative_mined,eth,0,ratio_25,1,1,0.00024287111591547728,0.4016687273979187
ronin_bridge_2022,ronin_bridge_2022__hn054,ronin_bridge_2022,hard_negative_mined,eth,0,ratio_25,1,1,0.00024287111591547728,0.4016687273979187
ronin_bridge_2022,ronin_bridge_2022__hn055,ronin_bridge_2022,hard_negative_mined,eth,0,ratio_25,1,2,0.00024287111591547728,0.4016687273979187
ronin_bridge_2022,ronin_bridge_2022__hn056,ronin_bridge_2022,hard_negative_mined,eth,0,ratio_25,1,2,0.003080820431932807,0.4016687273979187
ronin_bridge_2022,ronin_bridge_2022__hn057,ronin_bridge_2022,hard_negative_mined,eth,0,ratio_25,1,1,0.003080820431932807,0.4016687273979187
ronin_bridge_2022,ronin_bridge_2022__hn058,ronin_bridge_2022,hard_negative_mined,eth,0,ratio_25,1,1,0.00024287111591547728,0.4016687273979187
ronin_bridge_2022,ronin_bridge_2022__hn059,ronin_bridge_2022,hard_negative_mined,eth,0,ratio_25,1,1,0.00024287111591547728,0.4016687273979187
ronin_bridge_2022,ronin_bridge_2022__hn060,ronin_bridge_2022,hard_negative_mined,eth,0,ratio_25,1,1,0.00024287111591547728,0.4016687273979187
ronin_bridge_2022,ronin_bridge_2022__hn061,ronin_bridge_2022,hard_negative_mined,eth,0,ratio_25,1,1,0.00024287111591547728,0.4016687273979187
ronin_bridge_2022,ronin_bridge_2022__hn062,ronin_bridge_2022,hard_negative_mined,eth,0,ratio_25,1,4,0.015984416007995605,0.4016687273979187
ronin_bridge_2022,ronin_bridge_2022__hn063,ronin_bridge_2022,hard_negative_mined,eth,0,ratio_25,1,1,0.00024287111591547728,0.4016687273979187
ronin_bridge_2022,ronin_bridge_2022__hn064,ronin_bridge_2022,hard_negative_mined,eth,0,ratio_25,1,1,0.00024287111591547728,0.4016687273979187
ronin_bridge_2022,ronin_bridge_2022__hn065,ronin_bridge_2022,hard_negative_mined,eth,0,ratio_25,1,1,0.00024287111591547728,0.4016687273979187
ronin_bridge_2022,ronin_bridge_2022__hn066,ronin_bridge_2022,hard_negative_mined,eth,0,ratio_25,1,2,0.00024287111591547728,0.4016687273979187
ronin_bridge_2022,ronin_bridge_2022__hn067,ronin_bridge_2022,hard_negative_mined,eth,0,ratio_25,1,1,0.00024287111591547728,0.4016687273979187
ronin_bridge_2022,ronin_bridge_2022__hn068,ronin_bridge_2022,hard_negative_mined,eth,0,ratio_25,1,3,0.00013331521768122911,0.4016687273979187
ronin_bridge_2022,ronin_bridge_2022__hn069,ronin_bridge_2022,hard_negative_mined,eth,0,ratio_25,1,1,0.00024287111591547728,0.4016687273979187
deltaprime_arbitrum_2024,deltaprime_arbitrum_2024__hn000,deltaprime_arbitrum_2024,hard_negative_mined,arbitrum,0,ratio_25,1,4,0.0010228451574221253,0.6136024594306946
deltaprime_arbitrum_2024,deltaprime_arbitrum_2024__hn001,deltaprime_arbitrum_2024,hard_negative_mined,arbitrum,0,ratio_25,1,1,0.00019244739087298512,0.6136024594306946
deltaprime_arbitrum_2024,deltaprime_arbitrum_2024__hn002,deltaprime_arbitrum_2024,hard_negative_mined,arbitrum,0,ratio_25,1,1,0.0011197185376659036,0.6136024594306946
deltaprime_arbitrum_2024,deltaprime_arbitrum_2024__hn003,deltaprime_arbitrum_2024,hard_negative_mined,arbitrum,0,ratio_25,1,1,0.0002359249338041991,0.6136024594306946
deltaprime_arbitrum_2024,deltaprime_arbitrum_2024__hn004,deltaprime_arbitrum_2024,hard_negative_mined,arbitrum,0,ratio_25,1,1,0.0002359249338041991,0.6136024594306946
deltaprime_arbitrum_2024,deltaprime_arbitrum_2024__hn005,deltaprime_arbitrum_2024,hard_negative_mined,arbitrum,0,ratio_25,1,1,0.0002359249338041991,0.6136024594306946
deltaprime_arbitrum_2024,deltaprime_arbitrum_2024__hn006,deltaprime_arbitrum_2024,hard_negative_mined,arbitrum,0,ratio_25,1,1,0.0011197185376659036,0.6136024594306946
deltaprime_arbitrum_2024,deltaprime_arbitrum_2024__hn007,deltaprime_arbitrum_2024,hard_negative_mined,arbitrum,0,ratio_25,23,91,0.00030282122315838933,0.6136024594306946
deltaprime_arbitrum_2024,deltaprime_arbitrum_2024__hn008,deltaprime_arbitrum_2024,hard_negative_mined,arbitrum,0,ratio_25,31,121,0.0002431090542813763,0.6136024594306946
deltaprime_arbitrum_2024,deltaprime_arbitrum_2024__hn009,deltaprime_arbitrum_2024,hard_negative_mined,arbitrum,0,ratio_25,1,1,0.0002359249338041991,0.6136024594306946
deltaprime_arbitrum_2024,deltaprime_arbitrum_2024__hn010,deltaprime_arbitrum_2024,hard_negative_mined,arbitrum,0,ratio_25,1,1,0.0002359249338041991,0.6136024594306946
deltaprime_arbitrum_2024,deltaprime_arbitrum_2024__hn011,deltaprime_arbitrum_2024,hard_negative_mined,arbitrum,0,ratio_25,1,1,0.0002359249338041991,0.6136024594306946
deltaprime_arbitrum_2024,deltaprime_arbitrum_2024__hn012,deltaprime_arbitrum_2024,hard_negative_mined,arbitrum,0,ratio_25,1,3,0.0006346593145281076,0.6136024594306946
deltaprime_arbitrum_2024,deltaprime_arbitrum_2024__hn013,deltaprime_arbitrum_2024,hard_negative_mined,arbitrum,0,ratio_25,1,1,0.0002359249338041991,0.6136024594306946
deltaprime_arbitrum_2024,deltaprime_arbitrum_2024__hn014,deltaprime_arbitrum_2024,hard_negative_mined,arbitrum,0,ratio_25,1,1,0.0006346593145281076,0.6136024594306946
deltaprime_arbitrum_2024,deltaprime_arbitrum_2024__hn015,deltaprime_arbitrum_2024,hard_negative_mined,arbitrum,0,ratio_25,1,2,0.0001611447223694995,0.6136024594306946
deltaprime_arbitrum_2024,deltaprime_arbitrum_2024__hn016,deltaprime_arbitrum_2024,hard_negative_mined,arbitrum,0,ratio_25,42,168,0.011001402512192726,0.6136024594306946
deltaprime_arbitrum_2024,deltaprime_arbitrum_2024__hn017,deltaprime_arbitrum_2024,hard_negative_mined,arbitrum,0,ratio_25,1,3,0.00019244739087298512,0.6136024594306946
deltaprime_arbitrum_2024,deltaprime_arbitrum_2024__hn018,deltaprime_arbitrum_2024,hard_negative_mined,arbitrum,0,ratio_25,1,1,0.0002359249338041991,0.6136024594306946
deltaprime_arbitrum_2024,deltaprime_arbitrum_2024__hn019,deltaprime_arbitrum_2024,hard_negative_mined,arbitrum,0,ratio_25,1,1,0.0002359249338041991,0.6136024594306946
deltaprime_arbitrum_2024,deltaprime_arbitrum_2024__hn020,deltaprime_arbitrum_2024,hard_negative_mined,arbitrum,0,ratio_25,1,1,0.0002359249338041991,0.6136024594306946
deltaprime_arbitrum_2024,deltaprime_arbitrum_2024__hn021,deltaprime_arbitrum_2024,hard_negative_mined,arbitrum,0,ratio_25,1,2,0.0002359249338041991,0.6136024594306946
deltaprime_arbitrum_2024,deltaprime_arbitrum_2024__hn022,deltaprime_arbitrum_2024,hard_negative_mined,arbitrum,0,ratio_25,55,219,0.009122942574322224,0.6136024594306946
deltaprime_arbitrum_2024,deltaprime_arbitrum_2024__hn023,deltaprime_arbitrum_2024,hard_negative_mined,arbitrum,0,ratio_25,1,3,0.0002359249338041991,0.6136024594306946
deltaprime_arbitrum_2024,deltaprime_arbitrum_2024__hn025,deltaprime_arbitrum_2024,hard_negative_mined,arbitrum,0,ratio_25,1,2,0.00019244739087298512,0.6136024594306946
deltaprime_arbitrum_2024,deltaprime_arbitrum_2024__hn026,deltaprime_arbitrum_2024,hard_negative_mined,arbitrum,0,ratio_25,1,2,0.0002359249338041991,0.6136024594306946
deltaprime_arbitrum_2024,deltaprime_arbitrum_2024__hn027,deltaprime_arbitrum_2024,hard_negative_mined,arbitrum,0,ratio_25,1,1,0.0006346593145281076,0.6136024594306946
deltaprime_arbitrum_2024,deltaprime_arbitrum_2024__hn028,deltaprime_arbitrum_2024,hard_negative_mined,arbitrum,0,ratio_25,1,2,0.0002359249338041991,0.6136024594306946
deltaprime_arbitrum_2024,deltaprime_arbitrum_2024__hn029,deltaprime_arbitrum_2024,hard_negative_mined,arbitrum,0,ratio_25,1,1,0.0001611447223694995,0.6136024594306946
deltaprime_arbitrum_2024,deltaprime_arbitrum_2024__hn030,deltaprime_arbitrum_2024,hard_negative_mined,arbitrum,0,ratio_25,1,1,0.0011197185376659036,0.6136024594306946
deltaprime_arbitrum_2024,deltaprime_arbitrum_2024__hn031,deltaprime_arbitrum_2024,hard_negative_mined,arbitrum,0,ratio_25,1,1,0.0002359249338041991,0.6136024594306946
deltaprime_arbitrum_2024,deltaprime_arbitrum_2024__hn032,deltaprime_arbitrum_2024,hard_negative_mined,arbitrum,0,ratio_25,1,1,0.0002359249338041991,0.6136024594306946
deltaprime_arbitrum_2024,deltaprime_arbitrum_2024__hn033,deltaprime_arbitrum_2024,hard_negative_mined,arbitrum,0,ratio_25,1,1,0.0002359249338041991,0.6136024594306946
deltaprime_arbitrum_2024,deltaprime_arbitrum_2024__hn035,deltaprime_arbitrum_2024,hard_negative_mined,arbitrum,0,ratio_25,1,2,0.0002359249338041991,0.6136024594306946
deltaprime_arbitrum_2024,deltaprime_arbitrum_2024__hn036,deltaprime_arbitrum_2024,hard_negative_mined,arbitrum,0,ratio_25,1,2,0.0002359249338041991,0.6136024594306946
deltaprime_arbitrum_2024,deltaprime_arbitrum_2024__hn037,deltaprime_arbitrum_2024,hard_negative_mined,arbitrum,0,ratio_25,1,1,0.0002359249338041991,0.6136024594306946
deltaprime_arbitrum_2024,deltaprime_arbitrum_2024__hn038,deltaprime_arbitrum_2024,hard_negative_mined,arbitrum,0,ratio_25,1,2,0.0002359249338041991,0.6136024594306946
deltaprime_arbitrum_2024,deltaprime_arbitrum_2024__hn040,deltaprime_arbitrum_2024,hard_negative_mined,arbitrum,0,ratio_25,1,4,0.0008939604158513248,0.6136024594306946
deltaprime_arbitrum_2024,deltaprime_arbitrum_2024__hn041,deltaprime_arbitrum_2024,hard_negative_mined,arbitrum,0,ratio_25,1,1,0.0002359249338041991,0.6136024594306946
deltaprime_arbitrum_2024,deltaprime_arbitrum_2024__hn042,deltaprime_arbitrum_2024,hard_negative_mined,arbitrum,0,ratio_25,1,1,0.0002359249338041991,0.6136024594306946
deltaprime_arbitrum_2024,deltaprime_arbitrum_2024__hn043,deltaprime_arbitrum_2024,hard_negative_mined,arbitrum,0,ratio_25,1,1,0.0013675445225089788,0.6136024594306946
deltaprime_arbitrum_2024,deltaprime_arbitrum_2024__hn044,deltaprime_arbitrum_2024,hard_negative_mined,arbitrum,0,ratio_25,1,4,0.0010674638906493783,0.6136024594306946
deltaprime_arbitrum_2024,deltaprime_arbitrum_2024__hn045,deltaprime_arbitrum_2024,hard_negative_mined,arbitrum,0,ratio_25,1,1,0.0002359249338041991,0.6136024594306946
deltaprime_arbitrum_2024,deltaprime_arbitrum_2024__hn046,deltaprime_arbitrum_2024,hard_negative_mined,arbitrum,0,ratio_25,1,1,0.0006346593145281076,0.6136024594306946
deltaprime_arbitrum_2024,deltaprime_arbitrum_2024__hn047,deltaprime_arbitrum_2024,hard_negative_mined,arbitrum,0,ratio_25,1,1,0.00019244739087298512,0.6136024594306946
deltaprime_arbitrum_2024,deltaprime_arbitrum_2024__hn048,deltaprime_arbitrum_2024,hard_negative_mined,arbitrum,0,ratio_25,1,1,0.0002359249338041991,0.6136024594306946
deltaprime_arbitrum_2024,deltaprime_arbitrum_2024__hn050,deltaprime_arbitrum_2024,hard_negative_mined,arbitrum,0,ratio_25,2,5,0.0003827194741461426,0.6136024594306946
deltaprime_arbitrum_2024,deltaprime_arbitrum_2024__hn051,deltaprime_arbitrum_2024,hard_negative_mined,arbitrum,0,ratio_25,4,15,0.0012539487797766924,0.6136024594306946
deltaprime_arbitrum_2024,deltaprime_arbitrum_2024__hn052,deltaprime_arbitrum_2024,hard_negative_mined,arbitrum,0,ratio_25,1,2,0.0002359249338041991,0.6136024594306946
deltaprime_arbitrum_2024,deltaprime_arbitrum_2024__hn053,deltaprime_arbitrum_2024,hard_negative_mined,arbitrum,0,ratio_25,1,2,0.0002359249338041991,0.6136024594306946
deltaprime_arbitrum_2024,deltaprime_arbitrum_2024__hn054,deltaprime_arbitrum_2024,hard_negative_mined,arbitrum,0,ratio_25,1,1,0.0006346593145281076,0.6136024594306946
deltaprime_arbitrum_2024,deltaprime_arbitrum_2024__hn055,deltaprime_arbitrum_2024,hard_negative_mined,arbitrum,0,ratio_25,1,1,0.0002359249338041991,0.6136024594306946
deltaprime_arbitrum_2024,deltaprime_arbitrum_2024__hn056,deltaprime_arbitrum_2024,hard_negative_mined,arbitrum,0,ratio_25,1,1,0.0011197185376659036,0.6136024594306946
deltaprime_arbitrum_2024,deltaprime_arbitrum_2024__hn057,deltaprime_arbitrum_2024,hard_negative_mined,arbitrum,0,ratio_25,1,1,0.0002359249338041991,0.6136024594306946
deltaprime_arbitrum_2024,deltaprime_arbitrum_2024__hn058,deltaprime_arbitrum_2024,hard_negative_mined,arbitrum,0,ratio_25,1,1,0.0002359249338041991,0.6136024594306946
deltaprime_arbitrum_2024,deltaprime_arbitrum_2024__hn059,deltaprime_arbitrum_2024,hard_negative_mined,arbitrum,0,ratio_25,1,3,0.0002359249338041991,0.6136024594306946
deltaprime_arbitrum_2024,deltaprime_arbitrum_2024__hn060,deltaprime_arbitrum_2024,hard_negative_mined,arbitrum,0,ratio_25,1,2,0.00019244739087298512,0.6136024594306946
deltaprime_arbitrum_2024,deltaprime_arbitrum_2024__hn061,deltaprime_arbitrum_2024,hard_negative_mined,arbitrum,0,ratio_25,1,1,0.0002359249338041991,0.6136024594306946
deltaprime_arbitrum_2024,deltaprime_arbitrum_2024__hn062,deltaprime_arbitrum_2024,hard_negative_mined,arbitrum,0,ratio_25,1,2,0.0002359249338041991,0.6136024594306946
deltaprime_arbitrum_2024,deltaprime_arbitrum_2024__hn063,deltaprime_arbitrum_2024,hard_negative_mined,arbitrum,0,ratio_25,1,2,0.0002359249338041991,0.6136024594306946
deltaprime_arbitrum_2024,deltaprime_arbitrum_2024__hn064,deltaprime_arbitrum_2024,hard_negative_mined,arbitrum,0,ratio_25,2,6,0.003472193144261837,0.6136024594306946
deltaprime_arbitrum_2024,deltaprime_arbitrum_2024__hn065,deltaprime_arbitrum_2024,hard_negative_mined,arbitrum,0,ratio_25,1,1,0.0002359249338041991,0.6136024594306946
deltaprime_arbitrum_2024,deltaprime_arbitrum_2024__hn066,deltaprime_arbitrum_2024,hard_negative_mined,arbitrum,0,ratio_25,1,1,0.0002359249338041991,0.6136024594306946
deltaprime_arbitrum_2024,deltaprime_arbitrum_2024__hn067,deltaprime_arbitrum_2024,hard_negative_mined,arbitrum,0,ratio_25,1,3,0.0001611447223694995,0.6136024594306946
deltaprime_arbitrum_2024,deltaprime_arbitrum_2024__hn068,deltaprime_arbitrum_2024,hard_negative_mined,arbitrum,0,ratio_25,1,2,0.00019244739087298512,0.6136024594306946
deltaprime_arbitrum_2024,deltaprime_arbitrum_2024__hn069,deltaprime_arbitrum_2024,hard_negative_mined,arbitrum,0,ratio_25,1,1,0.0002359249338041991,0.6136024594306946
bsc_token_hub_2022,bsc_token_hub_2022__hn000,bsc_token_hub_2022,hard_negative_mined,bsc,0,ratio_25,1,1,0.00027871012571267784,0.9492552876472473
bsc_token_hub_2022,bsc_token_hub_2022__hn001,bsc_token_hub_2022,hard_negative_mined,bsc,0,ratio_25,1,1,0.00027871012571267784,0.9492552876472473
bsc_token_hub_2022,bsc_token_hub_2022__hn002,bsc_token_hub_2022,hard_negative_mined,bsc,0,ratio_25,1,3,0.00027871012571267784,0.9492552876472473
bsc_token_hub_2022,bsc_token_hub_2022__hn003,bsc_token_hub_2022,hard_negative_mined,bsc,0,ratio_25,1,1,0.00027871012571267784,0.9492552876472473
bsc_token_hub_2022,bsc_token_hub_2022__hn004,bsc_token_hub_2022,hard_negative_mined,bsc,0,ratio_25,1,1,0.00027871012571267784,0.9492552876472473
bsc_token_hub_2022,bsc_token_hub_2022__hn005,bsc_token_hub_2022,hard_negative_mined,bsc,0,ratio_25,1,3,0.000493580533657223,0.9492552876472473
bsc_token_hub_2022,bsc_token_hub_2022__hn007,bsc_token_hub_2022,hard_negative_mined,bsc,0,ratio_25,1,1,0.00027871012571267784,0.9492552876472473
bsc_token_hub_2022,bsc_token_hub_2022__hn008,bsc_token_hub_2022,hard_negative_mined,bsc,0,ratio_25,1,2,0.00028969396953471005,0.9492552876472473
bsc_token_hub_2022,bsc_token_hub_2022__hn009,bsc_token_hub_2022,hard_negative_mined,bsc,0,ratio_25,1,2,0.0004264976305421442,0.9492552876472473
bsc_token_hub_2022,bsc_token_hub_2022__hn010,bsc_token_hub_2022,hard_negative_mined,bsc,0,ratio_25,2,6,0.0005832493188790977,0.9492552876472473
bsc_token_hub_2022,bsc_token_hub_2022__hn011,bsc_token_hub_2022,hard_negative_mined,bsc,0,ratio_25,1,1,0.00027871012571267784,0.9492552876472473
bsc_token_hub_2022,bsc_token_hub_2022__hn012,bsc_token_hub_2022,hard_negative_mined,bsc,0,ratio_25,1,2,0.00027871012571267784,0.9492552876472473
bsc_token_hub_2022,bsc_token_hub_2022__hn013,bsc_token_hub_2022,hard_negative_mined,bsc,0,ratio_25,1,1,0.00027871012571267784,0.9492552876472473
bsc_token_hub_2022,bsc_token_hub_2022__hn014,bsc_token_hub_2022,hard_negative_mined,bsc,0,ratio_25,1,1,0.00027871012571267784,0.9492552876472473
bsc_token_hub_2022,bsc_token_hub_2022__hn015,bsc_token_hub_2022,hard_negative_mined,bsc,0,ratio_25,1,2,0.0006577605381608009,0.9492552876472473
bsc_token_hub_2022,bsc_token_hub_2022__hn016,bsc_token_hub_2022,hard_negative_mined,bsc,0,ratio_25,1,4,0.001755775767378509,0.9492552876472473
bsc_token_hub_2022,bsc_token_hub_2022__hn017,bsc_token_hub_2022,hard_negative_mined,bsc,0,ratio_25,1,2,0.00027871012571267784,0.9492552876472473
bsc_token_hub_2022,bsc_token_hub_2022__hn018,bsc_token_hub_2022,hard_negative_mined,bsc,0,ratio_25,1,1,0.00027871012571267784,0.9492552876472473
bsc_token_hub_2022,bsc_token_hub_2022__hn019,bsc_token_hub_2022,hard_negative_mined,bsc,0,ratio_25,1,1,0.00027871012571267784,0.9492552876472473
bsc_token_hub_2022,bsc_token_hub_2022__hn020,bsc_token_hub_2022,hard_negative_mined,bsc,0,ratio_25,1,2,0.00028969396953471005,0.9492552876472473
bsc_token_hub_2022,bsc_token_hub_2022__hn021,bsc_token_hub_2022,hard_negative_mined,bsc,0,ratio_25,1,3,0.000493580533657223,0.9492552876472473
bsc_token_hub_2022,bsc_token_hub_2022__hn022,bsc_token_hub_2022,hard_negative_mined,bsc,0,ratio_25,1,1,0.00027871012571267784,0.9492552876472473
bsc_token_hub_2022,bsc_token_hub_2022__hn023,bsc_token_hub_2022,hard_negative_mined,bsc,0,ratio_25,1,2,0.0006577605381608009,0.9492552876472473
bsc_token_hub_2022,bsc_token_hub_2022__hn024,bsc_token_hub_2022,hard_negative_mined,bsc,0,ratio_25,2,5,0.004643893335014582,0.9492552876472473
bsc_token_hub_2022,bsc_token_hub_2022__hn025,bsc_token_hub_2022,hard_negative_mined,bsc,0,ratio_25,1,1,0.00027871012571267784,0.9492552876472473
bsc_token_hub_2022,bsc_token_hub_2022__hn026,bsc_token_hub_2022,hard_negative_mined,bsc,0,ratio_25,1,4,0.003626608056947589,0.9492552876472473
bsc_token_hub_2022,bsc_token_hub_2022__hn027,bsc_token_hub_2022,hard_negative_mined,bsc,0,ratio_25,1,3,0.0006577605381608009,0.9492552876472473
bsc_token_hub_2022,bsc_token_hub_2022__hn028,bsc_token_hub_2022,hard_negative_mined,bsc,0,ratio_25,1,2,0.0004264976305421442,0.9492552876472473
bsc_token_hub_2022,bsc_token_hub_2022__hn029,bsc_token_hub_2022,hard_negative_mined,bsc,0,ratio_25,1,1,0.0006577605381608009,0.9492552876472473
bsc_token_hub_2022,bsc_token_hub_2022__hn030,bsc_token_hub_2022,hard_negative_mined,bsc,0,ratio_25,1,1,0.0006577605381608009,0.9492552876472473
bsc_token_hub_2022,bsc_token_hub_2022__hn032,bsc_token_hub_2022,hard_negative_mined,bsc,0,ratio_25,1,2,0.0004264976305421442,0.9492552876472473
bsc_token_hub_2022,bsc_token_hub_2022__hn033,bsc_token_hub_2022,hard_negative_mined,bsc,0,ratio_25,1,2,0.00027871012571267784,0.9492552876472473
bsc_token_hub_2022,bsc_token_hub_2022__hn034,bsc_token_hub_2022,hard_negative_mined,bsc,0,ratio_25,1,2,0.00027871012571267784,0.9492552876472473
bsc_token_hub_2022,bsc_token_hub_2022__hn035,bsc_token_hub_2022,hard_negative_mined,bsc,0,ratio_25,1,1,0.00027871012571267784,0.9492552876472473
bsc_token_hub_2022,bsc_token_hub_2022__hn036,bsc_token_hub_2022,hard_negative_mined,bsc,0,ratio_25,1,1,0.00027871012571267784,0.9492552876472473
bsc_token_hub_2022,bsc_token_hub_2022__hn037,bsc_token_hub_2022,hard_negative_mined,bsc,0,ratio_25,1,1,0.00027871012571267784,0.9492552876472473
bsc_token_hub_2022,bsc_token_hub_2022__hn038,bsc_token_hub_2022,hard_negative_mined,bsc,0,ratio_25,1,3,0.00027871012571267784,0.9492552876472473
bsc_token_hub_2022,bsc_token_hub_2022__hn039,bsc_token_hub_2022,hard_negative_mined,bsc,0,ratio_25,1,4,0.0024832391645759344,0.9492552876472473
bsc_token_hub_2022,bsc_token_hub_2022__hn040,bsc_token_hub_2022,hard_negative_mined,bsc,0,ratio_25,2,6,0.0012577747693285346,0.9492552876472473
bsc_token_hub_2022,bsc_token_hub_2022__hn041,bsc_token_hub_2022,hard_negative_mined,bsc,0,ratio_25,1,1,0.00027871012571267784,0.9492552876472473
bsc_token_hub_2022,bsc_token_hub_2022__hn042,bsc_token_hub_2022,hard_negative_mined,bsc,0,ratio_25,1,1,0.0007611906039528549,0.9492552876472473
bsc_token_hub_2022,bsc_token_hub_2022__hn044,bsc_token_hub_2022,hard_negative_mined,bsc,0,ratio_25,1,1,0.00027871012571267784,0.9492552876472473
bsc_token_hub_2022,bsc_token_hub_2022__hn045,bsc_token_hub_2022,hard_negative_mined,bsc,0,ratio_25,1,2,0.0004264976305421442,0.9492552876472473
bsc_token_hub_2022,bsc_token_hub_2022__hn046,bsc_token_hub_2022,hard_negative_mined,bsc,0,ratio_25,1,1,0.00027871012571267784,0.9492552876472473
bsc_token_hub_2022,bsc_token_hub_2022__hn047,bsc_token_hub_2022,hard_negative_mined,bsc,0,ratio_25,1,1,0.00027871012571267784,0.9492552876472473
bsc_token_hub_2022,bsc_token_hub_2022__hn048,bsc_token_hub_2022,hard_negative_mined,bsc,0,ratio_25,2,5,0.0008324513910338283,0.9492552876472473
bsc_token_hub_2022,bsc_token_hub_2022__hn049,bsc_token_hub_2022,hard_negative_mined,bsc,0,ratio_25,2,6,0.0026311897672712803,0.9492552876472473
bsc_token_hub_2022,bsc_token_hub_2022__hn050,bsc_token_hub_2022,hard_negative_mined,bsc,0,ratio_25,1,2,0.0006577605381608009,0.9492552876472473
bsc_token_hub_2022,bsc_token_hub_2022__hn051,bsc_token_hub_2022,hard_negative_mined,bsc,0,ratio_25,1,1,0.00027871012571267784,0.9492552876472473
bsc_token_hub_2022,bsc_token_hub_2022__hn052,bsc_token_hub_2022,hard_negative_mined,bsc,0,ratio_25,1,1,0.0006577605381608009,0.9492552876472473
bsc_token_hub_2022,bsc_token_hub_2022__hn053,bsc_token_hub_2022,hard_negative_mined,bsc,0,ratio_25,1,1,0.00027871012571267784,0.9492552876472473
bsc_token_hub_2022,bsc_token_hub_2022__hn054,bsc_token_hub_2022,hard_negative_mined,bsc,0,ratio_25,1,1,0.00028969396953471005,0.9492552876472473
bsc_token_hub_2022,bsc_token_hub_2022__hn055,bsc_token_hub_2022,hard_negative_mined,bsc,0,ratio_25,1,3,0.00027871012571267784,0.9492552876472473
bsc_token_hub_2022,bsc_token_hub_2022__hn056,bsc_token_hub_2022,hard_negative_mined,bsc,0,ratio_25,1,1,0.00027871012571267784,0.9492552876472473
bsc_token_hub_2022,bsc_token_hub_2022__hn057,bsc_token_hub_2022,hard_negative_mined,bsc,0,ratio_25,1,1,0.00027871012571267784,0.9492552876472473
bsc_token_hub_2022,bsc_token_hub_2022__hn058,bsc_token_hub_2022,hard_negative_mined,bsc,0,ratio_25,1,1,0.00027871012571267784,0.9492552876472473
bsc_token_hub_2022,bsc_token_hub_2022__hn059,bsc_token_hub_2022,hard_negative_mined,bsc,0,ratio_25,4,14,0.00032754120184108615,0.9492552876472473
bsc_token_hub_2022,bsc_token_hub_2022__hn060,bsc_token_hub_2022,hard_negative_mined,bsc,0,ratio_25,1,1,0.00027871012571267784,0.9492552876472473
bsc_token_hub_2022,bsc_token_hub_2022__hn061,bsc_token_hub_2022,hard_negative_mined,bsc,0,ratio_25,2,6,0.0004564792907331139,0.9492552876472473
bsc_token_hub_2022,bsc_token_hub_2022__hn062,bsc_token_hub_2022,hard_negative_mined,bsc,0,ratio_25,1,2,0.000493580533657223,0.9492552876472473
bsc_token_hub_2022,bsc_token_hub_2022__hn063,bsc_token_hub_2022,hard_negative_mined,bsc,0,ratio_25,1,3,0.00027871012571267784,0.9492552876472473
bsc_token_hub_2022,bsc_token_hub_2022__hn064,bsc_token_hub_2022,hard_negative_mined,bsc,0,ratio_25,1,1,0.00027871012571267784,0.9492552876472473
bsc_token_hub_2022,bsc_token_hub_2022__hn065,bsc_token_hub_2022,hard_negative_mined,bsc,0,ratio_25,2,8,0.10255426168441772,0.9492552876472473
bsc_token_hub_2022,bsc_token_hub_2022__hn066,bsc_token_hub_2022,hard_negative_mined,bsc,0,ratio_25,2,5,0.00013236810627859086,0.9492552876472473
bsc_token_hub_2022,bsc_token_hub_2022__hn067,bsc_token_hub_2022,hard_negative_mined,bsc,0,ratio_25,1,2,0.00028969396953471005,0.9492552876472473
bsc_token_hub_2022,bsc_token_hub_2022__hn068,bsc_token_hub_2022,hard_negative_mined,bsc,0,ratio_25,1,2,0.0004264976305421442,0.9492552876472473
bsc_token_hub_2022,bsc_token_hub_2022__hn069,bsc_token_hub_2022,hard_negative_mined,bsc,0,ratio_25,1,3,0.0007611906039528549,0.9492552876472473
qbridge_qubit_2022,qbridge_qubit_2022__hn000,qbridge_qubit_2022,hard_negative_mined,bsc,0,ratio_25,1,1,0.00014548239414580166,0.5879919528961182
qbridge_qubit_2022,qbridge_qubit_2022__hn001,qbridge_qubit_2022,hard_negative_mined,bsc,0,ratio_25,115,458,0.0005683776107616723,0.5879919528961182
qbridge_qubit_2022,qbridge_qubit_2022__hn002,qbridge_qubit_2022,hard_negative_mined,bsc,0,ratio_25,1,3,0.00010377383296145126,0.5879919528961182
qbridge_qubit_2022,qbridge_qubit_2022__hn003,qbridge_qubit_2022,hard_negative_mined,bsc,0,ratio_25,1,1,6.336434307741001e-05,0.5879919528961182
qbridge_qubit_2022,qbridge_qubit_2022__hn004,qbridge_qubit_2022,hard_negative_mined,bsc,0,ratio_25,1,3,6.336434307741001e-05,0.5879919528961182
qbridge_qubit_2022,qbridge_qubit_2022__hn005,qbridge_qubit_2022,hard_negative_mined,bsc,0,ratio_25,1,3,0.00013734717504121363,0.5879919528961182
qbridge_qubit_2022,qbridge_qubit_2022__hn006,qbridge_qubit_2022,hard_negative_mined,bsc,0,ratio_25,1,2,6.336434307741001e-05,0.5879919528961182
qbridge_qubit_2022,qbridge_qubit_2022__hn007,qbridge_qubit_2022,hard_negative_mined,bsc,0,ratio_25,1,2,6.336434307741001e-05,0.5879919528961182
qbridge_qubit_2022,qbridge_qubit_2022__hn008,qbridge_qubit_2022,hard_negative_mined,bsc,0,ratio_25,2,7,0.0002541047870181501,0.5879919528961182
qbridge_qubit_2022,qbridge_qubit_2022__hn009,qbridge_qubit_2022,hard_negative_mined,bsc,0,ratio_25,215,858,0.0005683776107616723,0.5879919528961182
qbridge_qubit_2022,qbridge_qubit_2022__hn010,qbridge_qubit_2022,hard_negative_mined,bsc,0,ratio_25,44,176,0.0006575687439180911,0.5879919528961182
qbridge_qubit_2022,qbridge_qubit_2022__hn011,qbridge_qubit_2022,hard_negative_mined,bsc,0,ratio_25,194,773,0.0005287910462357104,0.5879919528961182
qbridge_qubit_2022,qbridge_qubit_2022__hn012,qbridge_qubit_2022,hard_negative_mined,bsc,0,ratio_25,1,4,0.006508569698780775,0.5879919528961182
qbridge_qubit_2022,qbridge_qubit_2022__hn013,qbridge_qubit_2022,hard_negative_mined,bsc,0,ratio_25,131,521,9.977454465115443e-05,0.5879919528961182
qbridge_qubit_2022,qbridge_qubit_2022__hn014,qbridge_qubit_2022,hard_negative_mined,bsc,0,ratio_25,3,11,0.01191314123570919,0.5879919528961182
qbridge_qubit_2022,qbridge_qubit_2022__hn015,qbridge_qubit_2022,hard_negative_mined,bsc,0,ratio_25,6,23,0.0017705465434119105,0.5879919528961182
qbridge_qubit_2022,qbridge_qubit_2022__hn016,qbridge_qubit_2022,hard_negative_mined,bsc,0,ratio_25,1,4,0.00765236746519804,0.5879919528961182
qbridge_qubit_2022,qbridge_qubit_2022__hn017,qbridge_qubit_2022,hard_negative_mined,bsc,0,ratio_25,1,2,6.336434307741001e-05,0.5879919528961182
qbridge_qubit_2022,qbridge_qubit_2022__hn018,qbridge_qubit_2022,hard_negative_mined,bsc,0,ratio_25,1,2,0.00014548239414580166,0.5879919528961182
qbridge_qubit_2022,qbridge_qubit_2022__hn019,qbridge_qubit_2022,hard_negative_mined,bsc,0,ratio_25,1,1,6.336434307741001e-05,0.5879919528961182
qbridge_qubit_2022,qbridge_qubit_2022__hn020,qbridge_qubit_2022,hard_negative_mined,bsc,0,ratio_25,1,3,0.00010377383296145126,0.5879919528961182
qbridge_qubit_2022,qbridge_qubit_2022__hn021,qbridge_qubit_2022,hard_negative_mined,bsc,0,ratio_25,3,12,0.9870631098747253,0.5879919528961182
qbridge_qubit_2022,qbridge_qubit_2022__hn022,qbridge_qubit_2022,hard_negative_mined,bsc,0,ratio_25,20,77,0.05990618094801903,0.5879919528961182
qbridge_qubit_2022,qbridge_qubit_2022__hn023,qbridge_qubit_2022,hard_negative_mined,bsc,0,ratio_25,64,253,0.001424785703420639,0.5879919528961182
qbridge_qubit_2022,qbridge_qubit_2022__hn024,qbridge_qubit_2022,hard_negative_mined,bsc,0,ratio_25,1,2,6.336434307741001e-05,0.5879919528961182
qbridge_qubit_2022,qbridge_qubit_2022__hn025,qbridge_qubit_2022,hard_negative_mined,bsc,0,ratio_25,11,43,0.0010406168876215816,0.5879919528961182
qbridge_qubit_2022,qbridge_qubit_2022__hn026,qbridge_qubit_2022,hard_negative_mined,bsc,0,ratio_25,1,1,6.336434307741001e-05,0.5879919528961182
qbridge_qubit_2022,qbridge_qubit_2022__hn027,qbridge_qubit_2022,hard_negative_mined,bsc,0,ratio_25,1,3,0.00013734717504121363,0.5879919528961182
qbridge_qubit_2022,qbridge_qubit_2022__hn028,qbridge_qubit_2022,hard_negative_mined,bsc,0,ratio_25,2,8,0.00469115749001503,0.5879919528961182
qbridge_qubit_2022,qbridge_qubit_2022__hn029,qbridge_qubit_2022,hard_negative_mined,bsc,0,ratio_25,1,3,6.336434307741001e-05,0.5879919528961182
qbridge_qubit_2022,qbridge_qubit_2022__hn030,qbridge_qubit_2022,hard_negative_mined,bsc,0,ratio_25,1,1,0.00010377383296145126,0.5879919528961182
qbridge_qubit_2022,qbridge_qubit_2022__hn031,qbridge_qubit_2022,hard_negative_mined,bsc,0,ratio_25,1,2,0.00010377383296145126,0.5879919528961182
qbridge_qubit_2022,qbridge_qubit_2022__hn032,qbridge_qubit_2022,hard_negative_mined,bsc,0,ratio_25,15,58,0.4633250832557678,0.5879919528961182
qbridge_qubit_2022,qbridge_qubit_2022__hn033,qbridge_qubit_2022,hard_negative_mined,bsc,0,ratio_25,23,89,0.0001394875580444932,0.5879919528961182
qbridge_qubit_2022,qbridge_qubit_2022__hn034,qbridge_qubit_2022,hard_negative_mined,bsc,0,ratio_25,1,1,6.711784226354212e-05,0.5879919528961182
feg_bridge_2024,feg_bridge_2024__hn000,feg_bridge_2024,hard_negative_mined,eth,0,ratio_25,1,1,0.00022004441416356713,0.786952793598175
feg_bridge_2024,feg_bridge_2024__hn001,feg_bridge_2024,hard_negative_mined,eth,0,ratio_25,1,1,0.00022004441416356713,0.786952793598175
feg_bridge_2024,feg_bridge_2024__hn002,feg_bridge_2024,hard_negative_mined,eth,0,ratio_25,1,1,0.00022004441416356713,0.786952793598175
feg_bridge_2024,feg_bridge_2024__hn003,feg_bridge_2024,hard_negative_mined,eth,0,ratio_25,1,2,0.00022004441416356713,0.786952793598175
feg_bridge_2024,feg_bridge_2024__hn004,feg_bridge_2024,hard_negative_mined,eth,0,ratio_25,1,1,0.00022004441416356713,0.786952793598175
feg_bridge_2024,feg_bridge_2024__hn005,feg_bridge_2024,hard_negative_mined,eth,0,ratio_25,1,1,0.0009920368902385235,0.786952793598175
feg_bridge_2024,feg_bridge_2024__hn006,feg_bridge_2024,hard_negative_mined,eth,0,ratio_25,1,1,0.0009920368902385235,0.786952793598175
feg_bridge_2024,feg_bridge_2024__hn007,feg_bridge_2024,hard_negative_mined,eth,0,ratio_25,1,1,0.00022004441416356713,0.786952793598175
feg_bridge_2024,feg_bridge_2024__hn008,feg_bridge_2024,hard_negative_mined,eth,0,ratio_25,1,1,0.0009920368902385235,0.786952793598175
feg_bridge_2024,feg_bridge_2024__hn009,feg_bridge_2024,hard_negative_mined,eth,0,ratio_25,1,1,0.00022004441416356713,0.786952793598175
feg_bridge_2024,feg_bridge_2024__hn010,feg_bridge_2024,hard_negative_mined,eth,0,ratio_25,1,1,0.00022004441416356713,0.786952793598175
feg_bridge_2024,feg_bridge_2024__hn011,feg_bridge_2024,hard_negative_mined,eth,0,ratio_25,1,1,0.00022004441416356713,0.786952793598175
feg_bridge_2024,feg_bridge_2024__hn012,feg_bridge_2024,hard_negative_mined,eth,0,ratio_25,1,1,0.0009920368902385235,0.786952793598175
feg_bridge_2024,feg_bridge_2024__hn013,feg_bridge_2024,hard_negative_mined,eth,0,ratio_25,1,1,0.00022004441416356713,0.786952793598175
feg_bridge_2024,feg_bridge_2024__hn014,feg_bridge_2024,hard_negative_mined,eth,0,ratio_25,1,1,0.00022004441416356713,0.786952793598175
feg_bridge_2024,feg_bridge_2024__hn015,feg_bridge_2024,hard_negative_mined,eth,0,ratio_25,1,1,0.00022004441416356713,0.786952793598175
feg_bridge_2024,feg_bridge_2024__hn016,feg_bridge_2024,hard_negative_mined,eth,0,ratio_25,1,1,0.00022004441416356713,0.786952793598175
feg_bridge_2024,feg_bridge_2024__hn017,feg_bridge_2024,hard_negative_mined,eth,0,ratio_25,1,1,0.0009920368902385235,0.786952793598175
feg_bridge_2024,feg_bridge_2024__hn018,feg_bridge_2024,hard_negative_mined,eth,0,ratio_25,1,1,0.0009920368902385235,0.786952793598175
feg_bridge_2024,feg_bridge_2024__hn019,feg_bridge_2024,hard_negative_mined,eth,0,ratio_25,1,1,0.00022004441416356713,0.786952793598175
feg_bridge_2024,feg_bridge_2024__hn020,feg_bridge_2024,hard_negative_mined,eth,0,ratio_25,1,1,0.0009920368902385235,0.786952793598175
feg_bridge_2024,feg_bridge_2024__hn021,feg_bridge_2024,hard_negative_mined,eth,0,ratio_25,1,1,0.00022004441416356713,0.786952793598175
feg_bridge_2024,feg_bridge_2024__hn022,feg_bridge_2024,hard_negative_mined,eth,0,ratio_25,1,1,0.00022004441416356713,0.786952793598175
feg_bridge_2024,feg_bridge_2024__hn023,feg_bridge_2024,hard_negative_mined,eth,0,ratio_25,1,1,0.00022004441416356713,0.786952793598175
feg_bridge_2024,feg_bridge_2024__hn024,feg_bridge_2024,hard_negative_mined,eth,0,ratio_25,1,1,0.00022004441416356713,0.786952793598175
feg_bridge_2024,feg_bridge_2024__hn025,feg_bridge_2024,hard_negative_mined,eth,0,ratio_25,1,1,0.00022004441416356713,0.786952793598175
feg_bridge_2024,feg_bridge_2024__hn027,feg_bridge_2024,hard_negative_mined,eth,0,ratio_25,1,1,0.00022004441416356713,0.786952793598175
feg_bridge_2024,feg_bridge_2024__hn028,feg_bridge_2024,hard_negative_mined,eth,0,ratio_25,1,1,0.00022004441416356713,0.786952793598175
feg_bridge_2024,feg_bridge_2024__hn029,feg_bridge_2024,hard_negative_mined,eth,0,ratio_25,1,1,0.00022004441416356713,0.786952793598175
feg_bridge_2024,feg_bridge_2024__hn030,feg_bridge_2024,hard_negative_mined,eth,0,ratio_25,1,1,0.00022004441416356713,0.786952793598175
feg_bridge_2024,feg_bridge_2024__hn031,feg_bridge_2024,hard_negative_mined,eth,0,ratio_25,1,1,0.00022004441416356713,0.786952793598175
chibi_finance_2023,chibi_finance_2023__hn000,chibi_finance_2023,hard_negative_mined,arbitrum,0,ratio_25,1,1,0.00026620287098921835,0.7662532329559326
chibi_finance_2023,chibi_finance_2023__hn001,chibi_finance_2023,hard_negative_mined,arbitrum,0,ratio_25,1,1,0.00026620287098921835,0.7662532329559326
chibi_finance_2023,chibi_finance_2023__hn002,chibi_finance_2023,hard_negative_mined,arbitrum,0,ratio_25,1,3,0.00026620287098921835,0.7662532329559326
chibi_finance_2023,chibi_finance_2023__hn003,chibi_finance_2023,hard_negative_mined,arbitrum,0,ratio_25,1,1,0.00026620287098921835,0.7662532329559326
chibi_finance_2023,chibi_finance_2023__hn004,chibi_finance_2023,hard_negative_mined,arbitrum,0,ratio_25,2,8,0.0009191498393192887,0.7662532329559326
chibi_finance_2023,chibi_finance_2023__hn005,chibi_finance_2023,hard_negative_mined,arbitrum,0,ratio_25,1,1,0.00026620287098921835,0.7662532329559326
chibi_finance_2023,chibi_finance_2023__hn006,chibi_finance_2023,hard_negative_mined,arbitrum,0,ratio_25,1,2,0.00026620287098921835,0.7662532329559326
chibi_finance_2023,chibi_finance_2023__hn007,chibi_finance_2023,hard_negative_mined,arbitrum,0,ratio_25,1,2,0.00026620287098921835,0.7662532329559326
chibi_finance_2023,chibi_finance_2023__hn008,chibi_finance_2023,hard_negative_mined,arbitrum,0,ratio_25,1,1,0.00026620287098921835,0.7662532329559326
chibi_finance_2023,chibi_finance_2023__hn009,chibi_finance_2023,hard_negative_mined,arbitrum,0,ratio_25,1,2,0.00026620287098921835,0.7662532329559326
chibi_finance_2023,chibi_finance_2023__hn010,chibi_finance_2023,hard_negative_mined,arbitrum,0,ratio_25,1,2,0.00026620287098921835,0.7662532329559326
chibi_finance_2023,chibi_finance_2023__hn011,chibi_finance_2023,hard_negative_mined,arbitrum,0,ratio_25,1,2,0.00026620287098921835,0.7662532329559326
chibi_finance_2023,chibi_finance_2023__hn012,chibi_finance_2023,hard_negative_mined,arbitrum,0,ratio_25,1,1,0.00026620287098921835,0.7662532329559326
chibi_finance_2023,chibi_finance_2023__hn013,chibi_finance_2023,hard_negative_mined,arbitrum,0,ratio_25,1,2,0.00026620287098921835,0.7662532329559326
chibi_finance_2023,chibi_finance_2023__hn014,chibi_finance_2023,hard_negative_mined,arbitrum,0,ratio_25,1,1,0.00026620287098921835,0.7662532329559326
chibi_finance_2023,chibi_finance_2023__hn015,chibi_finance_2023,hard_negative_mined,arbitrum,0,ratio_25,2,6,0.00019984324171673506,0.7662532329559326
chibi_finance_2023,chibi_finance_2023__hn016,chibi_finance_2023,hard_negative_mined,arbitrum,0,ratio_25,1,1,0.00026620287098921835,0.7662532329559326
chibi_finance_2023,chibi_finance_2023__hn017,chibi_finance_2023,hard_negative_mined,arbitrum,0,ratio_25,1,1,0.00026620287098921835,0.7662532329559326
chibi_finance_2023,chibi_finance_2023__hn018,chibi_finance_2023,hard_negative_mined,arbitrum,0,ratio_25,1,2,0.00026620287098921835,0.7662532329559326
chibi_finance_2023,chibi_finance_2023__hn019,chibi_finance_2023,hard_negative_mined,arbitrum,0,ratio_25,1,1,0.00026620287098921835,0.7662532329559326
chibi_finance_2023,chibi_finance_2023__hn020,chibi_finance_2023,hard_negative_mined,arbitrum,0,ratio_25,1,1,0.00026620287098921835,0.7662532329559326
chibi_finance_2023,chibi_finance_2023__hn021,chibi_finance_2023,hard_negative_mined,arbitrum,0,ratio_25,1,1,0.00026620287098921835,0.7662532329559326
chibi_finance_2023,chibi_finance_2023__hn022,chibi_finance_2023,hard_negative_mined,arbitrum,0,ratio_25,1,1,0.00026620287098921835,0.7662532329559326
chibi_finance_2023,chibi_finance_2023__hn023,chibi_finance_2023,hard_negative_mined,arbitrum,0,ratio_25,1,1,0.00026620287098921835,0.7662532329559326
chibi_finance_2023,chibi_finance_2023__hn024,chibi_finance_2023,hard_negative_mined,arbitrum,0,ratio_25,1,1,0.00026620287098921835,0.7662532329559326
wooppv2_2024,wooppv2_2024__hn000,wooppv2_2024,hard_negative_mined,arbitrum,0,ratio_25,1,1,0.00030820403480902314,0.1248798817396164
wooppv2_2024,wooppv2_2024__hn001,wooppv2_2024,hard_negative_mined,arbitrum,0,ratio_25,2,5,0.0005363310920074582,0.1248798817396164
wooppv2_2024,wooppv2_2024__hn002,wooppv2_2024,hard_negative_mined,arbitrum,0,ratio_25,1,3,0.00030820403480902314,0.1248798817396164
wooppv2_2024,wooppv2_2024__hn003,wooppv2_2024,hard_negative_mined,arbitrum,0,ratio_25,1,3,0.00030820403480902314,0.1248798817396164
wooppv2_2024,wooppv2_2024__hn004,wooppv2_2024,hard_negative_mined,arbitrum,0,ratio_25,1,1,0.00030820403480902314,0.1248798817396164
wooppv2_2024,wooppv2_2024__hn005,wooppv2_2024,hard_negative_mined,arbitrum,0,ratio_25,1,3,0.00030820403480902314,0.1248798817396164
wooppv2_2024,wooppv2_2024__hn006,wooppv2_2024,hard_negative_mined,arbitrum,0,ratio_25,1,1,0.00030820403480902314,0.1248798817396164
wooppv2_2024,wooppv2_2024__hn007,wooppv2_2024,hard_negative_mined,arbitrum,0,ratio_25,1,1,0.00030820403480902314,0.1248798817396164
wooppv2_2024,wooppv2_2024__hn008,wooppv2_2024,hard_negative_mined,arbitrum,0,ratio_25,1,1,0.00030820403480902314,0.1248798817396164
wooppv2_2024,wooppv2_2024__hn009,wooppv2_2024,hard_negative_mined,arbitrum,0,ratio_25,1,1,0.00030820403480902314,0.1248798817396164
wooppv2_2024,wooppv2_2024__hn010,wooppv2_2024,hard_negative_mined,arbitrum,0,ratio_25,1,1,0.00030820403480902314,0.1248798817396164
wooppv2_2024,wooppv2_2024__hn011,wooppv2_2024,hard_negative_mined,arbitrum,0,ratio_25,1,1,0.00030820403480902314,0.1248798817396164
wooppv2_2024,wooppv2_2024__hn012,wooppv2_2024,hard_negative_mined,arbitrum,0,ratio_25,1,1,0.00030820403480902314,0.1248798817396164
wooppv2_2024,wooppv2_2024__hn013,wooppv2_2024,hard_negative_mined,arbitrum,0,ratio_25,1,1,0.00030820403480902314,0.1248798817396164
wooppv2_2024,wooppv2_2024__hn014,wooppv2_2024,hard_negative_mined,arbitrum,0,ratio_25,1,1,0.00030820403480902314,0.1248798817396164
wooppv2_2024,wooppv2_2024__hn015,wooppv2_2024,hard_negative_mined,arbitrum,0,ratio_25,2,6,0.00014179183926898986,0.1248798817396164
wooppv2_2024,wooppv2_2024__hn016,wooppv2_2024,hard_negative_mined,arbitrum,0,ratio_25,1,1,0.00030820403480902314,0.1248798817396164
wooppv2_2024,wooppv2_2024__hn017,wooppv2_2024,hard_negative_mined,arbitrum,0,ratio_25,1,1,0.00030820403480902314,0.1248798817396164
wooppv2_2024,wooppv2_2024__hn018,wooppv2_2024,hard_negative_mined,arbitrum,0,ratio_25,1,1,0.00030820403480902314,0.1248798817396164
wooppv2_2024,wooppv2_2024__hn019,wooppv2_2024,hard_negative_mined,arbitrum,0,ratio_25,1,1,0.00030820403480902314,0.1248798817396164
wooppv2_2024,wooppv2_2024__hn020,wooppv2_2024,hard_negative_mined,arbitrum,0,ratio_25,1,1,0.00030820403480902314,0.1248798817396164
wooppv2_2024,wooppv2_2024__hn021,wooppv2_2024,hard_negative_mined,arbitrum,0,ratio_25,1,1,0.00030820403480902314,0.1248798817396164
wooppv2_2024,wooppv2_2024__hn022,wooppv2_2024,hard_negative_mined,arbitrum,0,ratio_25,1,1,0.00030820403480902314,0.1248798817396164
wooppv2_2024,wooppv2_2024__hn023,wooppv2_2024,hard_negative_mined,arbitrum,0,ratio_25,1,1,0.00030820403480902314,0.1248798817396164
wooppv2_2024,wooppv2_2024__hn024,wooppv2_2024,hard_negative_mined,arbitrum,0,ratio_25,1,1,0.00030820403480902314,0.1248798817396164
utopiasphere_2024,utopiasphere_2024__hn000,utopiasphere_2024,hard_negative_mined,bsc,0,ratio_25,1,3,0.00025843727053143084,0.9007217288017273
utopiasphere_2024,utopiasphere_2024__hn001,utopiasphere_2024,hard_negative_mined,bsc,0,ratio_25,58,229,0.00012355411308817565,0.9007217288017273
utopiasphere_2024,utopiasphere_2024__hn002,utopiasphere_2024,hard_negative_mined,bsc,0,ratio_25,1,1,0.00025843727053143084,0.9007217288017273
utopiasphere_2024,utopiasphere_2024__hn003,utopiasphere_2024,hard_negative_mined,bsc,0,ratio_25,1,1,0.00025843727053143084,0.9007217288017273
utopiasphere_2024,utopiasphere_2024__hn004,utopiasphere_2024,hard_negative_mined,bsc,0,ratio_25,2,6,0.0009694586042314768,0.9007217288017273
utopiasphere_2024,utopiasphere_2024__hn005,utopiasphere_2024,hard_negative_mined,bsc,0,ratio_25,1,1,0.00025843727053143084,0.9007217288017273
utopiasphere_2024,utopiasphere_2024__hn006,utopiasphere_2024,hard_negative_mined,bsc,0,ratio_25,1,1,0.00025843727053143084,0.9007217288017273
utopiasphere_2024,utopiasphere_2024__hn007,utopiasphere_2024,hard_negative_mined,bsc,0,ratio_25,1,1,0.00025843727053143084,0.9007217288017273
utopiasphere_2024,utopiasphere_2024__hn008,utopiasphere_2024,hard_negative_mined,bsc,0,ratio_25,1,3,0.00025843727053143084,0.9007217288017273
utopiasphere_2024,utopiasphere_2024__hn009,utopiasphere_2024,hard_negative_mined,bsc,0,ratio_25,1,3,0.00025843727053143084,0.9007217288017273
utopiasphere_2024,utopiasphere_2024__hn010,utopiasphere_2024,hard_negative_mined,bsc,0,ratio_25,1,1,0.00025843727053143084,0.9007217288017273
utopiasphere_2024,utopiasphere_2024__hn011,utopiasphere_2024,hard_negative_mined,bsc,0,ratio_25,1,1,0.00025843727053143084,0.9007217288017273
utopiasphere_2024,utopiasphere_2024__hn012,utopiasphere_2024,hard_negative_mined,bsc,0,ratio_25,1,1,0.00025843727053143084,0.9007217288017273
utopiasphere_2024,utopiasphere_2024__hn014,utopiasphere_2024,hard_negative_mined,bsc,0,ratio_25,1,1,0.00025843727053143084,0.9007217288017273
utopiasphere_2024,utopiasphere_2024__hn015,utopiasphere_2024,hard_negative_mined,bsc,0,ratio_25,1,1,0.00025843727053143084,0.9007217288017273
utopiasphere_2024,utopiasphere_2024__hn016,utopiasphere_2024,hard_negative_mined,bsc,0,ratio_25,1,1,0.00025843727053143084,0.9007217288017273
utopiasphere_2024,utopiasphere_2024__hn017,utopiasphere_2024,hard_negative_mined,bsc,0,ratio_25,2,6,0.00046214452595449984,0.9007217288017273
utopiasphere_2024,utopiasphere_2024__hn018,utopiasphere_2024,hard_negative_mined,bsc,0,ratio_25,1,2,0.00025843727053143084,0.9007217288017273
utopiasphere_2024,utopiasphere_2024__hn019,utopiasphere_2024,hard_negative_mined,bsc,0,ratio_25,1,1,0.00025843727053143084,0.9007217288017273
utopiasphere_2024,utopiasphere_2024__hn020,utopiasphere_2024,hard_negative_mined,bsc,0,ratio_25,1,3,0.00025843727053143084,0.9007217288017273
utopiasphere_2024,utopiasphere_2024__hn021,utopiasphere_2024,hard_negative_mined,bsc,0,ratio_25,1,1,0.00025843727053143084,0.9007217288017273
utopiasphere_2024,utopiasphere_2024__hn022,utopiasphere_2024,hard_negative_mined,bsc,0,ratio_25,1,2,0.00025843727053143084,0.9007217288017273
utopiasphere_2024,utopiasphere_2024__hn024,utopiasphere_2024,hard_negative_mined,bsc,0,ratio_25,1,2,0.00025843727053143084,0.9007217288017273
xkingdom_2024,xkingdom_2024__hn000,xkingdom_2024,hard_negative_mined,arbitrum,0,ratio_25,1,2,0.00023826825781725347,0.9581395983695984
xkingdom_2024,xkingdom_2024__hn001,xkingdom_2024,hard_negative_mined,arbitrum,0,ratio_25,1,2,0.00023826825781725347,0.9581395983695984
xkingdom_2024,xkingdom_2024__hn002,xkingdom_2024,hard_negative_mined,arbitrum,0,ratio_25,1,3,0.00023826825781725347,0.9581395983695984
xkingdom_2024,xkingdom_2024__hn003,xkingdom_2024,hard_negative_mined,arbitrum,0,ratio_25,1,1,0.00023826825781725347,0.9581395983695984
xkingdom_2024,xkingdom_2024__hn004,xkingdom_2024,hard_negative_mined,arbitrum,0,ratio_25,1,1,0.00023826825781725347,0.9581395983695984
xkingdom_2024,xkingdom_2024__hn005,xkingdom_2024,hard_negative_mined,arbitrum,0,ratio_25,1,3,0.00023826825781725347,0.9581395983695984
xkingdom_2024,xkingdom_2024__hn006,xkingdom_2024,hard_negative_mined,arbitrum,0,ratio_25,1,1,0.00023826825781725347,0.9581395983695984
xkingdom_2024,xkingdom_2024__hn007,xkingdom_2024,hard_negative_mined,arbitrum,0,ratio_25,1,1,0.00023826825781725347,0.9581395983695984
xkingdom_2024,xkingdom_2024__hn008,xkingdom_2024,hard_negative_mined,arbitrum,0,ratio_25,1,1,0.00023826825781725347,0.9581395983695984
xkingdom_2024,xkingdom_2024__hn009,xkingdom_2024,hard_negative_mined,arbitrum,0,ratio_25,1,2,0.00023826825781725347,0.9581395983695984
xkingdom_2024,xkingdom_2024__hn010,xkingdom_2024,hard_negative_mined,arbitrum,0,ratio_25,1,3,0.00023826825781725347,0.9581395983695984
xkingdom_2024,xkingdom_2024__hn011,xkingdom_2024,hard_negative_mined,arbitrum,0,ratio_25,1,1,0.00022166012786328793,0.9581395983695984
xkingdom_2024,xkingdom_2024__hn012,xkingdom_2024,hard_negative_mined,arbitrum,0,ratio_25,1,2,0.00023826825781725347,0.9581395983695984
xkingdom_2024,xkingdom_2024__hn013,xkingdom_2024,hard_negative_mined,arbitrum,0,ratio_25,1,3,0.00023826825781725347,0.9581395983695984
xkingdom_2024,xkingdom_2024__hn014,xkingdom_2024,hard_negative_mined,arbitrum,0,ratio_25,1,1,0.00023826825781725347,0.9581395983695984
xkingdom_2024,xkingdom_2024__hn015,xkingdom_2024,hard_negative_mined,arbitrum,0,ratio_25,1,1,0.00023826825781725347,0.9581395983695984
xkingdom_2024,xkingdom_2024__hn016,xkingdom_2024,hard_negative_mined,arbitrum,0,ratio_25,1,1,0.00023826825781725347,0.9581395983695984
xkingdom_2024,xkingdom_2024__hn017,xkingdom_2024,hard_negative_mined,arbitrum,0,ratio_25,1,3,0.00023826825781725347,0.9581395983695984
xkingdom_2024,xkingdom_2024__hn018,xkingdom_2024,hard_negative_mined,arbitrum,0,ratio_25,1,1,0.00023826825781725347,0.9581395983695984
xkingdom_2024,xkingdom_2024__hn019,xkingdom_2024,hard_negative_mined,arbitrum,0,ratio_25,1,1,0.00023826825781725347,0.9581395983695984
xkingdom_2024,xkingdom_2024__hn020,xkingdom_2024,hard_negative_mined,arbitrum,0,ratio_25,1,3,0.00023826825781725347,0.9581395983695984
xkingdom_2024,xkingdom_2024__hn021,xkingdom_2024,hard_negative_mined,arbitrum,0,ratio_25,1,3,0.00023826825781725347,0.9581395983695984
wault_finance_2021,wault_finance_2021__hn000,wault_finance_2021,hard_negative_mined,bsc,0,ratio_25,113,449,0.00023079811944626272,0.7839475274085999
wault_finance_2021,wault_finance_2021__hn001,wault_finance_2021,hard_negative_mined,bsc,0,ratio_25,89,353,0.00695393979549408,0.7839475274085999
wault_finance_2021,wault_finance_2021__hn002,wault_finance_2021,hard_negative_mined,bsc,0,ratio_25,1,1,0.00042163353646174073,0.7839475274085999
wault_finance_2021,wault_finance_2021__hn003,wault_finance_2021,hard_negative_mined,bsc,0,ratio_25,213,850,0.0018135312711820006,0.7839475274085999
wault_finance_2021,wault_finance_2021__hn004,wault_finance_2021,hard_negative_mined,bsc,0,ratio_25,110,439,0.0005897405790165067,0.7839475274085999
wault_finance_2021,wault_finance_2021__hn005,wault_finance_2021,hard_negative_mined,bsc,0,ratio_25,1,1,0.0001959584915312007,0.7839475274085999
wault_finance_2021,wault_finance_2021__hn006,wault_finance_2021,hard_negative_mined,bsc,0,ratio_25,250,1000,0.0008430458838120103,0.7839475274085999
wault_finance_2021,wault_finance_2021__hn007,wault_finance_2021,hard_negative_mined,bsc,0,ratio_25,3,9,0.0056876190938055515,0.7839475274085999
wault_finance_2021,wault_finance_2021__hn008,wault_finance_2021,hard_negative_mined,bsc,0,ratio_25,1,3,0.0001959584915312007,0.7839475274085999
wault_finance_2021,wault_finance_2021__hn009,wault_finance_2021,hard_negative_mined,bsc,0,ratio_25,2,6,0.0016675726510584354,0.7839475274085999
wault_finance_2021,wault_finance_2021__hn010,wault_finance_2021,hard_negative_mined,bsc,0,ratio_25,2,7,0.0007904687663540244,0.7839475274085999
wault_finance_2021,wault_finance_2021__hn011,wault_finance_2021,hard_negative_mined,bsc,0,ratio_25,12,46,0.004622342996299267,0.7839475274085999
wault_finance_2021,wault_finance_2021__hn012,wault_finance_2021,hard_negative_mined,bsc,0,ratio_25,4,13,0.0017320712795481086,0.7839475274085999
wault_finance_2021,wault_finance_2021__hn013,wault_finance_2021,hard_negative_mined,bsc,0,ratio_25,1,1,0.0001959584915312007,0.7839475274085999
wault_finance_2021,wault_finance_2021__hn014,wault_finance_2021,hard_negative_mined,bsc,0,ratio_25,2,7,0.02024206332862377,0.7839475274085999
wault_finance_2021,wault_finance_2021__hn015,wault_finance_2021,hard_negative_mined,bsc,0,ratio_25,1,2,0.0001959584915312007,0.7839475274085999
wault_finance_2021,wault_finance_2021__hn016,wault_finance_2021,hard_negative_mined,bsc,0,ratio_25,250,997,0.0014433764154091477,0.7839475274085999
wault_finance_2021,wault_finance_2021__hn017,wault_finance_2021,hard_negative_mined,bsc,0,ratio_25,1,3,0.0006106461514718831,0.7839475274085999
wault_finance_2021,wault_finance_2021__hn018,wault_finance_2021,hard_negative_mined,bsc,0,ratio_25,2,7,0.010178657248616219,0.7839475274085999
wault_finance_2021,wault_finance_2021__hn019,wault_finance_2021,hard_negative_mined,bsc,0,ratio_25,2,6,0.02852451428771019,0.7839475274085999
wault_finance_2021,wault_finance_2021__hn020,wault_finance_2021,hard_negative_mined,bsc,0,ratio_25,1,1,0.0001959584915312007,0.7839475274085999
wault_finance_2021,wault_finance_2021__hn021,wault_finance_2021,hard_negative_mined,bsc,0,ratio_25,1,3,0.0001959584915312007,0.7839475274085999
paraluni_2022,paraluni_2022__hn000,paraluni_2022,hard_negative_mined,bsc,0,ratio_25,1,4,0.0005116715910844505,0.30997219681739807
paraluni_2022,paraluni_2022__hn001,paraluni_2022,hard_negative_mined,bsc,0,ratio_25,250,1000,0.007780742831528187,0.30997219681739807
paraluni_2022,paraluni_2022__hn002,paraluni_2022,hard_negative_mined,bsc,0,ratio_25,140,560,0.0015204265946522355,0.30997219681739807
paraluni_2022,paraluni_2022__hn003,paraluni_2022,hard_negative_mined,bsc,0,ratio_25,1,1,0.0006001295987516642,0.30997219681739807
paraluni_2022,paraluni_2022__hn004,paraluni_2022,hard_negative_mined,bsc,0,ratio_25,1,4,0.0024580643512308598,0.30997219681739807
paraluni_2022,paraluni_2022__hn005,paraluni_2022,hard_negative_mined,bsc,0,ratio_25,27,108,0.003175475401803851,0.30997219681739807
paraluni_2022,paraluni_2022__hn006,paraluni_2022,hard_negative_mined,bsc,0,ratio_25,4,15,0.6554877161979675,0.30997219681739807
paraluni_2022,paraluni_2022__hn007,paraluni_2022,hard_negative_mined,bsc,0,ratio_25,4,13,0.006415868643671274,0.30997219681739807
paraluni_2022,paraluni_2022__hn008,paraluni_2022,hard_negative_mined,bsc,0,ratio_25,1,4,0.0019822583999484777,0.30997219681739807
paraluni_2022,paraluni_2022__hn009,paraluni_2022,hard_negative_mined,bsc,0,ratio_25,84,334,0.00010920366912614554,0.30997219681739807
paraluni_2022,paraluni_2022__hn010,paraluni_2022,hard_negative_mined,bsc,0,ratio_25,1,1,0.0006001295987516642,0.30997219681739807
paraluni_2022,paraluni_2022__hn011,paraluni_2022,hard_negative_mined,bsc,0,ratio_25,2,6,0.004046059213578701,0.30997219681739807
paraluni_2022,paraluni_2022__hn012,paraluni_2022,hard_negative_mined,bsc,0,ratio_25,7,27,0.006420374847948551,0.30997219681739807
paraluni_2022,paraluni_2022__hn013,paraluni_2022,hard_negative_mined,bsc,0,ratio_25,4,13,0.12400878220796585,0.30997219681739807
paraluni_2022,paraluni_2022__hn014,paraluni_2022,hard_negative_mined,bsc,0,ratio_25,55,219,0.009842985309660435,0.30997219681739807
paraluni_2022,paraluni_2022__hn015,paraluni_2022,hard_negative_mined,bsc,0,ratio_25,1,1,0.001345067168585956,0.30997219681739807
paraluni_2022,paraluni_2022__hn016,paraluni_2022,hard_negative_mined,bsc,0,ratio_25,1,2,0.001345067168585956,0.30997219681739807
paraluni_2022,paraluni_2022__hn017,paraluni_2022,hard_negative_mined,bsc,0,ratio_25,250,1000,0.0009193723089993,0.30997219681739807
paraluni_2022,paraluni_2022__hn018,paraluni_2022,hard_negative_mined,bsc,0,ratio_25,2,5,0.0027150423265993595,0.30997219681739807
paraluni_2022,paraluni_2022__hn019,paraluni_2022,hard_negative_mined,bsc,0,ratio_25,1,2,0.00036704627564176917,0.30997219681739807
paraluni_2022,paraluni_2022__hn020,paraluni_2022,hard_negative_mined,bsc,0,ratio_25,1,1,0.00036704627564176917,0.30997219681739807
paraluni_2022,paraluni_2022__hn021,paraluni_2022,hard_negative_mined,bsc,0,ratio_25,1,1,0.00036704627564176917,0.30997219681739807
radiant_capital_arbitrum_2024,radiant_capital_arbitrum_2024__hn000,radiant_capital_arbitrum_2024,hard_negative_mined,arbitrum,0,ratio_25,2,8,0.0012417406542226672,0.7941718697547913
radiant_capital_arbitrum_2024,radiant_capital_arbitrum_2024__hn001,radiant_capital_arbitrum_2024,hard_negative_mined,arbitrum,0,ratio_25,2,5,0.007775789126753807,0.7941718697547913
radiant_capital_arbitrum_2024,radiant_capital_arbitrum_2024__hn002,radiant_capital_arbitrum_2024,hard_negative_mined,arbitrum,0,ratio_25,1,1,0.0002481008996255696,0.7941718697547913
radiant_capital_arbitrum_2024,radiant_capital_arbitrum_2024__hn003,radiant_capital_arbitrum_2024,hard_negative_mined,arbitrum,0,ratio_25,6,24,0.01900486648082733,0.7941718697547913
radiant_capital_arbitrum_2024,radiant_capital_arbitrum_2024__hn004,radiant_capital_arbitrum_2024,hard_negative_mined,arbitrum,0,ratio_25,36,142,9.220528590958565e-05,0.7941718697547913
radiant_capital_arbitrum_2024,radiant_capital_arbitrum_2024__hn005,radiant_capital_arbitrum_2024,hard_negative_mined,arbitrum,0,ratio_25,1,1,0.0002481008996255696,0.7941718697547913
radiant_capital_arbitrum_2024,radiant_capital_arbitrum_2024__hn006,radiant_capital_arbitrum_2024,hard_negative_mined,arbitrum,0,ratio_25,6,22,0.026258988305926323,0.7941718697547913
radiant_capital_arbitrum_2024,radiant_capital_arbitrum_2024__hn007,radiant_capital_arbitrum_2024,hard_negative_mined,arbitrum,0,ratio_25,1,3,0.0002481008996255696,0.7941718697547913
radiant_capital_arbitrum_2024,radiant_capital_arbitrum_2024__hn008,radiant_capital_arbitrum_2024,hard_negative_mined,arbitrum,0,ratio_25,1,1,0.0002481008996255696,0.7941718697547913
radiant_capital_arbitrum_2024,radiant_capital_arbitrum_2024__hn009,radiant_capital_arbitrum_2024,hard_negative_mined,arbitrum,0,ratio_25,1,2,0.0002481008996255696,0.7941718697547913
radiant_capital_arbitrum_2024,radiant_capital_arbitrum_2024__hn010,radiant_capital_arbitrum_2024,hard_negative_mined,arbitrum,0,ratio_25,2,5,0.00020414260507095605,0.7941718697547913
radiant_capital_arbitrum_2024,radiant_capital_arbitrum_2024__hn011,radiant_capital_arbitrum_2024,hard_negative_mined,arbitrum,0,ratio_25,1,4,0.0011689355596899986,0.7941718697547913
radiant_capital_arbitrum_2024,radiant_capital_arbitrum_2024__hn012,radiant_capital_arbitrum_2024,hard_negative_mined,arbitrum,0,ratio_25,29,113,9.220528590958565e-05,0.7941718697547913
radiant_capital_arbitrum_2024,radiant_capital_arbitrum_2024__hn013,radiant_capital_arbitrum_2024,hard_negative_mined,arbitrum,0,ratio_25,1,4,0.0011689355596899986,0.7941718697547913
radiant_capital_arbitrum_2024,radiant_capital_arbitrum_2024__hn014,radiant_capital_arbitrum_2024,hard_negative_mined,arbitrum,0,ratio_25,1,3,0.0002479058166500181,0.7941718697547913
radiant_capital_arbitrum_2024,radiant_capital_arbitrum_2024__hn015,radiant_capital_arbitrum_2024,hard_negative_mined,arbitrum,0,ratio_25,1,3,0.0002481008996255696,0.7941718697547913
radiant_capital_arbitrum_2024,radiant_capital_arbitrum_2024__hn016,radiant_capital_arbitrum_2024,hard_negative_mined,arbitrum,0,ratio_25,1,1,0.0002481008996255696,0.7941718697547913
radiant_capital_arbitrum_2024,radiant_capital_arbitrum_2024__hn017,radiant_capital_arbitrum_2024,hard_negative_mined,arbitrum,0,ratio_25,1,1,0.0002479058166500181,0.7941718697547913
radiant_capital_arbitrum_2024,radiant_capital_arbitrum_2024__hn018,radiant_capital_arbitrum_2024,hard_negative_mined,arbitrum,0,ratio_25,8,30,0.004773496184498072,0.7941718697547913
radiant_capital_arbitrum_2024,radiant_capital_arbitrum_2024__hn019,radiant_capital_arbitrum_2024,hard_negative_mined,arbitrum,0,ratio_25,1,4,0.0011680168099701405,0.7941718697547913
radiant_capital_arbitrum_2024,radiant_capital_arbitrum_2024__hn020,radiant_capital_arbitrum_2024,hard_negative_mined,arbitrum,0,ratio_25,1,1,0.0002481008996255696,0.7941718697547913
radiant_capital_arbitrum_2024,radiant_capital_arbitrum_2024__hn021,radiant_capital_arbitrum_2024,hard_negative_mined,arbitrum,0,ratio_25,1,1,0.0002479058166500181,0.7941718697547913
radiant_capital_arbitrum_2024,radiant_capital_arbitrum_2024__hn022,radiant_capital_arbitrum_2024,hard_negative_mined,arbitrum,0,ratio_25,1,4,0.0011689355596899986,0.7941718697547913
radiant_capital_arbitrum_2024,radiant_capital_arbitrum_2024__hn023,radiant_capital_arbitrum_2024,hard_negative_mined,arbitrum,0,ratio_25,1,2,0.0002479058166500181,0.7941718697547913
radiant_capital_arbitrum_2024,radiant_capital_arbitrum_2024__hn024,radiant_capital_arbitrum_2024,hard_negative_mined,arbitrum,0,ratio_25,6,24,0.0010277045657858253,0.7941718697547913
magic_abracadabra_arbitrum_2025,magic_abracadabra_arbitrum_2025__hn000,magic_abracadabra_arbitrum_2025,hard_negative_mined,arbitrum,0,ratio_25,124,496,0.00040560471825301647,0.9371668696403503
magic_abracadabra_arbitrum_2025,magic_abracadabra_arbitrum_2025__hn001,magic_abracadabra_arbitrum_2025,hard_negative_mined,arbitrum,0,ratio_25,3,10,0.00030754393083043396,0.9371668696403503
magic_abracadabra_arbitrum_2025,magic_abracadabra_arbitrum_2025__hn002,magic_abracadabra_arbitrum_2025,hard_negative_mined,arbitrum,0,ratio_25,1,2,0.0002725349913816899,0.9371668696403503
magic_abracadabra_arbitrum_2025,magic_abracadabra_arbitrum_2025__hn003,magic_abracadabra_arbitrum_2025,hard_negative_mined,arbitrum,0,ratio_25,1,3,0.0002725349913816899,0.9371668696403503
magic_abracadabra_arbitrum_2025,magic_abracadabra_arbitrum_2025__hn004,magic_abracadabra_arbitrum_2025,hard_negative_mined,arbitrum,0,ratio_25,1,1,0.0003522837650962174,0.9371668696403503
magic_abracadabra_arbitrum_2025,magic_abracadabra_arbitrum_2025__hn005,magic_abracadabra_arbitrum_2025,hard_negative_mined,arbitrum,0,ratio_25,2,5,0.002083679661154747,0.9371668696403503
magic_abracadabra_arbitrum_2025,magic_abracadabra_arbitrum_2025__hn006,magic_abracadabra_arbitrum_2025,hard_negative_mined,arbitrum,0,ratio_25,1,2,0.0002725349913816899,0.9371668696403503
magic_abracadabra_arbitrum_2025,magic_abracadabra_arbitrum_2025__hn007,magic_abracadabra_arbitrum_2025,hard_negative_mined,arbitrum,0,ratio_25,1,3,0.0002725349913816899,0.9371668696403503
magic_abracadabra_arbitrum_2025,magic_abracadabra_arbitrum_2025__hn008,magic_abracadabra_arbitrum_2025,hard_negative_mined,arbitrum,0,ratio_25,5,20,0.00024824333377182484,0.9371668696403503
magic_abracadabra_arbitrum_2025,magic_abracadabra_arbitrum_2025__hn009,magic_abracadabra_arbitrum_2025,hard_negative_mined,arbitrum,0,ratio_25,1,4,0.001219242112711072,0.9371668696403503
magic_abracadabra_arbitrum_2025,magic_abracadabra_arbitrum_2025__hn010,magic_abracadabra_arbitrum_2025,hard_negative_mined,arbitrum,0,ratio_25,2,5,0.003909836057573557,0.9371668696403503
magic_abracadabra_arbitrum_2025,magic_abracadabra_arbitrum_2025__hn011,magic_abracadabra_arbitrum_2025,hard_negative_mined,arbitrum,0,ratio_25,4,14,0.00014063841081224382,0.9371668696403503
magic_abracadabra_arbitrum_2025,magic_abracadabra_arbitrum_2025__hn012,magic_abracadabra_arbitrum_2025,hard_negative_mined,arbitrum,0,ratio_25,2,7,0.001677673659287393,0.9371668696403503
magic_abracadabra_arbitrum_2025,magic_abracadabra_arbitrum_2025__hn013,magic_abracadabra_arbitrum_2025,hard_negative_mined,arbitrum,0,ratio_25,1,3,0.0002725349913816899,0.9371668696403503
magic_abracadabra_arbitrum_2025,magic_abracadabra_arbitrum_2025__hn014,magic_abracadabra_arbitrum_2025,hard_negative_mined,arbitrum,0,ratio_25,3,9,0.00010389828821644187,0.9371668696403503
magic_abracadabra_arbitrum_2025,magic_abracadabra_arbitrum_2025__hn015,magic_abracadabra_arbitrum_2025,hard_negative_mined,arbitrum,0,ratio_25,1,2,0.0002725349913816899,0.9371668696403503
magic_abracadabra_arbitrum_2025,magic_abracadabra_arbitrum_2025__hn016,magic_abracadabra_arbitrum_2025,hard_negative_mined,arbitrum,0,ratio_25,4,13,0.00030611056718043983,0.9371668696403503
magic_abracadabra_arbitrum_2025,magic_abracadabra_arbitrum_2025__hn017,magic_abracadabra_arbitrum_2025,hard_negative_mined,arbitrum,0,ratio_25,2,5,0.0036261742934584618,0.9371668696403503
magic_abracadabra_arbitrum_2025,magic_abracadabra_arbitrum_2025__hn018,magic_abracadabra_arbitrum_2025,hard_negative_mined,arbitrum,0,ratio_25,1,3,0.0003522837650962174,0.9371668696403503
magic_abracadabra_arbitrum_2025,magic_abracadabra_arbitrum_2025__hn019,magic_abracadabra_arbitrum_2025,hard_negative_mined,arbitrum,0,ratio_25,1,2,0.0002725349913816899,0.9371668696403503
magic_abracadabra_arbitrum_2025,magic_abracadabra_arbitrum_2025__hn020,magic_abracadabra_arbitrum_2025,hard_negative_mined,arbitrum,0,ratio_25,1,3,0.000750283186789602,0.9371668696403503
magic_abracadabra_arbitrum_2025,magic_abracadabra_arbitrum_2025__hn021,magic_abracadabra_arbitrum_2025,hard_negative_mined,arbitrum,0,ratio_25,2,5,0.001677673659287393,0.9371668696403503
magic_abracadabra_arbitrum_2025,magic_abracadabra_arbitrum_2025__hn022,magic_abracadabra_arbitrum_2025,hard_negative_mined,arbitrum,0,ratio_25,2,6,0.00033551978413015604,0.9371668696403503
magic_abracadabra_arbitrum_2025,magic_abracadabra_arbitrum_2025__hn023,magic_abracadabra_arbitrum_2025,hard_negative_mined,arbitrum,0,ratio_25,1,3,0.0002725349913816899,0.9371668696403503
hackerdao_2022,hackerdao_2022__hn000,hackerdao_2022,hard_negative_mined,bsc,0,ratio_25,1,2,0.0002539519628044218,0.8673408627510071
hackerdao_2022,hackerdao_2022__hn001,hackerdao_2022,hard_negative_mined,bsc,0,ratio_25,3,12,0.0007924247765913606,0.8673408627510071
hackerdao_2022,hackerdao_2022__hn002,hackerdao_2022,hard_negative_mined,bsc,0,ratio_25,1,3,0.00022005823848303407,0.8673408627510071
hackerdao_2022,hackerdao_2022__hn003,hackerdao_2022,hard_negative_mined,bsc,0,ratio_25,1,2,0.0006196298636496067,0.8673408627510071
hackerdao_2022,hackerdao_2022__hn004,hackerdao_2022,hard_negative_mined,bsc,0,ratio_25,26,102,0.009579343721270561,0.8673408627510071
hackerdao_2022,hackerdao_2022__hn005,hackerdao_2022,hard_negative_mined,bsc,0,ratio_25,1,3,0.00013840774772688746,0.8673408627510071
hackerdao_2022,hackerdao_2022__hn006,hackerdao_2022,hard_negative_mined,bsc,0,ratio_25,1,1,0.00022005823848303407,0.8673408627510071
hackerdao_2022,hackerdao_2022__hn007,hackerdao_2022,hard_negative_mined,bsc,0,ratio_25,1,2,0.0006196298636496067,0.8673408627510071
hackerdao_2022,hackerdao_2022__hn008,hackerdao_2022,hard_negative_mined,bsc,0,ratio_25,1,2,0.00022005823848303407,0.8673408627510071
hackerdao_2022,hackerdao_2022__hn009,hackerdao_2022,hard_negative_mined,bsc,0,ratio_25,207,828,0.00719142472371459,0.8673408627510071
hackerdao_2022,hackerdao_2022__hn010,hackerdao_2022,hard_negative_mined,bsc,0,ratio_25,133,529,0.011331967078149319,0.8673408627510071
hackerdao_2022,hackerdao_2022__hn011,hackerdao_2022,hard_negative_mined,bsc,0,ratio_25,1,2,0.00022005823848303407,0.8673408627510071
hackerdao_2022,hackerdao_2022__hn012,hackerdao_2022,hard_negative_mined,bsc,0,ratio_25,129,516,0.012303792871534824,0.8673408627510071
hackerdao_2022,hackerdao_2022__hn013,hackerdao_2022,hard_negative_mined,bsc,0,ratio_25,52,208,0.993537962436676,0.8673408627510071
hackerdao_2022,hackerdao_2022__hn014,hackerdao_2022,hard_negative_mined,bsc,0,ratio_25,1,2,0.00013611497706733644,0.8673408627510071
hackerdao_2022,hackerdao_2022__hn015,hackerdao_2022,hard_negative_mined,bsc,0,ratio_25,1,4,0.0007323424215428531,0.8673408627510071
hackerdao_2022,hackerdao_2022__hn016,hackerdao_2022,hard_negative_mined,bsc,0,ratio_25,11,43,0.0019468034151941538,0.8673408627510071
hackerdao_2022,hackerdao_2022__hn017,hackerdao_2022,hard_negative_mined,bsc,0,ratio_25,1,3,0.0002539519628044218,0.8673408627510071
hackerdao_2022,hackerdao_2022__hn018,hackerdao_2022,hard_negative_mined,bsc,0,ratio_25,140,557,0.011331967078149319,0.8673408627510071
hackerdao_2022,hackerdao_2022__hn019,hackerdao_2022,hard_negative_mined,bsc,0,ratio_25,1,2,0.00013611497706733644,0.8673408627510071
hackerdao_2022,hackerdao_2022__hn020,hackerdao_2022,hard_negative_mined,bsc,0,ratio_25,4,14,0.13383543491363525,0.8673408627510071
hackerdao_2022,hackerdao_2022__hn021,hackerdao_2022,hard_negative_mined,bsc,0,ratio_25,1,3,0.00022005823848303407,0.8673408627510071
hackerdao_2022,hackerdao_2022__hn022,hackerdao_2022,hard_negative_mined,bsc,0,ratio_25,250,1000,0.000963543658144772,0.8673408627510071
hackerdao_2022,hackerdao_2022__hn023,hackerdao_2022,hard_negative_mined,bsc,0,ratio_25,2,5,0.004102821461856365,0.8673408627510071
hackerdao_2022,hackerdao_2022__hn024,hackerdao_2022,hard_negative_mined,bsc,0,ratio_25,1,2,0.00023321365006268024,0.8673408627510071
new_free_dao_2022,new_free_dao_2022__hn000,new_free_dao_2022,hard_negative_mined,bsc,0,ratio_25,87,348,0.0007725791074335575,0.6276450753211975
new_free_dao_2022,new_free_dao_2022__hn001,new_free_dao_2022,hard_negative_mined,bsc,0,ratio_25,1,3,0.00017317981109954417,0.6276450753211975
new_free_dao_2022,new_free_dao_2022__hn002,new_free_dao_2022,hard_negative_mined,bsc,0,ratio_25,119,476,0.0036785074044018984,0.6276450753211975
new_free_dao_2022,new_free_dao_2022__hn003,new_free_dao_2022,hard_negative_mined,bsc,0,ratio_25,1,1,0.0003091784892603755,0.6276450753211975
new_free_dao_2022,new_free_dao_2022__hn004,new_free_dao_2022,hard_negative_mined,bsc,0,ratio_25,2,8,0.004384220112115145,0.6276450753211975
new_free_dao_2022,new_free_dao_2022__hn005,new_free_dao_2022,hard_negative_mined,bsc,0,ratio_25,1,2,0.00017317981109954417,0.6276450753211975
new_free_dao_2022,new_free_dao_2022__hn006,new_free_dao_2022,hard_negative_mined,bsc,0,ratio_25,1,1,0.0006334129720926285,0.6276450753211975
new_free_dao_2022,new_free_dao_2022__hn007,new_free_dao_2022,hard_negative_mined,bsc,0,ratio_25,1,2,0.0006334129720926285,0.6276450753211975
new_free_dao_2022,new_free_dao_2022__hn009,new_free_dao_2022,hard_negative_mined,bsc,0,ratio_25,2,6,0.020117679610848427,0.6276450753211975
new_free_dao_2022,new_free_dao_2022__hn010,new_free_dao_2022,hard_negative_mined,bsc,0,ratio_25,1,1,0.00017317981109954417,0.6276450753211975
new_free_dao_2022,new_free_dao_2022__hn011,new_free_dao_2022,hard_negative_mined,bsc,0,ratio_25,24,93,0.021453797817230225,0.6276450753211975
new_free_dao_2022,new_free_dao_2022__hn012,new_free_dao_2022,hard_negative_mined,bsc,0,ratio_25,85,338,0.0024424896109849215,0.6276450753211975
new_free_dao_2022,new_free_dao_2022__hn013,new_free_dao_2022,hard_negative_mined,bsc,0,ratio_25,1,1,0.00017317981109954417,0.6276450753211975
new_free_dao_2022,new_free_dao_2022__hn014,new_free_dao_2022,hard_negative_mined,bsc,0,ratio_25,1,1,0.00020454534387681633,0.6276450753211975
new_free_dao_2022,new_free_dao_2022__hn015,new_free_dao_2022,hard_negative_mined,bsc,0,ratio_25,1,3,0.0005647221114486456,0.6276450753211975
new_free_dao_2022,new_free_dao_2022__hn016,new_free_dao_2022,hard_negative_mined,bsc,0,ratio_25,1,3,0.00017317981109954417,0.6276450753211975
new_free_dao_2022,new_free_dao_2022__hn017,new_free_dao_2022,hard_negative_mined,bsc,0,ratio_25,1,2,0.00017317981109954417,0.6276450753211975
new_free_dao_2022,new_free_dao_2022__hn018,new_free_dao_2022,hard_negative_mined,bsc,0,ratio_25,1,3,0.00017317981109954417,0.6276450753211975
new_free_dao_2022,new_free_dao_2022__hn019,new_free_dao_2022,hard_negative_mined,bsc,0,ratio_25,1,3,0.00017317981109954417,0.6276450753211975
new_free_dao_2022,new_free_dao_2022__hn020,new_free_dao_2022,hard_negative_mined,bsc,0,ratio_25,1,4,0.005305406637489796,0.6276450753211975
new_free_dao_2022,new_free_dao_2022__hn021,new_free_dao_2022,hard_negative_mined,bsc,0,ratio_25,1,4,0.0008534139487892389,0.6276450753211975
new_free_dao_2022,new_free_dao_2022__hn023,new_free_dao_2022,hard_negative_mined,bsc,0,ratio_25,1,1,0.00020454534387681633,0.6276450753211975
new_free_dao_2022,new_free_dao_2022__hn024,new_free_dao_2022,hard_negative_mined,bsc,0,ratio_25,52,207,0.008061251603066921,0.6276450753211975
chibi_finance_2023,chibi_finance_2023__hnc000,chibi_finance_2023,hard_negative_mined_v2_complexity,arbitrum,0,ratio_25,1,3,0.00026620287098921835,0.7662532329559326
chibi_finance_2023,chibi_finance_2023__hnc001,chibi_finance_2023,hard_negative_mined_v2_complexity,arbitrum,0,ratio_25,1,2,0.00026620287098921835,0.7662532329559326
chibi_finance_2023,chibi_finance_2023__hnc002,chibi_finance_2023,hard_negative_mined_v2_complexity,arbitrum,0,ratio_25,1,2,0.00026620287098921835,0.7662532329559326
chibi_finance_2023,chibi_finance_2023__hnc003,chibi_finance_2023,hard_negative_mined_v2_complexity,arbitrum,0,ratio_25,1,1,0.00026620287098921835,0.7662532329559326
chibi_finance_2023,chibi_finance_2023__hnc004,chibi_finance_2023,hard_negative_mined_v2_complexity,arbitrum,0,ratio_25,1,3,0.00026620287098921835,0.7662532329559326
chibi_finance_2023,chibi_finance_2023__hnc005,chibi_finance_2023,hard_negative_mined_v2_complexity,arbitrum,0,ratio_25,1,2,0.00026620287098921835,0.7662532329559326
chibi_finance_2023,chibi_finance_2023__hnc006,chibi_finance_2023,hard_negative_mined_v2_complexity,arbitrum,0,ratio_25,1,1,0.00026620287098921835,0.7662532329559326
chibi_finance_2023,chibi_finance_2023__hnc007,chibi_finance_2023,hard_negative_mined_v2_complexity,arbitrum,0,ratio_25,1,2,0.00024835296790115535,0.7662532329559326
chibi_finance_2023,chibi_finance_2023__hnc008,chibi_finance_2023,hard_negative_mined_v2_complexity,arbitrum,0,ratio_25,1,2,0.00026620287098921835,0.7662532329559326
chibi_finance_2023,chibi_finance_2023__hnc009,chibi_finance_2023,hard_negative_mined_v2_complexity,arbitrum,0,ratio_25,1,1,0.00026620287098921835,0.7662532329559326
deltaprime_arbitrum_2024,deltaprime_arbitrum_2024__hnc000,deltaprime_arbitrum_2024,hard_negative_mined_v2_complexity,arbitrum,0,ratio_25,56,224,0.001746776863001287,0.6136024594306946
deltaprime_arbitrum_2024,deltaprime_arbitrum_2024__hnc001,deltaprime_arbitrum_2024,hard_negative_mined_v2_complexity,arbitrum,0,ratio_25,1,1,0.0006346593145281076,0.6136024594306946
deltaprime_arbitrum_2024,deltaprime_arbitrum_2024__hnc002,deltaprime_arbitrum_2024,hard_negative_mined_v2_complexity,arbitrum,0,ratio_25,1,1,0.0011197185376659036,0.6136024594306946
deltaprime_arbitrum_2024,deltaprime_arbitrum_2024__hnc003,deltaprime_arbitrum_2024,hard_negative_mined_v2_complexity,arbitrum,0,ratio_25,1,1,0.0003891261585522443,0.6136024594306946
deltaprime_arbitrum_2024,deltaprime_arbitrum_2024__hnc004,deltaprime_arbitrum_2024,hard_negative_mined_v2_complexity,arbitrum,0,ratio_25,1,1,0.00019755180983338505,0.6136024594306946
deltaprime_arbitrum_2024,deltaprime_arbitrum_2024__hnc007,deltaprime_arbitrum_2024,hard_negative_mined_v2_complexity,arbitrum,0,ratio_25,1,3,0.0001611447223694995,0.6136024594306946
deltaprime_arbitrum_2024,deltaprime_arbitrum_2024__hnc008,deltaprime_arbitrum_2024,hard_negative_mined_v2_complexity,arbitrum,0,ratio_25,1,3,0.0001611447223694995,0.6136024594306946
deltaprime_arbitrum_2024,deltaprime_arbitrum_2024__hnc009,deltaprime_arbitrum_2024,hard_negative_mined_v2_complexity,arbitrum,0,ratio_25,1,1,0.0003891261585522443,0.6136024594306946
feg_bridge_2024,feg_bridge_2024__hnc000,feg_bridge_2024,hard_negative_mined_v2_complexity,eth,0,ratio_25,1,2,0.00022004441416356713,0.786952793598175
feg_bridge_2024,feg_bridge_2024__hnc001,feg_bridge_2024,hard_negative_mined_v2_complexity,eth,0,ratio_25,1,1,0.00022004441416356713,0.786952793598175
feg_bridge_2024,feg_bridge_2024__hnc002,feg_bridge_2024,hard_negative_mined_v2_complexity,eth,0,ratio_25,1,1,0.00022004441416356713,0.786952793598175
feg_bridge_2024,feg_bridge_2024__hnc003,feg_bridge_2024,hard_negative_mined_v2_complexity,eth,0,ratio_25,1,1,0.00022004441416356713,0.786952793598175
feg_bridge_2024,feg_bridge_2024__hnc004,feg_bridge_2024,hard_negative_mined_v2_complexity,eth,0,ratio_25,1,1,0.00022004441416356713,0.786952793598175
feg_bridge_2024,feg_bridge_2024__hnc005,feg_bridge_2024,hard_negative_mined_v2_complexity,eth,0,ratio_25,1,1,0.00022004441416356713,0.786952793598175
feg_bridge_2024,feg_bridge_2024__hnc006,feg_bridge_2024,hard_negative_mined_v2_complexity,eth,0,ratio_25,1,1,0.0009920368902385235,0.786952793598175
feg_bridge_2024,feg_bridge_2024__hnc007,feg_bridge_2024,hard_negative_mined_v2_complexity,eth,0,ratio_25,1,1,0.00022004441416356713,0.786952793598175
feg_bridge_2024,feg_bridge_2024__hnc008,feg_bridge_2024,hard_negative_mined_v2_complexity,eth,0,ratio_25,1,2,0.00022004441416356713,0.786952793598175
feg_bridge_2024,feg_bridge_2024__hnc009,feg_bridge_2024,hard_negative_mined_v2_complexity,eth,0,ratio_25,1,1,0.00022004441416356713,0.786952793598175
ronin_bridge_2022,ronin_bridge_2022__hnc000,ronin_bridge_2022,hard_negative_mined_v2_complexity,eth,0,ratio_25,1,2,0.00032349879620596766,0.4016687273979187
ronin_bridge_2022,ronin_bridge_2022__hnc001,ronin_bridge_2022,hard_negative_mined_v2_complexity,eth,0,ratio_25,1,2,0.0007788545335642993,0.4016687273979187
ronin_bridge_2022,ronin_bridge_2022__hnc003,ronin_bridge_2022,hard_negative_mined_v2_complexity,eth,0,ratio_25,1,2,0.00024287111591547728,0.4016687273979187
ronin_bridge_2022,ronin_bridge_2022__hnc004,ronin_bridge_2022,hard_negative_mined_v2_complexity,eth,0,ratio_25,1,1,0.00024287111591547728,0.4016687273979187
ronin_bridge_2022,ronin_bridge_2022__hnc005,ronin_bridge_2022,hard_negative_mined_v2_complexity,eth,0,ratio_25,1,2,0.00024287111591547728,0.4016687273979187
ronin_bridge_2022,ronin_bridge_2022__hnc006,ronin_bridge_2022,hard_negative_mined_v2_complexity,eth,0,ratio_25,1,3,0.00024287111591547728,0.4016687273979187
ronin_bridge_2022,ronin_bridge_2022__hnc007,ronin_bridge_2022,hard_negative_mined_v2_complexity,eth,0,ratio_25,1,1,0.003080820431932807,0.4016687273979187
ronin_bridge_2022,ronin_bridge_2022__hnc008,ronin_bridge_2022,hard_negative_mined_v2_complexity,eth,0,ratio_25,1,1,0.00032349879620596766,0.4016687273979187
ronin_bridge_2022,ronin_bridge_2022__hnc009,ronin_bridge_2022,hard_negative_mined_v2_complexity,eth,0,ratio_25,1,2,0.00024287111591547728,0.4016687273979187
wooppv2_2024,wooppv2_2024__hnc000,wooppv2_2024,hard_negative_mined_v2_complexity,arbitrum,0,ratio_25,1,1,0.00030820403480902314,0.1248798817396164
wooppv2_2024,wooppv2_2024__hnc001,wooppv2_2024,hard_negative_mined_v2_complexity,arbitrum,0,ratio_25,1,1,0.00030820403480902314,0.1248798817396164
wooppv2_2024,wooppv2_2024__hnc002,wooppv2_2024,hard_negative_mined_v2_complexity,arbitrum,0,ratio_25,1,2,0.00030820403480902314,0.1248798817396164
wooppv2_2024,wooppv2_2024__hnc003,wooppv2_2024,hard_negative_mined_v2_complexity,arbitrum,0,ratio_25,2,6,0.00014179183926898986,0.1248798817396164
wooppv2_2024,wooppv2_2024__hnc004,wooppv2_2024,hard_negative_mined_v2_complexity,arbitrum,0,ratio_25,1,1,0.00030820403480902314,0.1248798817396164
wooppv2_2024,wooppv2_2024__hnc005,wooppv2_2024,hard_negative_mined_v2_complexity,arbitrum,0,ratio_25,1,1,0.00045438934466801584,0.1248798817396164
wooppv2_2024,wooppv2_2024__hnc006,wooppv2_2024,hard_negative_mined_v2_complexity,arbitrum,0,ratio_25,1,1,0.00030820403480902314,0.1248798817396164
wooppv2_2024,wooppv2_2024__hnc007,wooppv2_2024,hard_negative_mined_v2_complexity,arbitrum,0,ratio_25,1,3,0.00030820403480902314,0.1248798817396164
wooppv2_2024,wooppv2_2024__hnc008,wooppv2_2024,hard_negative_mined_v2_complexity,arbitrum,0,ratio_25,1,1,0.00030820403480902314,0.1248798817396164
wooppv2_2024,wooppv2_2024__hnc009,wooppv2_2024,hard_negative_mined_v2_complexity,arbitrum,0,ratio_25,1,1,0.00030820403480902314,0.1248798817396164
xkingdom_2024,xkingdom_2024__hnc000,xkingdom_2024,hard_negative_mined_v2_complexity,arbitrum,0,ratio_25,1,2,0.00023826825781725347,0.9581395983695984
xkingdom_2024,xkingdom_2024__hnc001,xkingdom_2024,hard_negative_mined_v2_complexity,arbitrum,0,ratio_25,1,3,0.00023826825781725347,0.9581395983695984
xkingdom_2024,xkingdom_2024__hnc002,xkingdom_2024,hard_negative_mined_v2_complexity,arbitrum,0,ratio_25,1,2,0.00023826825781725347,0.9581395983695984
xkingdom_2024,xkingdom_2024__hnc003,xkingdom_2024,hard_negative_mined_v2_complexity,arbitrum,0,ratio_25,1,3,0.00023826825781725347,0.9581395983695984
xkingdom_2024,xkingdom_2024__hnc004,xkingdom_2024,hard_negative_mined_v2_complexity,arbitrum,0,ratio_25,1,1,0.00023826825781725347,0.9581395983695984
xkingdom_2024,xkingdom_2024__hnc005,xkingdom_2024,hard_negative_mined_v2_complexity,arbitrum,0,ratio_25,1,2,0.00023826825781725347,0.9581395983695984
xkingdom_2024,xkingdom_2024__hnc006,xkingdom_2024,hard_negative_mined_v2_complexity,arbitrum,0,ratio_25,1,2,0.00023826825781725347,0.9581395983695984
xkingdom_2024,xkingdom_2024__hnc007,xkingdom_2024,hard_negative_mined_v2_complexity,arbitrum,0,ratio_25,1,2,0.00023826825781725347,0.9581395983695984
xkingdom_2024,xkingdom_2024__hnc008,xkingdom_2024,hard_negative_mined_v2_complexity,arbitrum,0,ratio_25,1,2,0.00023826825781725347,0.9581395983695984
xkingdom_2024,xkingdom_2024__hnc009,xkingdom_2024,hard_negative_mined_v2_complexity,arbitrum,0,ratio_25,1,2,0.00023826825781725347,0.9581395983695984
bsc_token_hub_2022,bsc_token_hub_2022__hnc000,bsc_token_hub_2022,hard_negative_mined_v2_complexity,bsc,0,ratio_25,1,3,0.00027871012571267784,0.9492552876472473
bsc_token_hub_2022,bsc_token_hub_2022__hnc001,bsc_token_hub_2022,hard_negative_mined_v2_complexity,bsc,0,ratio_25,1,3,0.00027871012571267784,0.9492552876472473
bsc_token_hub_2022,bsc_token_hub_2022__hnc002,bsc_token_hub_2022,hard_negative_mined_v2_complexity,bsc,0,ratio_25,1,4,0.0024832391645759344,0.9492552876472473
bsc_token_hub_2022,bsc_token_hub_2022__hnc003,bsc_token_hub_2022,hard_negative_mined_v2_complexity,bsc,0,ratio_25,1,3,0.0004264976305421442,0.9492552876472473
bsc_token_hub_2022,bsc_token_hub_2022__hnc004,bsc_token_hub_2022,hard_negative_mined_v2_complexity,bsc,0,ratio_25,1,1,0.00027871012571267784,0.9492552876472473
bsc_token_hub_2022,bsc_token_hub_2022__hnc005,bsc_token_hub_2022,hard_negative_mined_v2_complexity,bsc,0,ratio_25,1,1,0.0006577605381608009,0.9492552876472473
bsc_token_hub_2022,bsc_token_hub_2022__hnc006,bsc_token_hub_2022,hard_negative_mined_v2_complexity,bsc,0,ratio_25,10,37,0.000285420217551291,0.9492552876472473
bsc_token_hub_2022,bsc_token_hub_2022__hnc007,bsc_token_hub_2022,hard_negative_mined_v2_complexity,bsc,0,ratio_25,1,2,0.0006577605381608009,0.9492552876472473
bsc_token_hub_2022,bsc_token_hub_2022__hnc008,bsc_token_hub_2022,hard_negative_mined_v2_complexity,bsc,0,ratio_25,1,2,0.00027871012571267784,0.9492552876472473
bsc_token_hub_2022,bsc_token_hub_2022__hnc009,bsc_token_hub_2022,hard_negative_mined_v2_complexity,bsc,0,ratio_25,1,4,0.005583397578448057,0.9492552876472473
utopiasphere_2024,utopiasphere_2024__hnc000,utopiasphere_2024,hard_negative_mined_v2_complexity,bsc,0,ratio_25,1,3,0.00023872189922258258,0.9007217288017273
utopiasphere_2024,utopiasphere_2024__hnc001,utopiasphere_2024,hard_negative_mined_v2_complexity,bsc,0,ratio_25,2,5,0.0012538424925878644,0.9007217288017273
utopiasphere_2024,utopiasphere_2024__hnc002,utopiasphere_2024,hard_negative_mined_v2_complexity,bsc,0,ratio_25,1,2,0.00025843727053143084,0.9007217288017273
utopiasphere_2024,utopiasphere_2024__hnc003,utopiasphere_2024,hard_negative_mined_v2_complexity,bsc,0,ratio_25,1,2,0.00025843727053143084,0.9007217288017273
utopiasphere_2024,utopiasphere_2024__hnc004,utopiasphere_2024,hard_negative_mined_v2_complexity,bsc,0,ratio_25,1,2,0.00025843727053143084,0.9007217288017273
utopiasphere_2024,utopiasphere_2024__hnc005,utopiasphere_2024,hard_negative_mined_v2_complexity,bsc,0,ratio_25,1,1,0.00025843727053143084,0.9007217288017273
utopiasphere_2024,utopiasphere_2024__hnc006,utopiasphere_2024,hard_negative_mined_v2_complexity,bsc,0,ratio_25,1,1,0.00025843727053143084,0.9007217288017273
utopiasphere_2024,utopiasphere_2024__hnc007,utopiasphere_2024,hard_negative_mined_v2_complexity,bsc,0,ratio_25,1,1,0.00025843727053143084,0.9007217288017273
utopiasphere_2024,utopiasphere_2024__hnc008,utopiasphere_2024,hard_negative_mined_v2_complexity,bsc,0,ratio_25,1,1,0.00025843727053143084,0.9007217288017273
utopiasphere_2024,utopiasphere_2024__hnc009,utopiasphere_2024,hard_negative_mined_v2_complexity,bsc,0,ratio_25,1,1,0.00025843727053143084,0.9007217288017273
qbridge_qubit_2022,qbridge_qubit_2022__hnc000,qbridge_qubit_2022,hard_negative_mined_v2_complexity,bsc,0,ratio_25,109,434,0.0009596129530109465,0.5879919528961182
qbridge_qubit_2022,qbridge_qubit_2022__hnc001,qbridge_qubit_2022,hard_negative_mined_v2_complexity,bsc,0,ratio_25,162,647,0.0006062932079657912,0.5879919528961182
qbridge_qubit_2022,qbridge_qubit_2022__hnc002,qbridge_qubit_2022,hard_negative_mined_v2_complexity,bsc,0,ratio_25,19,76,0.7009447813034058,0.5879919528961182
qbridge_qubit_2022,qbridge_qubit_2022__hnc003,qbridge_qubit_2022,hard_negative_mined_v2_complexity,bsc,0,ratio_25,122,485,5.203844193601981e-05,0.5879919528961182
qbridge_qubit_2022,qbridge_qubit_2022__hnc004,qbridge_qubit_2022,hard_negative_mined_v2_complexity,bsc,0,ratio_25,1,1,0.00014548239414580166,0.5879919528961182
qbridge_qubit_2022,qbridge_qubit_2022__hnc005,qbridge_qubit_2022,hard_negative_mined_v2_complexity,bsc,0,ratio_25,2,8,0.01740216091275215,0.5879919528961182
qbridge_qubit_2022,qbridge_qubit_2022__hnc006,qbridge_qubit_2022,hard_negative_mined_v2_complexity,bsc,0,ratio_25,1,2,0.00014548239414580166,0.5879919528961182
qbridge_qubit_2022,qbridge_qubit_2022__hnc007,qbridge_qubit_2022,hard_negative_mined_v2_complexity,bsc,0,ratio_25,1,2,6.336434307741001e-05,0.5879919528961182
qbridge_qubit_2022,qbridge_qubit_2022__hnc008,qbridge_qubit_2022,hard_negative_mined_v2_complexity,bsc,0,ratio_25,45,177,0.0023122699931263924,0.5879919528961182
qbridge_qubit_2022,qbridge_qubit_2022__hnc009,qbridge_qubit_2022,hard_negative_mined_v2_complexity,bsc,0,ratio_25,163,649,0.0006298729567788541,0.5879919528961182
wault_finance_2021,wault_finance_2021__hnc000,wault_finance_2021,hard_negative_mined_v2_complexity,bsc,0,ratio_25,1,2,0.0001959584915312007,0.7839475274085999
wault_finance_2021,wault_finance_2021__hnc001,wault_finance_2021,hard_negative_mined_v2_complexity,bsc,0,ratio_25,135,540,0.0016051518032327294,0.7839475274085999
wault_finance_2021,wault_finance_2021__hnc002,wault_finance_2021,hard_negative_mined_v2_complexity,bsc,0,ratio_25,2,7,0.00037358704139478505,0.7839475274085999
wault_finance_2021,wault_finance_2021__hnc003,wault_finance_2021,hard_negative_mined_v2_complexity,bsc,0,ratio_25,2,6,0.0003983585338573903,0.7839475274085999
wault_finance_2021,wault_finance_2021__hnc004,wault_finance_2021,hard_negative_mined_v2_complexity,bsc,0,ratio_25,1,1,0.000172730753547512,0.7839475274085999
wault_finance_2021,wault_finance_2021__hnc005,wault_finance_2021,hard_negative_mined_v2_complexity,bsc,0,ratio_25,1,3,0.0001959584915312007,0.7839475274085999
wault_finance_2021,wault_finance_2021__hnc006,wault_finance_2021,hard_negative_mined_v2_complexity,bsc,0,ratio_25,5,17,0.0006123293424025178,0.7839475274085999
wault_finance_2021,wault_finance_2021__hnc007,wault_finance_2021,hard_negative_mined_v2_complexity,bsc,0,ratio_25,5,19,0.0029080621898174286,0.7839475274085999
wault_finance_2021,wault_finance_2021__hnc008,wault_finance_2021,hard_negative_mined_v2_complexity,bsc,0,ratio_25,1,2,0.0001959584915312007,0.7839475274085999
wault_finance_2021,wault_finance_2021__hnc009,wault_finance_2021,hard_negative_mined_v2_complexity,bsc,0,ratio_25,5,20,0.0005435046041384339,0.7839475274085999
paraluni_2022,paraluni_2022__hnc000,paraluni_2022,hard_negative_mined_v2_complexity,bsc,0,ratio_25,1,3,0.00036704627564176917,0.30997219681739807
paraluni_2022,paraluni_2022__hnc001,paraluni_2022,hard_negative_mined_v2_complexity,bsc,0,ratio_25,214,854,0.0006380763370543718,0.30997219681739807
paraluni_2022,paraluni_2022__hnc002,paraluni_2022,hard_negative_mined_v2_complexity,bsc,0,ratio_25,7,26,0.9252839088439941,0.30997219681739807
paraluni_2022,paraluni_2022__hnc003,paraluni_2022,hard_negative_mined_v2_complexity,bsc,0,ratio_25,1,1,0.00036704627564176917,0.30997219681739807
paraluni_2022,paraluni_2022__hnc004,paraluni_2022,hard_negative_mined_v2_complexity,bsc,0,ratio_25,2,5,0.01818837970495224,0.30997219681739807
paraluni_2022,paraluni_2022__hnc005,paraluni_2022,hard_negative_mined_v2_complexity,bsc,0,ratio_25,4,13,0.0028352043591439724,0.30997219681739807
paraluni_2022,paraluni_2022__hnc006,paraluni_2022,hard_negative_mined_v2_complexity,bsc,0,ratio_25,1,1,0.00036704627564176917,0.30997219681739807
paraluni_2022,paraluni_2022__hnc007,paraluni_2022,hard_negative_mined_v2_complexity,bsc,0,ratio_25,2,8,0.0012784200953319669,0.30997219681739807
paraluni_2022,paraluni_2022__hnc008,paraluni_2022,hard_negative_mined_v2_complexity,bsc,0,ratio_25,1,1,0.001345067168585956,0.30997219681739807
paraluni_2022,paraluni_2022__hnc009,paraluni_2022,hard_negative_mined_v2_complexity,bsc,0,ratio_25,21,83,0.12746791541576385,0.30997219681739807
ronin_bridge_2022,ronin_bridge_2022,ronin_bridge_2022,positive,eth,1,ratio_50,813,1625,0.9991218447685242,0.9894702434539795
ronin_benign_control_2022,ronin_benign_control_2022,ronin_bridge_2022,hard_negative_control,eth,0,ratio_50,52,103,0.99801105260849,0.9894702434539795
qbridge_qubit_2022,qbridge_qubit_2022,qbridge_qubit_2022,positive,bsc,1,ratio_50,349,698,0.9981495141983032,0.10893803834915161
feg_bridge_2024,feg_bridge_2024,feg_bridge_2024,positive,eth,1,ratio_50,5,9,0.0008032458717934787,0.05136201158165932
deltaprime_arbitrum_2024,deltaprime_arbitrum_2024,deltaprime_arbitrum_2024,positive,arbitrum,1,ratio_50,12,23,0.9957634210586548,0.3857375383377075
bsc_token_hub_2022,bsc_token_hub_2022,bsc_token_hub_2022,positive,bsc,1,ratio_50,181,362,0.9976897239685059,0.9647909998893738
qbridge_benign_control_2022,qbridge_benign_control_2022,qbridge_qubit_2022,hard_negative_control,bsc,0,ratio_50,1,1,0.0004564122937154025,0.10893803834915161
feg_benign_control_2024,feg_benign_control_2024,feg_bridge_2024,hard_negative_control,eth,0,ratio_50,1,1,0.00024418949033133686,0.05136201158165932
deltaprime_benign_control_2024,deltaprime_benign_control_2024,deltaprime_arbitrum_2024,hard_negative_control,arbitrum,0,ratio_50,1,1,0.0006017433479428291,0.3857375383377075
bsc_token_hub_benign_control_2022,bsc_token_hub_benign_control_2022,bsc_token_hub_2022,hard_negative_control,bsc,0,ratio_50,1,1,0.0016215868527069688,0.9647909998893738
chibi_finance_2023,chibi_finance_2023,chibi_finance_2023,positive,arbitrum,1,ratio_50,20,40,0.9983633160591125,0.07505665719509125
wooppv2_2024,wooppv2_2024,wooppv2_2024,positive,arbitrum,1,ratio_50,8,16,0.03446955233812332,0.4610976278781891
utopiasphere_2024,utopiasphere_2024,utopiasphere_2024,positive,bsc,1,ratio_50,19,37,0.9958435893058777,0.04932248592376709
xkingdom_2024,xkingdom_2024,xkingdom_2024,positive,arbitrum,1,ratio_50,37,73,0.9984338879585266,0.38750383257865906
wault_finance_2021,wault_finance_2021,wault_finance_2021,positive,bsc,1,ratio_50,95,190,0.9894304275512695,0.9418553113937378
paraluni_2022,paraluni_2022,paraluni_2022,positive,bsc,1,ratio_50,256,511,0.9955279231071472,0.051966164261102676
radiant_capital_arbitrum_2024,radiant_capital_arbitrum_2024,radiant_capital_arbitrum_2024,positive,arbitrum,1,ratio_50,124,248,0.9978851675987244,0.4021897315979004
magic_abracadabra_arbitrum_2025,magic_abracadabra_arbitrum_2025,magic_abracadabra_arbitrum_2025,positive,arbitrum,1,ratio_50,44,88,0.9981830716133118,0.42054757475852966
hackerdao_2022,hackerdao_2022,hackerdao_2022,positive,bsc,1,ratio_50,18,35,0.39410924911499023,0.7514274716377258
new_free_dao_2022,new_free_dao_2022,new_free_dao_2022,positive,bsc,1,ratio_50,6,12,0.0007176804938353598,0.6955881714820862
ronin_bridge_2022,ronin_bridge_2022__hn000,ronin_bridge_2022,hard_negative_mined,eth,0,ratio_50,1,1,0.00048112912918441,0.9894702434539795
ronin_bridge_2022,ronin_bridge_2022__hn001,ronin_bridge_2022,hard_negative_mined,eth,0,ratio_50,1,1,0.00048112912918441,0.9894702434539795
ronin_bridge_2022,ronin_bridge_2022__hn002,ronin_bridge_2022,hard_negative_mined,eth,0,ratio_50,1,1,0.00048112912918441,0.9894702434539795
ronin_bridge_2022,ronin_bridge_2022__hn003,ronin_bridge_2022,hard_negative_mined,eth,0,ratio_50,2,4,0.0006719956872984767,0.9894702434539795
ronin_bridge_2022,ronin_bridge_2022__hn004,ronin_bridge_2022,hard_negative_mined,eth,0,ratio_50,1,1,0.00048112912918441,0.9894702434539795
ronin_bridge_2022,ronin_bridge_2022__hn005,ronin_bridge_2022,hard_negative_mined,eth,0,ratio_50,1,1,0.00048112912918441,0.9894702434539795
ronin_bridge_2022,ronin_bridge_2022__hn006,ronin_bridge_2022,hard_negative_mined,eth,0,ratio_50,1,1,0.00048112912918441,0.9894702434539795
ronin_bridge_2022,ronin_bridge_2022__hn007,ronin_bridge_2022,hard_negative_mined,eth,0,ratio_50,2,4,0.00048112912918441,0.9894702434539795
ronin_bridge_2022,ronin_bridge_2022__hn008,ronin_bridge_2022,hard_negative_mined,eth,0,ratio_50,1,1,0.00048112912918441,0.9894702434539795
ronin_bridge_2022,ronin_bridge_2022__hn009,ronin_bridge_2022,hard_negative_mined,eth,0,ratio_50,1,1,0.00048112912918441,0.9894702434539795
ronin_bridge_2022,ronin_bridge_2022__hn010,ronin_bridge_2022,hard_negative_mined,eth,0,ratio_50,1,2,0.00048112912918441,0.9894702434539795
ronin_bridge_2022,ronin_bridge_2022__hn011,ronin_bridge_2022,hard_negative_mined,eth,0,ratio_50,1,1,0.00048112912918441,0.9894702434539795
ronin_bridge_2022,ronin_bridge_2022__hn012,ronin_bridge_2022,hard_negative_mined,eth,0,ratio_50,28,55,0.049108874052762985,0.9894702434539795
ronin_bridge_2022,ronin_bridge_2022__hn013,ronin_bridge_2022,hard_negative_mined,eth,0,ratio_50,1,2,0.00048112912918441,0.9894702434539795
ronin_bridge_2022,ronin_bridge_2022__hn014,ronin_bridge_2022,hard_negative_mined,eth,0,ratio_50,1,1,0.00048112912918441,0.9894702434539795
ronin_bridge_2022,ronin_bridge_2022__hn016,ronin_bridge_2022,hard_negative_mined,eth,0,ratio_50,1,1,0.00048112912918441,0.9894702434539795
ronin_bridge_2022,ronin_bridge_2022__hn017,ronin_bridge_2022,hard_negative_mined,eth,0,ratio_50,1,1,0.0018240417120978236,0.9894702434539795
ronin_bridge_2022,ronin_bridge_2022__hn018,ronin_bridge_2022,hard_negative_mined,eth,0,ratio_50,1,1,0.00048112912918441,0.9894702434539795
ronin_bridge_2022,ronin_bridge_2022__hn019,ronin_bridge_2022,hard_negative_mined,eth,0,ratio_50,1,1,0.00048112912918441,0.9894702434539795
ronin_bridge_2022,ronin_bridge_2022__hn020,ronin_bridge_2022,hard_negative_mined,eth,0,ratio_50,1,1,0.00048112912918441,0.9894702434539795
ronin_bridge_2022,ronin_bridge_2022__hn021,ronin_bridge_2022,hard_negative_mined,eth,0,ratio_50,2,3,0.0006719956872984767,0.9894702434539795
ronin_bridge_2022,ronin_bridge_2022__hn022,ronin_bridge_2022,hard_negative_mined,eth,0,ratio_50,1,1,0.00048112912918441,0.9894702434539795
ronin_bridge_2022,ronin_bridge_2022__hn024,ronin_bridge_2022,hard_negative_mined,eth,0,ratio_50,1,1,0.00048112912918441,0.9894702434539795
ronin_bridge_2022,ronin_bridge_2022__hn025,ronin_bridge_2022,hard_negative_mined,eth,0,ratio_50,1,1,0.00048112912918441,0.9894702434539795
ronin_bridge_2022,ronin_bridge_2022__hn026,ronin_bridge_2022,hard_negative_mined,eth,0,ratio_50,1,2,0.00048112912918441,0.9894702434539795
ronin_bridge_2022,ronin_bridge_2022__hn027,ronin_bridge_2022,hard_negative_mined,eth,0,ratio_50,1,1,0.0008467774023301899,0.9894702434539795
ronin_bridge_2022,ronin_bridge_2022__hn028,ronin_bridge_2022,hard_negative_mined,eth,0,ratio_50,1,1,0.00048112912918441,0.9894702434539795
ronin_bridge_2022,ronin_bridge_2022__hn030,ronin_bridge_2022,hard_negative_mined,eth,0,ratio_50,1,1,0.00048112912918441,0.9894702434539795
ronin_bridge_2022,ronin_bridge_2022__hn031,ronin_bridge_2022,hard_negative_mined,eth,0,ratio_50,1,1,0.00048112912918441,0.9894702434539795
ronin_bridge_2022,ronin_bridge_2022__hn032,ronin_bridge_2022,hard_negative_mined,eth,0,ratio_50,1,1,0.00048112912918441,0.9894702434539795
ronin_bridge_2022,ronin_bridge_2022__hn033,ronin_bridge_2022,hard_negative_mined,eth,0,ratio_50,2,3,0.0006719956872984767,0.9894702434539795
ronin_bridge_2022,ronin_bridge_2022__hn034,ronin_bridge_2022,hard_negative_mined,eth,0,ratio_50,1,2,0.00048112912918441,0.9894702434539795
ronin_bridge_2022,ronin_bridge_2022__hn035,ronin_bridge_2022,hard_negative_mined,eth,0,ratio_50,1,1,0.00048112912918441,0.9894702434539795
ronin_bridge_2022,ronin_bridge_2022__hn037,ronin_bridge_2022,hard_negative_mined,eth,0,ratio_50,1,1,0.00048112912918441,0.9894702434539795
ronin_bridge_2022,ronin_bridge_2022__hn038,ronin_bridge_2022,hard_negative_mined,eth,0,ratio_50,1,1,0.0008467774023301899,0.9894702434539795
ronin_bridge_2022,ronin_bridge_2022__hn039,ronin_bridge_2022,hard_negative_mined,eth,0,ratio_50,1,1,0.0008148230845108628,0.9894702434539795
ronin_bridge_2022,ronin_bridge_2022__hn040,ronin_bridge_2022,hard_negative_mined,eth,0,ratio_50,1,1,0.00048112912918441,0.9894702434539795
ronin_bridge_2022,ronin_bridge_2022__hn041,ronin_bridge_2022,hard_negative_mined,eth,0,ratio_50,2,3,0.0006719956872984767,0.9894702434539795
ronin_bridge_2022,ronin_bridge_2022__hn042,ronin_bridge_2022,hard_negative_mined,eth,0,ratio_50,1,1,0.00048112912918441,0.9894702434539795
ronin_bridge_2022,ronin_bridge_2022__hn043,ronin_bridge_2022,hard_negative_mined,eth,0,ratio_50,1,1,0.00048112912918441,0.9894702434539795
ronin_bridge_2022,ronin_bridge_2022__hn044,ronin_bridge_2022,hard_negative_mined,eth,0,ratio_50,1,2,0.00048112912918441,0.9894702434539795
ronin_bridge_2022,ronin_bridge_2022__hn045,ronin_bridge_2022,hard_negative_mined,eth,0,ratio_50,1,1,0.00048112912918441,0.9894702434539795
ronin_bridge_2022,ronin_bridge_2022__hn046,ronin_bridge_2022,hard_negative_mined,eth,0,ratio_50,1,1,0.00048112912918441,0.9894702434539795
ronin_bridge_2022,ronin_bridge_2022__hn047,ronin_bridge_2022,hard_negative_mined,eth,0,ratio_50,1,1,0.0018240417120978236,0.9894702434539795
ronin_bridge_2022,ronin_bridge_2022__hn048,ronin_bridge_2022,hard_negative_mined,eth,0,ratio_50,1,1,0.00048112912918441,0.9894702434539795
ronin_bridge_2022,ronin_bridge_2022__hn049,ronin_bridge_2022,hard_negative_mined,eth,0,ratio_50,2,3,0.0006719956872984767,0.9894702434539795
ronin_bridge_2022,ronin_bridge_2022__hn050,ronin_bridge_2022,hard_negative_mined,eth,0,ratio_50,1,1,0.0018240417120978236,0.9894702434539795
ronin_bridge_2022,ronin_bridge_2022__hn051,ronin_bridge_2022,hard_negative_mined,eth,0,ratio_50,1,2,0.00048112912918441,0.9894702434539795
ronin_bridge_2022,ronin_bridge_2022__hn052,ronin_bridge_2022,hard_negative_mined,eth,0,ratio_50,1,1,0.00048112912918441,0.9894702434539795
ronin_bridge_2022,ronin_bridge_2022__hn054,ronin_bridge_2022,hard_negative_mined,eth,0,ratio_50,1,1,0.00048112912918441,0.9894702434539795
ronin_bridge_2022,ronin_bridge_2022__hn055,ronin_bridge_2022,hard_negative_mined,eth,0,ratio_50,1,2,0.00048112912918441,0.9894702434539795
ronin_bridge_2022,ronin_bridge_2022__hn056,ronin_bridge_2022,hard_negative_mined,eth,0,ratio_50,1,2,0.0018921951996162534,0.9894702434539795
ronin_bridge_2022,ronin_bridge_2022__hn057,ronin_bridge_2022,hard_negative_mined,eth,0,ratio_50,1,1,0.0018240417120978236,0.9894702434539795
ronin_bridge_2022,ronin_bridge_2022__hn058,ronin_bridge_2022,hard_negative_mined,eth,0,ratio_50,1,1,0.00048112912918441,0.9894702434539795
ronin_bridge_2022,ronin_bridge_2022__hn059,ronin_bridge_2022,hard_negative_mined,eth,0,ratio_50,1,1,0.00048112912918441,0.9894702434539795
ronin_bridge_2022,ronin_bridge_2022__hn060,ronin_bridge_2022,hard_negative_mined,eth,0,ratio_50,1,1,0.00048112912918441,0.9894702434539795
ronin_bridge_2022,ronin_bridge_2022__hn061,ronin_bridge_2022,hard_negative_mined,eth,0,ratio_50,1,1,0.0008148230845108628,0.9894702434539795
ronin_bridge_2022,ronin_bridge_2022__hn062,ronin_bridge_2022,hard_negative_mined,eth,0,ratio_50,2,4,0.005035802721977234,0.9894702434539795
ronin_bridge_2022,ronin_bridge_2022__hn063,ronin_bridge_2022,hard_negative_mined,eth,0,ratio_50,1,1,0.00048112912918441,0.9894702434539795
ronin_bridge_2022,ronin_bridge_2022__hn064,ronin_bridge_2022,hard_negative_mined,eth,0,ratio_50,1,1,0.00048112912918441,0.9894702434539795
ronin_bridge_2022,ronin_bridge_2022__hn065,ronin_bridge_2022,hard_negative_mined,eth,0,ratio_50,1,1,0.00048112912918441,0.9894702434539795
ronin_bridge_2022,ronin_bridge_2022__hn066,ronin_bridge_2022,hard_negative_mined,eth,0,ratio_50,1,2,0.00048112912918441,0.9894702434539795
ronin_bridge_2022,ronin_bridge_2022__hn067,ronin_bridge_2022,hard_negative_mined,eth,0,ratio_50,1,1,0.00048112912918441,0.9894702434539795
ronin_bridge_2022,ronin_bridge_2022__hn068,ronin_bridge_2022,hard_negative_mined,eth,0,ratio_50,2,3,0.0006719956872984767,0.9894702434539795
ronin_bridge_2022,ronin_bridge_2022__hn069,ronin_bridge_2022,hard_negative_mined,eth,0,ratio_50,1,1,0.0008467774023301899,0.9894702434539795
deltaprime_arbitrum_2024,deltaprime_arbitrum_2024__hn000,deltaprime_arbitrum_2024,hard_negative_mined,arbitrum,0,ratio_50,2,4,0.0024031673092395067,0.3857375383377075
deltaprime_arbitrum_2024,deltaprime_arbitrum_2024__hn001,deltaprime_arbitrum_2024,hard_negative_mined,arbitrum,0,ratio_50,1,1,0.0006017433479428291,0.3857375383377075
deltaprime_arbitrum_2024,deltaprime_arbitrum_2024__hn002,deltaprime_arbitrum_2024,hard_negative_mined,arbitrum,0,ratio_50,1,1,0.0013421975309029222,0.3857375383377075
deltaprime_arbitrum_2024,deltaprime_arbitrum_2024__hn003,deltaprime_arbitrum_2024,hard_negative_mined,arbitrum,0,ratio_50,1,1,0.0005336633184924722,0.3857375383377075
deltaprime_arbitrum_2024,deltaprime_arbitrum_2024__hn004,deltaprime_arbitrum_2024,hard_negative_mined,arbitrum,0,ratio_50,1,1,0.0006017433479428291,0.3857375383377075
deltaprime_arbitrum_2024,deltaprime_arbitrum_2024__hn005,deltaprime_arbitrum_2024,hard_negative_mined,arbitrum,0,ratio_50,1,1,0.0006017433479428291,0.3857375383377075
deltaprime_arbitrum_2024,deltaprime_arbitrum_2024__hn006,deltaprime_arbitrum_2024,hard_negative_mined,arbitrum,0,ratio_50,1,1,0.0015132669359445572,0.3857375383377075
deltaprime_arbitrum_2024,deltaprime_arbitrum_2024__hn007,deltaprime_arbitrum_2024,hard_negative_mined,arbitrum,0,ratio_50,46,91,0.0010444391518831253,0.3857375383377075
deltaprime_arbitrum_2024,deltaprime_arbitrum_2024__hn008,deltaprime_arbitrum_2024,hard_negative_mined,arbitrum,0,ratio_50,61,121,9.385671728523448e-05,0.3857375383377075
deltaprime_arbitrum_2024,deltaprime_arbitrum_2024__hn009,deltaprime_arbitrum_2024,hard_negative_mined,arbitrum,0,ratio_50,1,1,0.0006017433479428291,0.3857375383377075
deltaprime_arbitrum_2024,deltaprime_arbitrum_2024__hn010,deltaprime_arbitrum_2024,hard_negative_mined,arbitrum,0,ratio_50,1,1,0.0006017433479428291,0.3857375383377075
deltaprime_arbitrum_2024,deltaprime_arbitrum_2024__hn011,deltaprime_arbitrum_2024,hard_negative_mined,arbitrum,0,ratio_50,1,1,0.0005336633184924722,0.3857375383377075
deltaprime_arbitrum_2024,deltaprime_arbitrum_2024__hn012,deltaprime_arbitrum_2024,hard_negative_mined,arbitrum,0,ratio_50,2,3,0.0020471466705203056,0.3857375383377075
deltaprime_arbitrum_2024,deltaprime_arbitrum_2024__hn013,deltaprime_arbitrum_2024,hard_negative_mined,arbitrum,0,ratio_50,1,1,0.0005336633184924722,0.3857375383377075
deltaprime_arbitrum_2024,deltaprime_arbitrum_2024__hn014,deltaprime_arbitrum_2024,hard_negative_mined,arbitrum,0,ratio_50,1,1,0.0015132669359445572,0.3857375383377075
deltaprime_arbitrum_2024,deltaprime_arbitrum_2024__hn015,deltaprime_arbitrum_2024,hard_negative_mined,arbitrum,0,ratio_50,1,2,0.0006614187732338905,0.3857375383377075
deltaprime_arbitrum_2024,deltaprime_arbitrum_2024__hn016,deltaprime_arbitrum_2024,hard_negative_mined,arbitrum,0,ratio_50,84,168,0.0011094406945630908,0.3857375383377075
deltaprime_arbitrum_2024,deltaprime_arbitrum_2024__hn017,deltaprime_arbitrum_2024,hard_negative_mined,arbitrum,0,ratio_50,2,3,0.004716170951724052,0.3857375383377075
deltaprime_arbitrum_2024,deltaprime_arbitrum_2024__hn018,deltaprime_arbitrum_2024,hard_negative_mined,arbitrum,0,ratio_50,1,1,0.0005336633184924722,0.3857375383377075
deltaprime_arbitrum_2024,deltaprime_arbitrum_2024__hn019,deltaprime_arbitrum_2024,hard_negative_mined,arbitrum,0,ratio_50,1,1,0.0005336633184924722,0.3857375383377075
deltaprime_arbitrum_2024,deltaprime_arbitrum_2024__hn020,deltaprime_arbitrum_2024,hard_negative_mined,arbitrum,0,ratio_50,1,1,0.0006017433479428291,0.3857375383377075
deltaprime_arbitrum_2024,deltaprime_arbitrum_2024__hn021,deltaprime_arbitrum_2024,hard_negative_mined,arbitrum,0,ratio_50,1,2,0.00047560560051351786,0.3857375383377075
deltaprime_arbitrum_2024,deltaprime_arbitrum_2024__hn022,deltaprime_arbitrum_2024,hard_negative_mined,arbitrum,0,ratio_50,110,219,9.385671728523448e-05,0.3857375383377075
deltaprime_arbitrum_2024,deltaprime_arbitrum_2024__hn023,deltaprime_arbitrum_2024,hard_negative_mined,arbitrum,0,ratio_50,2,3,0.00023374504235107452,0.3857375383377075
deltaprime_arbitrum_2024,deltaprime_arbitrum_2024__hn025,deltaprime_arbitrum_2024,hard_negative_mined,arbitrum,0,ratio_50,1,2,0.0005362830124795437,0.3857375383377075
deltaprime_arbitrum_2024,deltaprime_arbitrum_2024__hn026,deltaprime_arbitrum_2024,hard_negative_mined,arbitrum,0,ratio_50,1,2,0.00047560560051351786,0.3857375383377075
deltaprime_arbitrum_2024,deltaprime_arbitrum_2024__hn027,deltaprime_arbitrum_2024,hard_negative_mined,arbitrum,0,ratio_50,1,1,0.0013421975309029222,0.3857375383377075
deltaprime_arbitrum_2024,deltaprime_arbitrum_2024__hn028,deltaprime_arbitrum_2024,hard_negative_mined,arbitrum,0,ratio_50,1,2,0.0005362830124795437,0.3857375383377075
deltaprime_arbitrum_2024,deltaprime_arbitrum_2024__hn029,deltaprime_arbitrum_2024,hard_negative_mined,arbitrum,0,ratio_50,1,1,0.0007421424379572272,0.3857375383377075
deltaprime_arbitrum_2024,deltaprime_arbitrum_2024__hn030,deltaprime_arbitrum_2024,hard_negative_mined,arbitrum,0,ratio_50,1,1,0.0015132669359445572,0.3857375383377075
deltaprime_arbitrum_2024,deltaprime_arbitrum_2024__hn031,deltaprime_arbitrum_2024,hard_negative_mined,arbitrum,0,ratio_50,1,1,0.0005336633184924722,0.3857375383377075
deltaprime_arbitrum_2024,deltaprime_arbitrum_2024__hn032,deltaprime_arbitrum_2024,hard_negative_mined,arbitrum,0,ratio_50,1,1,0.0005336633184924722,0.3857375383377075
deltaprime_arbitrum_2024,deltaprime_arbitrum_2024__hn033,deltaprime_arbitrum_2024,hard_negative_mined,arbitrum,0,ratio_50,1,1,0.0005336633184924722,0.3857375383377075
deltaprime_arbitrum_2024,deltaprime_arbitrum_2024__hn035,deltaprime_arbitrum_2024,hard_negative_mined,arbitrum,0,ratio_50,1,2,0.0005362830124795437,0.3857375383377075
deltaprime_arbitrum_2024,deltaprime_arbitrum_2024__hn036,deltaprime_arbitrum_2024,hard_negative_mined,arbitrum,0,ratio_50,1,2,0.0005362830124795437,0.3857375383377075
deltaprime_arbitrum_2024,deltaprime_arbitrum_2024__hn037,deltaprime_arbitrum_2024,hard_negative_mined,arbitrum,0,ratio_50,1,1,0.0006017433479428291,0.3857375383377075
deltaprime_arbitrum_2024,deltaprime_arbitrum_2024__hn038,deltaprime_arbitrum_2024,hard_negative_mined,arbitrum,0,ratio_50,1,2,0.00047560560051351786,0.3857375383377075
deltaprime_arbitrum_2024,deltaprime_arbitrum_2024__hn040,deltaprime_arbitrum_2024,hard_negative_mined,arbitrum,0,ratio_50,2,4,0.0006129309767857194,0.3857375383377075
deltaprime_arbitrum_2024,deltaprime_arbitrum_2024__hn041,deltaprime_arbitrum_2024,hard_negative_mined,arbitrum,0,ratio_50,1,1,0.0005336633184924722,0.3857375383377075
deltaprime_arbitrum_2024,deltaprime_arbitrum_2024__hn042,deltaprime_arbitrum_2024,hard_negative_mined,arbitrum,0,ratio_50,1,1,0.0006017433479428291,0.3857375383377075
deltaprime_arbitrum_2024,deltaprime_arbitrum_2024__hn043,deltaprime_arbitrum_2024,hard_negative_mined,arbitrum,0,ratio_50,1,1,0.0015132669359445572,0.3857375383377075
deltaprime_arbitrum_2024,deltaprime_arbitrum_2024__hn044,deltaprime_arbitrum_2024,hard_negative_mined,arbitrum,0,ratio_50,2,4,0.001326098688878119,0.3857375383377075
deltaprime_arbitrum_2024,deltaprime_arbitrum_2024__hn045,deltaprime_arbitrum_2024,hard_negative_mined,arbitrum,0,ratio_50,1,1,0.0006017433479428291,0.3857375383377075
deltaprime_arbitrum_2024,deltaprime_arbitrum_2024__hn046,deltaprime_arbitrum_2024,hard_negative_mined,arbitrum,0,ratio_50,1,1,0.0015132669359445572,0.3857375383377075
deltaprime_arbitrum_2024,deltaprime_arbitrum_2024__hn047,deltaprime_arbitrum_2024,hard_negative_mined,arbitrum,0,ratio_50,1,1,0.0006017433479428291,0.3857375383377075
deltaprime_arbitrum_2024,deltaprime_arbitrum_2024__hn048,deltaprime_arbitrum_2024,hard_negative_mined,arbitrum,0,ratio_50,1,1,0.0005336633184924722,0.3857375383377075
deltaprime_arbitrum_2024,deltaprime_arbitrum_2024__hn050,deltaprime_arbitrum_2024,hard_negative_mined,arbitrum,0,ratio_50,3,5,0.0002909481117967516,0.3857375383377075
deltaprime_arbitrum_2024,deltaprime_arbitrum_2024__hn051,deltaprime_arbitrum_2024,hard_negative_mined,arbitrum,0,ratio_50,8,15,0.0009811186464503407,0.3857375383377075
deltaprime_arbitrum_2024,deltaprime_arbitrum_2024__hn052,deltaprime_arbitrum_2024,hard_negative_mined,arbitrum,0,ratio_50,1,2,0.0005865911953151226,0.3857375383377075
deltaprime_arbitrum_2024,deltaprime_arbitrum_2024__hn053,deltaprime_arbitrum_2024,hard_negative_mined,arbitrum,0,ratio_50,1,2,0.00047560560051351786,0.3857375383377075
deltaprime_arbitrum_2024,deltaprime_arbitrum_2024__hn054,deltaprime_arbitrum_2024,hard_negative_mined,arbitrum,0,ratio_50,1,1,0.0008631969103589654,0.3857375383377075
deltaprime_arbitrum_2024,deltaprime_arbitrum_2024__hn055,deltaprime_arbitrum_2024,hard_negative_mined,arbitrum,0,ratio_50,1,1,0.0005336633184924722,0.3857375383377075
deltaprime_arbitrum_2024,deltaprime_arbitrum_2024__hn056,deltaprime_arbitrum_2024,hard_negative_mined,arbitrum,0,ratio_50,1,1,0.0015132669359445572,0.3857375383377075
deltaprime_arbitrum_2024,deltaprime_arbitrum_2024__hn057,deltaprime_arbitrum_2024,hard_negative_mined,arbitrum,0,ratio_50,1,1,0.0006017433479428291,0.3857375383377075
deltaprime_arbitrum_2024,deltaprime_arbitrum_2024__hn058,deltaprime_arbitrum_2024,hard_negative_mined,arbitrum,0,ratio_50,1,1,0.0006017433479428291,0.3857375383377075
deltaprime_arbitrum_2024,deltaprime_arbitrum_2024__hn059,deltaprime_arbitrum_2024,hard_negative_mined,arbitrum,0,ratio_50,2,3,0.0016692866338416934,0.3857375383377075
deltaprime_arbitrum_2024,deltaprime_arbitrum_2024__hn060,deltaprime_arbitrum_2024,hard_negative_mined,arbitrum,0,ratio_50,1,2,0.0005362830124795437,0.3857375383377075
deltaprime_arbitrum_2024,deltaprime_arbitrum_2024__hn061,deltaprime_arbitrum_2024,hard_negative_mined,arbitrum,0,ratio_50,1,1,0.0006017433479428291,0.3857375383377075
deltaprime_arbitrum_2024,deltaprime_arbitrum_2024__hn062,deltaprime_arbitrum_2024,hard_negative_mined,arbitrum,0,ratio_50,1,2,0.00047560560051351786,0.3857375383377075
deltaprime_arbitrum_2024,deltaprime_arbitrum_2024__hn063,deltaprime_arbitrum_2024,hard_negative_mined,arbitrum,0,ratio_50,1,2,0.0005362830124795437,0.3857375383377075
deltaprime_arbitrum_2024,deltaprime_arbitrum_2024__hn064,deltaprime_arbitrum_2024,hard_negative_mined,arbitrum,0,ratio_50,3,6,0.0008312204736284912,0.3857375383377075
deltaprime_arbitrum_2024,deltaprime_arbitrum_2024__hn065,deltaprime_arbitrum_2024,hard_negative_mined,arbitrum,0,ratio_50,1,1,0.0005336633184924722,0.3857375383377075
deltaprime_arbitrum_2024,deltaprime_arbitrum_2024__hn066,deltaprime_arbitrum_2024,hard_negative_mined,arbitrum,0,ratio_50,1,1,0.0005336633184924722,0.3857375383377075
deltaprime_arbitrum_2024,deltaprime_arbitrum_2024__hn067,deltaprime_arbitrum_2024,hard_negative_mined,arbitrum,0,ratio_50,2,3,0.0014098548563197255,0.3857375383377075
deltaprime_arbitrum_2024,deltaprime_arbitrum_2024__hn068,deltaprime_arbitrum_2024,hard_negative_mined,arbitrum,0,ratio_50,1,2,0.0005362830124795437,0.3857375383377075
deltaprime_arbitrum_2024,deltaprime_arbitrum_2024__hn069,deltaprime_arbitrum_2024,hard_negative_mined,arbitrum,0,ratio_50,1,1,0.0005336633184924722,0.3857375383377075
bsc_token_hub_2022,bsc_token_hub_2022__hn000,bsc_token_hub_2022,hard_negative_mined,bsc,0,ratio_50,1,1,0.0005212856340222061,0.9647909998893738
bsc_token_hub_2022,bsc_token_hub_2022__hn001,bsc_token_hub_2022,hard_negative_mined,bsc,0,ratio_50,1,1,0.0005212856340222061,0.9647909998893738
bsc_token_hub_2022,bsc_token_hub_2022__hn002,bsc_token_hub_2022,hard_negative_mined,bsc,0,ratio_50,2,3,0.0038955810014158487,0.9647909998893738
bsc_token_hub_2022,bsc_token_hub_2022__hn003,bsc_token_hub_2022,hard_negative_mined,bsc,0,ratio_50,1,1,0.0005023295525461435,0.9647909998893738
bsc_token_hub_2022,bsc_token_hub_2022__hn004,bsc_token_hub_2022,hard_negative_mined,bsc,0,ratio_50,1,1,0.0005023295525461435,0.9647909998893738
bsc_token_hub_2022,bsc_token_hub_2022__hn005,bsc_token_hub_2022,hard_negative_mined,bsc,0,ratio_50,2,3,0.0013300019782036543,0.9647909998893738
bsc_token_hub_2022,bsc_token_hub_2022__hn007,bsc_token_hub_2022,hard_negative_mined,bsc,0,ratio_50,1,1,0.0005023295525461435,0.9647909998893738
bsc_token_hub_2022,bsc_token_hub_2022__hn008,bsc_token_hub_2022,hard_negative_mined,bsc,0,ratio_50,1,2,0.0007831745315343142,0.9647909998893738
bsc_token_hub_2022,bsc_token_hub_2022__hn009,bsc_token_hub_2022,hard_negative_mined,bsc,0,ratio_50,1,2,0.0023823189549148083,0.9647909998893738
bsc_token_hub_2022,bsc_token_hub_2022__hn010,bsc_token_hub_2022,hard_negative_mined,bsc,0,ratio_50,3,6,0.00010180588287767023,0.9647909998893738
bsc_token_hub_2022,bsc_token_hub_2022__hn011,bsc_token_hub_2022,hard_negative_mined,bsc,0,ratio_50,1,1,0.0005023295525461435,0.9647909998893738
bsc_token_hub_2022,bsc_token_hub_2022__hn012,bsc_token_hub_2022,hard_negative_mined,bsc,0,ratio_50,1,2,0.0005312981666065753,0.9647909998893738
bsc_token_hub_2022,bsc_token_hub_2022__hn013,bsc_token_hub_2022,hard_negative_mined,bsc,0,ratio_50,1,1,0.0005212856340222061,0.9647909998893738
bsc_token_hub_2022,bsc_token_hub_2022__hn014,bsc_token_hub_2022,hard_negative_mined,bsc,0,ratio_50,1,1,0.0005212856340222061,0.9647909998893738
bsc_token_hub_2022,bsc_token_hub_2022__hn015,bsc_token_hub_2022,hard_negative_mined,bsc,0,ratio_50,1,2,0.0023823189549148083,0.9647909998893738
bsc_token_hub_2022,bsc_token_hub_2022__hn016,bsc_token_hub_2022,hard_negative_mined,bsc,0,ratio_50,2,4,0.00021207919053267688,0.9647909998893738
bsc_token_hub_2022,bsc_token_hub_2022__hn017,bsc_token_hub_2022,hard_negative_mined,bsc,0,ratio_50,1,2,0.0007547023124061525,0.9647909998893738
bsc_token_hub_2022,bsc_token_hub_2022__hn018,bsc_token_hub_2022,hard_negative_mined,bsc,0,ratio_50,1,1,0.0005023295525461435,0.9647909998893738
bsc_token_hub_2022,bsc_token_hub_2022__hn019,bsc_token_hub_2022,hard_negative_mined,bsc,0,ratio_50,1,1,0.0005212856340222061,0.9647909998893738
bsc_token_hub_2022,bsc_token_hub_2022__hn020,bsc_token_hub_2022,hard_negative_mined,bsc,0,ratio_50,1,2,0.0005312981666065753,0.9647909998893738
bsc_token_hub_2022,bsc_token_hub_2022__hn021,bsc_token_hub_2022,hard_negative_mined,bsc,0,ratio_50,2,3,0.0012135641882196069,0.9647909998893738
bsc_token_hub_2022,bsc_token_hub_2022__hn022,bsc_token_hub_2022,hard_negative_mined,bsc,0,ratio_50,1,1,0.0005212856340222061,0.9647909998893738
bsc_token_hub_2022,bsc_token_hub_2022__hn023,bsc_token_hub_2022,hard_negative_mined,bsc,0,ratio_50,1,2,0.0023823189549148083,0.9647909998893738
bsc_token_hub_2022,bsc_token_hub_2022__hn024,bsc_token_hub_2022,hard_negative_mined,bsc,0,ratio_50,3,5,0.001040619914419949,0.9647909998893738
bsc_token_hub_2022,bsc_token_hub_2022__hn025,bsc_token_hub_2022,hard_negative_mined,bsc,0,ratio_50,1,1,0.0005023295525461435,0.9647909998893738
bsc_token_hub_2022,bsc_token_hub_2022__hn026,bsc_token_hub_2022,hard_negative_mined,bsc,0,ratio_50,2,4,0.00082489347551018,0.9647909998893738
bsc_token_hub_2022,bsc_token_hub_2022__hn027,bsc_token_hub_2022,hard_negative_mined,bsc,0,ratio_50,2,3,0.0014142104191705585,0.9647909998893738
bsc_token_hub_2022,bsc_token_hub_2022__hn028,bsc_token_hub_2022,hard_negative_mined,bsc,0,ratio_50,1,2,0.0008139066048897803,0.9647909998893738
bsc_token_hub_2022,bsc_token_hub_2022__hn029,bsc_token_hub_2022,hard_negative_mined,bsc,0,ratio_50,1,1,0.001682708621956408,0.9647909998893738
bsc_token_hub_2022,bsc_token_hub_2022__hn030,bsc_token_hub_2022,hard_negative_mined,bsc,0,ratio_50,1,1,0.001682708621956408,0.9647909998893738
bsc_token_hub_2022,bsc_token_hub_2022__hn032,bsc_token_hub_2022,hard_negative_mined,bsc,0,ratio_50,1,2,0.0008139066048897803,0.9647909998893738
bsc_token_hub_2022,bsc_token_hub_2022__hn033,bsc_token_hub_2022,hard_negative_mined,bsc,0,ratio_50,1,2,0.0005312981666065753,0.9647909998893738
bsc_token_hub_2022,bsc_token_hub_2022__hn034,bsc_token_hub_2022,hard_negative_mined,bsc,0,ratio_50,1,2,0.0005312981666065753,0.9647909998893738
bsc_token_hub_2022,bsc_token_hub_2022__hn035,bsc_token_hub_2022,hard_negative_mined,bsc,0,ratio_50,1,1,0.0005212856340222061,0.9647909998893738
bsc_token_hub_2022,bsc_token_hub_2022__hn036,bsc_token_hub_2022,hard_negative_mined,bsc,0,ratio_50,1,1,0.0005212856340222061,0.9647909998893738
bsc_token_hub_2022,bsc_token_hub_2022__hn037,bsc_token_hub_2022,hard_negative_mined,bsc,0,ratio_50,1,1,0.0005212856340222061,0.9647909998893738
bsc_token_hub_2022,bsc_token_hub_2022__hn038,bsc_token_hub_2022,hard_negative_mined,bsc,0,ratio_50,2,3,0.0013802509056404233,0.9647909998893738
bsc_token_hub_2022,bsc_token_hub_2022__hn039,bsc_token_hub_2022,hard_negative_mined,bsc,0,ratio_50,2,4,0.0149162532761693,0.9647909998893738
bsc_token_hub_2022,bsc_token_hub_2022__hn040,bsc_token_hub_2022,hard_negative_mined,bsc,0,ratio_50,3,6,0.0012165200896561146,0.9647909998893738
bsc_token_hub_2022,bsc_token_hub_2022__hn041,bsc_token_hub_2022,hard_negative_mined,bsc,0,ratio_50,1,1,0.0005023295525461435,0.9647909998893738
bsc_token_hub_2022,bsc_token_hub_2022__hn042,bsc_token_hub_2022,hard_negative_mined,bsc,0,ratio_50,1,1,0.0016215868527069688,0.9647909998893738
bsc_token_hub_2022,bsc_token_hub_2022__hn044,bsc_token_hub_2022,hard_negative_mined,bsc,0,ratio_50,1,1,0.0005023295525461435,0.9647909998893738
bsc_token_hub_2022,bsc_token_hub_2022__hn045,bsc_token_hub_2022,hard_negative_mined,bsc,0,ratio_50,1,2,0.0008139066048897803,0.9647909998893738
bsc_token_hub_2022,bsc_token_hub_2022__hn046,bsc_token_hub_2022,hard_negative_mined,bsc,0,ratio_50,1,1,0.0005212856340222061,0.9647909998893738
bsc_token_hub_2022,bsc_token_hub_2022__hn047,bsc_token_hub_2022,hard_negative_mined,bsc,0,ratio_50,1,1,0.0005212856340222061,0.9647909998893738
bsc_token_hub_2022,bsc_token_hub_2022__hn048,bsc_token_hub_2022,hard_negative_mined,bsc,0,ratio_50,3,5,0.0557662770152092,0.9647909998893738
bsc_token_hub_2022,bsc_token_hub_2022__hn049,bsc_token_hub_2022,hard_negative_mined,bsc,0,ratio_50,3,6,0.002968747867271304,0.9647909998893738
bsc_token_hub_2022,bsc_token_hub_2022__hn050,bsc_token_hub_2022,hard_negative_mined,bsc,0,ratio_50,1,2,0.0023823189549148083,0.9647909998893738
bsc_token_hub_2022,bsc_token_hub_2022__hn051,bsc_token_hub_2022,hard_negative_mined,bsc,0,ratio_50,1,1,0.0005023295525461435,0.9647909998893738
bsc_token_hub_2022,bsc_token_hub_2022__hn052,bsc_token_hub_2022,hard_negative_mined,bsc,0,ratio_50,1,1,0.001682708621956408,0.9647909998893738
bsc_token_hub_2022,bsc_token_hub_2022__hn053,bsc_token_hub_2022,hard_negative_mined,bsc,0,ratio_50,1,1,0.0005023295525461435,0.9647909998893738
bsc_token_hub_2022,bsc_token_hub_2022__hn054,bsc_token_hub_2022,hard_negative_mined,bsc,0,ratio_50,1,1,0.0007684188894927502,0.9647909998893738
bsc_token_hub_2022,bsc_token_hub_2022__hn055,bsc_token_hub_2022,hard_negative_mined,bsc,0,ratio_50,2,3,0.00022511070710606873,0.9647909998893738
bsc_token_hub_2022,bsc_token_hub_2022__hn056,bsc_token_hub_2022,hard_negative_mined,bsc,0,ratio_50,1,1,0.0005212856340222061,0.9647909998893738
bsc_token_hub_2022,bsc_token_hub_2022__hn057,bsc_token_hub_2022,hard_negative_mined,bsc,0,ratio_50,1,1,0.0007684188894927502,0.9647909998893738
bsc_token_hub_2022,bsc_token_hub_2022__hn058,bsc_token_hub_2022,hard_negative_mined,bsc,0,ratio_50,1,1,0.0005212856340222061,0.9647909998893738
bsc_token_hub_2022,bsc_token_hub_2022__hn059,bsc_token_hub_2022,hard_negative_mined,bsc,0,ratio_50,7,14,0.00039619163726456463,0.9647909998893738
bsc_token_hub_2022,bsc_token_hub_2022__hn060,bsc_token_hub_2022,hard_negative_mined,bsc,0,ratio_50,1,1,0.0005023295525461435,0.9647909998893738
bsc_token_hub_2022,bsc_token_hub_2022__hn061,bsc_token_hub_2022,hard_negative_mined,bsc,0,ratio_50,3,6,0.0013965718680992723,0.9647909998893738
bsc_token_hub_2022,bsc_token_hub_2022__hn062,bsc_token_hub_2022,hard_negative_mined,bsc,0,ratio_50,1,2,0.0022958433255553246,0.9647909998893738
bsc_token_hub_2022,bsc_token_hub_2022__hn063,bsc_token_hub_2022,hard_negative_mined,bsc,0,ratio_50,2,3,0.0013977920170873404,0.9647909998893738
bsc_token_hub_2022,bsc_token_hub_2022__hn064,bsc_token_hub_2022,hard_negative_mined,bsc,0,ratio_50,1,1,0.0007404827047139406,0.9647909998893738
bsc_token_hub_2022,bsc_token_hub_2022__hn065,bsc_token_hub_2022,hard_negative_mined,bsc,0,ratio_50,4,8,0.004010000266134739,0.9647909998893738
bsc_token_hub_2022,bsc_token_hub_2022__hn066,bsc_token_hub_2022,hard_negative_mined,bsc,0,ratio_50,3,5,0.00011206373892491683,0.9647909998893738
bsc_token_hub_2022,bsc_token_hub_2022__hn067,bsc_token_hub_2022,hard_negative_mined,bsc,0,ratio_50,1,2,0.0005312981666065753,0.9647909998893738
bsc_token_hub_2022,bsc_token_hub_2022__hn068,bsc_token_hub_2022,hard_negative_mined,bsc,0,ratio_50,1,2,0.0023823189549148083,0.9647909998893738
bsc_token_hub_2022,bsc_token_hub_2022__hn069,bsc_token_hub_2022,hard_negative_mined,bsc,0,ratio_50,2,3,0.002632684074342251,0.9647909998893738
qbridge_qubit_2022,qbridge_qubit_2022__hn000,qbridge_qubit_2022,hard_negative_mined,bsc,0,ratio_50,1,1,0.001973578007891774,0.10893803834915161
qbridge_qubit_2022,qbridge_qubit_2022__hn001,qbridge_qubit_2022,hard_negative_mined,bsc,0,ratio_50,229,458,0.0016588751459494233,0.10893803834915161
qbridge_qubit_2022,qbridge_qubit_2022__hn002,qbridge_qubit_2022,hard_negative_mined,bsc,0,ratio_50,2,3,0.0008150335634127259,0.10893803834915161
qbridge_qubit_2022,qbridge_qubit_2022__hn003,qbridge_qubit_2022,hard_negative_mined,bsc,0,ratio_50,1,1,0.0004564122937154025,0.10893803834915161
qbridge_qubit_2022,qbridge_qubit_2022__hn004,qbridge_qubit_2022,hard_negative_mined,bsc,0,ratio_50,2,3,0.00118052598554641,0.10893803834915161
qbridge_qubit_2022,qbridge_qubit_2022__hn005,qbridge_qubit_2022,hard_negative_mined,bsc,0,ratio_50,2,3,0.0020864049438387156,0.10893803834915161
qbridge_qubit_2022,qbridge_qubit_2022__hn006,qbridge_qubit_2022,hard_negative_mined,bsc,0,ratio_50,1,2,0.0005962148425169289,0.10893803834915161
qbridge_qubit_2022,qbridge_qubit_2022__hn007,qbridge_qubit_2022,hard_negative_mined,bsc,0,ratio_50,1,2,0.0004835097352042794,0.10893803834915161
qbridge_qubit_2022,qbridge_qubit_2022__hn008,qbridge_qubit_2022,hard_negative_mined,bsc,0,ratio_50,4,7,0.001980196451768279,0.10893803834915161
qbridge_qubit_2022,qbridge_qubit_2022__hn009,qbridge_qubit_2022,hard_negative_mined,bsc,0,ratio_50,429,858,0.0011269752867519855,0.10893803834915161
qbridge_qubit_2022,qbridge_qubit_2022__hn010,qbridge_qubit_2022,hard_negative_mined,bsc,0,ratio_50,88,176,0.00016335624968633056,0.10893803834915161
qbridge_qubit_2022,qbridge_qubit_2022__hn011,qbridge_qubit_2022,hard_negative_mined,bsc,0,ratio_50,387,773,0.0006130939582362771,0.10893803834915161
qbridge_qubit_2022,qbridge_qubit_2022__hn012,qbridge_qubit_2022,hard_negative_mined,bsc,0,ratio_50,2,4,0.009506694041192532,0.10893803834915161
qbridge_qubit_2022,qbridge_qubit_2022__hn013,qbridge_qubit_2022,hard_negative_mined,bsc,0,ratio_50,261,521,0.0009782148990780115,0.10893803834915161
qbridge_qubit_2022,qbridge_qubit_2022__hn014,qbridge_qubit_2022,hard_negative_mined,bsc,0,ratio_50,6,11,0.002287951298058033,0.10893803834915161
qbridge_qubit_2022,qbridge_qubit_2022__hn015,qbridge_qubit_2022,hard_negative_mined,bsc,0,ratio_50,12,23,0.00114098668564111,0.10893803834915161
qbridge_qubit_2022,qbridge_qubit_2022__hn016,qbridge_qubit_2022,hard_negative_mined,bsc,0,ratio_50,2,4,0.00600786879658699,0.10893803834915161
qbridge_qubit_2022,qbridge_qubit_2022__hn017,qbridge_qubit_2022,hard_negative_mined,bsc,0,ratio_50,1,2,0.0004835097352042794,0.10893803834915161
qbridge_qubit_2022,qbridge_qubit_2022__hn018,qbridge_qubit_2022,hard_negative_mined,bsc,0,ratio_50,1,2,0.002532568294554949,0.10893803834915161
qbridge_qubit_2022,qbridge_qubit_2022__hn019,qbridge_qubit_2022,hard_negative_mined,bsc,0,ratio_50,1,1,0.0004564122937154025,0.10893803834915161
qbridge_qubit_2022,qbridge_qubit_2022__hn020,qbridge_qubit_2022,hard_negative_mined,bsc,0,ratio_50,2,3,0.0011328269029036164,0.10893803834915161
qbridge_qubit_2022,qbridge_qubit_2022__hn021,qbridge_qubit_2022,hard_negative_mined,bsc,0,ratio_50,6,12,0.005306660197675228,0.10893803834915161
qbridge_qubit_2022,qbridge_qubit_2022__hn022,qbridge_qubit_2022,hard_negative_mined,bsc,0,ratio_50,39,77,0.022648492828011513,0.10893803834915161
qbridge_qubit_2022,qbridge_qubit_2022__hn023,qbridge_qubit_2022,hard_negative_mined,bsc,0,ratio_50,127,253,0.006265806965529919,0.10893803834915161
qbridge_qubit_2022,qbridge_qubit_2022__hn024,qbridge_qubit_2022,hard_negative_mined,bsc,0,ratio_50,1,2,0.0004835097352042794,0.10893803834915161
qbridge_qubit_2022,qbridge_qubit_2022__hn025,qbridge_qubit_2022,hard_negative_mined,bsc,0,ratio_50,22,43,0.0017934547504410148,0.10893803834915161
qbridge_qubit_2022,qbridge_qubit_2022__hn026,qbridge_qubit_2022,hard_negative_mined,bsc,0,ratio_50,1,1,0.0004564122937154025,0.10893803834915161
qbridge_qubit_2022,qbridge_qubit_2022__hn027,qbridge_qubit_2022,hard_negative_mined,bsc,0,ratio_50,2,3,0.001973578007891774,0.10893803834915161
qbridge_qubit_2022,qbridge_qubit_2022__hn028,qbridge_qubit_2022,hard_negative_mined,bsc,0,ratio_50,4,8,0.0001747033529682085,0.10893803834915161
qbridge_qubit_2022,qbridge_qubit_2022__hn029,qbridge_qubit_2022,hard_negative_mined,bsc,0,ratio_50,2,3,0.0011514752404764295,0.10893803834915161
qbridge_qubit_2022,qbridge_qubit_2022__hn030,qbridge_qubit_2022,hard_negative_mined,bsc,0,ratio_50,1,1,0.0006521533359773457,0.10893803834915161
qbridge_qubit_2022,qbridge_qubit_2022__hn031,qbridge_qubit_2022,hard_negative_mined,bsc,0,ratio_50,1,2,0.0006908639916218817,0.10893803834915161
qbridge_qubit_2022,qbridge_qubit_2022__hn032,qbridge_qubit_2022,hard_negative_mined,bsc,0,ratio_50,29,58,0.018332241103053093,0.10893803834915161
qbridge_qubit_2022,qbridge_qubit_2022__hn033,qbridge_qubit_2022,hard_negative_mined,bsc,0,ratio_50,45,89,0.0031007728539407253,0.10893803834915161
qbridge_qubit_2022,qbridge_qubit_2022__hn034,qbridge_qubit_2022,hard_negative_mined,bsc,0,ratio_50,1,1,0.0006047894712537527,0.10893803834915161
feg_bridge_2024,feg_bridge_2024__hn000,feg_bridge_2024,hard_negative_mined,eth,0,ratio_50,1,1,0.00024418949033133686,0.05136201158165932
feg_bridge_2024,feg_bridge_2024__hn001,feg_bridge_2024,hard_negative_mined,eth,0,ratio_50,1,1,0.00024418949033133686,0.05136201158165932
feg_bridge_2024,feg_bridge_2024__hn002,feg_bridge_2024,hard_negative_mined,eth,0,ratio_50,1,1,0.00024418949033133686,0.05136201158165932
feg_bridge_2024,feg_bridge_2024__hn003,feg_bridge_2024,hard_negative_mined,eth,0,ratio_50,1,2,0.0002654078707564622,0.05136201158165932
feg_bridge_2024,feg_bridge_2024__hn004,feg_bridge_2024,hard_negative_mined,eth,0,ratio_50,1,1,0.00024418949033133686,0.05136201158165932
feg_bridge_2024,feg_bridge_2024__hn005,feg_bridge_2024,hard_negative_mined,eth,0,ratio_50,1,1,0.07367274165153503,0.05136201158165932
feg_bridge_2024,feg_bridge_2024__hn006,feg_bridge_2024,hard_negative_mined,eth,0,ratio_50,1,1,0.07367274165153503,0.05136201158165932
feg_bridge_2024,feg_bridge_2024__hn007,feg_bridge_2024,hard_negative_mined,eth,0,ratio_50,1,1,0.00024418949033133686,0.05136201158165932
feg_bridge_2024,feg_bridge_2024__hn008,feg_bridge_2024,hard_negative_mined,eth,0,ratio_50,1,1,0.07367274165153503,0.05136201158165932
feg_bridge_2024,feg_bridge_2024__hn009,feg_bridge_2024,hard_negative_mined,eth,0,ratio_50,1,1,0.00024418949033133686,0.05136201158165932
feg_bridge_2024,feg_bridge_2024__hn010,feg_bridge_2024,hard_negative_mined,eth,0,ratio_50,1,1,0.00024418949033133686,0.05136201158165932
feg_bridge_2024,feg_bridge_2024__hn011,feg_bridge_2024,hard_negative_mined,eth,0,ratio_50,1,1,0.00024418949033133686,0.05136201158165932
feg_bridge_2024,feg_bridge_2024__hn012,feg_bridge_2024,hard_negative_mined,eth,0,ratio_50,1,1,0.07367274165153503,0.05136201158165932
feg_bridge_2024,feg_bridge_2024__hn013,feg_bridge_2024,hard_negative_mined,eth,0,ratio_50,1,1,0.00024418949033133686,0.05136201158165932
feg_bridge_2024,feg_bridge_2024__hn014,feg_bridge_2024,hard_negative_mined,eth,0,ratio_50,1,1,0.00024418949033133686,0.05136201158165932
feg_bridge_2024,feg_bridge_2024__hn015,feg_bridge_2024,hard_negative_mined,eth,0,ratio_50,1,1,0.00024418949033133686,0.05136201158165932
feg_bridge_2024,feg_bridge_2024__hn016,feg_bridge_2024,hard_negative_mined,eth,0,ratio_50,1,1,0.00024418949033133686,0.05136201158165932
feg_bridge_2024,feg_bridge_2024__hn017,feg_bridge_2024,hard_negative_mined,eth,0,ratio_50,1,1,0.07367274165153503,0.05136201158165932
feg_bridge_2024,feg_bridge_2024__hn018,feg_bridge_2024,hard_negative_mined,eth,0,ratio_50,1,1,0.07367274165153503,0.05136201158165932
feg_bridge_2024,feg_bridge_2024__hn019,feg_bridge_2024,hard_negative_mined,eth,0,ratio_50,1,1,0.00024418949033133686,0.05136201158165932
feg_bridge_2024,feg_bridge_2024__hn020,feg_bridge_2024,hard_negative_mined,eth,0,ratio_50,1,1,0.07367274165153503,0.05136201158165932
feg_bridge_2024,feg_bridge_2024__hn021,feg_bridge_2024,hard_negative_mined,eth,0,ratio_50,1,1,0.00024418949033133686,0.05136201158165932
feg_bridge_2024,feg_bridge_2024__hn022,feg_bridge_2024,hard_negative_mined,eth,0,ratio_50,1,1,0.00024418949033133686,0.05136201158165932
feg_bridge_2024,feg_bridge_2024__hn023,feg_bridge_2024,hard_negative_mined,eth,0,ratio_50,1,1,0.00024418949033133686,0.05136201158165932
feg_bridge_2024,feg_bridge_2024__hn024,feg_bridge_2024,hard_negative_mined,eth,0,ratio_50,1,1,0.00024418949033133686,0.05136201158165932
feg_bridge_2024,feg_bridge_2024__hn025,feg_bridge_2024,hard_negative_mined,eth,0,ratio_50,1,1,0.00024418949033133686,0.05136201158165932
feg_bridge_2024,feg_bridge_2024__hn027,feg_bridge_2024,hard_negative_mined,eth,0,ratio_50,1,1,0.00024418949033133686,0.05136201158165932
feg_bridge_2024,feg_bridge_2024__hn028,feg_bridge_2024,hard_negative_mined,eth,0,ratio_50,1,1,0.00024418949033133686,0.05136201158165932
feg_bridge_2024,feg_bridge_2024__hn029,feg_bridge_2024,hard_negative_mined,eth,0,ratio_50,1,1,0.00024418949033133686,0.05136201158165932
feg_bridge_2024,feg_bridge_2024__hn030,feg_bridge_2024,hard_negative_mined,eth,0,ratio_50,1,1,0.00024418949033133686,0.05136201158165932
feg_bridge_2024,feg_bridge_2024__hn031,feg_bridge_2024,hard_negative_mined,eth,0,ratio_50,1,1,0.00024418949033133686,0.05136201158165932
chibi_finance_2023,chibi_finance_2023__hn000,chibi_finance_2023,hard_negative_mined,arbitrum,0,ratio_50,1,1,0.00045140765723772347,0.07505665719509125
chibi_finance_2023,chibi_finance_2023__hn001,chibi_finance_2023,hard_negative_mined,arbitrum,0,ratio_50,1,1,0.00031827433849684894,0.07505665719509125
chibi_finance_2023,chibi_finance_2023__hn002,chibi_finance_2023,hard_negative_mined,arbitrum,0,ratio_50,2,3,0.0005217819707468152,0.07505665719509125
chibi_finance_2023,chibi_finance_2023__hn003,chibi_finance_2023,hard_negative_mined,arbitrum,0,ratio_50,1,1,0.00045140765723772347,0.07505665719509125
chibi_finance_2023,chibi_finance_2023__hn004,chibi_finance_2023,hard_negative_mined,arbitrum,0,ratio_50,4,8,0.00018693185120355338,0.07505665719509125
chibi_finance_2023,chibi_finance_2023__hn005,chibi_finance_2023,hard_negative_mined,arbitrum,0,ratio_50,1,1,0.00045140765723772347,0.07505665719509125
chibi_finance_2023,chibi_finance_2023__hn006,chibi_finance_2023,hard_negative_mined,arbitrum,0,ratio_50,1,2,0.000446913531050086,0.07505665719509125
chibi_finance_2023,chibi_finance_2023__hn007,chibi_finance_2023,hard_negative_mined,arbitrum,0,ratio_50,1,2,0.000446913531050086,0.07505665719509125
chibi_finance_2023,chibi_finance_2023__hn008,chibi_finance_2023,hard_negative_mined,arbitrum,0,ratio_50,1,1,0.00045140765723772347,0.07505665719509125
chibi_finance_2023,chibi_finance_2023__hn009,chibi_finance_2023,hard_negative_mined,arbitrum,0,ratio_50,1,2,0.000446913531050086,0.07505665719509125
chibi_finance_2023,chibi_finance_2023__hn010,chibi_finance_2023,hard_negative_mined,arbitrum,0,ratio_50,1,2,0.000446913531050086,0.07505665719509125
chibi_finance_2023,chibi_finance_2023__hn011,chibi_finance_2023,hard_negative_mined,arbitrum,0,ratio_50,1,2,0.000446913531050086,0.07505665719509125
chibi_finance_2023,chibi_finance_2023__hn012,chibi_finance_2023,hard_negative_mined,arbitrum,0,ratio_50,1,1,0.00045140765723772347,0.07505665719509125
chibi_finance_2023,chibi_finance_2023__hn013,chibi_finance_2023,hard_negative_mined,arbitrum,0,ratio_50,1,2,0.000446913531050086,0.07505665719509125
chibi_finance_2023,chibi_finance_2023__hn014,chibi_finance_2023,hard_negative_mined,arbitrum,0,ratio_50,1,1,0.00045140765723772347,0.07505665719509125
chibi_finance_2023,chibi_finance_2023__hn015,chibi_finance_2023,hard_negative_mined,arbitrum,0,ratio_50,3,6,0.00041996926302090287,0.07505665719509125
chibi_finance_2023,chibi_finance_2023__hn016,chibi_finance_2023,hard_negative_mined,arbitrum,0,ratio_50,1,1,0.00045140765723772347,0.07505665719509125
chibi_finance_2023,chibi_finance_2023__hn017,chibi_finance_2023,hard_negative_mined,arbitrum,0,ratio_50,1,1,0.00045140765723772347,0.07505665719509125
chibi_finance_2023,chibi_finance_2023__hn018,chibi_finance_2023,hard_negative_mined,arbitrum,0,ratio_50,1,2,0.000446913531050086,0.07505665719509125
chibi_finance_2023,chibi_finance_2023__hn019,chibi_finance_2023,hard_negative_mined,arbitrum,0,ratio_50,1,1,0.00045140765723772347,0.07505665719509125
chibi_finance_2023,chibi_finance_2023__hn020,chibi_finance_2023,hard_negative_mined,arbitrum,0,ratio_50,1,1,0.00045140765723772347,0.07505665719509125
chibi_finance_2023,chibi_finance_2023__hn021,chibi_finance_2023,hard_negative_mined,arbitrum,0,ratio_50,1,1,0.00045140765723772347,0.07505665719509125
chibi_finance_2023,chibi_finance_2023__hn022,chibi_finance_2023,hard_negative_mined,arbitrum,0,ratio_50,1,1,0.00045140765723772347,0.07505665719509125
chibi_finance_2023,chibi_finance_2023__hn023,chibi_finance_2023,hard_negative_mined,arbitrum,0,ratio_50,1,1,0.00045140765723772347,0.07505665719509125
chibi_finance_2023,chibi_finance_2023__hn024,chibi_finance_2023,hard_negative_mined,arbitrum,0,ratio_50,1,1,0.00045140765723772347,0.07505665719509125
wooppv2_2024,wooppv2_2024__hn000,wooppv2_2024,hard_negative_mined,arbitrum,0,ratio_50,1,1,0.0005797722260467708,0.4610976278781891
wooppv2_2024,wooppv2_2024__hn001,wooppv2_2024,hard_negative_mined,arbitrum,0,ratio_50,3,5,0.00017616164404898882,0.4610976278781891
wooppv2_2024,wooppv2_2024__hn002,wooppv2_2024,hard_negative_mined,arbitrum,0,ratio_50,2,3,0.0007094080210663378,0.4610976278781891
wooppv2_2024,wooppv2_2024__hn003,wooppv2_2024,hard_negative_mined,arbitrum,0,ratio_50,2,3,0.0007094080210663378,0.4610976278781891
wooppv2_2024,wooppv2_2024__hn004,wooppv2_2024,hard_negative_mined,arbitrum,0,ratio_50,1,1,0.0005797722260467708,0.4610976278781891
wooppv2_2024,wooppv2_2024__hn005,wooppv2_2024,hard_negative_mined,arbitrum,0,ratio_50,2,3,0.0012271830346435308,0.4610976278781891
wooppv2_2024,wooppv2_2024__hn006,wooppv2_2024,hard_negative_mined,arbitrum,0,ratio_50,1,1,0.0005797722260467708,0.4610976278781891
wooppv2_2024,wooppv2_2024__hn007,wooppv2_2024,hard_negative_mined,arbitrum,0,ratio_50,1,1,0.0005797722260467708,0.4610976278781891
wooppv2_2024,wooppv2_2024__hn008,wooppv2_2024,hard_negative_mined,arbitrum,0,ratio_50,1,1,0.0006287738215178251,0.4610976278781891
wooppv2_2024,wooppv2_2024__hn009,wooppv2_2024,hard_negative_mined,arbitrum,0,ratio_50,1,1,0.0005797722260467708,0.4610976278781891
wooppv2_2024,wooppv2_2024__hn010,wooppv2_2024,hard_negative_mined,arbitrum,0,ratio_50,1,1,0.0005797722260467708,0.4610976278781891
wooppv2_2024,wooppv2_2024__hn011,wooppv2_2024,hard_negative_mined,arbitrum,0,ratio_50,1,1,0.0006287738215178251,0.4610976278781891
wooppv2_2024,wooppv2_2024__hn012,wooppv2_2024,hard_negative_mined,arbitrum,0,ratio_50,1,1,0.0006287738215178251,0.4610976278781891
wooppv2_2024,wooppv2_2024__hn013,wooppv2_2024,hard_negative_mined,arbitrum,0,ratio_50,1,1,0.0005797722260467708,0.4610976278781891
wooppv2_2024,wooppv2_2024__hn014,wooppv2_2024,hard_negative_mined,arbitrum,0,ratio_50,1,1,0.0005797722260467708,0.4610976278781891
wooppv2_2024,wooppv2_2024__hn015,wooppv2_2024,hard_negative_mined,arbitrum,0,ratio_50,3,6,0.0017343830550089478,0.4610976278781891
wooppv2_2024,wooppv2_2024__hn016,wooppv2_2024,hard_negative_mined,arbitrum,0,ratio_50,1,1,0.0005797722260467708,0.4610976278781891
wooppv2_2024,wooppv2_2024__hn017,wooppv2_2024,hard_negative_mined,arbitrum,0,ratio_50,1,1,0.0006287738215178251,0.4610976278781891
wooppv2_2024,wooppv2_2024__hn018,wooppv2_2024,hard_negative_mined,arbitrum,0,ratio_50,1,1,0.0005797722260467708,0.4610976278781891
wooppv2_2024,wooppv2_2024__hn019,wooppv2_2024,hard_negative_mined,arbitrum,0,ratio_50,1,1,0.0005797722260467708,0.4610976278781891
wooppv2_2024,wooppv2_2024__hn020,wooppv2_2024,hard_negative_mined,arbitrum,0,ratio_50,1,1,0.0006287738215178251,0.4610976278781891
wooppv2_2024,wooppv2_2024__hn021,wooppv2_2024,hard_negative_mined,arbitrum,0,ratio_50,1,1,0.0005797722260467708,0.4610976278781891
wooppv2_2024,wooppv2_2024__hn022,wooppv2_2024,hard_negative_mined,arbitrum,0,ratio_50,1,1,0.0005797722260467708,0.4610976278781891
wooppv2_2024,wooppv2_2024__hn023,wooppv2_2024,hard_negative_mined,arbitrum,0,ratio_50,1,1,0.0006287738215178251,0.4610976278781891
wooppv2_2024,wooppv2_2024__hn024,wooppv2_2024,hard_negative_mined,arbitrum,0,ratio_50,1,1,0.0006287738215178251,0.4610976278781891
utopiasphere_2024,utopiasphere_2024__hn000,utopiasphere_2024,hard_negative_mined,bsc,0,ratio_50,2,3,0.0006982093909755349,0.04932248592376709
utopiasphere_2024,utopiasphere_2024__hn001,utopiasphere_2024,hard_negative_mined,bsc,0,ratio_50,115,229,0.00012493919348344207,0.04932248592376709
utopiasphere_2024,utopiasphere_2024__hn002,utopiasphere_2024,hard_negative_mined,bsc,0,ratio_50,1,1,0.00035706014023162425,0.04932248592376709
utopiasphere_2024,utopiasphere_2024__hn003,utopiasphere_2024,hard_negative_mined,bsc,0,ratio_50,1,1,0.00035706014023162425,0.04932248592376709
utopiasphere_2024,utopiasphere_2024__hn004,utopiasphere_2024,hard_negative_mined,bsc,0,ratio_50,3,6,0.00012731528840959072,0.04932248592376709
utopiasphere_2024,utopiasphere_2024__hn005,utopiasphere_2024,hard_negative_mined,bsc,0,ratio_50,1,1,0.00035706014023162425,0.04932248592376709
utopiasphere_2024,utopiasphere_2024__hn006,utopiasphere_2024,hard_negative_mined,bsc,0,ratio_50,1,1,0.00035706014023162425,0.04932248592376709
utopiasphere_2024,utopiasphere_2024__hn007,utopiasphere_2024,hard_negative_mined,bsc,0,ratio_50,1,1,0.00035706014023162425,0.04932248592376709
utopiasphere_2024,utopiasphere_2024__hn008,utopiasphere_2024,hard_negative_mined,bsc,0,ratio_50,2,3,0.0011787433177232742,0.04932248592376709
utopiasphere_2024,utopiasphere_2024__hn009,utopiasphere_2024,hard_negative_mined,bsc,0,ratio_50,2,3,0.0003441674052737653,0.04932248592376709
utopiasphere_2024,utopiasphere_2024__hn010,utopiasphere_2024,hard_negative_mined,bsc,0,ratio_50,1,1,0.00035706014023162425,0.04932248592376709
utopiasphere_2024,utopiasphere_2024__hn011,utopiasphere_2024,hard_negative_mined,bsc,0,ratio_50,1,1,0.00035706014023162425,0.04932248592376709
utopiasphere_2024,utopiasphere_2024__hn012,utopiasphere_2024,hard_negative_mined,bsc,0,ratio_50,1,1,0.00035706014023162425,0.04932248592376709
utopiasphere_2024,utopiasphere_2024__hn014,utopiasphere_2024,hard_negative_mined,bsc,0,ratio_50,1,1,0.00035706014023162425,0.04932248592376709
utopiasphere_2024,utopiasphere_2024__hn015,utopiasphere_2024,hard_negative_mined,bsc,0,ratio_50,1,1,0.00035706014023162425,0.04932248592376709
utopiasphere_2024,utopiasphere_2024__hn016,utopiasphere_2024,hard_negative_mined,bsc,0,ratio_50,1,1,0.00035706014023162425,0.04932248592376709
utopiasphere_2024,utopiasphere_2024__hn017,utopiasphere_2024,hard_negative_mined,bsc,0,ratio_50,3,6,0.000280626438325271,0.04932248592376709
utopiasphere_2024,utopiasphere_2024__hn018,utopiasphere_2024,hard_negative_mined,bsc,0,ratio_50,1,2,0.0003888626815751195,0.04932248592376709
utopiasphere_2024,utopiasphere_2024__hn019,utopiasphere_2024,hard_negative_mined,bsc,0,ratio_50,1,1,0.00035706014023162425,0.04932248592376709
utopiasphere_2024,utopiasphere_2024__hn020,utopiasphere_2024,hard_negative_mined,bsc,0,ratio_50,2,3,0.0006094094715081155,0.04932248592376709
utopiasphere_2024,utopiasphere_2024__hn021,utopiasphere_2024,hard_negative_mined,bsc,0,ratio_50,1,1,0.00035706014023162425,0.04932248592376709
utopiasphere_2024,utopiasphere_2024__hn022,utopiasphere_2024,hard_negative_mined,bsc,0,ratio_50,1,2,0.0003888626815751195,0.04932248592376709
utopiasphere_2024,utopiasphere_2024__hn024,utopiasphere_2024,hard_negative_mined,bsc,0,ratio_50,1,2,0.0003888626815751195,0.04932248592376709
xkingdom_2024,xkingdom_2024__hn000,xkingdom_2024,hard_negative_mined,arbitrum,0,ratio_50,1,2,0.00045389647129923105,0.38750383257865906
xkingdom_2024,xkingdom_2024__hn001,xkingdom_2024,hard_negative_mined,arbitrum,0,ratio_50,1,2,0.00045389647129923105,0.38750383257865906
xkingdom_2024,xkingdom_2024__hn002,xkingdom_2024,hard_negative_mined,arbitrum,0,ratio_50,2,3,0.00020780025806743652,0.38750383257865906
xkingdom_2024,xkingdom_2024__hn003,xkingdom_2024,hard_negative_mined,arbitrum,0,ratio_50,1,1,0.0004701729922089726,0.38750383257865906
xkingdom_2024,xkingdom_2024__hn004,xkingdom_2024,hard_negative_mined,arbitrum,0,ratio_50,1,1,0.0004701729922089726,0.38750383257865906
xkingdom_2024,xkingdom_2024__hn005,xkingdom_2024,hard_negative_mined,arbitrum,0,ratio_50,2,3,0.00020780025806743652,0.38750383257865906
xkingdom_2024,xkingdom_2024__hn006,xkingdom_2024,hard_negative_mined,arbitrum,0,ratio_50,1,1,0.0004701729922089726,0.38750383257865906
xkingdom_2024,xkingdom_2024__hn007,xkingdom_2024,hard_negative_mined,arbitrum,0,ratio_50,1,1,0.0004701729922089726,0.38750383257865906
xkingdom_2024,xkingdom_2024__hn008,xkingdom_2024,hard_negative_mined,arbitrum,0,ratio_50,1,1,0.0004701729922089726,0.38750383257865906
xkingdom_2024,xkingdom_2024__hn009,xkingdom_2024,hard_negative_mined,arbitrum,0,ratio_50,1,2,0.00045389647129923105,0.38750383257865906
xkingdom_2024,xkingdom_2024__hn010,xkingdom_2024,hard_negative_mined,arbitrum,0,ratio_50,2,3,0.00020780025806743652,0.38750383257865906
xkingdom_2024,xkingdom_2024__hn011,xkingdom_2024,hard_negative_mined,arbitrum,0,ratio_50,1,1,0.0005953474901616573,0.38750383257865906
xkingdom_2024,xkingdom_2024__hn012,xkingdom_2024,hard_negative_mined,arbitrum,0,ratio_50,1,2,0.00045389647129923105,0.38750383257865906
xkingdom_2024,xkingdom_2024__hn013,xkingdom_2024,hard_negative_mined,arbitrum,0,ratio_50,2,3,0.00020780025806743652,0.38750383257865906
xkingdom_2024,xkingdom_2024__hn014,xkingdom_2024,hard_negative_mined,arbitrum,0,ratio_50,1,1,0.0004701729922089726,0.38750383257865906
xkingdom_2024,xkingdom_2024__hn015,xkingdom_2024,hard_negative_mined,arbitrum,0,ratio_50,1,1,0.0004701729922089726,0.38750383257865906
xkingdom_2024,xkingdom_2024__hn016,xkingdom_2024,hard_negative_mined,arbitrum,0,ratio_50,1,1,0.0004701729922089726,0.38750383257865906
xkingdom_2024,xkingdom_2024__hn017,xkingdom_2024,hard_negative_mined,arbitrum,0,ratio_50,2,3,0.00020780025806743652,0.38750383257865906
xkingdom_2024,xkingdom_2024__hn018,xkingdom_2024,hard_negative_mined,arbitrum,0,ratio_50,1,1,0.0004701729922089726,0.38750383257865906
xkingdom_2024,xkingdom_2024__hn019,xkingdom_2024,hard_negative_mined,arbitrum,0,ratio_50,1,1,0.0004701729922089726,0.38750383257865906
xkingdom_2024,xkingdom_2024__hn020,xkingdom_2024,hard_negative_mined,arbitrum,0,ratio_50,2,3,0.00018403147987555712,0.38750383257865906
xkingdom_2024,xkingdom_2024__hn021,xkingdom_2024,hard_negative_mined,arbitrum,0,ratio_50,2,3,0.00018403147987555712,0.38750383257865906
wault_finance_2021,wault_finance_2021__hn000,wault_finance_2021,hard_negative_mined,bsc,0,ratio_50,225,449,0.0011718119494616985,0.9418553113937378
wault_finance_2021,wault_finance_2021__hn001,wault_finance_2021,hard_negative_mined,bsc,0,ratio_50,177,353,0.004377597942948341,0.9418553113937378
wault_finance_2021,wault_finance_2021__hn002,wault_finance_2021,hard_negative_mined,bsc,0,ratio_50,1,1,0.001326160505414009,0.9418553113937378
wault_finance_2021,wault_finance_2021__hn003,wault_finance_2021,hard_negative_mined,bsc,0,ratio_50,425,850,0.0020528710447251797,0.9418553113937378
wault_finance_2021,wault_finance_2021__hn004,wault_finance_2021,hard_negative_mined,bsc,0,ratio_50,220,439,0.00032753401319496334,0.9418553113937378
wault_finance_2021,wault_finance_2021__hn005,wault_finance_2021,hard_negative_mined,bsc,0,ratio_50,1,1,0.0004592319019138813,0.9418553113937378
wault_finance_2021,wault_finance_2021__hn006,wault_finance_2021,hard_negative_mined,bsc,0,ratio_50,500,1000,0.002397305564954877,0.9418553113937378
wault_finance_2021,wault_finance_2021__hn007,wault_finance_2021,hard_negative_mined,bsc,0,ratio_50,5,9,0.003745701629668474,0.9418553113937378
wault_finance_2021,wault_finance_2021__hn008,wault_finance_2021,hard_negative_mined,bsc,0,ratio_50,2,3,0.0004467631515581161,0.9418553113937378
wault_finance_2021,wault_finance_2021__hn009,wault_finance_2021,hard_negative_mined,bsc,0,ratio_50,3,6,0.00029568580794148147,0.9418553113937378
wault_finance_2021,wault_finance_2021__hn010,wault_finance_2021,hard_negative_mined,bsc,0,ratio_50,4,7,0.0010166226420551538,0.9418553113937378
wault_finance_2021,wault_finance_2021__hn011,wault_finance_2021,hard_negative_mined,bsc,0,ratio_50,23,46,0.010701918043196201,0.9418553113937378
wault_finance_2021,wault_finance_2021__hn012,wault_finance_2021,hard_negative_mined,bsc,0,ratio_50,7,13,0.00017893938638735563,0.9418553113937378
wault_finance_2021,wault_finance_2021__hn013,wault_finance_2021,hard_negative_mined,bsc,0,ratio_50,1,1,0.0004592319019138813,0.9418553113937378
wault_finance_2021,wault_finance_2021__hn014,wault_finance_2021,hard_negative_mined,bsc,0,ratio_50,4,7,0.009151851758360863,0.9418553113937378
wault_finance_2021,wault_finance_2021__hn015,wault_finance_2021,hard_negative_mined,bsc,0,ratio_50,1,2,0.0004895700258202851,0.9418553113937378
wault_finance_2021,wault_finance_2021__hn016,wault_finance_2021,hard_negative_mined,bsc,0,ratio_50,499,997,0.002639738842844963,0.9418553113937378
wault_finance_2021,wault_finance_2021__hn017,wault_finance_2021,hard_negative_mined,bsc,0,ratio_50,2,3,0.001326160505414009,0.9418553113937378
wault_finance_2021,wault_finance_2021__hn018,wault_finance_2021,hard_negative_mined,bsc,0,ratio_50,4,7,0.0010057928739115596,0.9418553113937378
wault_finance_2021,wault_finance_2021__hn019,wault_finance_2021,hard_negative_mined,bsc,0,ratio_50,3,6,0.0006920484593138099,0.9418553113937378
wault_finance_2021,wault_finance_2021__hn020,wault_finance_2021,hard_negative_mined,bsc,0,ratio_50,1,1,0.0004592319019138813,0.9418553113937378
wault_finance_2021,wault_finance_2021__hn021,wault_finance_2021,hard_negative_mined,bsc,0,ratio_50,2,3,0.0003211342263966799,0.9418553113937378
paraluni_2022,paraluni_2022__hn000,paraluni_2022,hard_negative_mined,bsc,0,ratio_50,2,4,0.003959638066589832,0.051966164261102676
paraluni_2022,paraluni_2022__hn001,paraluni_2022,hard_negative_mined,bsc,0,ratio_50,500,1000,0.009453005157411098,0.051966164261102676
paraluni_2022,paraluni_2022__hn002,paraluni_2022,hard_negative_mined,bsc,0,ratio_50,280,560,0.019304484128952026,0.051966164261102676
paraluni_2022,paraluni_2022__hn003,paraluni_2022,hard_negative_mined,bsc,0,ratio_50,1,1,0.0005709248362109065,0.051966164261102676
paraluni_2022,paraluni_2022__hn004,paraluni_2022,hard_negative_mined,bsc,0,ratio_50,2,4,0.017991365864872932,0.051966164261102676
paraluni_2022,paraluni_2022__hn005,paraluni_2022,hard_negative_mined,bsc,0,ratio_50,54,108,0.026371315121650696,0.051966164261102676
paraluni_2022,paraluni_2022__hn006,paraluni_2022,hard_negative_mined,bsc,0,ratio_50,8,15,0.00495173642411828,0.051966164261102676
paraluni_2022,paraluni_2022__hn007,paraluni_2022,hard_negative_mined,bsc,0,ratio_50,7,13,0.0009030096116475761,0.051966164261102676
paraluni_2022,paraluni_2022__hn008,paraluni_2022,hard_negative_mined,bsc,0,ratio_50,2,4,0.00177914765663445,0.051966164261102676
paraluni_2022,paraluni_2022__hn009,paraluni_2022,hard_negative_mined,bsc,0,ratio_50,167,334,0.0002970295900013298,0.051966164261102676
paraluni_2022,paraluni_2022__hn010,paraluni_2022,hard_negative_mined,bsc,0,ratio_50,1,1,0.0005709248362109065,0.051966164261102676
paraluni_2022,paraluni_2022__hn011,paraluni_2022,hard_negative_mined,bsc,0,ratio_50,3,6,0.0024861618876457214,0.051966164261102676
paraluni_2022,paraluni_2022__hn012,paraluni_2022,hard_negative_mined,bsc,0,ratio_50,14,27,0.004941763821989298,0.051966164261102676
paraluni_2022,paraluni_2022__hn013,paraluni_2022,hard_negative_mined,bsc,0,ratio_50,7,13,0.024688225239515305,0.051966164261102676
paraluni_2022,paraluni_2022__hn014,paraluni_2022,hard_negative_mined,bsc,0,ratio_50,110,219,0.003982023801654577,0.051966164261102676
paraluni_2022,paraluni_2022__hn015,paraluni_2022,hard_negative_mined,bsc,0,ratio_50,1,1,0.0013201878173276782,0.051966164261102676
paraluni_2022,paraluni_2022__hn016,paraluni_2022,hard_negative_mined,bsc,0,ratio_50,1,2,0.001430561183951795,0.051966164261102676
paraluni_2022,paraluni_2022__hn017,paraluni_2022,hard_negative_mined,bsc,0,ratio_50,500,1000,0.0003159838088322431,0.051966164261102676
paraluni_2022,paraluni_2022__hn018,paraluni_2022,hard_negative_mined,bsc,0,ratio_50,3,5,0.0011029194574803114,0.051966164261102676
paraluni_2022,paraluni_2022__hn019,paraluni_2022,hard_negative_mined,bsc,0,ratio_50,1,2,0.0005365164251998067,0.051966164261102676
paraluni_2022,paraluni_2022__hn020,paraluni_2022,hard_negative_mined,bsc,0,ratio_50,1,1,0.0005709248362109065,0.051966164261102676
paraluni_2022,paraluni_2022__hn021,paraluni_2022,hard_negative_mined,bsc,0,ratio_50,1,1,0.000490413571242243,0.051966164261102676
radiant_capital_arbitrum_2024,radiant_capital_arbitrum_2024__hn000,radiant_capital_arbitrum_2024,hard_negative_mined,arbitrum,0,ratio_50,4,8,0.0003054313419852406,0.4021897315979004
radiant_capital_arbitrum_2024,radiant_capital_arbitrum_2024__hn001,radiant_capital_arbitrum_2024,hard_negative_mined,arbitrum,0,ratio_50,3,5,0.025516366586089134,0.4021897315979004
radiant_capital_arbitrum_2024,radiant_capital_arbitrum_2024__hn002,radiant_capital_arbitrum_2024,hard_negative_mined,arbitrum,0,ratio_50,1,1,0.0004464281373657286,0.4021897315979004
radiant_capital_arbitrum_2024,radiant_capital_arbitrum_2024__hn003,radiant_capital_arbitrum_2024,hard_negative_mined,arbitrum,0,ratio_50,12,24,0.001385456183925271,0.4021897315979004
radiant_capital_arbitrum_2024,radiant_capital_arbitrum_2024__hn004,radiant_capital_arbitrum_2024,hard_negative_mined,arbitrum,0,ratio_50,71,142,9.811681229621172e-05,0.4021897315979004
radiant_capital_arbitrum_2024,radiant_capital_arbitrum_2024__hn005,radiant_capital_arbitrum_2024,hard_negative_mined,arbitrum,0,ratio_50,1,1,0.0004464281373657286,0.4021897315979004
radiant_capital_arbitrum_2024,radiant_capital_arbitrum_2024__hn006,radiant_capital_arbitrum_2024,hard_negative_mined,arbitrum,0,ratio_50,11,22,0.004229008220136166,0.4021897315979004
radiant_capital_arbitrum_2024,radiant_capital_arbitrum_2024__hn007,radiant_capital_arbitrum_2024,hard_negative_mined,arbitrum,0,ratio_50,2,3,0.0002269221586175263,0.4021897315979004
radiant_capital_arbitrum_2024,radiant_capital_arbitrum_2024__hn008,radiant_capital_arbitrum_2024,hard_negative_mined,arbitrum,0,ratio_50,1,1,0.0004464281373657286,0.4021897315979004
radiant_capital_arbitrum_2024,radiant_capital_arbitrum_2024__hn009,radiant_capital_arbitrum_2024,hard_negative_mined,arbitrum,0,ratio_50,1,2,0.0004292958474252373,0.4021897315979004
radiant_capital_arbitrum_2024,radiant_capital_arbitrum_2024__hn010,radiant_capital_arbitrum_2024,hard_negative_mined,arbitrum,0,ratio_50,3,5,0.0002008321462199092,0.4021897315979004
radiant_capital_arbitrum_2024,radiant_capital_arbitrum_2024__hn011,radiant_capital_arbitrum_2024,hard_negative_mined,arbitrum,0,ratio_50,2,4,0.0002060050464933738,0.4021897315979004
radiant_capital_arbitrum_2024,radiant_capital_arbitrum_2024__hn012,radiant_capital_arbitrum_2024,hard_negative_mined,arbitrum,0,ratio_50,57,113,0.00012431471259333193,0.4021897315979004
radiant_capital_arbitrum_2024,radiant_capital_arbitrum_2024__hn013,radiant_capital_arbitrum_2024,hard_negative_mined,arbitrum,0,ratio_50,2,4,0.0010063559748232365,0.4021897315979004
radiant_capital_arbitrum_2024,radiant_capital_arbitrum_2024__hn014,radiant_capital_arbitrum_2024,hard_negative_mined,arbitrum,0,ratio_50,2,3,0.00019783851166721433,0.4021897315979004
radiant_capital_arbitrum_2024,radiant_capital_arbitrum_2024__hn015,radiant_capital_arbitrum_2024,hard_negative_mined,arbitrum,0,ratio_50,2,3,0.007122598588466644,0.4021897315979004
radiant_capital_arbitrum_2024,radiant_capital_arbitrum_2024__hn016,radiant_capital_arbitrum_2024,hard_negative_mined,arbitrum,0,ratio_50,1,1,0.0004464281373657286,0.4021897315979004
radiant_capital_arbitrum_2024,radiant_capital_arbitrum_2024__hn017,radiant_capital_arbitrum_2024,hard_negative_mined,arbitrum,0,ratio_50,1,1,0.0003892230161000043,0.4021897315979004
radiant_capital_arbitrum_2024,radiant_capital_arbitrum_2024__hn018,radiant_capital_arbitrum_2024,hard_negative_mined,arbitrum,0,ratio_50,15,30,0.00030266796238720417,0.4021897315979004
radiant_capital_arbitrum_2024,radiant_capital_arbitrum_2024__hn019,radiant_capital_arbitrum_2024,hard_negative_mined,arbitrum,0,ratio_50,2,4,0.00021633005235344172,0.4021897315979004
radiant_capital_arbitrum_2024,radiant_capital_arbitrum_2024__hn020,radiant_capital_arbitrum_2024,hard_negative_mined,arbitrum,0,ratio_50,1,1,0.0004464281373657286,0.4021897315979004
radiant_capital_arbitrum_2024,radiant_capital_arbitrum_2024__hn021,radiant_capital_arbitrum_2024,hard_negative_mined,arbitrum,0,ratio_50,1,1,0.0003892230161000043,0.4021897315979004
radiant_capital_arbitrum_2024,radiant_capital_arbitrum_2024__hn022,radiant_capital_arbitrum_2024,hard_negative_mined,arbitrum,0,ratio_50,2,4,0.0019171357853338122,0.4021897315979004
radiant_capital_arbitrum_2024,radiant_capital_arbitrum_2024__hn023,radiant_capital_arbitrum_2024,hard_negative_mined,arbitrum,0,ratio_50,1,2,0.00037428521318361163,0.4021897315979004
radiant_capital_arbitrum_2024,radiant_capital_arbitrum_2024__hn024,radiant_capital_arbitrum_2024,hard_negative_mined,arbitrum,0,ratio_50,12,24,0.0012648284900933504,0.4021897315979004
magic_abracadabra_arbitrum_2025,magic_abracadabra_arbitrum_2025__hn000,magic_abracadabra_arbitrum_2025,hard_negative_mined,arbitrum,0,ratio_50,248,496,0.000702443125192076,0.42054757475852966
magic_abracadabra_arbitrum_2025,magic_abracadabra_arbitrum_2025__hn001,magic_abracadabra_arbitrum_2025,hard_negative_mined,arbitrum,0,ratio_50,5,10,0.001967068761587143,0.42054757475852966
magic_abracadabra_arbitrum_2025,magic_abracadabra_arbitrum_2025__hn002,magic_abracadabra_arbitrum_2025,hard_negative_mined,arbitrum,0,ratio_50,1,2,0.00036579533480107784,0.42054757475852966
magic_abracadabra_arbitrum_2025,magic_abracadabra_arbitrum_2025__hn003,magic_abracadabra_arbitrum_2025,hard_negative_mined,arbitrum,0,ratio_50,2,3,0.00020490001770667732,0.42054757475852966
magic_abracadabra_arbitrum_2025,magic_abracadabra_arbitrum_2025__hn004,magic_abracadabra_arbitrum_2025,hard_negative_mined,arbitrum,0,ratio_50,1,1,0.0007281707949005067,0.42054757475852966
magic_abracadabra_arbitrum_2025,magic_abracadabra_arbitrum_2025__hn005,magic_abracadabra_arbitrum_2025,hard_negative_mined,arbitrum,0,ratio_50,3,5,0.0003466934140305966,0.42054757475852966
magic_abracadabra_arbitrum_2025,magic_abracadabra_arbitrum_2025__hn006,magic_abracadabra_arbitrum_2025,hard_negative_mined,arbitrum,0,ratio_50,1,2,0.00062331318622455,0.42054757475852966
magic_abracadabra_arbitrum_2025,magic_abracadabra_arbitrum_2025__hn007,magic_abracadabra_arbitrum_2025,hard_negative_mined,arbitrum,0,ratio_50,2,3,0.002800922840833664,0.42054757475852966
magic_abracadabra_arbitrum_2025,magic_abracadabra_arbitrum_2025__hn008,magic_abracadabra_arbitrum_2025,hard_negative_mined,arbitrum,0,ratio_50,10,20,0.00022923531651031226,0.42054757475852966
magic_abracadabra_arbitrum_2025,magic_abracadabra_arbitrum_2025__hn009,magic_abracadabra_arbitrum_2025,hard_negative_mined,arbitrum,0,ratio_50,2,4,0.00030256150057539344,0.42054757475852966
magic_abracadabra_arbitrum_2025,magic_abracadabra_arbitrum_2025__hn010,magic_abracadabra_arbitrum_2025,hard_negative_mined,arbitrum,0,ratio_50,3,5,0.004309375304728746,0.42054757475852966
magic_abracadabra_arbitrum_2025,magic_abracadabra_arbitrum_2025__hn011,magic_abracadabra_arbitrum_2025,hard_negative_mined,arbitrum,0,ratio_50,7,14,0.00011411477316869423,0.42054757475852966
magic_abracadabra_arbitrum_2025,magic_abracadabra_arbitrum_2025__hn012,magic_abracadabra_arbitrum_2025,hard_negative_mined,arbitrum,0,ratio_50,4,7,0.0006889169453643262,0.42054757475852966
magic_abracadabra_arbitrum_2025,magic_abracadabra_arbitrum_2025__hn013,magic_abracadabra_arbitrum_2025,hard_negative_mined,arbitrum,0,ratio_50,2,3,0.0008289432153105736,0.42054757475852966
magic_abracadabra_arbitrum_2025,magic_abracadabra_arbitrum_2025__hn014,magic_abracadabra_arbitrum_2025,hard_negative_mined,arbitrum,0,ratio_50,5,9,0.00020204061002004892,0.42054757475852966
magic_abracadabra_arbitrum_2025,magic_abracadabra_arbitrum_2025__hn015,magic_abracadabra_arbitrum_2025,hard_negative_mined,arbitrum,0,ratio_50,1,2,0.0004909872077405453,0.42054757475852966
magic_abracadabra_arbitrum_2025,magic_abracadabra_arbitrum_2025__hn016,magic_abracadabra_arbitrum_2025,hard_negative_mined,arbitrum,0,ratio_50,7,13,0.004126854240894318,0.42054757475852966
magic_abracadabra_arbitrum_2025,magic_abracadabra_arbitrum_2025__hn017,magic_abracadabra_arbitrum_2025,hard_negative_mined,arbitrum,0,ratio_50,3,5,0.0352167971432209,0.42054757475852966
magic_abracadabra_arbitrum_2025,magic_abracadabra_arbitrum_2025__hn018,magic_abracadabra_arbitrum_2025,hard_negative_mined,arbitrum,0,ratio_50,2,3,0.0016261248383671045,0.42054757475852966
magic_abracadabra_arbitrum_2025,magic_abracadabra_arbitrum_2025__hn019,magic_abracadabra_arbitrum_2025,hard_negative_mined,arbitrum,0,ratio_50,1,2,0.0004909872077405453,0.42054757475852966
magic_abracadabra_arbitrum_2025,magic_abracadabra_arbitrum_2025__hn020,magic_abracadabra_arbitrum_2025,hard_negative_mined,arbitrum,0,ratio_50,2,3,0.0016261248383671045,0.42054757475852966
magic_abracadabra_arbitrum_2025,magic_abracadabra_arbitrum_2025__hn021,magic_abracadabra_arbitrum_2025,hard_negative_mined,arbitrum,0,ratio_50,3,5,0.0011388453422114253,0.42054757475852966
magic_abracadabra_arbitrum_2025,magic_abracadabra_arbitrum_2025__hn022,magic_abracadabra_arbitrum_2025,hard_negative_mined,arbitrum,0,ratio_50,3,6,0.00011411477316869423,0.42054757475852966
magic_abracadabra_arbitrum_2025,magic_abracadabra_arbitrum_2025__hn023,magic_abracadabra_arbitrum_2025,hard_negative_mined,arbitrum,0,ratio_50,2,3,0.0007012468995526433,0.42054757475852966
hackerdao_2022,hackerdao_2022__hn000,hackerdao_2022,hard_negative_mined,bsc,0,ratio_50,1,2,0.0029422168154269457,0.7514274716377258
hackerdao_2022,hackerdao_2022__hn001,hackerdao_2022,hard_negative_mined,bsc,0,ratio_50,6,12,0.0010706281755119562,0.7514274716377258
hackerdao_2022,hackerdao_2022__hn002,hackerdao_2022,hard_negative_mined,bsc,0,ratio_50,2,3,0.0005811586743220687,0.7514274716377258
hackerdao_2022,hackerdao_2022__hn003,hackerdao_2022,hard_negative_mined,bsc,0,ratio_50,1,2,0.0029422168154269457,0.7514274716377258
hackerdao_2022,hackerdao_2022__hn004,hackerdao_2022,hard_negative_mined,bsc,0,ratio_50,51,102,0.0502026192843914,0.7514274716377258
hackerdao_2022,hackerdao_2022__hn005,hackerdao_2022,hard_negative_mined,bsc,0,ratio_50,2,3,0.00101572519633919,0.7514274716377258
hackerdao_2022,hackerdao_2022__hn006,hackerdao_2022,hard_negative_mined,bsc,0,ratio_50,1,1,0.0004743193567264825,0.7514274716377258
hackerdao_2022,hackerdao_2022__hn007,hackerdao_2022,hard_negative_mined,bsc,0,ratio_50,1,2,0.0029422168154269457,0.7514274716377258
hackerdao_2022,hackerdao_2022__hn008,hackerdao_2022,hard_negative_mined,bsc,0,ratio_50,1,2,0.0006621977081522346,0.7514274716377258
hackerdao_2022,hackerdao_2022__hn009,hackerdao_2022,hard_negative_mined,bsc,0,ratio_50,414,828,0.005560222081840038,0.7514274716377258
hackerdao_2022,hackerdao_2022__hn010,hackerdao_2022,hard_negative_mined,bsc,0,ratio_50,265,529,0.0010681800777092576,0.7514274716377258
hackerdao_2022,hackerdao_2022__hn011,hackerdao_2022,hard_negative_mined,bsc,0,ratio_50,1,2,0.0006621977081522346,0.7514274716377258
hackerdao_2022,hackerdao_2022__hn012,hackerdao_2022,hard_negative_mined,bsc,0,ratio_50,258,516,0.002419436816126108,0.7514274716377258
hackerdao_2022,hackerdao_2022__hn013,hackerdao_2022,hard_negative_mined,bsc,0,ratio_50,104,208,0.9705044031143188,0.7514274716377258
hackerdao_2022,hackerdao_2022__hn014,hackerdao_2022,hard_negative_mined,bsc,0,ratio_50,1,2,0.0029422168154269457,0.7514274716377258
hackerdao_2022,hackerdao_2022__hn015,hackerdao_2022,hard_negative_mined,bsc,0,ratio_50,2,4,0.0020724711939692497,0.7514274716377258
hackerdao_2022,hackerdao_2022__hn016,hackerdao_2022,hard_negative_mined,bsc,0,ratio_50,22,43,0.010014260187745094,0.7514274716377258
hackerdao_2022,hackerdao_2022__hn017,hackerdao_2022,hard_negative_mined,bsc,0,ratio_50,2,3,0.0025620891246944666,0.7514274716377258
hackerdao_2022,hackerdao_2022__hn018,hackerdao_2022,hard_negative_mined,bsc,0,ratio_50,279,557,0.0011800567153841257,0.7514274716377258
hackerdao_2022,hackerdao_2022__hn019,hackerdao_2022,hard_negative_mined,bsc,0,ratio_50,1,2,0.0029422168154269457,0.7514274716377258
hackerdao_2022,hackerdao_2022__hn020,hackerdao_2022,hard_negative_mined,bsc,0,ratio_50,7,14,0.008823457174003124,0.7514274716377258
hackerdao_2022,hackerdao_2022__hn021,hackerdao_2022,hard_negative_mined,bsc,0,ratio_50,2,3,0.00101572519633919,0.7514274716377258
hackerdao_2022,hackerdao_2022__hn022,hackerdao_2022,hard_negative_mined,bsc,0,ratio_50,500,1000,0.0018375437939539552,0.7514274716377258
hackerdao_2022,hackerdao_2022__hn023,hackerdao_2022,hard_negative_mined,bsc,0,ratio_50,3,5,0.00031782558653503656,0.7514274716377258
hackerdao_2022,hackerdao_2022__hn024,hackerdao_2022,hard_negative_mined,bsc,0,ratio_50,1,2,0.0029422168154269457,0.7514274716377258
new_free_dao_2022,new_free_dao_2022__hn000,new_free_dao_2022,hard_negative_mined,bsc,0,ratio_50,174,348,5.396876440499909e-05,0.6955881714820862
new_free_dao_2022,new_free_dao_2022__hn001,new_free_dao_2022,hard_negative_mined,bsc,0,ratio_50,2,3,0.00010404819477116689,0.6955881714820862
new_free_dao_2022,new_free_dao_2022__hn002,new_free_dao_2022,hard_negative_mined,bsc,0,ratio_50,238,476,0.0029906798154115677,0.6955881714820862
new_free_dao_2022,new_free_dao_2022__hn003,new_free_dao_2022,hard_negative_mined,bsc,0,ratio_50,1,1,0.0008256370201706886,0.6955881714820862
new_free_dao_2022,new_free_dao_2022__hn004,new_free_dao_2022,hard_negative_mined,bsc,0,ratio_50,4,8,0.0002459487004671246,0.6955881714820862
new_free_dao_2022,new_free_dao_2022__hn005,new_free_dao_2022,hard_negative_mined,bsc,0,ratio_50,1,2,0.0002704448706936091,0.6955881714820862
new_free_dao_2022,new_free_dao_2022__hn006,new_free_dao_2022,hard_negative_mined,bsc,0,ratio_50,1,1,0.0008256370201706886,0.6955881714820862
new_free_dao_2022,new_free_dao_2022__hn007,new_free_dao_2022,hard_negative_mined,bsc,0,ratio_50,1,2,0.0006428708438761532,0.6955881714820862
new_free_dao_2022,new_free_dao_2022__hn009,new_free_dao_2022,hard_negative_mined,bsc,0,ratio_50,3,6,0.000194885054952465,0.6955881714820862
new_free_dao_2022,new_free_dao_2022__hn010,new_free_dao_2022,hard_negative_mined,bsc,0,ratio_50,1,1,0.0003473683027550578,0.6955881714820862
new_free_dao_2022,new_free_dao_2022__hn011,new_free_dao_2022,hard_negative_mined,bsc,0,ratio_50,47,93,0.004892490338534117,0.6955881714820862
new_free_dao_2022,new_free_dao_2022__hn012,new_free_dao_2022,hard_negative_mined,bsc,0,ratio_50,169,338,9.275822958443314e-05,0.6955881714820862
new_free_dao_2022,new_free_dao_2022__hn013,new_free_dao_2022,hard_negative_mined,bsc,0,ratio_50,1,1,0.0003473683027550578,0.6955881714820862
new_free_dao_2022,new_free_dao_2022__hn014,new_free_dao_2022,hard_negative_mined,bsc,0,ratio_50,1,1,0.00044574818457476795,0.6955881714820862
new_free_dao_2022,new_free_dao_2022__hn015,new_free_dao_2022,hard_negative_mined,bsc,0,ratio_50,2,3,0.0002651289105415344,0.6955881714820862
new_free_dao_2022,new_free_dao_2022__hn016,new_free_dao_2022,hard_negative_mined,bsc,0,ratio_50,2,3,0.0008696793229319155,0.6955881714820862
new_free_dao_2022,new_free_dao_2022__hn017,new_free_dao_2022,hard_negative_mined,bsc,0,ratio_50,1,2,0.0002704448706936091,0.6955881714820862
new_free_dao_2022,new_free_dao_2022__hn018,new_free_dao_2022,hard_negative_mined,bsc,0,ratio_50,2,3,0.00017004449910018593,0.6955881714820862
new_free_dao_2022,new_free_dao_2022__hn019,new_free_dao_2022,hard_negative_mined,bsc,0,ratio_50,2,3,6.932349788257852e-05,0.6955881714820862
new_free_dao_2022,new_free_dao_2022__hn020,new_free_dao_2022,hard_negative_mined,bsc,0,ratio_50,2,4,0.0014073598431423306,0.6955881714820862
new_free_dao_2022,new_free_dao_2022__hn021,new_free_dao_2022,hard_negative_mined,bsc,0,ratio_50,2,4,6.311973265837878e-05,0.6955881714820862
new_free_dao_2022,new_free_dao_2022__hn023,new_free_dao_2022,hard_negative_mined,bsc,0,ratio_50,1,1,0.0005711853154934943,0.6955881714820862
new_free_dao_2022,new_free_dao_2022__hn024,new_free_dao_2022,hard_negative_mined,bsc,0,ratio_50,104,207,0.0034429857041686773,0.6955881714820862
chibi_finance_2023,chibi_finance_2023__hnc000,chibi_finance_2023,hard_negative_mined_v2_complexity,arbitrum,0,ratio_50,2,3,0.0013445350341498852,0.07505665719509125
chibi_finance_2023,chibi_finance_2023__hnc001,chibi_finance_2023,hard_negative_mined_v2_complexity,arbitrum,0,ratio_50,1,2,0.000446913531050086,0.07505665719509125
chibi_finance_2023,chibi_finance_2023__hnc002,chibi_finance_2023,hard_negative_mined_v2_complexity,arbitrum,0,ratio_50,1,2,0.000446913531050086,0.07505665719509125
chibi_finance_2023,chibi_finance_2023__hnc003,chibi_finance_2023,hard_negative_mined_v2_complexity,arbitrum,0,ratio_50,1,1,0.00045140765723772347,0.07505665719509125
chibi_finance_2023,chibi_finance_2023__hnc004,chibi_finance_2023,hard_negative_mined_v2_complexity,arbitrum,0,ratio_50,2,3,0.0010310433572158217,0.07505665719509125
chibi_finance_2023,chibi_finance_2023__hnc005,chibi_finance_2023,hard_negative_mined_v2_complexity,arbitrum,0,ratio_50,1,2,0.000446913531050086,0.07505665719509125
chibi_finance_2023,chibi_finance_2023__hnc006,chibi_finance_2023,hard_negative_mined_v2_complexity,arbitrum,0,ratio_50,1,1,0.00045140765723772347,0.07505665719509125
chibi_finance_2023,chibi_finance_2023__hnc007,chibi_finance_2023,hard_negative_mined_v2_complexity,arbitrum,0,ratio_50,1,2,0.0005735050654038787,0.07505665719509125
chibi_finance_2023,chibi_finance_2023__hnc008,chibi_finance_2023,hard_negative_mined_v2_complexity,arbitrum,0,ratio_50,1,2,0.000446913531050086,0.07505665719509125
chibi_finance_2023,chibi_finance_2023__hnc009,chibi_finance_2023,hard_negative_mined_v2_complexity,arbitrum,0,ratio_50,1,1,0.00045140765723772347,0.07505665719509125
deltaprime_arbitrum_2024,deltaprime_arbitrum_2024__hnc000,deltaprime_arbitrum_2024,hard_negative_mined_v2_complexity,arbitrum,0,ratio_50,112,224,0.0007436078740283847,0.3857375383377075
deltaprime_arbitrum_2024,deltaprime_arbitrum_2024__hnc001,deltaprime_arbitrum_2024,hard_negative_mined_v2_complexity,arbitrum,0,ratio_50,1,1,0.0007655592635273933,0.3857375383377075
deltaprime_arbitrum_2024,deltaprime_arbitrum_2024__hnc002,deltaprime_arbitrum_2024,hard_negative_mined_v2_complexity,arbitrum,0,ratio_50,1,1,0.0013421975309029222,0.3857375383377075
deltaprime_arbitrum_2024,deltaprime_arbitrum_2024__hnc003,deltaprime_arbitrum_2024,hard_negative_mined_v2_complexity,arbitrum,0,ratio_50,1,1,0.0008631969103589654,0.3857375383377075
deltaprime_arbitrum_2024,deltaprime_arbitrum_2024__hnc004,deltaprime_arbitrum_2024,hard_negative_mined_v2_complexity,arbitrum,0,ratio_50,1,1,0.0007421424379572272,0.3857375383377075
deltaprime_arbitrum_2024,deltaprime_arbitrum_2024__hnc007,deltaprime_arbitrum_2024,hard_negative_mined_v2_complexity,arbitrum,0,ratio_50,2,3,0.0014938605017960072,0.3857375383377075
deltaprime_arbitrum_2024,deltaprime_arbitrum_2024__hnc008,deltaprime_arbitrum_2024,hard_negative_mined_v2_complexity,arbitrum,0,ratio_50,2,3,0.0014938605017960072,0.3857375383377075
deltaprime_arbitrum_2024,deltaprime_arbitrum_2024__hnc009,deltaprime_arbitrum_2024,hard_negative_mined_v2_complexity,arbitrum,0,ratio_50,1,1,0.0008631969103589654,0.3857375383377075
feg_bridge_2024,feg_bridge_2024__hnc000,feg_bridge_2024,hard_negative_mined_v2_complexity,eth,0,ratio_50,1,2,0.0002654078707564622,0.05136201158165932
feg_bridge_2024,feg_bridge_2024__hnc001,feg_bridge_2024,hard_negative_mined_v2_complexity,eth,0,ratio_50,1,1,0.00024418949033133686,0.05136201158165932
feg_bridge_2024,feg_bridge_2024__hnc002,feg_bridge_2024,hard_negative_mined_v2_complexity,eth,0,ratio_50,1,1,0.00024418949033133686,0.05136201158165932
feg_bridge_2024,feg_bridge_2024__hnc003,feg_bridge_2024,hard_negative_mined_v2_complexity,eth,0,ratio_50,1,1,0.00024418949033133686,0.05136201158165932
feg_bridge_2024,feg_bridge_2024__hnc004,feg_bridge_2024,hard_negative_mined_v2_complexity,eth,0,ratio_50,1,1,0.00024418949033133686,0.05136201158165932
feg_bridge_2024,feg_bridge_2024__hnc005,feg_bridge_2024,hard_negative_mined_v2_complexity,eth,0,ratio_50,1,1,0.00024418949033133686,0.05136201158165932
feg_bridge_2024,feg_bridge_2024__hnc006,feg_bridge_2024,hard_negative_mined_v2_complexity,eth,0,ratio_50,1,1,0.07367274165153503,0.05136201158165932
feg_bridge_2024,feg_bridge_2024__hnc007,feg_bridge_2024,hard_negative_mined_v2_complexity,eth,0,ratio_50,1,1,0.00024418949033133686,0.05136201158165932
feg_bridge_2024,feg_bridge_2024__hnc008,feg_bridge_2024,hard_negative_mined_v2_complexity,eth,0,ratio_50,1,2,0.0002654078707564622,0.05136201158165932
feg_bridge_2024,feg_bridge_2024__hnc009,feg_bridge_2024,hard_negative_mined_v2_complexity,eth,0,ratio_50,1,1,0.00024418949033133686,0.05136201158165932
ronin_bridge_2022,ronin_bridge_2022__hnc000,ronin_bridge_2022,hard_negative_mined_v2_complexity,eth,0,ratio_50,1,2,0.0018921951996162534,0.9894702434539795
ronin_bridge_2022,ronin_bridge_2022__hnc001,ronin_bridge_2022,hard_negative_mined_v2_complexity,eth,0,ratio_50,1,2,0.0018921951996162534,0.9894702434539795
ronin_bridge_2022,ronin_bridge_2022__hnc003,ronin_bridge_2022,hard_negative_mined_v2_complexity,eth,0,ratio_50,1,2,0.00048112912918441,0.9894702434539795
ronin_bridge_2022,ronin_bridge_2022__hnc004,ronin_bridge_2022,hard_negative_mined_v2_complexity,eth,0,ratio_50,1,1,0.00048112912918441,0.9894702434539795
ronin_bridge_2022,ronin_bridge_2022__hnc005,ronin_bridge_2022,hard_negative_mined_v2_complexity,eth,0,ratio_50,1,2,0.00048112912918441,0.9894702434539795
ronin_bridge_2022,ronin_bridge_2022__hnc006,ronin_bridge_2022,hard_negative_mined_v2_complexity,eth,0,ratio_50,2,3,0.0006719956872984767,0.9894702434539795
ronin_bridge_2022,ronin_bridge_2022__hnc007,ronin_bridge_2022,hard_negative_mined_v2_complexity,eth,0,ratio_50,1,1,0.0018240417120978236,0.9894702434539795
ronin_bridge_2022,ronin_bridge_2022__hnc008,ronin_bridge_2022,hard_negative_mined_v2_complexity,eth,0,ratio_50,1,1,0.0015821387059986591,0.9894702434539795
ronin_bridge_2022,ronin_bridge_2022__hnc009,ronin_bridge_2022,hard_negative_mined_v2_complexity,eth,0,ratio_50,1,2,0.00048112912918441,0.9894702434539795
wooppv2_2024,wooppv2_2024__hnc000,wooppv2_2024,hard_negative_mined_v2_complexity,arbitrum,0,ratio_50,1,1,0.0006287738215178251,0.4610976278781891
wooppv2_2024,wooppv2_2024__hnc001,wooppv2_2024,hard_negative_mined_v2_complexity,arbitrum,0,ratio_50,1,1,0.0005797722260467708,0.4610976278781891
wooppv2_2024,wooppv2_2024__hnc002,wooppv2_2024,hard_negative_mined_v2_complexity,arbitrum,0,ratio_50,1,2,0.0005860653473064303,0.4610976278781891
wooppv2_2024,wooppv2_2024__hnc003,wooppv2_2024,hard_negative_mined_v2_complexity,arbitrum,0,ratio_50,3,6,0.0017343830550089478,0.4610976278781891
wooppv2_2024,wooppv2_2024__hnc004,wooppv2_2024,hard_negative_mined_v2_complexity,arbitrum,0,ratio_50,1,1,0.0006287738215178251,0.4610976278781891
wooppv2_2024,wooppv2_2024__hnc005,wooppv2_2024,hard_negative_mined_v2_complexity,arbitrum,0,ratio_50,1,1,0.0008208377403207123,0.4610976278781891
wooppv2_2024,wooppv2_2024__hnc006,wooppv2_2024,hard_negative_mined_v2_complexity,arbitrum,0,ratio_50,1,1,0.0005797722260467708,0.4610976278781891
wooppv2_2024,wooppv2_2024__hnc007,wooppv2_2024,hard_negative_mined_v2_complexity,arbitrum,0,ratio_50,2,3,0.0007094080210663378,0.4610976278781891
wooppv2_2024,wooppv2_2024__hnc008,wooppv2_2024,hard_negative_mined_v2_complexity,arbitrum,0,ratio_50,1,1,0.0005797722260467708,0.4610976278781891
wooppv2_2024,wooppv2_2024__hnc009,wooppv2_2024,hard_negative_mined_v2_complexity,arbitrum,0,ratio_50,1,1,0.0005797722260467708,0.4610976278781891
xkingdom_2024,xkingdom_2024__hnc000,xkingdom_2024,hard_negative_mined_v2_complexity,arbitrum,0,ratio_50,1,2,0.00045389647129923105,0.38750383257865906
xkingdom_2024,xkingdom_2024__hnc001,xkingdom_2024,hard_negative_mined_v2_complexity,arbitrum,0,ratio_50,2,3,0.00020780025806743652,0.38750383257865906
xkingdom_2024,xkingdom_2024__hnc002,xkingdom_2024,hard_negative_mined_v2_complexity,arbitrum,0,ratio_50,1,2,0.00045389647129923105,0.38750383257865906
xkingdom_2024,xkingdom_2024__hnc003,xkingdom_2024,hard_negative_mined_v2_complexity,arbitrum,0,ratio_50,2,3,0.00020780025806743652,0.38750383257865906
xkingdom_2024,xkingdom_2024__hnc004,xkingdom_2024,hard_negative_mined_v2_complexity,arbitrum,0,ratio_50,1,1,0.0004701729922089726,0.38750383257865906
xkingdom_2024,xkingdom_2024__hnc005,xkingdom_2024,hard_negative_mined_v2_complexity,arbitrum,0,ratio_50,1,2,0.00045389647129923105,0.38750383257865906
xkingdom_2024,xkingdom_2024__hnc006,xkingdom_2024,hard_negative_mined_v2_complexity,arbitrum,0,ratio_50,1,2,0.00045389647129923105,0.38750383257865906
xkingdom_2024,xkingdom_2024__hnc007,xkingdom_2024,hard_negative_mined_v2_complexity,arbitrum,0,ratio_50,1,2,0.00045389647129923105,0.38750383257865906
xkingdom_2024,xkingdom_2024__hnc008,xkingdom_2024,hard_negative_mined_v2_complexity,arbitrum,0,ratio_50,1,2,0.00045389647129923105,0.38750383257865906
xkingdom_2024,xkingdom_2024__hnc009,xkingdom_2024,hard_negative_mined_v2_complexity,arbitrum,0,ratio_50,1,2,0.00045389647129923105,0.38750383257865906
bsc_token_hub_2022,bsc_token_hub_2022__hnc000,bsc_token_hub_2022,hard_negative_mined_v2_complexity,bsc,0,ratio_50,2,3,0.0005569818895310163,0.9647909998893738
bsc_token_hub_2022,bsc_token_hub_2022__hnc001,bsc_token_hub_2022,hard_negative_mined_v2_complexity,bsc,0,ratio_50,2,3,0.006197954528033733,0.9647909998893738
bsc_token_hub_2022,bsc_token_hub_2022__hnc002,bsc_token_hub_2022,hard_negative_mined_v2_complexity,bsc,0,ratio_50,2,4,0.002586927032098174,0.9647909998893738
bsc_token_hub_2022,bsc_token_hub_2022__hnc003,bsc_token_hub_2022,hard_negative_mined_v2_complexity,bsc,0,ratio_50,2,3,0.004134880844503641,0.9647909998893738
bsc_token_hub_2022,bsc_token_hub_2022__hnc004,bsc_token_hub_2022,hard_negative_mined_v2_complexity,bsc,0,ratio_50,1,1,0.0005023295525461435,0.9647909998893738
bsc_token_hub_2022,bsc_token_hub_2022__hnc005,bsc_token_hub_2022,hard_negative_mined_v2_complexity,bsc,0,ratio_50,1,1,0.001682708621956408,0.9647909998893738
bsc_token_hub_2022,bsc_token_hub_2022__hnc006,bsc_token_hub_2022,hard_negative_mined_v2_complexity,bsc,0,ratio_50,19,37,0.000251143443165347,0.9647909998893738
bsc_token_hub_2022,bsc_token_hub_2022__hnc007,bsc_token_hub_2022,hard_negative_mined_v2_complexity,bsc,0,ratio_50,1,2,0.0023823189549148083,0.9647909998893738
bsc_token_hub_2022,bsc_token_hub_2022__hnc008,bsc_token_hub_2022,hard_negative_mined_v2_complexity,bsc,0,ratio_50,1,2,0.0005119781708344817,0.9647909998893738
bsc_token_hub_2022,bsc_token_hub_2022__hnc009,bsc_token_hub_2022,hard_negative_mined_v2_complexity,bsc,0,ratio_50,2,4,0.002619763370603323,0.9647909998893738
utopiasphere_2024,utopiasphere_2024__hnc000,utopiasphere_2024,hard_negative_mined_v2_complexity,bsc,0,ratio_50,2,3,0.004606827162206173,0.04932248592376709
utopiasphere_2024,utopiasphere_2024__hnc001,utopiasphere_2024,hard_negative_mined_v2_complexity,bsc,0,ratio_50,3,5,0.005363258067518473,0.04932248592376709
utopiasphere_2024,utopiasphere_2024__hnc002,utopiasphere_2024,hard_negative_mined_v2_complexity,bsc,0,ratio_50,1,2,0.0003888626815751195,0.04932248592376709
utopiasphere_2024,utopiasphere_2024__hnc003,utopiasphere_2024,hard_negative_mined_v2_complexity,bsc,0,ratio_50,1,2,0.0003888626815751195,0.04932248592376709
utopiasphere_2024,utopiasphere_2024__hnc004,utopiasphere_2024,hard_negative_mined_v2_complexity,bsc,0,ratio_50,1,2,0.0003888626815751195,0.04932248592376709
utopiasphere_2024,utopiasphere_2024__hnc005,utopiasphere_2024,hard_negative_mined_v2_complexity,bsc,0,ratio_50,1,1,0.00035706014023162425,0.04932248592376709
utopiasphere_2024,utopiasphere_2024__hnc006,utopiasphere_2024,hard_negative_mined_v2_complexity,bsc,0,ratio_50,1,1,0.00035706014023162425,0.04932248592376709
utopiasphere_2024,utopiasphere_2024__hnc007,utopiasphere_2024,hard_negative_mined_v2_complexity,bsc,0,ratio_50,1,1,0.00035706014023162425,0.04932248592376709
utopiasphere_2024,utopiasphere_2024__hnc008,utopiasphere_2024,hard_negative_mined_v2_complexity,bsc,0,ratio_50,1,1,0.00035706014023162425,0.04932248592376709
utopiasphere_2024,utopiasphere_2024__hnc009,utopiasphere_2024,hard_negative_mined_v2_complexity,bsc,0,ratio_50,1,1,0.00035706014023162425,0.04932248592376709
qbridge_qubit_2022,qbridge_qubit_2022__hnc000,qbridge_qubit_2022,hard_negative_mined_v2_complexity,bsc,0,ratio_50,217,434,0.0001122028479585424,0.10893803834915161
qbridge_qubit_2022,qbridge_qubit_2022__hnc001,qbridge_qubit_2022,hard_negative_mined_v2_complexity,bsc,0,ratio_50,324,647,0.001388892880640924,0.10893803834915161
qbridge_qubit_2022,qbridge_qubit_2022__hnc002,qbridge_qubit_2022,hard_negative_mined_v2_complexity,bsc,0,ratio_50,38,76,0.02270032837986946,0.10893803834915161
qbridge_qubit_2022,qbridge_qubit_2022__hnc003,qbridge_qubit_2022,hard_negative_mined_v2_complexity,bsc,0,ratio_50,243,485,0.001423624693416059,0.10893803834915161
qbridge_qubit_2022,qbridge_qubit_2022__hnc004,qbridge_qubit_2022,hard_negative_mined_v2_complexity,bsc,0,ratio_50,1,1,0.001973578007891774,0.10893803834915161
qbridge_qubit_2022,qbridge_qubit_2022__hnc005,qbridge_qubit_2022,hard_negative_mined_v2_complexity,bsc,0,ratio_50,4,8,0.001423624693416059,0.10893803834915161
qbridge_qubit_2022,qbridge_qubit_2022__hnc006,qbridge_qubit_2022,hard_negative_mined_v2_complexity,bsc,0,ratio_50,1,2,0.002532568294554949,0.10893803834915161
qbridge_qubit_2022,qbridge_qubit_2022__hnc007,qbridge_qubit_2022,hard_negative_mined_v2_complexity,bsc,0,ratio_50,1,2,0.0004835097352042794,0.10893803834915161
qbridge_qubit_2022,qbridge_qubit_2022__hnc008,qbridge_qubit_2022,hard_negative_mined_v2_complexity,bsc,0,ratio_50,89,177,0.002132248366251588,0.10893803834915161
qbridge_qubit_2022,qbridge_qubit_2022__hnc009,qbridge_qubit_2022,hard_negative_mined_v2_complexity,bsc,0,ratio_50,325,649,0.00018730010197032243,0.10893803834915161
wault_finance_2021,wault_finance_2021__hnc000,wault_finance_2021,hard_negative_mined_v2_complexity,bsc,0,ratio_50,1,2,0.0004895700258202851,0.9418553113937378
wault_finance_2021,wault_finance_2021__hnc001,wault_finance_2021,hard_negative_mined_v2_complexity,bsc,0,ratio_50,270,540,0.00997550506144762,0.9418553113937378
wault_finance_2021,wault_finance_2021__hnc002,wault_finance_2021,hard_negative_mined_v2_complexity,bsc,0,ratio_50,4,7,0.00016113043238874525,0.9418553113937378
wault_finance_2021,wault_finance_2021__hnc003,wault_finance_2021,hard_negative_mined_v2_complexity,bsc,0,ratio_50,3,6,0.0006236637709662318,0.9418553113937378
wault_finance_2021,wault_finance_2021__hnc004,wault_finance_2021,hard_negative_mined_v2_complexity,bsc,0,ratio_50,1,1,0.0006168633699417114,0.9418553113937378
wault_finance_2021,wault_finance_2021__hnc005,wault_finance_2021,hard_negative_mined_v2_complexity,bsc,0,ratio_50,2,3,0.0004467631515581161,0.9418553113937378
wault_finance_2021,wault_finance_2021__hnc006,wault_finance_2021,hard_negative_mined_v2_complexity,bsc,0,ratio_50,9,17,0.0020236396230757236,0.9418553113937378
wault_finance_2021,wault_finance_2021__hnc007,wault_finance_2021,hard_negative_mined_v2_complexity,bsc,0,ratio_50,10,19,0.00032289884984493256,0.9418553113937378
wault_finance_2021,wault_finance_2021__hnc008,wault_finance_2021,hard_negative_mined_v2_complexity,bsc,0,ratio_50,1,2,0.0004895700258202851,0.9418553113937378
wault_finance_2021,wault_finance_2021__hnc009,wault_finance_2021,hard_negative_mined_v2_complexity,bsc,0,ratio_50,10,20,0.00019076422904618084,0.9418553113937378
paraluni_2022,paraluni_2022__hnc000,paraluni_2022,hard_negative_mined_v2_complexity,bsc,0,ratio_50,2,3,0.00026289571542292833,0.051966164261102676
paraluni_2022,paraluni_2022__hnc001,paraluni_2022,hard_negative_mined_v2_complexity,bsc,0,ratio_50,427,854,0.0009120169561356306,0.051966164261102676
paraluni_2022,paraluni_2022__hnc002,paraluni_2022,hard_negative_mined_v2_complexity,bsc,0,ratio_50,13,26,0.011088306084275246,0.051966164261102676
paraluni_2022,paraluni_2022__hnc003,paraluni_2022,hard_negative_mined_v2_complexity,bsc,0,ratio_50,1,1,0.000490413571242243,0.051966164261102676
paraluni_2022,paraluni_2022__hnc004,paraluni_2022,hard_negative_mined_v2_complexity,bsc,0,ratio_50,3,5,0.0010816204594448209,0.051966164261102676
paraluni_2022,paraluni_2022__hnc005,paraluni_2022,hard_negative_mined_v2_complexity,bsc,0,ratio_50,7,13,0.0008906102157197893,0.051966164261102676
paraluni_2022,paraluni_2022__hnc006,paraluni_2022,hard_negative_mined_v2_complexity,bsc,0,ratio_50,1,1,0.000490413571242243,0.051966164261102676
paraluni_2022,paraluni_2022__hnc007,paraluni_2022,hard_negative_mined_v2_complexity,bsc,0,ratio_50,4,8,0.0017811635043472052,0.051966164261102676
paraluni_2022,paraluni_2022__hnc008,paraluni_2022,hard_negative_mined_v2_complexity,bsc,0,ratio_50,1,1,0.0013201878173276782,0.051966164261102676
paraluni_2022,paraluni_2022__hnc009,paraluni_2022,hard_negative_mined_v2_complexity,bsc,0,ratio_50,42,83,0.005119039677083492,0.051966164261102676
ronin_bridge_2022,ronin_bridge_2022,ronin_bridge_2022,positive,eth,1,ratio_75,1219,1625,0.9993429780006409,0.9762848019599915
ronin_benign_control_2022,ronin_benign_control_2022,ronin_bridge_2022,hard_negative_control,eth,0,ratio_75,78,103,0.4939723014831543,0.9762848019599915
qbridge_qubit_2022,qbridge_qubit_2022,qbridge_qubit_2022,positive,bsc,1,ratio_75,524,698,0.9988477230072021,0.9826923608779907
feg_bridge_2024,feg_bridge_2024,feg_bridge_2024,positive,eth,1,ratio_75,7,9,0.6063332557678223,0.10250714421272278
deltaprime_arbitrum_2024,deltaprime_arbitrum_2024,deltaprime_arbitrum_2024,positive,arbitrum,1,ratio_75,18,23,0.9841046929359436,0.9425707459449768
bsc_token_hub_2022,bsc_token_hub_2022,bsc_token_hub_2022,positive,bsc,1,ratio_75,272,362,0.9990959167480469,0.9849427938461304
qbridge_benign_control_2022,qbridge_benign_control_2022,qbridge_qubit_2022,hard_negative_control,bsc,0,ratio_75,1,1,0.0005325099336914718,0.9826923608779907
feg_benign_control_2024,feg_benign_control_2024,feg_bridge_2024,hard_negative_control,eth,0,ratio_75,1,1,0.6063332557678223,0.10250714421272278
deltaprime_benign_control_2024,deltaprime_benign_control_2024,deltaprime_arbitrum_2024,hard_negative_control,arbitrum,0,ratio_75,1,1,0.0006291538593359292,0.9425707459449768
bsc_token_hub_benign_control_2022,bsc_token_hub_benign_control_2022,bsc_token_hub_2022,hard_negative_control,bsc,0,ratio_75,1,1,0.0016049356199800968,0.9849427938461304
chibi_finance_2023,chibi_finance_2023,chibi_finance_2023,positive,arbitrum,1,ratio_75,30,40,0.9987095594406128,0.9671148061752319
wooppv2_2024,wooppv2_2024,wooppv2_2024,positive,arbitrum,1,ratio_75,12,16,0.037419795989990234,0.8995959162712097
utopiasphere_2024,utopiasphere_2024,utopiasphere_2024,positive,bsc,1,ratio_75,28,37,0.998908519744873,0.9833105802536011
xkingdom_2024,xkingdom_2024,xkingdom_2024,positive,arbitrum,1,ratio_75,55,73,0.9980432987213135,0.971687912940979
wault_finance_2021,wault_finance_2021,wault_finance_2021,positive,bsc,1,ratio_75,143,190,0.09531204402446747,0.8841174244880676
paraluni_2022,paraluni_2022,paraluni_2022,positive,bsc,1,ratio_75,384,511,0.999024510383606,0.9733836054801941
radiant_capital_arbitrum_2024,radiant_capital_arbitrum_2024,radiant_capital_arbitrum_2024,positive,arbitrum,1,ratio_75,186,248,0.9992897510528564,0.9726622700691223
magic_abracadabra_arbitrum_2025,magic_abracadabra_arbitrum_2025,magic_abracadabra_arbitrum_2025,positive,arbitrum,1,ratio_75,66,88,0.9990153312683105,0.9895501732826233
hackerdao_2022,hackerdao_2022,hackerdao_2022,positive,bsc,1,ratio_75,27,35,0.9945507645606995,0.047356318682432175
new_free_dao_2022,new_free_dao_2022,new_free_dao_2022,positive,bsc,1,ratio_75,9,12,0.9114497303962708,0.22457736730575562
ronin_bridge_2022,ronin_bridge_2022__hn000,ronin_bridge_2022,hard_negative_mined,eth,0,ratio_75,1,1,0.000439230352640152,0.9762848019599915
ronin_bridge_2022,ronin_bridge_2022__hn001,ronin_bridge_2022,hard_negative_mined,eth,0,ratio_75,1,1,0.000439230352640152,0.9762848019599915
ronin_bridge_2022,ronin_bridge_2022__hn002,ronin_bridge_2022,hard_negative_mined,eth,0,ratio_75,1,1,0.000439230352640152,0.9762848019599915
ronin_bridge_2022,ronin_bridge_2022__hn003,ronin_bridge_2022,hard_negative_mined,eth,0,ratio_75,3,4,0.0007444605580531061,0.9762848019599915
ronin_bridge_2022,ronin_bridge_2022__hn004,ronin_bridge_2022,hard_negative_mined,eth,0,ratio_75,1,1,0.000439230352640152,0.9762848019599915
ronin_bridge_2022,ronin_bridge_2022__hn005,ronin_bridge_2022,hard_negative_mined,eth,0,ratio_75,1,1,0.000439230352640152,0.9762848019599915
ronin_bridge_2022,ronin_bridge_2022__hn006,ronin_bridge_2022,hard_negative_mined,eth,0,ratio_75,1,1,0.000439230352640152,0.9762848019599915
ronin_bridge_2022,ronin_bridge_2022__hn007,ronin_bridge_2022,hard_negative_mined,eth,0,ratio_75,3,4,0.001776327146217227,0.9762848019599915
ronin_bridge_2022,ronin_bridge_2022__hn008,ronin_bridge_2022,hard_negative_mined,eth,0,ratio_75,1,1,0.000439230352640152,0.9762848019599915
ronin_bridge_2022,ronin_bridge_2022__hn009,ronin_bridge_2022,hard_negative_mined,eth,0,ratio_75,1,1,0.000439230352640152,0.9762848019599915
ronin_bridge_2022,ronin_bridge_2022__hn010,ronin_bridge_2022,hard_negative_mined,eth,0,ratio_75,2,2,0.0006214852328412235,0.9762848019599915
ronin_bridge_2022,ronin_bridge_2022__hn011,ronin_bridge_2022,hard_negative_mined,eth,0,ratio_75,1,1,0.000439230352640152,0.9762848019599915
ronin_bridge_2022,ronin_bridge_2022__hn012,ronin_bridge_2022,hard_negative_mined,eth,0,ratio_75,42,55,0.020985860377550125,0.9762848019599915
ronin_bridge_2022,ronin_bridge_2022__hn013,ronin_bridge_2022,hard_negative_mined,eth,0,ratio_75,2,2,0.0006214852328412235,0.9762848019599915
ronin_bridge_2022,ronin_bridge_2022__hn014,ronin_bridge_2022,hard_negative_mined,eth,0,ratio_75,1,1,0.000439230352640152,0.9762848019599915
ronin_bridge_2022,ronin_bridge_2022__hn016,ronin_bridge_2022,hard_negative_mined,eth,0,ratio_75,1,1,0.000439230352640152,0.9762848019599915
ronin_bridge_2022,ronin_bridge_2022__hn017,ronin_bridge_2022,hard_negative_mined,eth,0,ratio_75,1,1,0.0015705005498602986,0.9762848019599915
ronin_bridge_2022,ronin_bridge_2022__hn018,ronin_bridge_2022,hard_negative_mined,eth,0,ratio_75,1,1,0.000439230352640152,0.9762848019599915
ronin_bridge_2022,ronin_bridge_2022__hn019,ronin_bridge_2022,hard_negative_mined,eth,0,ratio_75,1,1,0.000439230352640152,0.9762848019599915
ronin_bridge_2022,ronin_bridge_2022__hn020,ronin_bridge_2022,hard_negative_mined,eth,0,ratio_75,1,1,0.000439230352640152,0.9762848019599915
ronin_bridge_2022,ronin_bridge_2022__hn021,ronin_bridge_2022,hard_negative_mined,eth,0,ratio_75,3,3,0.00030714424792677164,0.9762848019599915
ronin_bridge_2022,ronin_bridge_2022__hn022,ronin_bridge_2022,hard_negative_mined,eth,0,ratio_75,1,1,0.000439230352640152,0.9762848019599915
ronin_bridge_2022,ronin_bridge_2022__hn024,ronin_bridge_2022,hard_negative_mined,eth,0,ratio_75,1,1,0.000439230352640152,0.9762848019599915
ronin_bridge_2022,ronin_bridge_2022__hn025,ronin_bridge_2022,hard_negative_mined,eth,0,ratio_75,1,1,0.000439230352640152,0.9762848019599915
ronin_bridge_2022,ronin_bridge_2022__hn026,ronin_bridge_2022,hard_negative_mined,eth,0,ratio_75,2,2,0.0006214852328412235,0.9762848019599915
ronin_bridge_2022,ronin_bridge_2022__hn027,ronin_bridge_2022,hard_negative_mined,eth,0,ratio_75,1,1,0.000439230352640152,0.9762848019599915
ronin_bridge_2022,ronin_bridge_2022__hn028,ronin_bridge_2022,hard_negative_mined,eth,0,ratio_75,1,1,0.000439230352640152,0.9762848019599915
ronin_bridge_2022,ronin_bridge_2022__hn030,ronin_bridge_2022,hard_negative_mined,eth,0,ratio_75,1,1,0.000439230352640152,0.9762848019599915
ronin_bridge_2022,ronin_bridge_2022__hn031,ronin_bridge_2022,hard_negative_mined,eth,0,ratio_75,1,1,0.000439230352640152,0.9762848019599915
ronin_bridge_2022,ronin_bridge_2022__hn032,ronin_bridge_2022,hard_negative_mined,eth,0,ratio_75,1,1,0.000439230352640152,0.9762848019599915
ronin_bridge_2022,ronin_bridge_2022__hn033,ronin_bridge_2022,hard_negative_mined,eth,0,ratio_75,3,3,0.000291631295112893,0.9762848019599915
ronin_bridge_2022,ronin_bridge_2022__hn034,ronin_bridge_2022,hard_negative_mined,eth,0,ratio_75,2,2,0.000291631295112893,0.9762848019599915
ronin_bridge_2022,ronin_bridge_2022__hn035,ronin_bridge_2022,hard_negative_mined,eth,0,ratio_75,1,1,0.000439230352640152,0.9762848019599915
ronin_bridge_2022,ronin_bridge_2022__hn037,ronin_bridge_2022,hard_negative_mined,eth,0,ratio_75,1,1,0.000439230352640152,0.9762848019599915
ronin_bridge_2022,ronin_bridge_2022__hn038,ronin_bridge_2022,hard_negative_mined,eth,0,ratio_75,1,1,0.000439230352640152,0.9762848019599915
ronin_bridge_2022,ronin_bridge_2022__hn039,ronin_bridge_2022,hard_negative_mined,eth,0,ratio_75,1,1,0.000439230352640152,0.9762848019599915
ronin_bridge_2022,ronin_bridge_2022__hn040,ronin_bridge_2022,hard_negative_mined,eth,0,ratio_75,1,1,0.000439230352640152,0.9762848019599915
ronin_bridge_2022,ronin_bridge_2022__hn041,ronin_bridge_2022,hard_negative_mined,eth,0,ratio_75,3,3,0.00026093394262716174,0.9762848019599915
ronin_bridge_2022,ronin_bridge_2022__hn042,ronin_bridge_2022,hard_negative_mined,eth,0,ratio_75,1,1,0.000439230352640152,0.9762848019599915
ronin_bridge_2022,ronin_bridge_2022__hn043,ronin_bridge_2022,hard_negative_mined,eth,0,ratio_75,1,1,0.000439230352640152,0.9762848019599915
ronin_bridge_2022,ronin_bridge_2022__hn044,ronin_bridge_2022,hard_negative_mined,eth,0,ratio_75,2,2,0.00026093394262716174,0.9762848019599915
ronin_bridge_2022,ronin_bridge_2022__hn045,ronin_bridge_2022,hard_negative_mined,eth,0,ratio_75,1,1,0.000439230352640152,0.9762848019599915
ronin_bridge_2022,ronin_bridge_2022__hn046,ronin_bridge_2022,hard_negative_mined,eth,0,ratio_75,1,1,0.000439230352640152,0.9762848019599915
ronin_bridge_2022,ronin_bridge_2022__hn047,ronin_bridge_2022,hard_negative_mined,eth,0,ratio_75,1,1,0.0015705005498602986,0.9762848019599915
ronin_bridge_2022,ronin_bridge_2022__hn048,ronin_bridge_2022,hard_negative_mined,eth,0,ratio_75,1,1,0.000439230352640152,0.9762848019599915
ronin_bridge_2022,ronin_bridge_2022__hn049,ronin_bridge_2022,hard_negative_mined,eth,0,ratio_75,3,3,0.0005237167933955789,0.9762848019599915
ronin_bridge_2022,ronin_bridge_2022__hn050,ronin_bridge_2022,hard_negative_mined,eth,0,ratio_75,1,1,0.0015705005498602986,0.9762848019599915
ronin_bridge_2022,ronin_bridge_2022__hn051,ronin_bridge_2022,hard_negative_mined,eth,0,ratio_75,2,2,0.0006214852328412235,0.9762848019599915
ronin_bridge_2022,ronin_bridge_2022__hn052,ronin_bridge_2022,hard_negative_mined,eth,0,ratio_75,1,1,0.000439230352640152,0.9762848019599915
ronin_bridge_2022,ronin_bridge_2022__hn054,ronin_bridge_2022,hard_negative_mined,eth,0,ratio_75,1,1,0.000439230352640152,0.9762848019599915
ronin_bridge_2022,ronin_bridge_2022__hn055,ronin_bridge_2022,hard_negative_mined,eth,0,ratio_75,2,2,0.0005237167933955789,0.9762848019599915
ronin_bridge_2022,ronin_bridge_2022__hn056,ronin_bridge_2022,hard_negative_mined,eth,0,ratio_75,2,2,0.0016555656911805272,0.9762848019599915
ronin_bridge_2022,ronin_bridge_2022__hn057,ronin_bridge_2022,hard_negative_mined,eth,0,ratio_75,1,1,0.0015705005498602986,0.9762848019599915
ronin_bridge_2022,ronin_bridge_2022__hn058,ronin_bridge_2022,hard_negative_mined,eth,0,ratio_75,1,1,0.000439230352640152,0.9762848019599915
ronin_bridge_2022,ronin_bridge_2022__hn059,ronin_bridge_2022,hard_negative_mined,eth,0,ratio_75,1,1,0.000439230352640152,0.9762848019599915
ronin_bridge_2022,ronin_bridge_2022__hn060,ronin_bridge_2022,hard_negative_mined,eth,0,ratio_75,1,1,0.000439230352640152,0.9762848019599915
ronin_bridge_2022,ronin_bridge_2022__hn061,ronin_bridge_2022,hard_negative_mined,eth,0,ratio_75,1,1,0.000439230352640152,0.9762848019599915
ronin_bridge_2022,ronin_bridge_2022__hn062,ronin_bridge_2022,hard_negative_mined,eth,0,ratio_75,3,4,0.010428937152028084,0.9762848019599915
ronin_bridge_2022,ronin_bridge_2022__hn063,ronin_bridge_2022,hard_negative_mined,eth,0,ratio_75,1,1,0.000439230352640152,0.9762848019599915
ronin_bridge_2022,ronin_bridge_2022__hn064,ronin_bridge_2022,hard_negative_mined,eth,0,ratio_75,1,1,0.000439230352640152,0.9762848019599915
ronin_bridge_2022,ronin_bridge_2022__hn065,ronin_bridge_2022,hard_negative_mined,eth,0,ratio_75,1,1,0.000439230352640152,0.9762848019599915
ronin_bridge_2022,ronin_bridge_2022__hn066,ronin_bridge_2022,hard_negative_mined,eth,0,ratio_75,2,2,0.00025881253532133996,0.9762848019599915
ronin_bridge_2022,ronin_bridge_2022__hn067,ronin_bridge_2022,hard_negative_mined,eth,0,ratio_75,1,1,0.000439230352640152,0.9762848019599915
ronin_bridge_2022,ronin_bridge_2022__hn068,ronin_bridge_2022,hard_negative_mined,eth,0,ratio_75,3,3,0.0006640494102612138,0.9762848019599915
ronin_bridge_2022,ronin_bridge_2022__hn069,ronin_bridge_2022,hard_negative_mined,eth,0,ratio_75,1,1,0.000439230352640152,0.9762848019599915
deltaprime_arbitrum_2024,deltaprime_arbitrum_2024__hn000,deltaprime_arbitrum_2024,hard_negative_mined,arbitrum,0,ratio_75,3,4,0.007979811169207096,0.9425707459449768
deltaprime_arbitrum_2024,deltaprime_arbitrum_2024__hn001,deltaprime_arbitrum_2024,hard_negative_mined,arbitrum,0,ratio_75,1,1,0.0006291538593359292,0.9425707459449768
deltaprime_arbitrum_2024,deltaprime_arbitrum_2024__hn002,deltaprime_arbitrum_2024,hard_negative_mined,arbitrum,0,ratio_75,1,1,0.0011823091190308332,0.9425707459449768
deltaprime_arbitrum_2024,deltaprime_arbitrum_2024__hn003,deltaprime_arbitrum_2024,hard_negative_mined,arbitrum,0,ratio_75,1,1,0.0006291538593359292,0.9425707459449768
deltaprime_arbitrum_2024,deltaprime_arbitrum_2024__hn004,deltaprime_arbitrum_2024,hard_negative_mined,arbitrum,0,ratio_75,1,1,0.0006291538593359292,0.9425707459449768
deltaprime_arbitrum_2024,deltaprime_arbitrum_2024__hn005,deltaprime_arbitrum_2024,hard_negative_mined,arbitrum,0,ratio_75,1,1,0.0006291538593359292,0.9425707459449768
deltaprime_arbitrum_2024,deltaprime_arbitrum_2024__hn006,deltaprime_arbitrum_2024,hard_negative_mined,arbitrum,0,ratio_75,1,1,0.0011823091190308332,0.9425707459449768
deltaprime_arbitrum_2024,deltaprime_arbitrum_2024__hn007,deltaprime_arbitrum_2024,hard_negative_mined,arbitrum,0,ratio_75,69,91,0.0008062499109655619,0.9425707459449768
deltaprime_arbitrum_2024,deltaprime_arbitrum_2024__hn008,deltaprime_arbitrum_2024,hard_negative_mined,arbitrum,0,ratio_75,91,121,0.0014300068141892552,0.9425707459449768
deltaprime_arbitrum_2024,deltaprime_arbitrum_2024__hn009,deltaprime_arbitrum_2024,hard_negative_mined,arbitrum,0,ratio_75,1,1,0.0006291538593359292,0.9425707459449768
deltaprime_arbitrum_2024,deltaprime_arbitrum_2024__hn010,deltaprime_arbitrum_2024,hard_negative_mined,arbitrum,0,ratio_75,1,1,0.0006291538593359292,0.9425707459449768
deltaprime_arbitrum_2024,deltaprime_arbitrum_2024__hn011,deltaprime_arbitrum_2024,hard_negative_mined,arbitrum,0,ratio_75,1,1,0.0006291538593359292,0.9425707459449768
deltaprime_arbitrum_2024,deltaprime_arbitrum_2024__hn012,deltaprime_arbitrum_2024,hard_negative_mined,arbitrum,0,ratio_75,3,3,0.0008223322802223265,0.9425707459449768
deltaprime_arbitrum_2024,deltaprime_arbitrum_2024__hn013,deltaprime_arbitrum_2024,hard_negative_mined,arbitrum,0,ratio_75,1,1,0.0006291538593359292,0.9425707459449768
deltaprime_arbitrum_2024,deltaprime_arbitrum_2024__hn014,deltaprime_arbitrum_2024,hard_negative_mined,arbitrum,0,ratio_75,1,1,0.0011823091190308332,0.9425707459449768
deltaprime_arbitrum_2024,deltaprime_arbitrum_2024__hn015,deltaprime_arbitrum_2024,hard_negative_mined,arbitrum,0,ratio_75,2,2,0.0005477974191308022,0.9425707459449768
deltaprime_arbitrum_2024,deltaprime_arbitrum_2024__hn016,deltaprime_arbitrum_2024,hard_negative_mined,arbitrum,0,ratio_75,126,168,0.0028791569638997316,0.9425707459449768
deltaprime_arbitrum_2024,deltaprime_arbitrum_2024__hn017,deltaprime_arbitrum_2024,hard_negative_mined,arbitrum,0,ratio_75,3,3,0.0004902583896182477,0.9425707459449768
deltaprime_arbitrum_2024,deltaprime_arbitrum_2024__hn018,deltaprime_arbitrum_2024,hard_negative_mined,arbitrum,0,ratio_75,1,1,0.0006291538593359292,0.9425707459449768
deltaprime_arbitrum_2024,deltaprime_arbitrum_2024__hn019,deltaprime_arbitrum_2024,hard_negative_mined,arbitrum,0,ratio_75,1,1,0.0006291538593359292,0.9425707459449768
deltaprime_arbitrum_2024,deltaprime_arbitrum_2024__hn020,deltaprime_arbitrum_2024,hard_negative_mined,arbitrum,0,ratio_75,1,1,0.0006291538593359292,0.9425707459449768
deltaprime_arbitrum_2024,deltaprime_arbitrum_2024__hn021,deltaprime_arbitrum_2024,hard_negative_mined,arbitrum,0,ratio_75,2,2,0.0006291538593359292,0.9425707459449768
deltaprime_arbitrum_2024,deltaprime_arbitrum_2024__hn022,deltaprime_arbitrum_2024,hard_negative_mined,arbitrum,0,ratio_75,165,219,0.0017598355188965797,0.9425707459449768
deltaprime_arbitrum_2024,deltaprime_arbitrum_2024__hn023,deltaprime_arbitrum_2024,hard_negative_mined,arbitrum,0,ratio_75,3,3,0.00021870054479222745,0.9425707459449768
deltaprime_arbitrum_2024,deltaprime_arbitrum_2024__hn025,deltaprime_arbitrum_2024,hard_negative_mined,arbitrum,0,ratio_75,2,2,0.0006291538593359292,0.9425707459449768
deltaprime_arbitrum_2024,deltaprime_arbitrum_2024__hn026,deltaprime_arbitrum_2024,hard_negative_mined,arbitrum,0,ratio_75,2,2,0.0004902583896182477,0.9425707459449768
deltaprime_arbitrum_2024,deltaprime_arbitrum_2024__hn027,deltaprime_arbitrum_2024,hard_negative_mined,arbitrum,0,ratio_75,1,1,0.0011823091190308332,0.9425707459449768
deltaprime_arbitrum_2024,deltaprime_arbitrum_2024__hn028,deltaprime_arbitrum_2024,hard_negative_mined,arbitrum,0,ratio_75,2,2,0.0005477974191308022,0.9425707459449768
deltaprime_arbitrum_2024,deltaprime_arbitrum_2024__hn029,deltaprime_arbitrum_2024,hard_negative_mined,arbitrum,0,ratio_75,1,1,0.0006848807679489255,0.9425707459449768
deltaprime_arbitrum_2024,deltaprime_arbitrum_2024__hn030,deltaprime_arbitrum_2024,hard_negative_mined,arbitrum,0,ratio_75,1,1,0.0011823091190308332,0.9425707459449768
deltaprime_arbitrum_2024,deltaprime_arbitrum_2024__hn031,deltaprime_arbitrum_2024,hard_negative_mined,arbitrum,0,ratio_75,1,1,0.0006291538593359292,0.9425707459449768
deltaprime_arbitrum_2024,deltaprime_arbitrum_2024__hn032,deltaprime_arbitrum_2024,hard_negative_mined,arbitrum,0,ratio_75,1,1,0.0006291538593359292,0.9425707459449768
deltaprime_arbitrum_2024,deltaprime_arbitrum_2024__hn033,deltaprime_arbitrum_2024,hard_negative_mined,arbitrum,0,ratio_75,1,1,0.0006291538593359292,0.9425707459449768
deltaprime_arbitrum_2024,deltaprime_arbitrum_2024__hn035,deltaprime_arbitrum_2024,hard_negative_mined,arbitrum,0,ratio_75,2,2,0.00032655001268722117,0.9425707459449768
deltaprime_arbitrum_2024,deltaprime_arbitrum_2024__hn036,deltaprime_arbitrum_2024,hard_negative_mined,arbitrum,0,ratio_75,2,2,0.00032655001268722117,0.9425707459449768
deltaprime_arbitrum_2024,deltaprime_arbitrum_2024__hn037,deltaprime_arbitrum_2024,hard_negative_mined,arbitrum,0,ratio_75,1,1,0.0006291538593359292,0.9425707459449768
deltaprime_arbitrum_2024,deltaprime_arbitrum_2024__hn038,deltaprime_arbitrum_2024,hard_negative_mined,arbitrum,0,ratio_75,2,2,0.0006291538593359292,0.9425707459449768
deltaprime_arbitrum_2024,deltaprime_arbitrum_2024__hn040,deltaprime_arbitrum_2024,hard_negative_mined,arbitrum,0,ratio_75,3,4,0.001497908728197217,0.9425707459449768
deltaprime_arbitrum_2024,deltaprime_arbitrum_2024__hn041,deltaprime_arbitrum_2024,hard_negative_mined,arbitrum,0,ratio_75,1,1,0.0006291538593359292,0.9425707459449768
deltaprime_arbitrum_2024,deltaprime_arbitrum_2024__hn042,deltaprime_arbitrum_2024,hard_negative_mined,arbitrum,0,ratio_75,1,1,0.0006291538593359292,0.9425707459449768
deltaprime_arbitrum_2024,deltaprime_arbitrum_2024__hn043,deltaprime_arbitrum_2024,hard_negative_mined,arbitrum,0,ratio_75,1,1,0.0011823091190308332,0.9425707459449768
deltaprime_arbitrum_2024,deltaprime_arbitrum_2024__hn044,deltaprime_arbitrum_2024,hard_negative_mined,arbitrum,0,ratio_75,3,4,0.004120620898902416,0.9425707459449768
deltaprime_arbitrum_2024,deltaprime_arbitrum_2024__hn045,deltaprime_arbitrum_2024,hard_negative_mined,arbitrum,0,ratio_75,1,1,0.0006291538593359292,0.9425707459449768
deltaprime_arbitrum_2024,deltaprime_arbitrum_2024__hn046,deltaprime_arbitrum_2024,hard_negative_mined,arbitrum,0,ratio_75,1,1,0.0011823091190308332,0.9425707459449768
deltaprime_arbitrum_2024,deltaprime_arbitrum_2024__hn047,deltaprime_arbitrum_2024,hard_negative_mined,arbitrum,0,ratio_75,1,1,0.0006291538593359292,0.9425707459449768
deltaprime_arbitrum_2024,deltaprime_arbitrum_2024__hn048,deltaprime_arbitrum_2024,hard_negative_mined,arbitrum,0,ratio_75,1,1,0.0006291538593359292,0.9425707459449768
deltaprime_arbitrum_2024,deltaprime_arbitrum_2024__hn050,deltaprime_arbitrum_2024,hard_negative_mined,arbitrum,0,ratio_75,4,5,0.00024543851031921804,0.9425707459449768
deltaprime_arbitrum_2024,deltaprime_arbitrum_2024__hn051,deltaprime_arbitrum_2024,hard_negative_mined,arbitrum,0,ratio_75,12,15,0.0003669041907414794,0.9425707459449768
deltaprime_arbitrum_2024,deltaprime_arbitrum_2024__hn052,deltaprime_arbitrum_2024,hard_negative_mined,arbitrum,0,ratio_75,2,2,0.0010552086168900132,0.9425707459449768
deltaprime_arbitrum_2024,deltaprime_arbitrum_2024__hn053,deltaprime_arbitrum_2024,hard_negative_mined,arbitrum,0,ratio_75,2,2,0.00032655001268722117,0.9425707459449768
deltaprime_arbitrum_2024,deltaprime_arbitrum_2024__hn054,deltaprime_arbitrum_2024,hard_negative_mined,arbitrum,0,ratio_75,1,1,0.0011496328515931964,0.9425707459449768
deltaprime_arbitrum_2024,deltaprime_arbitrum_2024__hn055,deltaprime_arbitrum_2024,hard_negative_mined,arbitrum,0,ratio_75,1,1,0.0006291538593359292,0.9425707459449768
deltaprime_arbitrum_2024,deltaprime_arbitrum_2024__hn056,deltaprime_arbitrum_2024,hard_negative_mined,arbitrum,0,ratio_75,1,1,0.0011823091190308332,0.9425707459449768
deltaprime_arbitrum_2024,deltaprime_arbitrum_2024__hn057,deltaprime_arbitrum_2024,hard_negative_mined,arbitrum,0,ratio_75,1,1,0.0006291538593359292,0.9425707459449768
deltaprime_arbitrum_2024,deltaprime_arbitrum_2024__hn058,deltaprime_arbitrum_2024,hard_negative_mined,arbitrum,0,ratio_75,1,1,0.0006291538593359292,0.9425707459449768
deltaprime_arbitrum_2024,deltaprime_arbitrum_2024__hn059,deltaprime_arbitrum_2024,hard_negative_mined,arbitrum,0,ratio_75,3,3,0.0006562874768860638,0.9425707459449768
deltaprime_arbitrum_2024,deltaprime_arbitrum_2024__hn060,deltaprime_arbitrum_2024,hard_negative_mined,arbitrum,0,ratio_75,2,2,0.0006291538593359292,0.9425707459449768
deltaprime_arbitrum_2024,deltaprime_arbitrum_2024__hn061,deltaprime_arbitrum_2024,hard_negative_mined,arbitrum,0,ratio_75,1,1,0.0006291538593359292,0.9425707459449768
deltaprime_arbitrum_2024,deltaprime_arbitrum_2024__hn062,deltaprime_arbitrum_2024,hard_negative_mined,arbitrum,0,ratio_75,2,2,0.0004408182285260409,0.9425707459449768
deltaprime_arbitrum_2024,deltaprime_arbitrum_2024__hn063,deltaprime_arbitrum_2024,hard_negative_mined,arbitrum,0,ratio_75,2,2,0.0006848807679489255,0.9425707459449768
deltaprime_arbitrum_2024,deltaprime_arbitrum_2024__hn064,deltaprime_arbitrum_2024,hard_negative_mined,arbitrum,0,ratio_75,5,6,0.0007162299589253962,0.9425707459449768
deltaprime_arbitrum_2024,deltaprime_arbitrum_2024__hn065,deltaprime_arbitrum_2024,hard_negative_mined,arbitrum,0,ratio_75,1,1,0.0006291538593359292,0.9425707459449768
deltaprime_arbitrum_2024,deltaprime_arbitrum_2024__hn066,deltaprime_arbitrum_2024,hard_negative_mined,arbitrum,0,ratio_75,1,1,0.0006291538593359292,0.9425707459449768
deltaprime_arbitrum_2024,deltaprime_arbitrum_2024__hn067,deltaprime_arbitrum_2024,hard_negative_mined,arbitrum,0,ratio_75,3,3,0.0006327806622721255,0.9425707459449768
deltaprime_arbitrum_2024,deltaprime_arbitrum_2024__hn068,deltaprime_arbitrum_2024,hard_negative_mined,arbitrum,0,ratio_75,2,2,0.0006291538593359292,0.9425707459449768
deltaprime_arbitrum_2024,deltaprime_arbitrum_2024__hn069,deltaprime_arbitrum_2024,hard_negative_mined,arbitrum,0,ratio_75,1,1,0.0006291538593359292,0.9425707459449768
bsc_token_hub_2022,bsc_token_hub_2022__hn000,bsc_token_hub_2022,hard_negative_mined,bsc,0,ratio_75,1,1,0.0005621799500659108,0.9849427938461304
bsc_token_hub_2022,bsc_token_hub_2022__hn001,bsc_token_hub_2022,hard_negative_mined,bsc,0,ratio_75,1,1,0.0005621799500659108,0.9849427938461304
bsc_token_hub_2022,bsc_token_hub_2022__hn002,bsc_token_hub_2022,hard_negative_mined,bsc,0,ratio_75,3,3,0.0008080058614723384,0.9849427938461304
bsc_token_hub_2022,bsc_token_hub_2022__hn003,bsc_token_hub_2022,hard_negative_mined,bsc,0,ratio_75,1,1,0.0005621799500659108,0.9849427938461304
bsc_token_hub_2022,bsc_token_hub_2022__hn004,bsc_token_hub_2022,hard_negative_mined,bsc,0,ratio_75,1,1,0.0005621799500659108,0.9849427938461304
bsc_token_hub_2022,bsc_token_hub_2022__hn005,bsc_token_hub_2022,hard_negative_mined,bsc,0,ratio_75,3,3,0.0005828964058309793,0.9849427938461304
bsc_token_hub_2022,bsc_token_hub_2022__hn007,bsc_token_hub_2022,hard_negative_mined,bsc,0,ratio_75,1,1,0.0005621799500659108,0.9849427938461304
bsc_token_hub_2022,bsc_token_hub_2022__hn008,bsc_token_hub_2022,hard_negative_mined,bsc,0,ratio_75,2,2,0.0003361013368703425,0.9849427938461304
bsc_token_hub_2022,bsc_token_hub_2022__hn009,bsc_token_hub_2022,hard_negative_mined,bsc,0,ratio_75,2,2,0.0010437553282827139,0.9849427938461304
bsc_token_hub_2022,bsc_token_hub_2022__hn010,bsc_token_hub_2022,hard_negative_mined,bsc,0,ratio_75,5,6,0.00033707040711306036,0.9849427938461304
bsc_token_hub_2022,bsc_token_hub_2022__hn011,bsc_token_hub_2022,hard_negative_mined,bsc,0,ratio_75,1,1,0.0005621799500659108,0.9849427938461304
bsc_token_hub_2022,bsc_token_hub_2022__hn012,bsc_token_hub_2022,hard_negative_mined,bsc,0,ratio_75,2,2,0.00027543664327822626,0.9849427938461304
bsc_token_hub_2022,bsc_token_hub_2022__hn013,bsc_token_hub_2022,hard_negative_mined,bsc,0,ratio_75,1,1,0.0005621799500659108,0.9849427938461304
bsc_token_hub_2022,bsc_token_hub_2022__hn014,bsc_token_hub_2022,hard_negative_mined,bsc,0,ratio_75,1,1,0.0005621799500659108,0.9849427938461304
bsc_token_hub_2022,bsc_token_hub_2022__hn015,bsc_token_hub_2022,hard_negative_mined,bsc,0,ratio_75,2,2,0.0015613336581736803,0.9849427938461304
bsc_token_hub_2022,bsc_token_hub_2022__hn016,bsc_token_hub_2022,hard_negative_mined,bsc,0,ratio_75,3,4,0.0006870106444694102,0.9849427938461304
bsc_token_hub_2022,bsc_token_hub_2022__hn017,bsc_token_hub_2022,hard_negative_mined,bsc,0,ratio_75,2,2,0.0003361013368703425,0.9849427938461304
bsc_token_hub_2022,bsc_token_hub_2022__hn018,bsc_token_hub_2022,hard_negative_mined,bsc,0,ratio_75,1,1,0.0005621799500659108,0.9849427938461304
bsc_token_hub_2022,bsc_token_hub_2022__hn019,bsc_token_hub_2022,hard_negative_mined,bsc,0,ratio_75,1,1,0.0005621799500659108,0.9849427938461304
bsc_token_hub_2022,bsc_token_hub_2022__hn020,bsc_token_hub_2022,hard_negative_mined,bsc,0,ratio_75,2,2,0.0002601452579256147,0.9849427938461304
bsc_token_hub_2022,bsc_token_hub_2022__hn021,bsc_token_hub_2022,hard_negative_mined,bsc,0,ratio_75,3,3,0.0005828964058309793,0.9849427938461304
bsc_token_hub_2022,bsc_token_hub_2022__hn022,bsc_token_hub_2022,hard_negative_mined,bsc,0,ratio_75,1,1,0.0005621799500659108,0.9849427938461304
bsc_token_hub_2022,bsc_token_hub_2022__hn023,bsc_token_hub_2022,hard_negative_mined,bsc,0,ratio_75,2,2,0.0007530033471994102,0.9849427938461304
bsc_token_hub_2022,bsc_token_hub_2022__hn024,bsc_token_hub_2022,hard_negative_mined,bsc,0,ratio_75,4,5,0.000796735635958612,0.9849427938461304
bsc_token_hub_2022,bsc_token_hub_2022__hn025,bsc_token_hub_2022,hard_negative_mined,bsc,0,ratio_75,1,1,0.0005621799500659108,0.9849427938461304
bsc_token_hub_2022,bsc_token_hub_2022__hn026,bsc_token_hub_2022,hard_negative_mined,bsc,0,ratio_75,3,4,0.0026972342748194933,0.9849427938461304
bsc_token_hub_2022,bsc_token_hub_2022__hn027,bsc_token_hub_2022,hard_negative_mined,bsc,0,ratio_75,3,3,0.0010406064102426171,0.9849427938461304
bsc_token_hub_2022,bsc_token_hub_2022__hn028,bsc_token_hub_2022,hard_negative_mined,bsc,0,ratio_75,2,2,0.0005828964058309793,0.9849427938461304
bsc_token_hub_2022,bsc_token_hub_2022__hn029,bsc_token_hub_2022,hard_negative_mined,bsc,0,ratio_75,1,1,0.0016049356199800968,0.9849427938461304
bsc_token_hub_2022,bsc_token_hub_2022__hn030,bsc_token_hub_2022,hard_negative_mined,bsc,0,ratio_75,1,1,0.0016049356199800968,0.9849427938461304
bsc_token_hub_2022,bsc_token_hub_2022__hn032,bsc_token_hub_2022,hard_negative_mined,bsc,0,ratio_75,2,2,0.0005811370792798698,0.9849427938461304
bsc_token_hub_2022,bsc_token_hub_2022__hn033,bsc_token_hub_2022,hard_negative_mined,bsc,0,ratio_75,2,2,0.00022504161461256444,0.9849427938461304
bsc_token_hub_2022,bsc_token_hub_2022__hn034,bsc_token_hub_2022,hard_negative_mined,bsc,0,ratio_75,2,2,0.0002746098907664418,0.9849427938461304
bsc_token_hub_2022,bsc_token_hub_2022__hn035,bsc_token_hub_2022,hard_negative_mined,bsc,0,ratio_75,1,1,0.0005621799500659108,0.9849427938461304
bsc_token_hub_2022,bsc_token_hub_2022__hn036,bsc_token_hub_2022,hard_negative_mined,bsc,0,ratio_75,1,1,0.0005621799500659108,0.9849427938461304
bsc_token_hub_2022,bsc_token_hub_2022__hn037,bsc_token_hub_2022,hard_negative_mined,bsc,0,ratio_75,1,1,0.0005621799500659108,0.9849427938461304
bsc_token_hub_2022,bsc_token_hub_2022__hn038,bsc_token_hub_2022,hard_negative_mined,bsc,0,ratio_75,3,3,0.0005522025167010725,0.9849427938461304
bsc_token_hub_2022,bsc_token_hub_2022__hn039,bsc_token_hub_2022,hard_negative_mined,bsc,0,ratio_75,3,4,0.009406797587871552,0.9849427938461304
bsc_token_hub_2022,bsc_token_hub_2022__hn040,bsc_token_hub_2022,hard_negative_mined,bsc,0,ratio_75,5,6,0.0008713976130820811,0.9849427938461304
bsc_token_hub_2022,bsc_token_hub_2022__hn041,bsc_token_hub_2022,hard_negative_mined,bsc,0,ratio_75,1,1,0.0005621799500659108,0.9849427938461304
bsc_token_hub_2022,bsc_token_hub_2022__hn042,bsc_token_hub_2022,hard_negative_mined,bsc,0,ratio_75,1,1,0.0016049356199800968,0.9849427938461304
bsc_token_hub_2022,bsc_token_hub_2022__hn044,bsc_token_hub_2022,hard_negative_mined,bsc,0,ratio_75,1,1,0.0005621799500659108,0.9849427938461304
bsc_token_hub_2022,bsc_token_hub_2022__hn045,bsc_token_hub_2022,hard_negative_mined,bsc,0,ratio_75,2,2,0.001479218597523868,0.9849427938461304
bsc_token_hub_2022,bsc_token_hub_2022__hn046,bsc_token_hub_2022,hard_negative_mined,bsc,0,ratio_75,1,1,0.0005621799500659108,0.9849427938461304
bsc_token_hub_2022,bsc_token_hub_2022__hn047,bsc_token_hub_2022,hard_negative_mined,bsc,0,ratio_75,1,1,0.0005621799500659108,0.9849427938461304
bsc_token_hub_2022,bsc_token_hub_2022__hn048,bsc_token_hub_2022,hard_negative_mined,bsc,0,ratio_75,4,5,0.0003765317960642278,0.9849427938461304
bsc_token_hub_2022,bsc_token_hub_2022__hn049,bsc_token_hub_2022,hard_negative_mined,bsc,0,ratio_75,5,6,0.0008025285787880421,0.9849427938461304
bsc_token_hub_2022,bsc_token_hub_2022__hn050,bsc_token_hub_2022,hard_negative_mined,bsc,0,ratio_75,2,2,0.0005811370792798698,0.9849427938461304
bsc_token_hub_2022,bsc_token_hub_2022__hn051,bsc_token_hub_2022,hard_negative_mined,bsc,0,ratio_75,1,1,0.0005621799500659108,0.9849427938461304
bsc_token_hub_2022,bsc_token_hub_2022__hn052,bsc_token_hub_2022,hard_negative_mined,bsc,0,ratio_75,1,1,0.0016049356199800968,0.9849427938461304
bsc_token_hub_2022,bsc_token_hub_2022__hn053,bsc_token_hub_2022,hard_negative_mined,bsc,0,ratio_75,1,1,0.0005621799500659108,0.9849427938461304
bsc_token_hub_2022,bsc_token_hub_2022__hn054,bsc_token_hub_2022,hard_negative_mined,bsc,0,ratio_75,1,1,0.0007262576837092638,0.9849427938461304
bsc_token_hub_2022,bsc_token_hub_2022__hn055,bsc_token_hub_2022,hard_negative_mined,bsc,0,ratio_75,3,3,0.00021254722378216684,0.9849427938461304
bsc_token_hub_2022,bsc_token_hub_2022__hn056,bsc_token_hub_2022,hard_negative_mined,bsc,0,ratio_75,1,1,0.0005621799500659108,0.9849427938461304
bsc_token_hub_2022,bsc_token_hub_2022__hn057,bsc_token_hub_2022,hard_negative_mined,bsc,0,ratio_75,1,1,0.0007262576837092638,0.9849427938461304
bsc_token_hub_2022,bsc_token_hub_2022__hn058,bsc_token_hub_2022,hard_negative_mined,bsc,0,ratio_75,1,1,0.0005621799500659108,0.9849427938461304
bsc_token_hub_2022,bsc_token_hub_2022__hn059,bsc_token_hub_2022,hard_negative_mined,bsc,0,ratio_75,11,14,0.0003595470334403217,0.9849427938461304
bsc_token_hub_2022,bsc_token_hub_2022__hn060,bsc_token_hub_2022,hard_negative_mined,bsc,0,ratio_75,1,1,0.0005621799500659108,0.9849427938461304
bsc_token_hub_2022,bsc_token_hub_2022__hn061,bsc_token_hub_2022,hard_negative_mined,bsc,0,ratio_75,5,6,0.0008435416384600103,0.9849427938461304
bsc_token_hub_2022,bsc_token_hub_2022__hn062,bsc_token_hub_2022,hard_negative_mined,bsc,0,ratio_75,2,2,0.001540796714834869,0.9849427938461304
bsc_token_hub_2022,bsc_token_hub_2022__hn063,bsc_token_hub_2022,hard_negative_mined,bsc,0,ratio_75,3,3,0.00045119255082681775,0.9849427938461304
bsc_token_hub_2022,bsc_token_hub_2022__hn064,bsc_token_hub_2022,hard_negative_mined,bsc,0,ratio_75,1,1,0.0007262576837092638,0.9849427938461304
bsc_token_hub_2022,bsc_token_hub_2022__hn065,bsc_token_hub_2022,hard_negative_mined,bsc,0,ratio_75,6,8,0.003725657006725669,0.9849427938461304
bsc_token_hub_2022,bsc_token_hub_2022__hn066,bsc_token_hub_2022,hard_negative_mined,bsc,0,ratio_75,4,5,0.0002914417418651283,0.9849427938461304
bsc_token_hub_2022,bsc_token_hub_2022__hn067,bsc_token_hub_2022,hard_negative_mined,bsc,0,ratio_75,2,2,0.0004918468184769154,0.9849427938461304
bsc_token_hub_2022,bsc_token_hub_2022__hn068,bsc_token_hub_2022,hard_negative_mined,bsc,0,ratio_75,2,2,0.0007112174644134939,0.9849427938461304
bsc_token_hub_2022,bsc_token_hub_2022__hn069,bsc_token_hub_2022,hard_negative_mined,bsc,0,ratio_75,3,3,0.003243562299758196,0.9849427938461304
qbridge_qubit_2022,qbridge_qubit_2022__hn000,qbridge_qubit_2022,hard_negative_mined,bsc,0,ratio_75,1,1,0.0017215163679793477,0.9826923608779907
qbridge_qubit_2022,qbridge_qubit_2022__hn001,qbridge_qubit_2022,hard_negative_mined,bsc,0,ratio_75,344,458,0.0015210479032248259,0.9826923608779907
qbridge_qubit_2022,qbridge_qubit_2022__hn002,qbridge_qubit_2022,hard_negative_mined,bsc,0,ratio_75,3,3,0.0008613186655566096,0.9826923608779907
qbridge_qubit_2022,qbridge_qubit_2022__hn003,qbridge_qubit_2022,hard_negative_mined,bsc,0,ratio_75,1,1,0.0005325099336914718,0.9826923608779907
qbridge_qubit_2022,qbridge_qubit_2022__hn004,qbridge_qubit_2022,hard_negative_mined,bsc,0,ratio_75,3,3,0.0006268396973609924,0.9826923608779907
qbridge_qubit_2022,qbridge_qubit_2022__hn005,qbridge_qubit_2022,hard_negative_mined,bsc,0,ratio_75,3,3,0.0034857240971177816,0.9826923608779907
qbridge_qubit_2022,qbridge_qubit_2022__hn006,qbridge_qubit_2022,hard_negative_mined,bsc,0,ratio_75,2,2,0.0005189199000597,0.9826923608779907
qbridge_qubit_2022,qbridge_qubit_2022__hn007,qbridge_qubit_2022,hard_negative_mined,bsc,0,ratio_75,2,2,0.0002312745782546699,0.9826923608779907
qbridge_qubit_2022,qbridge_qubit_2022__hn008,qbridge_qubit_2022,hard_negative_mined,bsc,0,ratio_75,6,7,0.0009969942038878798,0.9826923608779907
qbridge_qubit_2022,qbridge_qubit_2022__hn009,qbridge_qubit_2022,hard_negative_mined,bsc,0,ratio_75,644,858,0.0025875484570860863,0.9826923608779907
qbridge_qubit_2022,qbridge_qubit_2022__hn010,qbridge_qubit_2022,hard_negative_mined,bsc,0,ratio_75,132,176,0.0012439022539183497,0.9826923608779907
qbridge_qubit_2022,qbridge_qubit_2022__hn011,qbridge_qubit_2022,hard_negative_mined,bsc,0,ratio_75,580,773,0.0015210479032248259,0.9826923608779907
qbridge_qubit_2022,qbridge_qubit_2022__hn012,qbridge_qubit_2022,hard_negative_mined,bsc,0,ratio_75,3,4,0.006246383301913738,0.9826923608779907
qbridge_qubit_2022,qbridge_qubit_2022__hn013,qbridge_qubit_2022,hard_negative_mined,bsc,0,ratio_75,391,521,0.003023301251232624,0.9826923608779907
qbridge_qubit_2022,qbridge_qubit_2022__hn014,qbridge_qubit_2022,hard_negative_mined,bsc,0,ratio_75,9,11,0.0010373430559411645,0.9826923608779907
qbridge_qubit_2022,qbridge_qubit_2022__hn015,qbridge_qubit_2022,hard_negative_mined,bsc,0,ratio_75,18,23,0.001679226174019277,0.9826923608779907
qbridge_qubit_2022,qbridge_qubit_2022__hn016,qbridge_qubit_2022,hard_negative_mined,bsc,0,ratio_75,3,4,0.012245242483913898,0.9826923608779907
qbridge_qubit_2022,qbridge_qubit_2022__hn017,qbridge_qubit_2022,hard_negative_mined,bsc,0,ratio_75,2,2,0.0003390080528333783,0.9826923608779907
qbridge_qubit_2022,qbridge_qubit_2022__hn018,qbridge_qubit_2022,hard_negative_mined,bsc,0,ratio_75,2,2,0.0007474615122191608,0.9826923608779907
qbridge_qubit_2022,qbridge_qubit_2022__hn019,qbridge_qubit_2022,hard_negative_mined,bsc,0,ratio_75,1,1,0.0005325099336914718,0.9826923608779907
qbridge_qubit_2022,qbridge_qubit_2022__hn020,qbridge_qubit_2022,hard_negative_mined,bsc,0,ratio_75,3,3,0.0007756311679258943,0.9826923608779907
qbridge_qubit_2022,qbridge_qubit_2022__hn021,qbridge_qubit_2022,hard_negative_mined,bsc,0,ratio_75,9,12,0.006038786377757788,0.9826923608779907
qbridge_qubit_2022,qbridge_qubit_2022__hn022,qbridge_qubit_2022,hard_negative_mined,bsc,0,ratio_75,58,77,0.1566760540008545,0.9826923608779907
qbridge_qubit_2022,qbridge_qubit_2022__hn023,qbridge_qubit_2022,hard_negative_mined,bsc,0,ratio_75,190,253,0.004360108636319637,0.9826923608779907
qbridge_qubit_2022,qbridge_qubit_2022__hn024,qbridge_qubit_2022,hard_negative_mined,bsc,0,ratio_75,2,2,0.0006113889394327998,0.9826923608779907
qbridge_qubit_2022,qbridge_qubit_2022__hn025,qbridge_qubit_2022,hard_negative_mined,bsc,0,ratio_75,33,43,0.004764940589666367,0.9826923608779907
qbridge_qubit_2022,qbridge_qubit_2022__hn026,qbridge_qubit_2022,hard_negative_mined,bsc,0,ratio_75,1,1,0.0005325099336914718,0.9826923608779907
qbridge_qubit_2022,qbridge_qubit_2022__hn027,qbridge_qubit_2022,hard_negative_mined,bsc,0,ratio_75,3,3,0.0034857240971177816,0.9826923608779907
qbridge_qubit_2022,qbridge_qubit_2022__hn028,qbridge_qubit_2022,hard_negative_mined,bsc,0,ratio_75,6,8,0.001003554556518793,0.9826923608779907
qbridge_qubit_2022,qbridge_qubit_2022__hn029,qbridge_qubit_2022,hard_negative_mined,bsc,0,ratio_75,3,3,0.0005325099336914718,0.9826923608779907
qbridge_qubit_2022,qbridge_qubit_2022__hn030,qbridge_qubit_2022,hard_negative_mined,bsc,0,ratio_75,1,1,0.0011155131505802274,0.9826923608779907
qbridge_qubit_2022,qbridge_qubit_2022__hn031,qbridge_qubit_2022,hard_negative_mined,bsc,0,ratio_75,2,2,0.000687578518409282,0.9826923608779907
qbridge_qubit_2022,qbridge_qubit_2022__hn032,qbridge_qubit_2022,hard_negative_mined,bsc,0,ratio_75,44,58,0.001772665767930448,0.9826923608779907
qbridge_qubit_2022,qbridge_qubit_2022__hn033,qbridge_qubit_2022,hard_negative_mined,bsc,0,ratio_75,67,89,0.011180740781128407,0.9826923608779907
qbridge_qubit_2022,qbridge_qubit_2022__hn034,qbridge_qubit_2022,hard_negative_mined,bsc,0,ratio_75,1,1,0.0006268396973609924,0.9826923608779907
feg_bridge_2024,feg_bridge_2024__hn000,feg_bridge_2024,hard_negative_mined,eth,0,ratio_75,1,1,0.6063332557678223,0.10250714421272278
feg_bridge_2024,feg_bridge_2024__hn001,feg_bridge_2024,hard_negative_mined,eth,0,ratio_75,1,1,0.6063332557678223,0.10250714421272278
feg_bridge_2024,feg_bridge_2024__hn002,feg_bridge_2024,hard_negative_mined,eth,0,ratio_75,1,1,0.6063332557678223,0.10250714421272278
feg_bridge_2024,feg_bridge_2024__hn003,feg_bridge_2024,hard_negative_mined,eth,0,ratio_75,2,2,0.5849403738975525,0.10250714421272278
feg_bridge_2024,feg_bridge_2024__hn004,feg_bridge_2024,hard_negative_mined,eth,0,ratio_75,1,1,0.6063332557678223,0.10250714421272278
feg_bridge_2024,feg_bridge_2024__hn005,feg_bridge_2024,hard_negative_mined,eth,0,ratio_75,1,1,0.915151059627533,0.10250714421272278
feg_bridge_2024,feg_bridge_2024__hn006,feg_bridge_2024,hard_negative_mined,eth,0,ratio_75,1,1,0.915151059627533,0.10250714421272278
feg_bridge_2024,feg_bridge_2024__hn007,feg_bridge_2024,hard_negative_mined,eth,0,ratio_75,1,1,0.6063332557678223,0.10250714421272278
feg_bridge_2024,feg_bridge_2024__hn008,feg_bridge_2024,hard_negative_mined,eth,0,ratio_75,1,1,0.915151059627533,0.10250714421272278
feg_bridge_2024,feg_bridge_2024__hn009,feg_bridge_2024,hard_negative_mined,eth,0,ratio_75,1,1,0.6063332557678223,0.10250714421272278
feg_bridge_2024,feg_bridge_2024__hn010,feg_bridge_2024,hard_negative_mined,eth,0,ratio_75,1,1,0.6063332557678223,0.10250714421272278
feg_bridge_2024,feg_bridge_2024__hn011,feg_bridge_2024,hard_negative_mined,eth,0,ratio_75,1,1,0.6063332557678223,0.10250714421272278
feg_bridge_2024,feg_bridge_2024__hn012,feg_bridge_2024,hard_negative_mined,eth,0,ratio_75,1,1,0.915151059627533,0.10250714421272278
feg_bridge_2024,feg_bridge_2024__hn013,feg_bridge_2024,hard_negative_mined,eth,0,ratio_75,1,1,0.6063332557678223,0.10250714421272278
feg_bridge_2024,feg_bridge_2024__hn014,feg_bridge_2024,hard_negative_mined,eth,0,ratio_75,1,1,0.6063332557678223,0.10250714421272278
feg_bridge_2024,feg_bridge_2024__hn015,feg_bridge_2024,hard_negative_mined,eth,0,ratio_75,1,1,0.6063332557678223,0.10250714421272278
feg_bridge_2024,feg_bridge_2024__hn016,feg_bridge_2024,hard_negative_mined,eth,0,ratio_75,1,1,0.6063332557678223,0.10250714421272278
feg_bridge_2024,feg_bridge_2024__hn017,feg_bridge_2024,hard_negative_mined,eth,0,ratio_75,1,1,0.915151059627533,0.10250714421272278
feg_bridge_2024,feg_bridge_2024__hn018,feg_bridge_2024,hard_negative_mined,eth,0,ratio_75,1,1,0.915151059627533,0.10250714421272278
feg_bridge_2024,feg_bridge_2024__hn019,feg_bridge_2024,hard_negative_mined,eth,0,ratio_75,1,1,0.6063332557678223,0.10250714421272278
feg_bridge_2024,feg_bridge_2024__hn020,feg_bridge_2024,hard_negative_mined,eth,0,ratio_75,1,1,0.915151059627533,0.10250714421272278
feg_bridge_2024,feg_bridge_2024__hn021,feg_bridge_2024,hard_negative_mined,eth,0,ratio_75,1,1,0.6063332557678223,0.10250714421272278
feg_bridge_2024,feg_bridge_2024__hn022,feg_bridge_2024,hard_negative_mined,eth,0,ratio_75,1,1,0.6063332557678223,0.10250714421272278
feg_bridge_2024,feg_bridge_2024__hn023,feg_bridge_2024,hard_negative_mined,eth,0,ratio_75,1,1,0.6063332557678223,0.10250714421272278
feg_bridge_2024,feg_bridge_2024__hn024,feg_bridge_2024,hard_negative_mined,eth,0,ratio_75,1,1,0.6063332557678223,0.10250714421272278
feg_bridge_2024,feg_bridge_2024__hn025,feg_bridge_2024,hard_negative_mined,eth,0,ratio_75,1,1,0.6063332557678223,0.10250714421272278
feg_bridge_2024,feg_bridge_2024__hn027,feg_bridge_2024,hard_negative_mined,eth,0,ratio_75,1,1,0.6063332557678223,0.10250714421272278
feg_bridge_2024,feg_bridge_2024__hn028,feg_bridge_2024,hard_negative_mined,eth,0,ratio_75,1,1,0.6063332557678223,0.10250714421272278
feg_bridge_2024,feg_bridge_2024__hn029,feg_bridge_2024,hard_negative_mined,eth,0,ratio_75,1,1,0.6063332557678223,0.10250714421272278
feg_bridge_2024,feg_bridge_2024__hn030,feg_bridge_2024,hard_negative_mined,eth,0,ratio_75,1,1,0.6063332557678223,0.10250714421272278
feg_bridge_2024,feg_bridge_2024__hn031,feg_bridge_2024,hard_negative_mined,eth,0,ratio_75,1,1,0.6063332557678223,0.10250714421272278
chibi_finance_2023,chibi_finance_2023__hn000,chibi_finance_2023,hard_negative_mined,arbitrum,0,ratio_75,1,1,0.0005461671389639378,0.9671148061752319
chibi_finance_2023,chibi_finance_2023__hn001,chibi_finance_2023,hard_negative_mined,arbitrum,0,ratio_75,1,1,0.0005461671389639378,0.9671148061752319
chibi_finance_2023,chibi_finance_2023__hn002,chibi_finance_2023,hard_negative_mined,arbitrum,0,ratio_75,3,3,0.00029967891168780625,0.9671148061752319
chibi_finance_2023,chibi_finance_2023__hn003,chibi_finance_2023,hard_negative_mined,arbitrum,0,ratio_75,1,1,0.0005461671389639378,0.9671148061752319
chibi_finance_2023,chibi_finance_2023__hn004,chibi_finance_2023,hard_negative_mined,arbitrum,0,ratio_75,6,8,0.001090184785425663,0.9671148061752319
chibi_finance_2023,chibi_finance_2023__hn005,chibi_finance_2023,hard_negative_mined,arbitrum,0,ratio_75,1,1,0.0005461671389639378,0.9671148061752319
chibi_finance_2023,chibi_finance_2023__hn006,chibi_finance_2023,hard_negative_mined,arbitrum,0,ratio_75,2,2,0.0003788625181186944,0.9671148061752319
chibi_finance_2023,chibi_finance_2023__hn007,chibi_finance_2023,hard_negative_mined,arbitrum,0,ratio_75,2,2,0.0009550796821713448,0.9671148061752319
chibi_finance_2023,chibi_finance_2023__hn008,chibi_finance_2023,hard_negative_mined,arbitrum,0,ratio_75,1,1,0.0005461671389639378,0.9671148061752319
chibi_finance_2023,chibi_finance_2023__hn009,chibi_finance_2023,hard_negative_mined,arbitrum,0,ratio_75,2,2,0.00036045684828422964,0.9671148061752319
chibi_finance_2023,chibi_finance_2023__hn010,chibi_finance_2023,hard_negative_mined,arbitrum,0,ratio_75,2,2,0.0002817212662193924,0.9671148061752319
chibi_finance_2023,chibi_finance_2023__hn011,chibi_finance_2023,hard_negative_mined,arbitrum,0,ratio_75,2,2,0.00036045684828422964,0.9671148061752319
chibi_finance_2023,chibi_finance_2023__hn012,chibi_finance_2023,hard_negative_mined,arbitrum,0,ratio_75,1,1,0.0005461671389639378,0.9671148061752319
chibi_finance_2023,chibi_finance_2023__hn013,chibi_finance_2023,hard_negative_mined,arbitrum,0,ratio_75,2,2,0.0005461671389639378,0.9671148061752319
chibi_finance_2023,chibi_finance_2023__hn014,chibi_finance_2023,hard_negative_mined,arbitrum,0,ratio_75,1,1,0.0005461671389639378,0.9671148061752319
chibi_finance_2023,chibi_finance_2023__hn015,chibi_finance_2023,hard_negative_mined,arbitrum,0,ratio_75,5,6,0.00022071239072829485,0.9671148061752319
chibi_finance_2023,chibi_finance_2023__hn016,chibi_finance_2023,hard_negative_mined,arbitrum,0,ratio_75,1,1,0.0005461671389639378,0.9671148061752319
chibi_finance_2023,chibi_finance_2023__hn017,chibi_finance_2023,hard_negative_mined,arbitrum,0,ratio_75,1,1,0.0005461671389639378,0.9671148061752319
chibi_finance_2023,chibi_finance_2023__hn018,chibi_finance_2023,hard_negative_mined,arbitrum,0,ratio_75,2,2,0.0005461671389639378,0.9671148061752319
chibi_finance_2023,chibi_finance_2023__hn019,chibi_finance_2023,hard_negative_mined,arbitrum,0,ratio_75,1,1,0.0005461671389639378,0.9671148061752319
chibi_finance_2023,chibi_finance_2023__hn020,chibi_finance_2023,hard_negative_mined,arbitrum,0,ratio_75,1,1,0.0005461671389639378,0.9671148061752319
chibi_finance_2023,chibi_finance_2023__hn021,chibi_finance_2023,hard_negative_mined,arbitrum,0,ratio_75,1,1,0.0005461671389639378,0.9671148061752319
chibi_finance_2023,chibi_finance_2023__hn022,chibi_finance_2023,hard_negative_mined,arbitrum,0,ratio_75,1,1,0.0005461671389639378,0.9671148061752319
chibi_finance_2023,chibi_finance_2023__hn023,chibi_finance_2023,hard_negative_mined,arbitrum,0,ratio_75,1,1,0.0005461671389639378,0.9671148061752319
chibi_finance_2023,chibi_finance_2023__hn024,chibi_finance_2023,hard_negative_mined,arbitrum,0,ratio_75,1,1,0.0005461671389639378,0.9671148061752319
wooppv2_2024,wooppv2_2024__hn000,wooppv2_2024,hard_negative_mined,arbitrum,0,ratio_75,1,1,0.0006656011682935059,0.8995959162712097
wooppv2_2024,wooppv2_2024__hn001,wooppv2_2024,hard_negative_mined,arbitrum,0,ratio_75,4,5,0.0002900825929827988,0.8995959162712097
wooppv2_2024,wooppv2_2024__hn002,wooppv2_2024,hard_negative_mined,arbitrum,0,ratio_75,3,3,0.0007288501365110278,0.8995959162712097
wooppv2_2024,wooppv2_2024__hn003,wooppv2_2024,hard_negative_mined,arbitrum,0,ratio_75,3,3,0.0004528365680016577,0.8995959162712097
wooppv2_2024,wooppv2_2024__hn004,wooppv2_2024,hard_negative_mined,arbitrum,0,ratio_75,1,1,0.0006656011682935059,0.8995959162712097
wooppv2_2024,wooppv2_2024__hn005,wooppv2_2024,hard_negative_mined,arbitrum,0,ratio_75,3,3,0.00031765896710567176,0.8995959162712097
wooppv2_2024,wooppv2_2024__hn006,wooppv2_2024,hard_negative_mined,arbitrum,0,ratio_75,1,1,0.0006656011682935059,0.8995959162712097
wooppv2_2024,wooppv2_2024__hn007,wooppv2_2024,hard_negative_mined,arbitrum,0,ratio_75,1,1,0.0006656011682935059,0.8995959162712097
wooppv2_2024,wooppv2_2024__hn008,wooppv2_2024,hard_negative_mined,arbitrum,0,ratio_75,1,1,0.0006656011682935059,0.8995959162712097
wooppv2_2024,wooppv2_2024__hn009,wooppv2_2024,hard_negative_mined,arbitrum,0,ratio_75,1,1,0.0006656011682935059,0.8995959162712097
wooppv2_2024,wooppv2_2024__hn010,wooppv2_2024,hard_negative_mined,arbitrum,0,ratio_75,1,1,0.0006656011682935059,0.8995959162712097
wooppv2_2024,wooppv2_2024__hn011,wooppv2_2024,hard_negative_mined,arbitrum,0,ratio_75,1,1,0.0006656011682935059,0.8995959162712097
wooppv2_2024,wooppv2_2024__hn012,wooppv2_2024,hard_negative_mined,arbitrum,0,ratio_75,1,1,0.0006656011682935059,0.8995959162712097
wooppv2_2024,wooppv2_2024__hn013,wooppv2_2024,hard_negative_mined,arbitrum,0,ratio_75,1,1,0.0006656011682935059,0.8995959162712097
wooppv2_2024,wooppv2_2024__hn014,wooppv2_2024,hard_negative_mined,arbitrum,0,ratio_75,1,1,0.0006656011682935059,0.8995959162712097
wooppv2_2024,wooppv2_2024__hn015,wooppv2_2024,hard_negative_mined,arbitrum,0,ratio_75,5,6,0.0006378446705639362,0.8995959162712097
wooppv2_2024,wooppv2_2024__hn016,wooppv2_2024,hard_negative_mined,arbitrum,0,ratio_75,1,1,0.0006656011682935059,0.8995959162712097
wooppv2_2024,wooppv2_2024__hn017,wooppv2_2024,hard_negative_mined,arbitrum,0,ratio_75,1,1,0.0006656011682935059,0.8995959162712097
wooppv2_2024,wooppv2_2024__hn018,wooppv2_2024,hard_negative_mined,arbitrum,0,ratio_75,1,1,0.0006656011682935059,0.8995959162712097
wooppv2_2024,wooppv2_2024__hn019,wooppv2_2024,hard_negative_mined,arbitrum,0,ratio_75,1,1,0.0006656011682935059,0.8995959162712097
wooppv2_2024,wooppv2_2024__hn020,wooppv2_2024,hard_negative_mined,arbitrum,0,ratio_75,1,1,0.0006656011682935059,0.8995959162712097
wooppv2_2024,wooppv2_2024__hn021,wooppv2_2024,hard_negative_mined,arbitrum,0,ratio_75,1,1,0.0006656011682935059,0.8995959162712097
wooppv2_2024,wooppv2_2024__hn022,wooppv2_2024,hard_negative_mined,arbitrum,0,ratio_75,1,1,0.0006656011682935059,0.8995959162712097
wooppv2_2024,wooppv2_2024__hn023,wooppv2_2024,hard_negative_mined,arbitrum,0,ratio_75,1,1,0.0006656011682935059,0.8995959162712097
wooppv2_2024,wooppv2_2024__hn024,wooppv2_2024,hard_negative_mined,arbitrum,0,ratio_75,1,1,0.0006656011682935059,0.8995959162712097
utopiasphere_2024,utopiasphere_2024__hn000,utopiasphere_2024,hard_negative_mined,bsc,0,ratio_75,3,3,0.0011142949806526303,0.9833105802536011
utopiasphere_2024,utopiasphere_2024__hn001,utopiasphere_2024,hard_negative_mined,bsc,0,ratio_75,172,229,0.0009877068223431706,0.9833105802536011
utopiasphere_2024,utopiasphere_2024__hn002,utopiasphere_2024,hard_negative_mined,bsc,0,ratio_75,1,1,0.0005723563954234123,0.9833105802536011
utopiasphere_2024,utopiasphere_2024__hn003,utopiasphere_2024,hard_negative_mined,bsc,0,ratio_75,1,1,0.0005723563954234123,0.9833105802536011
utopiasphere_2024,utopiasphere_2024__hn004,utopiasphere_2024,hard_negative_mined,bsc,0,ratio_75,5,6,0.00031919265165925026,0.9833105802536011
utopiasphere_2024,utopiasphere_2024__hn005,utopiasphere_2024,hard_negative_mined,bsc,0,ratio_75,1,1,0.0005723563954234123,0.9833105802536011
utopiasphere_2024,utopiasphere_2024__hn006,utopiasphere_2024,hard_negative_mined,bsc,0,ratio_75,1,1,0.0005723563954234123,0.9833105802536011
utopiasphere_2024,utopiasphere_2024__hn007,utopiasphere_2024,hard_negative_mined,bsc,0,ratio_75,1,1,0.0005723563954234123,0.9833105802536011
utopiasphere_2024,utopiasphere_2024__hn008,utopiasphere_2024,hard_negative_mined,bsc,0,ratio_75,3,3,0.0007933011511340737,0.9833105802536011
utopiasphere_2024,utopiasphere_2024__hn009,utopiasphere_2024,hard_negative_mined,bsc,0,ratio_75,3,3,0.0005604521720670164,0.9833105802536011
utopiasphere_2024,utopiasphere_2024__hn010,utopiasphere_2024,hard_negative_mined,bsc,0,ratio_75,1,1,0.0005723563954234123,0.9833105802536011
utopiasphere_2024,utopiasphere_2024__hn011,utopiasphere_2024,hard_negative_mined,bsc,0,ratio_75,1,1,0.0005723563954234123,0.9833105802536011
utopiasphere_2024,utopiasphere_2024__hn012,utopiasphere_2024,hard_negative_mined,bsc,0,ratio_75,1,1,0.0005723563954234123,0.9833105802536011
utopiasphere_2024,utopiasphere_2024__hn014,utopiasphere_2024,hard_negative_mined,bsc,0,ratio_75,1,1,0.0005723563954234123,0.9833105802536011
utopiasphere_2024,utopiasphere_2024__hn015,utopiasphere_2024,hard_negative_mined,bsc,0,ratio_75,1,1,0.0005723563954234123,0.9833105802536011
utopiasphere_2024,utopiasphere_2024__hn016,utopiasphere_2024,hard_negative_mined,bsc,0,ratio_75,1,1,0.0005723563954234123,0.9833105802536011
utopiasphere_2024,utopiasphere_2024__hn017,utopiasphere_2024,hard_negative_mined,bsc,0,ratio_75,5,6,0.00029469403671100736,0.9833105802536011
utopiasphere_2024,utopiasphere_2024__hn018,utopiasphere_2024,hard_negative_mined,bsc,0,ratio_75,2,2,0.0003525486681610346,0.9833105802536011
utopiasphere_2024,utopiasphere_2024__hn019,utopiasphere_2024,hard_negative_mined,bsc,0,ratio_75,1,1,0.0005723563954234123,0.9833105802536011
utopiasphere_2024,utopiasphere_2024__hn020,utopiasphere_2024,hard_negative_mined,bsc,0,ratio_75,3,3,0.0005604521720670164,0.9833105802536011
utopiasphere_2024,utopiasphere_2024__hn021,utopiasphere_2024,hard_negative_mined,bsc,0,ratio_75,1,1,0.0005723563954234123,0.9833105802536011
utopiasphere_2024,utopiasphere_2024__hn022,utopiasphere_2024,hard_negative_mined,bsc,0,ratio_75,2,2,0.00024731422308832407,0.9833105802536011
utopiasphere_2024,utopiasphere_2024__hn024,utopiasphere_2024,hard_negative_mined,bsc,0,ratio_75,2,2,0.0005723563954234123,0.9833105802536011
xkingdom_2024,xkingdom_2024__hn000,xkingdom_2024,hard_negative_mined,arbitrum,0,ratio_75,2,2,0.00021719126380048692,0.971687912940979
xkingdom_2024,xkingdom_2024__hn001,xkingdom_2024,hard_negative_mined,arbitrum,0,ratio_75,2,2,0.00021719126380048692,0.971687912940979
xkingdom_2024,xkingdom_2024__hn002,xkingdom_2024,hard_negative_mined,arbitrum,0,ratio_75,3,3,0.0002558258711360395,0.971687912940979
xkingdom_2024,xkingdom_2024__hn003,xkingdom_2024,hard_negative_mined,arbitrum,0,ratio_75,1,1,0.0004477183392737061,0.971687912940979
xkingdom_2024,xkingdom_2024__hn004,xkingdom_2024,hard_negative_mined,arbitrum,0,ratio_75,1,1,0.0004477183392737061,0.971687912940979
xkingdom_2024,xkingdom_2024__hn005,xkingdom_2024,hard_negative_mined,arbitrum,0,ratio_75,3,3,0.0002558258711360395,0.971687912940979
xkingdom_2024,xkingdom_2024__hn006,xkingdom_2024,hard_negative_mined,arbitrum,0,ratio_75,1,1,0.0004477183392737061,0.971687912940979
xkingdom_2024,xkingdom_2024__hn007,xkingdom_2024,hard_negative_mined,arbitrum,0,ratio_75,1,1,0.0004477183392737061,0.971687912940979
xkingdom_2024,xkingdom_2024__hn008,xkingdom_2024,hard_negative_mined,arbitrum,0,ratio_75,1,1,0.0004477183392737061,0.971687912940979
xkingdom_2024,xkingdom_2024__hn009,xkingdom_2024,hard_negative_mined,arbitrum,0,ratio_75,2,2,0.00021719126380048692,0.971687912940979
xkingdom_2024,xkingdom_2024__hn010,xkingdom_2024,hard_negative_mined,arbitrum,0,ratio_75,3,3,0.0002558258711360395,0.971687912940979
xkingdom_2024,xkingdom_2024__hn011,xkingdom_2024,hard_negative_mined,arbitrum,0,ratio_75,1,1,0.0004477183392737061,0.971687912940979
xkingdom_2024,xkingdom_2024__hn012,xkingdom_2024,hard_negative_mined,arbitrum,0,ratio_75,2,2,0.00021719126380048692,0.971687912940979
xkingdom_2024,xkingdom_2024__hn013,xkingdom_2024,hard_negative_mined,arbitrum,0,ratio_75,3,3,0.0002558258711360395,0.971687912940979
xkingdom_2024,xkingdom_2024__hn014,xkingdom_2024,hard_negative_mined,arbitrum,0,ratio_75,1,1,0.0004477183392737061,0.971687912940979
xkingdom_2024,xkingdom_2024__hn015,xkingdom_2024,hard_negative_mined,arbitrum,0,ratio_75,1,1,0.0004477183392737061,0.971687912940979
xkingdom_2024,xkingdom_2024__hn016,xkingdom_2024,hard_negative_mined,arbitrum,0,ratio_75,1,1,0.0004477183392737061,0.971687912940979
xkingdom_2024,xkingdom_2024__hn017,xkingdom_2024,hard_negative_mined,arbitrum,0,ratio_75,3,3,0.0002558258711360395,0.971687912940979
xkingdom_2024,xkingdom_2024__hn018,xkingdom_2024,hard_negative_mined,arbitrum,0,ratio_75,1,1,0.0004477183392737061,0.971687912940979
xkingdom_2024,xkingdom_2024__hn019,xkingdom_2024,hard_negative_mined,arbitrum,0,ratio_75,1,1,0.0004477183392737061,0.971687912940979
xkingdom_2024,xkingdom_2024__hn020,xkingdom_2024,hard_negative_mined,arbitrum,0,ratio_75,3,3,0.00038218332338146865,0.971687912940979
xkingdom_2024,xkingdom_2024__hn021,xkingdom_2024,hard_negative_mined,arbitrum,0,ratio_75,3,3,0.00038218332338146865,0.971687912940979
wault_finance_2021,wault_finance_2021__hn000,wault_finance_2021,hard_negative_mined,bsc,0,ratio_75,337,449,0.002966561121866107,0.8841174244880676
wault_finance_2021,wault_finance_2021__hn001,wault_finance_2021,hard_negative_mined,bsc,0,ratio_75,265,353,0.023353008553385735,0.8841174244880676
wault_finance_2021,wault_finance_2021__hn002,wault_finance_2021,hard_negative_mined,bsc,0,ratio_75,1,1,0.001595960813574493,0.8841174244880676
wault_finance_2021,wault_finance_2021__hn003,wault_finance_2021,hard_negative_mined,bsc,0,ratio_75,638,850,0.0052651334553956985,0.8841174244880676
wault_finance_2021,wault_finance_2021__hn004,wault_finance_2021,hard_negative_mined,bsc,0,ratio_75,330,439,0.004801417700946331,0.8841174244880676
wault_finance_2021,wault_finance_2021__hn005,wault_finance_2021,hard_negative_mined,bsc,0,ratio_75,1,1,0.0006112770643085241,0.8841174244880676
wault_finance_2021,wault_finance_2021__hn006,wault_finance_2021,hard_negative_mined,bsc,0,ratio_75,750,1000,0.00961091835051775,0.8841174244880676
wault_finance_2021,wault_finance_2021__hn007,wault_finance_2021,hard_negative_mined,bsc,0,ratio_75,7,9,0.030006632208824158,0.8841174244880676
wault_finance_2021,wault_finance_2021__hn008,wault_finance_2021,hard_negative_mined,bsc,0,ratio_75,3,3,0.00045235856669023633,0.8841174244880676
wault_finance_2021,wault_finance_2021__hn009,wault_finance_2021,hard_negative_mined,bsc,0,ratio_75,5,6,0.0015104186022654176,0.8841174244880676
wault_finance_2021,wault_finance_2021__hn010,wault_finance_2021,hard_negative_mined,bsc,0,ratio_75,6,7,0.0006112770643085241,0.8841174244880676
wault_finance_2021,wault_finance_2021__hn011,wault_finance_2021,hard_negative_mined,bsc,0,ratio_75,35,46,0.005102904047816992,0.8841174244880676
wault_finance_2021,wault_finance_2021__hn012,wault_finance_2021,hard_negative_mined,bsc,0,ratio_75,10,13,0.0021786782890558243,0.8841174244880676
wault_finance_2021,wault_finance_2021__hn013,wault_finance_2021,hard_negative_mined,bsc,0,ratio_75,1,1,0.0006112770643085241,0.8841174244880676
wault_finance_2021,wault_finance_2021__hn014,wault_finance_2021,hard_negative_mined,bsc,0,ratio_75,6,7,0.0017186356708407402,0.8841174244880676
wault_finance_2021,wault_finance_2021__hn015,wault_finance_2021,hard_negative_mined,bsc,0,ratio_75,2,2,0.0002797073102556169,0.8841174244880676
wault_finance_2021,wault_finance_2021__hn016,wault_finance_2021,hard_negative_mined,bsc,0,ratio_75,748,997,0.004961204715073109,0.8841174244880676
wault_finance_2021,wault_finance_2021__hn017,wault_finance_2021,hard_negative_mined,bsc,0,ratio_75,3,3,0.003019581316038966,0.8841174244880676
wault_finance_2021,wault_finance_2021__hn018,wault_finance_2021,hard_negative_mined,bsc,0,ratio_75,6,7,0.000607897702138871,0.8841174244880676
wault_finance_2021,wault_finance_2021__hn019,wault_finance_2021,hard_negative_mined,bsc,0,ratio_75,5,6,0.0011648013023659587,0.8841174244880676
wault_finance_2021,wault_finance_2021__hn020,wault_finance_2021,hard_negative_mined,bsc,0,ratio_75,1,1,0.0006112770643085241,0.8841174244880676
wault_finance_2021,wault_finance_2021__hn021,wault_finance_2021,hard_negative_mined,bsc,0,ratio_75,3,3,0.00036279717460274696,0.8841174244880676
paraluni_2022,paraluni_2022__hn000,paraluni_2022,hard_negative_mined,bsc,0,ratio_75,3,4,0.0024692723527550697,0.9733836054801941
paraluni_2022,paraluni_2022__hn001,paraluni_2022,hard_negative_mined,bsc,0,ratio_75,750,1000,0.006694144103676081,0.9733836054801941
paraluni_2022,paraluni_2022__hn002,paraluni_2022,hard_negative_mined,bsc,0,ratio_75,420,560,0.0808335691690445,0.9733836054801941
paraluni_2022,paraluni_2022__hn003,paraluni_2022,hard_negative_mined,bsc,0,ratio_75,1,1,0.0013894452713429928,0.9733836054801941
paraluni_2022,paraluni_2022__hn004,paraluni_2022,hard_negative_mined,bsc,0,ratio_75,3,4,0.040106866508722305,0.9733836054801941
paraluni_2022,paraluni_2022__hn005,paraluni_2022,hard_negative_mined,bsc,0,ratio_75,81,108,0.0022712356876581907,0.9733836054801941
paraluni_2022,paraluni_2022__hn006,paraluni_2022,hard_negative_mined,bsc,0,ratio_75,12,15,0.0010855672881007195,0.9733836054801941
paraluni_2022,paraluni_2022__hn007,paraluni_2022,hard_negative_mined,bsc,0,ratio_75,10,13,0.0029797859024256468,0.9733836054801941
paraluni_2022,paraluni_2022__hn008,paraluni_2022,hard_negative_mined,bsc,0,ratio_75,3,4,0.0029244159813970327,0.9733836054801941
paraluni_2022,paraluni_2022__hn009,paraluni_2022,hard_negative_mined,bsc,0,ratio_75,251,334,0.0018595708534121513,0.9733836054801941
paraluni_2022,paraluni_2022__hn010,paraluni_2022,hard_negative_mined,bsc,0,ratio_75,1,1,0.0015092546818777919,0.9733836054801941
paraluni_2022,paraluni_2022__hn011,paraluni_2022,hard_negative_mined,bsc,0,ratio_75,5,6,0.0015982540789991617,0.9733836054801941
paraluni_2022,paraluni_2022__hn012,paraluni_2022,hard_negative_mined,bsc,0,ratio_75,21,27,0.0027878708206117153,0.9733836054801941
paraluni_2022,paraluni_2022__hn013,paraluni_2022,hard_negative_mined,bsc,0,ratio_75,10,13,0.00664397282525897,0.9733836054801941
paraluni_2022,paraluni_2022__hn014,paraluni_2022,hard_negative_mined,bsc,0,ratio_75,165,219,0.025215160101652145,0.9733836054801941
paraluni_2022,paraluni_2022__hn015,paraluni_2022,hard_negative_mined,bsc,0,ratio_75,1,1,0.0017579381819814444,0.9733836054801941
paraluni_2022,paraluni_2022__hn016,paraluni_2022,hard_negative_mined,bsc,0,ratio_75,2,2,0.0007160215172916651,0.9733836054801941
paraluni_2022,paraluni_2022__hn017,paraluni_2022,hard_negative_mined,bsc,0,ratio_75,750,1000,0.0038066834677010775,0.9733836054801941
paraluni_2022,paraluni_2022__hn018,paraluni_2022,hard_negative_mined,bsc,0,ratio_75,4,5,0.0010229800827801228,0.9733836054801941
paraluni_2022,paraluni_2022__hn019,paraluni_2022,hard_negative_mined,bsc,0,ratio_75,2,2,0.0006144625949673355,0.9733836054801941
paraluni_2022,paraluni_2022__hn020,paraluni_2022,hard_negative_mined,bsc,0,ratio_75,1,1,0.0008081406122073531,0.9733836054801941
paraluni_2022,paraluni_2022__hn021,paraluni_2022,hard_negative_mined,bsc,0,ratio_75,1,1,0.0006055433768779039,0.9733836054801941
radiant_capital_arbitrum_2024,radiant_capital_arbitrum_2024__hn000,radiant_capital_arbitrum_2024,hard_negative_mined,arbitrum,0,ratio_75,6,8,0.000839347077999264,0.9726622700691223
radiant_capital_arbitrum_2024,radiant_capital_arbitrum_2024__hn001,radiant_capital_arbitrum_2024,hard_negative_mined,arbitrum,0,ratio_75,4,5,0.000993328751064837,0.9726622700691223
radiant_capital_arbitrum_2024,radiant_capital_arbitrum_2024__hn002,radiant_capital_arbitrum_2024,hard_negative_mined,arbitrum,0,ratio_75,1,1,0.0005347983678802848,0.9726622700691223
radiant_capital_arbitrum_2024,radiant_capital_arbitrum_2024__hn003,radiant_capital_arbitrum_2024,hard_negative_mined,arbitrum,0,ratio_75,18,24,0.0026472655590623617,0.9726622700691223
radiant_capital_arbitrum_2024,radiant_capital_arbitrum_2024__hn004,radiant_capital_arbitrum_2024,hard_negative_mined,arbitrum,0,ratio_75,107,142,0.0013829574454575777,0.9726622700691223
radiant_capital_arbitrum_2024,radiant_capital_arbitrum_2024__hn005,radiant_capital_arbitrum_2024,hard_negative_mined,arbitrum,0,ratio_75,1,1,0.0005347983678802848,0.9726622700691223
radiant_capital_arbitrum_2024,radiant_capital_arbitrum_2024__hn006,radiant_capital_arbitrum_2024,hard_negative_mined,arbitrum,0,ratio_75,17,22,0.001183313550427556,0.9726622700691223
radiant_capital_arbitrum_2024,radiant_capital_arbitrum_2024__hn007,radiant_capital_arbitrum_2024,hard_negative_mined,arbitrum,0,ratio_75,3,3,0.0002611290547065437,0.9726622700691223
radiant_capital_arbitrum_2024,radiant_capital_arbitrum_2024__hn008,radiant_capital_arbitrum_2024,hard_negative_mined,arbitrum,0,ratio_75,1,1,0.0005347983678802848,0.9726622700691223
radiant_capital_arbitrum_2024,radiant_capital_arbitrum_2024__hn009,radiant_capital_arbitrum_2024,hard_negative_mined,arbitrum,0,ratio_75,2,2,0.0005347983678802848,0.9726622700691223
radiant_capital_arbitrum_2024,radiant_capital_arbitrum_2024__hn010,radiant_capital_arbitrum_2024,hard_negative_mined,arbitrum,0,ratio_75,4,5,0.0002611290547065437,0.9726622700691223
radiant_capital_arbitrum_2024,radiant_capital_arbitrum_2024__hn011,radiant_capital_arbitrum_2024,hard_negative_mined,arbitrum,0,ratio_75,3,4,0.0022727511823177338,0.9726622700691223
radiant_capital_arbitrum_2024,radiant_capital_arbitrum_2024__hn012,radiant_capital_arbitrum_2024,hard_negative_mined,arbitrum,0,ratio_75,85,113,0.0012308957520872355,0.9726622700691223
radiant_capital_arbitrum_2024,radiant_capital_arbitrum_2024__hn013,radiant_capital_arbitrum_2024,hard_negative_mined,arbitrum,0,ratio_75,3,4,0.0009425418684259057,0.9726622700691223
radiant_capital_arbitrum_2024,radiant_capital_arbitrum_2024__hn014,radiant_capital_arbitrum_2024,hard_negative_mined,arbitrum,0,ratio_75,3,3,0.00021622466738335788,0.9726622700691223
radiant_capital_arbitrum_2024,radiant_capital_arbitrum_2024__hn015,radiant_capital_arbitrum_2024,hard_negative_mined,arbitrum,0,ratio_75,3,3,0.0005347983678802848,0.9726622700691223
radiant_capital_arbitrum_2024,radiant_capital_arbitrum_2024__hn016,radiant_capital_arbitrum_2024,hard_negative_mined,arbitrum,0,ratio_75,1,1,0.0005347983678802848,0.9726622700691223
radiant_capital_arbitrum_2024,radiant_capital_arbitrum_2024__hn017,radiant_capital_arbitrum_2024,hard_negative_mined,arbitrum,0,ratio_75,1,1,0.0005347983678802848,0.9726622700691223
radiant_capital_arbitrum_2024,radiant_capital_arbitrum_2024__hn018,radiant_capital_arbitrum_2024,hard_negative_mined,arbitrum,0,ratio_75,23,30,0.0018551764078438282,0.9726622700691223
radiant_capital_arbitrum_2024,radiant_capital_arbitrum_2024__hn019,radiant_capital_arbitrum_2024,hard_negative_mined,arbitrum,0,ratio_75,3,4,0.000542346213478595,0.9726622700691223
radiant_capital_arbitrum_2024,radiant_capital_arbitrum_2024__hn020,radiant_capital_arbitrum_2024,hard_negative_mined,arbitrum,0,ratio_75,1,1,0.0005347983678802848,0.9726622700691223
radiant_capital_arbitrum_2024,radiant_capital_arbitrum_2024__hn021,radiant_capital_arbitrum_2024,hard_negative_mined,arbitrum,0,ratio_75,1,1,0.0005347983678802848,0.9726622700691223
radiant_capital_arbitrum_2024,radiant_capital_arbitrum_2024__hn022,radiant_capital_arbitrum_2024,hard_negative_mined,arbitrum,0,ratio_75,3,4,0.0008015575585886836,0.9726622700691223
radiant_capital_arbitrum_2024,radiant_capital_arbitrum_2024__hn023,radiant_capital_arbitrum_2024,hard_negative_mined,arbitrum,0,ratio_75,2,2,0.0005347983678802848,0.9726622700691223
radiant_capital_arbitrum_2024,radiant_capital_arbitrum_2024__hn024,radiant_capital_arbitrum_2024,hard_negative_mined,arbitrum,0,ratio_75,18,24,0.0015932293608784676,0.9726622700691223
magic_abracadabra_arbitrum_2025,magic_abracadabra_arbitrum_2025__hn000,magic_abracadabra_arbitrum_2025,hard_negative_mined,arbitrum,0,ratio_75,372,496,0.0028416772838681936,0.9895501732826233
magic_abracadabra_arbitrum_2025,magic_abracadabra_arbitrum_2025__hn001,magic_abracadabra_arbitrum_2025,hard_negative_mined,arbitrum,0,ratio_75,8,10,0.21261125802993774,0.9895501732826233
magic_abracadabra_arbitrum_2025,magic_abracadabra_arbitrum_2025__hn002,magic_abracadabra_arbitrum_2025,hard_negative_mined,arbitrum,0,ratio_75,2,2,0.0004226613382343203,0.9895501732826233
magic_abracadabra_arbitrum_2025,magic_abracadabra_arbitrum_2025__hn003,magic_abracadabra_arbitrum_2025,hard_negative_mined,arbitrum,0,ratio_75,3,3,0.0005184863111935556,0.9895501732826233
magic_abracadabra_arbitrum_2025,magic_abracadabra_arbitrum_2025__hn004,magic_abracadabra_arbitrum_2025,hard_negative_mined,arbitrum,0,ratio_75,1,1,0.0012693287571892142,0.9895501732826233
magic_abracadabra_arbitrum_2025,magic_abracadabra_arbitrum_2025__hn005,magic_abracadabra_arbitrum_2025,hard_negative_mined,arbitrum,0,ratio_75,4,5,0.0002780357317533344,0.9895501732826233
magic_abracadabra_arbitrum_2025,magic_abracadabra_arbitrum_2025__hn006,magic_abracadabra_arbitrum_2025,hard_negative_mined,arbitrum,0,ratio_75,2,2,0.0003014595713466406,0.9895501732826233
magic_abracadabra_arbitrum_2025,magic_abracadabra_arbitrum_2025__hn007,magic_abracadabra_arbitrum_2025,hard_negative_mined,arbitrum,0,ratio_75,3,3,0.00020872779714409262,0.9895501732826233
magic_abracadabra_arbitrum_2025,magic_abracadabra_arbitrum_2025__hn008,magic_abracadabra_arbitrum_2025,hard_negative_mined,arbitrum,0,ratio_75,15,20,0.0020953472703695297,0.9895501732826233
magic_abracadabra_arbitrum_2025,magic_abracadabra_arbitrum_2025__hn009,magic_abracadabra_arbitrum_2025,hard_negative_mined,arbitrum,0,ratio_75,3,4,0.0010190274333581328,0.9895501732826233
magic_abracadabra_arbitrum_2025,magic_abracadabra_arbitrum_2025__hn010,magic_abracadabra_arbitrum_2025,hard_negative_mined,arbitrum,0,ratio_75,4,5,0.0016785109182819724,0.9895501732826233
magic_abracadabra_arbitrum_2025,magic_abracadabra_arbitrum_2025__hn011,magic_abracadabra_arbitrum_2025,hard_negative_mined,arbitrum,0,ratio_75,11,14,0.00022801634622737765,0.9895501732826233
magic_abracadabra_arbitrum_2025,magic_abracadabra_arbitrum_2025__hn012,magic_abracadabra_arbitrum_2025,hard_negative_mined,arbitrum,0,ratio_75,6,7,0.000721955846529454,0.9895501732826233
magic_abracadabra_arbitrum_2025,magic_abracadabra_arbitrum_2025__hn013,magic_abracadabra_arbitrum_2025,hard_negative_mined,arbitrum,0,ratio_75,3,3,0.00027369949384592474,0.9895501732826233
magic_abracadabra_arbitrum_2025,magic_abracadabra_arbitrum_2025__hn014,magic_abracadabra_arbitrum_2025,hard_negative_mined,arbitrum,0,ratio_75,7,9,0.0004350137314759195,0.9895501732826233
magic_abracadabra_arbitrum_2025,magic_abracadabra_arbitrum_2025__hn015,magic_abracadabra_arbitrum_2025,hard_negative_mined,arbitrum,0,ratio_75,2,2,0.00040357347461394966,0.9895501732826233
magic_abracadabra_arbitrum_2025,magic_abracadabra_arbitrum_2025__hn016,magic_abracadabra_arbitrum_2025,hard_negative_mined,arbitrum,0,ratio_75,10,13,0.013349500484764576,0.9895501732826233
magic_abracadabra_arbitrum_2025,magic_abracadabra_arbitrum_2025__hn017,magic_abracadabra_arbitrum_2025,hard_negative_mined,arbitrum,0,ratio_75,4,5,0.001869544736109674,0.9895501732826233
magic_abracadabra_arbitrum_2025,magic_abracadabra_arbitrum_2025__hn018,magic_abracadabra_arbitrum_2025,hard_negative_mined,arbitrum,0,ratio_75,3,3,0.00047866947716102004,0.9895501732826233
magic_abracadabra_arbitrum_2025,magic_abracadabra_arbitrum_2025__hn019,magic_abracadabra_arbitrum_2025,hard_negative_mined,arbitrum,0,ratio_75,2,2,0.0005541864084079862,0.9895501732826233
magic_abracadabra_arbitrum_2025,magic_abracadabra_arbitrum_2025__hn020,magic_abracadabra_arbitrum_2025,hard_negative_mined,arbitrum,0,ratio_75,3,3,0.00047866947716102004,0.9895501732826233
magic_abracadabra_arbitrum_2025,magic_abracadabra_arbitrum_2025__hn021,magic_abracadabra_arbitrum_2025,hard_negative_mined,arbitrum,0,ratio_75,4,5,0.0005541298887692392,0.9895501732826233
magic_abracadabra_arbitrum_2025,magic_abracadabra_arbitrum_2025__hn022,magic_abracadabra_arbitrum_2025,hard_negative_mined,arbitrum,0,ratio_75,5,6,0.0004050079733133316,0.9895501732826233
magic_abracadabra_arbitrum_2025,magic_abracadabra_arbitrum_2025__hn023,magic_abracadabra_arbitrum_2025,hard_negative_mined,arbitrum,0,ratio_75,3,3,0.00020872779714409262,0.9895501732826233
hackerdao_2022,hackerdao_2022__hn000,hackerdao_2022,hard_negative_mined,bsc,0,ratio_75,2,2,0.0013865081127732992,0.047356318682432175
hackerdao_2022,hackerdao_2022__hn001,hackerdao_2022,hard_negative_mined,bsc,0,ratio_75,9,12,0.00487992400303483,0.047356318682432175
hackerdao_2022,hackerdao_2022__hn002,hackerdao_2022,hard_negative_mined,bsc,0,ratio_75,3,3,0.00020274439884815365,0.047356318682432175
hackerdao_2022,hackerdao_2022__hn003,hackerdao_2022,hard_negative_mined,bsc,0,ratio_75,2,2,0.002397215459495783,0.047356318682432175
hackerdao_2022,hackerdao_2022__hn004,hackerdao_2022,hard_negative_mined,bsc,0,ratio_75,77,102,0.06248475983738899,0.047356318682432175
hackerdao_2022,hackerdao_2022__hn005,hackerdao_2022,hard_negative_mined,bsc,0,ratio_75,3,3,0.0002927422465290874,0.047356318682432175
hackerdao_2022,hackerdao_2022__hn006,hackerdao_2022,hard_negative_mined,bsc,0,ratio_75,1,1,0.0006058533326722682,0.047356318682432175
hackerdao_2022,hackerdao_2022__hn007,hackerdao_2022,hard_negative_mined,bsc,0,ratio_75,2,2,0.0010131457820534706,0.047356318682432175
hackerdao_2022,hackerdao_2022__hn008,hackerdao_2022,hard_negative_mined,bsc,0,ratio_75,2,2,0.0002900720573961735,0.047356318682432175
hackerdao_2022,hackerdao_2022__hn009,hackerdao_2022,hard_negative_mined,bsc,0,ratio_75,621,828,0.004760365933179855,0.047356318682432175
hackerdao_2022,hackerdao_2022__hn010,hackerdao_2022,hard_negative_mined,bsc,0,ratio_75,397,529,0.0011511851334944367,0.047356318682432175
hackerdao_2022,hackerdao_2022__hn011,hackerdao_2022,hard_negative_mined,bsc,0,ratio_75,2,2,0.0007187907467596233,0.047356318682432175
hackerdao_2022,hackerdao_2022__hn012,hackerdao_2022,hard_negative_mined,bsc,0,ratio_75,387,516,0.0011511851334944367,0.047356318682432175
hackerdao_2022,hackerdao_2022__hn013,hackerdao_2022,hard_negative_mined,bsc,0,ratio_75,156,208,0.43141821026802063,0.047356318682432175
hackerdao_2022,hackerdao_2022__hn014,hackerdao_2022,hard_negative_mined,bsc,0,ratio_75,2,2,0.0005359764327295125,0.047356318682432175
hackerdao_2022,hackerdao_2022__hn015,hackerdao_2022,hard_negative_mined,bsc,0,ratio_75,3,4,0.0015583245549350977,0.047356318682432175
hackerdao_2022,hackerdao_2022__hn016,hackerdao_2022,hard_negative_mined,bsc,0,ratio_75,33,43,0.5695703625679016,0.047356318682432175
hackerdao_2022,hackerdao_2022__hn017,hackerdao_2022,hard_negative_mined,bsc,0,ratio_75,3,3,0.0009028444765135646,0.047356318682432175
hackerdao_2022,hackerdao_2022__hn018,hackerdao_2022,hard_negative_mined,bsc,0,ratio_75,418,557,0.001057357992976904,0.047356318682432175
hackerdao_2022,hackerdao_2022__hn019,hackerdao_2022,hard_negative_mined,bsc,0,ratio_75,2,2,0.0009829739574342966,0.047356318682432175
hackerdao_2022,hackerdao_2022__hn020,hackerdao_2022,hard_negative_mined,bsc,0,ratio_75,11,14,0.0029012851882725954,0.047356318682432175
hackerdao_2022,hackerdao_2022__hn021,hackerdao_2022,hard_negative_mined,bsc,0,ratio_75,3,3,0.00020196936384309083,0.047356318682432175
hackerdao_2022,hackerdao_2022__hn022,hackerdao_2022,hard_negative_mined,bsc,0,ratio_75,750,1000,0.004566406365483999,0.047356318682432175
hackerdao_2022,hackerdao_2022__hn023,hackerdao_2022,hard_negative_mined,bsc,0,ratio_75,4,5,0.001638073823414743,0.047356318682432175
hackerdao_2022,hackerdao_2022__hn024,hackerdao_2022,hard_negative_mined,bsc,0,ratio_75,2,2,0.0006425679312087595,0.047356318682432175
new_free_dao_2022,new_free_dao_2022__hn000,new_free_dao_2022,hard_negative_mined,bsc,0,ratio_75,261,348,0.00034756542299874127,0.22457736730575562
new_free_dao_2022,new_free_dao_2022__hn001,new_free_dao_2022,hard_negative_mined,bsc,0,ratio_75,3,3,0.0002820370136760175,0.22457736730575562
new_free_dao_2022,new_free_dao_2022__hn002,new_free_dao_2022,hard_negative_mined,bsc,0,ratio_75,357,476,0.002672287868335843,0.22457736730575562
new_free_dao_2022,new_free_dao_2022__hn003,new_free_dao_2022,hard_negative_mined,bsc,0,ratio_75,1,1,0.0011194235412403941,0.22457736730575562
new_free_dao_2022,new_free_dao_2022__hn004,new_free_dao_2022,hard_negative_mined,bsc,0,ratio_75,6,8,0.0011057188967242837,0.22457736730575562
new_free_dao_2022,new_free_dao_2022__hn005,new_free_dao_2022,hard_negative_mined,bsc,0,ratio_75,2,2,0.0003371507627889514,0.22457736730575562
new_free_dao_2022,new_free_dao_2022__hn006,new_free_dao_2022,hard_negative_mined,bsc,0,ratio_75,1,1,0.0011194235412403941,0.22457736730575562
new_free_dao_2022,new_free_dao_2022__hn007,new_free_dao_2022,hard_negative_mined,bsc,0,ratio_75,2,2,0.0010659898398444057,0.22457736730575562
new_free_dao_2022,new_free_dao_2022__hn009,new_free_dao_2022,hard_negative_mined,bsc,0,ratio_75,5,6,0.0003494510892778635,0.22457736730575562
new_free_dao_2022,new_free_dao_2022__hn010,new_free_dao_2022,hard_negative_mined,bsc,0,ratio_75,1,1,0.0005426851566880941,0.22457736730575562
new_free_dao_2022,new_free_dao_2022__hn011,new_free_dao_2022,hard_negative_mined,bsc,0,ratio_75,70,93,0.13228751718997955,0.22457736730575562
new_free_dao_2022,new_free_dao_2022__hn012,new_free_dao_2022,hard_negative_mined,bsc,0,ratio_75,254,338,0.0021374474745243788,0.22457736730575562
new_free_dao_2022,new_free_dao_2022__hn013,new_free_dao_2022,hard_negative_mined,bsc,0,ratio_75,1,1,0.0005426851566880941,0.22457736730575562
new_free_dao_2022,new_free_dao_2022__hn014,new_free_dao_2022,hard_negative_mined,bsc,0,ratio_75,1,1,0.0005426851566880941,0.22457736730575562
new_free_dao_2022,new_free_dao_2022__hn015,new_free_dao_2022,hard_negative_mined,bsc,0,ratio_75,3,3,0.0003494510892778635,0.22457736730575562
new_free_dao_2022,new_free_dao_2022__hn016,new_free_dao_2022,hard_negative_mined,bsc,0,ratio_75,3,3,0.0036246376112103462,0.22457736730575562
new_free_dao_2022,new_free_dao_2022__hn017,new_free_dao_2022,hard_negative_mined,bsc,0,ratio_75,2,2,0.0007334292167797685,0.22457736730575562
new_free_dao_2022,new_free_dao_2022__hn018,new_free_dao_2022,hard_negative_mined,bsc,0,ratio_75,3,3,0.00020368589321151376,0.22457736730575562
new_free_dao_2022,new_free_dao_2022__hn019,new_free_dao_2022,hard_negative_mined,bsc,0,ratio_75,3,3,0.00020368589321151376,0.22457736730575562
new_free_dao_2022,new_free_dao_2022__hn020,new_free_dao_2022,hard_negative_mined,bsc,0,ratio_75,3,4,0.011559249833226204,0.22457736730575562
new_free_dao_2022,new_free_dao_2022__hn021,new_free_dao_2022,hard_negative_mined,bsc,0,ratio_75,3,4,0.0005291971610859036,0.22457736730575562
new_free_dao_2022,new_free_dao_2022__hn023,new_free_dao_2022,hard_negative_mined,bsc,0,ratio_75,1,1,0.0007334292167797685,0.22457736730575562
new_free_dao_2022,new_free_dao_2022__hn024,new_free_dao_2022,hard_negative_mined,bsc,0,ratio_75,156,207,0.0021292970050126314,0.22457736730575562
chibi_finance_2023,chibi_finance_2023__hnc000,chibi_finance_2023,hard_negative_mined_v2_complexity,arbitrum,0,ratio_75,3,3,0.00022071239072829485,0.9671148061752319
chibi_finance_2023,chibi_finance_2023__hnc001,chibi_finance_2023,hard_negative_mined_v2_complexity,arbitrum,0,ratio_75,2,2,0.00024414691142737865,0.9671148061752319
chibi_finance_2023,chibi_finance_2023__hnc002,chibi_finance_2023,hard_negative_mined_v2_complexity,arbitrum,0,ratio_75,2,2,0.00023138751566875726,0.9671148061752319
chibi_finance_2023,chibi_finance_2023__hnc003,chibi_finance_2023,hard_negative_mined_v2_complexity,arbitrum,0,ratio_75,1,1,0.0005461671389639378,0.9671148061752319
chibi_finance_2023,chibi_finance_2023__hnc004,chibi_finance_2023,hard_negative_mined_v2_complexity,arbitrum,0,ratio_75,3,3,0.00036045684828422964,0.9671148061752319
chibi_finance_2023,chibi_finance_2023__hnc005,chibi_finance_2023,hard_negative_mined_v2_complexity,arbitrum,0,ratio_75,2,2,0.00022071239072829485,0.9671148061752319
chibi_finance_2023,chibi_finance_2023__hnc006,chibi_finance_2023,hard_negative_mined_v2_complexity,arbitrum,0,ratio_75,1,1,0.0005461671389639378,0.9671148061752319
chibi_finance_2023,chibi_finance_2023__hnc007,chibi_finance_2023,hard_negative_mined_v2_complexity,arbitrum,0,ratio_75,2,2,0.0004388553788885474,0.9671148061752319
chibi_finance_2023,chibi_finance_2023__hnc008,chibi_finance_2023,hard_negative_mined_v2_complexity,arbitrum,0,ratio_75,2,2,0.00023138751566875726,0.9671148061752319
chibi_finance_2023,chibi_finance_2023__hnc009,chibi_finance_2023,hard_negative_mined_v2_complexity,arbitrum,0,ratio_75,1,1,0.0005461671389639378,0.9671148061752319
deltaprime_arbitrum_2024,deltaprime_arbitrum_2024__hnc000,deltaprime_arbitrum_2024,hard_negative_mined_v2_complexity,arbitrum,0,ratio_75,168,224,0.0028958485927432775,0.9425707459449768
deltaprime_arbitrum_2024,deltaprime_arbitrum_2024__hnc001,deltaprime_arbitrum_2024,hard_negative_mined_v2_complexity,arbitrum,0,ratio_75,1,1,0.0011823091190308332,0.9425707459449768
deltaprime_arbitrum_2024,deltaprime_arbitrum_2024__hnc002,deltaprime_arbitrum_2024,hard_negative_mined_v2_complexity,arbitrum,0,ratio_75,1,1,0.0011823091190308332,0.9425707459449768
deltaprime_arbitrum_2024,deltaprime_arbitrum_2024__hnc003,deltaprime_arbitrum_2024,hard_negative_mined_v2_complexity,arbitrum,0,ratio_75,1,1,0.0011823091190308332,0.9425707459449768
deltaprime_arbitrum_2024,deltaprime_arbitrum_2024__hnc004,deltaprime_arbitrum_2024,hard_negative_mined_v2_complexity,arbitrum,0,ratio_75,1,1,0.0006848807679489255,0.9425707459449768
deltaprime_arbitrum_2024,deltaprime_arbitrum_2024__hnc007,deltaprime_arbitrum_2024,hard_negative_mined_v2_complexity,arbitrum,0,ratio_75,3,3,0.0006848807679489255,0.9425707459449768
deltaprime_arbitrum_2024,deltaprime_arbitrum_2024__hnc008,deltaprime_arbitrum_2024,hard_negative_mined_v2_complexity,arbitrum,0,ratio_75,3,3,0.0006848807679489255,0.9425707459449768
deltaprime_arbitrum_2024,deltaprime_arbitrum_2024__hnc009,deltaprime_arbitrum_2024,hard_negative_mined_v2_complexity,arbitrum,0,ratio_75,1,1,0.0011496328515931964,0.9425707459449768
feg_bridge_2024,feg_bridge_2024__hnc000,feg_bridge_2024,hard_negative_mined_v2_complexity,eth,0,ratio_75,2,2,0.5849403738975525,0.10250714421272278
feg_bridge_2024,feg_bridge_2024__hnc001,feg_bridge_2024,hard_negative_mined_v2_complexity,eth,0,ratio_75,1,1,0.6063332557678223,0.10250714421272278
feg_bridge_2024,feg_bridge_2024__hnc002,feg_bridge_2024,hard_negative_mined_v2_complexity,eth,0,ratio_75,1,1,0.6063332557678223,0.10250714421272278
feg_bridge_2024,feg_bridge_2024__hnc003,feg_bridge_2024,hard_negative_mined_v2_complexity,eth,0,ratio_75,1,1,0.6063332557678223,0.10250714421272278
feg_bridge_2024,feg_bridge_2024__hnc004,feg_bridge_2024,hard_negative_mined_v2_complexity,eth,0,ratio_75,1,1,0.6063332557678223,0.10250714421272278
feg_bridge_2024,feg_bridge_2024__hnc005,feg_bridge_2024,hard_negative_mined_v2_complexity,eth,0,ratio_75,1,1,0.6063332557678223,0.10250714421272278
feg_bridge_2024,feg_bridge_2024__hnc006,feg_bridge_2024,hard_negative_mined_v2_complexity,eth,0,ratio_75,1,1,0.915151059627533,0.10250714421272278
feg_bridge_2024,feg_bridge_2024__hnc007,feg_bridge_2024,hard_negative_mined_v2_complexity,eth,0,ratio_75,1,1,0.6063332557678223,0.10250714421272278
feg_bridge_2024,feg_bridge_2024__hnc008,feg_bridge_2024,hard_negative_mined_v2_complexity,eth,0,ratio_75,2,2,0.5849403738975525,0.10250714421272278
feg_bridge_2024,feg_bridge_2024__hnc009,feg_bridge_2024,hard_negative_mined_v2_complexity,eth,0,ratio_75,1,1,0.6063332557678223,0.10250714421272278
ronin_bridge_2022,ronin_bridge_2022__hnc000,ronin_bridge_2022,hard_negative_mined_v2_complexity,eth,0,ratio_75,2,2,0.0008791013387963176,0.9762848019599915
ronin_bridge_2022,ronin_bridge_2022__hnc001,ronin_bridge_2022,hard_negative_mined_v2_complexity,eth,0,ratio_75,2,2,0.0006214852328412235,0.9762848019599915
ronin_bridge_2022,ronin_bridge_2022__hnc003,ronin_bridge_2022,hard_negative_mined_v2_complexity,eth,0,ratio_75,2,2,0.0006214852328412235,0.9762848019599915
ronin_bridge_2022,ronin_bridge_2022__hnc004,ronin_bridge_2022,hard_negative_mined_v2_complexity,eth,0,ratio_75,1,1,0.000439230352640152,0.9762848019599915
ronin_bridge_2022,ronin_bridge_2022__hnc005,ronin_bridge_2022,hard_negative_mined_v2_complexity,eth,0,ratio_75,2,2,0.0005237167933955789,0.9762848019599915
ronin_bridge_2022,ronin_bridge_2022__hnc006,ronin_bridge_2022,hard_negative_mined_v2_complexity,eth,0,ratio_75,3,3,0.0006214852328412235,0.9762848019599915
ronin_bridge_2022,ronin_bridge_2022__hnc007,ronin_bridge_2022,hard_negative_mined_v2_complexity,eth,0,ratio_75,1,1,0.0015705005498602986,0.9762848019599915
ronin_bridge_2022,ronin_bridge_2022__hnc008,ronin_bridge_2022,hard_negative_mined_v2_complexity,eth,0,ratio_75,1,1,0.0011099945986643434,0.9762848019599915
ronin_bridge_2022,ronin_bridge_2022__hnc009,ronin_bridge_2022,hard_negative_mined_v2_complexity,eth,0,ratio_75,2,2,0.00033087650081142783,0.9762848019599915
wooppv2_2024,wooppv2_2024__hnc000,wooppv2_2024,hard_negative_mined_v2_complexity,arbitrum,0,ratio_75,1,1,0.0006656011682935059,0.8995959162712097
wooppv2_2024,wooppv2_2024__hnc001,wooppv2_2024,hard_negative_mined_v2_complexity,arbitrum,0,ratio_75,1,1,0.0006656011682935059,0.8995959162712097
wooppv2_2024,wooppv2_2024__hnc002,wooppv2_2024,hard_negative_mined_v2_complexity,arbitrum,0,ratio_75,2,2,0.0004528365680016577,0.8995959162712097
wooppv2_2024,wooppv2_2024__hnc003,wooppv2_2024,hard_negative_mined_v2_complexity,arbitrum,0,ratio_75,5,6,0.0006378446705639362,0.8995959162712097
wooppv2_2024,wooppv2_2024__hnc004,wooppv2_2024,hard_negative_mined_v2_complexity,arbitrum,0,ratio_75,1,1,0.0006656011682935059,0.8995959162712097
wooppv2_2024,wooppv2_2024__hnc005,wooppv2_2024,hard_negative_mined_v2_complexity,arbitrum,0,ratio_75,1,1,0.0006656011682935059,0.8995959162712097
wooppv2_2024,wooppv2_2024__hnc006,wooppv2_2024,hard_negative_mined_v2_complexity,arbitrum,0,ratio_75,1,1,0.0006656011682935059,0.8995959162712097
wooppv2_2024,wooppv2_2024__hnc007,wooppv2_2024,hard_negative_mined_v2_complexity,arbitrum,0,ratio_75,3,3,0.0007288501365110278,0.8995959162712097
wooppv2_2024,wooppv2_2024__hnc008,wooppv2_2024,hard_negative_mined_v2_complexity,arbitrum,0,ratio_75,1,1,0.0006656011682935059,0.8995959162712097
wooppv2_2024,wooppv2_2024__hnc009,wooppv2_2024,hard_negative_mined_v2_complexity,arbitrum,0,ratio_75,1,1,0.0006656011682935059,0.8995959162712097
xkingdom_2024,xkingdom_2024__hnc000,xkingdom_2024,hard_negative_mined_v2_complexity,arbitrum,0,ratio_75,2,2,0.00021719126380048692,0.971687912940979
xkingdom_2024,xkingdom_2024__hnc001,xkingdom_2024,hard_negative_mined_v2_complexity,arbitrum,0,ratio_75,3,3,0.0002558258711360395,0.971687912940979
xkingdom_2024,xkingdom_2024__hnc002,xkingdom_2024,hard_negative_mined_v2_complexity,arbitrum,0,ratio_75,2,2,0.00021719126380048692,0.971687912940979
xkingdom_2024,xkingdom_2024__hnc003,xkingdom_2024,hard_negative_mined_v2_complexity,arbitrum,0,ratio_75,3,3,0.0002558258711360395,0.971687912940979
xkingdom_2024,xkingdom_2024__hnc004,xkingdom_2024,hard_negative_mined_v2_complexity,arbitrum,0,ratio_75,1,1,0.0004477183392737061,0.971687912940979
xkingdom_2024,xkingdom_2024__hnc005,xkingdom_2024,hard_negative_mined_v2_complexity,arbitrum,0,ratio_75,2,2,0.00021719126380048692,0.971687912940979
xkingdom_2024,xkingdom_2024__hnc006,xkingdom_2024,hard_negative_mined_v2_complexity,arbitrum,0,ratio_75,2,2,0.0002558258711360395,0.971687912940979
xkingdom_2024,xkingdom_2024__hnc007,xkingdom_2024,hard_negative_mined_v2_complexity,arbitrum,0,ratio_75,2,2,0.0002558258711360395,0.971687912940979
xkingdom_2024,xkingdom_2024__hnc008,xkingdom_2024,hard_negative_mined_v2_complexity,arbitrum,0,ratio_75,2,2,0.0002558258711360395,0.971687912940979
xkingdom_2024,xkingdom_2024__hnc009,xkingdom_2024,hard_negative_mined_v2_complexity,arbitrum,0,ratio_75,2,2,0.0002558258711360395,0.971687912940979
bsc_token_hub_2022,bsc_token_hub_2022__hnc000,bsc_token_hub_2022,hard_negative_mined_v2_complexity,bsc,0,ratio_75,3,3,0.00021254722378216684,0.9849427938461304
bsc_token_hub_2022,bsc_token_hub_2022__hnc001,bsc_token_hub_2022,hard_negative_mined_v2_complexity,bsc,0,ratio_75,3,3,0.0005621799500659108,0.9849427938461304
bsc_token_hub_2022,bsc_token_hub_2022__hnc002,bsc_token_hub_2022,hard_negative_mined_v2_complexity,bsc,0,ratio_75,3,4,0.00401000352576375,0.9849427938461304
bsc_token_hub_2022,bsc_token_hub_2022__hnc003,bsc_token_hub_2022,hard_negative_mined_v2_complexity,bsc,0,ratio_75,3,3,0.0010437553282827139,0.9849427938461304
bsc_token_hub_2022,bsc_token_hub_2022__hnc004,bsc_token_hub_2022,hard_negative_mined_v2_complexity,bsc,0,ratio_75,1,1,0.0005621799500659108,0.9849427938461304
bsc_token_hub_2022,bsc_token_hub_2022__hnc005,bsc_token_hub_2022,hard_negative_mined_v2_complexity,bsc,0,ratio_75,1,1,0.0016049356199800968,0.9849427938461304
bsc_token_hub_2022,bsc_token_hub_2022__hnc006,bsc_token_hub_2022,hard_negative_mined_v2_complexity,bsc,0,ratio_75,28,37,0.000992440152913332,0.9849427938461304
bsc_token_hub_2022,bsc_token_hub_2022__hnc007,bsc_token_hub_2022,hard_negative_mined_v2_complexity,bsc,0,ratio_75,2,2,0.0011017234064638615,0.9849427938461304
bsc_token_hub_2022,bsc_token_hub_2022__hnc008,bsc_token_hub_2022,hard_negative_mined_v2_complexity,bsc,0,ratio_75,2,2,0.0005396912456490099,0.9849427938461304
bsc_token_hub_2022,bsc_token_hub_2022__hnc009,bsc_token_hub_2022,hard_negative_mined_v2_complexity,bsc,0,ratio_75,3,4,0.003519795835018158,0.9849427938461304
utopiasphere_2024,utopiasphere_2024__hnc000,utopiasphere_2024,hard_negative_mined_v2_complexity,bsc,0,ratio_75,3,3,0.0002577858685981482,0.9833105802536011
utopiasphere_2024,utopiasphere_2024__hnc001,utopiasphere_2024,hard_negative_mined_v2_complexity,bsc,0,ratio_75,4,5,0.0006606574170291424,0.9833105802536011
utopiasphere_2024,utopiasphere_2024__hnc002,utopiasphere_2024,hard_negative_mined_v2_complexity,bsc,0,ratio_75,2,2,0.0005723563954234123,0.9833105802536011
utopiasphere_2024,utopiasphere_2024__hnc003,utopiasphere_2024,hard_negative_mined_v2_complexity,bsc,0,ratio_75,2,2,0.0005723563954234123,0.9833105802536011
utopiasphere_2024,utopiasphere_2024__hnc004,utopiasphere_2024,hard_negative_mined_v2_complexity,bsc,0,ratio_75,2,2,0.0003525486681610346,0.9833105802536011
utopiasphere_2024,utopiasphere_2024__hnc005,utopiasphere_2024,hard_negative_mined_v2_complexity,bsc,0,ratio_75,1,1,0.0005723563954234123,0.9833105802536011
utopiasphere_2024,utopiasphere_2024__hnc006,utopiasphere_2024,hard_negative_mined_v2_complexity,bsc,0,ratio_75,1,1,0.0005723563954234123,0.9833105802536011
utopiasphere_2024,utopiasphere_2024__hnc007,utopiasphere_2024,hard_negative_mined_v2_complexity,bsc,0,ratio_75,1,1,0.0005723563954234123,0.9833105802536011
utopiasphere_2024,utopiasphere_2024__hnc008,utopiasphere_2024,hard_negative_mined_v2_complexity,bsc,0,ratio_75,1,1,0.0005723563954234123,0.9833105802536011
utopiasphere_2024,utopiasphere_2024__hnc009,utopiasphere_2024,hard_negative_mined_v2_complexity,bsc,0,ratio_75,1,1,0.0005723563954234123,0.9833105802536011
qbridge_qubit_2022,qbridge_qubit_2022__hnc000,qbridge_qubit_2022,hard_negative_mined_v2_complexity,bsc,0,ratio_75,326,434,0.001010093023069203,0.9826923608779907
qbridge_qubit_2022,qbridge_qubit_2022__hnc001,qbridge_qubit_2022,hard_negative_mined_v2_complexity,bsc,0,ratio_75,486,647,0.0027405519504100084,0.9826923608779907
qbridge_qubit_2022,qbridge_qubit_2022__hnc002,qbridge_qubit_2022,hard_negative_mined_v2_complexity,bsc,0,ratio_75,57,76,0.0048700072802603245,0.9826923608779907
qbridge_qubit_2022,qbridge_qubit_2022__hnc003,qbridge_qubit_2022,hard_negative_mined_v2_complexity,bsc,0,ratio_75,364,485,0.0014341745991259813,0.9826923608779907
qbridge_qubit_2022,qbridge_qubit_2022__hnc004,qbridge_qubit_2022,hard_negative_mined_v2_complexity,bsc,0,ratio_75,1,1,0.0017215163679793477,0.9826923608779907
qbridge_qubit_2022,qbridge_qubit_2022__hnc005,qbridge_qubit_2022,hard_negative_mined_v2_complexity,bsc,0,ratio_75,6,8,0.001964135095477104,0.9826923608779907
qbridge_qubit_2022,qbridge_qubit_2022__hnc006,qbridge_qubit_2022,hard_negative_mined_v2_complexity,bsc,0,ratio_75,2,2,0.0006791713531129062,0.9826923608779907
qbridge_qubit_2022,qbridge_qubit_2022__hnc007,qbridge_qubit_2022,hard_negative_mined_v2_complexity,bsc,0,ratio_75,2,2,0.0006113889394327998,0.9826923608779907
qbridge_qubit_2022,qbridge_qubit_2022__hnc008,qbridge_qubit_2022,hard_negative_mined_v2_complexity,bsc,0,ratio_75,133,177,0.0016238727839663625,0.9826923608779907
qbridge_qubit_2022,qbridge_qubit_2022__hnc009,qbridge_qubit_2022,hard_negative_mined_v2_complexity,bsc,0,ratio_75,487,649,0.0025357045233249664,0.9826923608779907
wault_finance_2021,wault_finance_2021__hnc000,wault_finance_2021,hard_negative_mined_v2_complexity,bsc,0,ratio_75,2,2,0.00030399911338463426,0.8841174244880676
wault_finance_2021,wault_finance_2021__hnc001,wault_finance_2021,hard_negative_mined_v2_complexity,bsc,0,ratio_75,405,540,0.005884440150111914,0.8841174244880676
wault_finance_2021,wault_finance_2021__hnc002,wault_finance_2021,hard_negative_mined_v2_complexity,bsc,0,ratio_75,6,7,0.0002387977292528376,0.8841174244880676
wault_finance_2021,wault_finance_2021__hnc003,wault_finance_2021,hard_negative_mined_v2_complexity,bsc,0,ratio_75,5,6,0.0006112770643085241,0.8841174244880676
wault_finance_2021,wault_finance_2021__hnc004,wault_finance_2021,hard_negative_mined_v2_complexity,bsc,0,ratio_75,1,1,0.0007159508531913161,0.8841174244880676
wault_finance_2021,wault_finance_2021__hnc005,wault_finance_2021,hard_negative_mined_v2_complexity,bsc,0,ratio_75,3,3,0.00036279717460274696,0.8841174244880676
wault_finance_2021,wault_finance_2021__hnc006,wault_finance_2021,hard_negative_mined_v2_complexity,bsc,0,ratio_75,13,17,0.0023121468257158995,0.8841174244880676
wault_finance_2021,wault_finance_2021__hnc007,wault_finance_2021,hard_negative_mined_v2_complexity,bsc,0,ratio_75,15,19,0.00043249456211924553,0.8841174244880676
wault_finance_2021,wault_finance_2021__hnc008,wault_finance_2021,hard_negative_mined_v2_complexity,bsc,0,ratio_75,2,2,0.001595960813574493,0.8841174244880676
wault_finance_2021,wault_finance_2021__hnc009,wault_finance_2021,hard_negative_mined_v2_complexity,bsc,0,ratio_75,15,20,0.001952465157955885,0.8841174244880676
paraluni_2022,paraluni_2022__hnc000,paraluni_2022,hard_negative_mined_v2_complexity,bsc,0,ratio_75,3,3,0.00041698990389704704,0.9733836054801941
paraluni_2022,paraluni_2022__hnc001,paraluni_2022,hard_negative_mined_v2_complexity,bsc,0,ratio_75,641,854,0.004210006911307573,0.9733836054801941
paraluni_2022,paraluni_2022__hnc002,paraluni_2022,hard_negative_mined_v2_complexity,bsc,0,ratio_75,20,26,0.008529397659003735,0.9733836054801941
paraluni_2022,paraluni_2022__hnc003,paraluni_2022,hard_negative_mined_v2_complexity,bsc,0,ratio_75,1,1,0.0006055433768779039,0.9733836054801941
paraluni_2022,paraluni_2022__hnc004,paraluni_2022,hard_negative_mined_v2_complexity,bsc,0,ratio_75,4,5,0.0008540534181520343,0.9733836054801941
paraluni_2022,paraluni_2022__hnc005,paraluni_2022,hard_negative_mined_v2_complexity,bsc,0,ratio_75,10,13,0.0025417963042855263,0.9733836054801941
paraluni_2022,paraluni_2022__hnc006,paraluni_2022,hard_negative_mined_v2_complexity,bsc,0,ratio_75,1,1,0.0006055433768779039,0.9733836054801941
paraluni_2022,paraluni_2022__hnc007,paraluni_2022,hard_negative_mined_v2_complexity,bsc,0,ratio_75,6,8,0.0005873828195035458,0.9733836054801941
paraluni_2022,paraluni_2022__hnc008,paraluni_2022,hard_negative_mined_v2_complexity,bsc,0,ratio_75,1,1,0.0017579381819814444,0.9733836054801941
paraluni_2022,paraluni_2022__hnc009,paraluni_2022,hard_negative_mined_v2_complexity,bsc,0,ratio_75,63,83,0.008116704411804676,0.9733836054801941
ronin_bridge_2022,ronin_bridge_2022,ronin_bridge_2022,positive,eth,1,ratio_100,1625,1625,0.9994286894798279,0.9804007411003113
ronin_benign_control_2022,ronin_benign_control_2022,ronin_bridge_2022,hard_negative_control,eth,0,ratio_100,103,103,0.5029329657554626,0.9804007411003113
qbridge_qubit_2022,qbridge_qubit_2022,qbridge_qubit_2022,positive,bsc,1,ratio_100,698,698,0.9988586902618408,0.9271531105041504
feg_bridge_2024,feg_bridge_2024,feg_bridge_2024,positive,eth,1,ratio_100,9,9,0.9176352024078369,0.1249067559838295
deltaprime_arbitrum_2024,deltaprime_arbitrum_2024,deltaprime_arbitrum_2024,positive,arbitrum,1,ratio_100,23,23,0.9963395595550537,0.9853147268295288
bsc_token_hub_2022,bsc_token_hub_2022,bsc_token_hub_2022,positive,bsc,1,ratio_100,362,362,0.9987633228302002,0.9784759283065796
qbridge_benign_control_2022,qbridge_benign_control_2022,qbridge_qubit_2022,hard_negative_control,bsc,0,ratio_100,1,1,0.00033956923289224505,0.9271531105041504
feg_benign_control_2024,feg_benign_control_2024,feg_bridge_2024,hard_negative_control,eth,0,ratio_100,1,1,0.6181288361549377,0.1249067559838295
deltaprime_benign_control_2024,deltaprime_benign_control_2024,deltaprime_arbitrum_2024,hard_negative_control,arbitrum,0,ratio_100,1,1,0.00044526299461722374,0.9853147268295288
bsc_token_hub_benign_control_2022,bsc_token_hub_benign_control_2022,bsc_token_hub_2022,hard_negative_control,bsc,0,ratio_100,1,1,0.0012950222007930279,0.9784759283065796
chibi_finance_2023,chibi_finance_2023,chibi_finance_2023,positive,arbitrum,1,ratio_100,40,40,0.9987314343452454,0.988631546497345
wooppv2_2024,wooppv2_2024,wooppv2_2024,positive,arbitrum,1,ratio_100,16,16,0.04672618955373764,0.9888894557952881
utopiasphere_2024,utopiasphere_2024,utopiasphere_2024,positive,bsc,1,ratio_100,37,37,0.9979392886161804,0.9647297859191895
xkingdom_2024,xkingdom_2024,xkingdom_2024,positive,arbitrum,1,ratio_100,73,73,0.9938132762908936,0.9843378663063049
wault_finance_2021,wault_finance_2021,wault_finance_2021,positive,bsc,1,ratio_100,190,190,0.4725362956523895,0.9558624625205994
paraluni_2022,paraluni_2022,paraluni_2022,positive,bsc,1,ratio_100,511,511,0.9991207718849182,0.9920802712440491
radiant_capital_arbitrum_2024,radiant_capital_arbitrum_2024,radiant_capital_arbitrum_2024,positive,arbitrum,1,ratio_100,248,248,0.9995446801185608,0.9759568572044373
magic_abracadabra_arbitrum_2025,magic_abracadabra_arbitrum_2025,magic_abracadabra_arbitrum_2025,positive,arbitrum,1,ratio_100,88,88,0.9993250370025635,0.9824719429016113
hackerdao_2022,hackerdao_2022,hackerdao_2022,positive,bsc,1,ratio_100,35,35,0.9888597726821899,0.13367977738380432
new_free_dao_2022,new_free_dao_2022,new_free_dao_2022,positive,bsc,1,ratio_100,12,12,0.653918445110321,0.18318848311901093
ronin_bridge_2022,ronin_bridge_2022__hn000,ronin_bridge_2022,hard_negative_mined,eth,0,ratio_100,1,1,0.000515054794959724,0.9804007411003113
ronin_bridge_2022,ronin_bridge_2022__hn001,ronin_bridge_2022,hard_negative_mined,eth,0,ratio_100,1,1,0.000515054794959724,0.9804007411003113
ronin_bridge_2022,ronin_bridge_2022__hn002,ronin_bridge_2022,hard_negative_mined,eth,0,ratio_100,1,1,0.000515054794959724,0.9804007411003113
ronin_bridge_2022,ronin_bridge_2022__hn003,ronin_bridge_2022,hard_negative_mined,eth,0,ratio_100,4,4,0.0003236123011447489,0.9804007411003113
ronin_bridge_2022,ronin_bridge_2022__hn004,ronin_bridge_2022,hard_negative_mined,eth,0,ratio_100,1,1,0.000515054794959724,0.9804007411003113
ronin_bridge_2022,ronin_bridge_2022__hn005,ronin_bridge_2022,hard_negative_mined,eth,0,ratio_100,1,1,0.000515054794959724,0.9804007411003113
ronin_bridge_2022,ronin_bridge_2022__hn006,ronin_bridge_2022,hard_negative_mined,eth,0,ratio_100,1,1,0.000515054794959724,0.9804007411003113
ronin_bridge_2022,ronin_bridge_2022__hn007,ronin_bridge_2022,hard_negative_mined,eth,0,ratio_100,4,4,0.005370003171265125,0.9804007411003113
ronin_bridge_2022,ronin_bridge_2022__hn008,ronin_bridge_2022,hard_negative_mined,eth,0,ratio_100,1,1,0.000515054794959724,0.9804007411003113
ronin_bridge_2022,ronin_bridge_2022__hn009,ronin_bridge_2022,hard_negative_mined,eth,0,ratio_100,1,1,0.000515054794959724,0.9804007411003113
ronin_bridge_2022,ronin_bridge_2022__hn010,ronin_bridge_2022,hard_negative_mined,eth,0,ratio_100,2,2,0.0009969405364245176,0.9804007411003113
ronin_bridge_2022,ronin_bridge_2022__hn011,ronin_bridge_2022,hard_negative_mined,eth,0,ratio_100,1,1,0.000515054794959724,0.9804007411003113
ronin_bridge_2022,ronin_bridge_2022__hn012,ronin_bridge_2022,hard_negative_mined,eth,0,ratio_100,55,55,0.018511885777115822,0.9804007411003113
ronin_bridge_2022,ronin_bridge_2022__hn013,ronin_bridge_2022,hard_negative_mined,eth,0,ratio_100,2,2,0.0009969405364245176,0.9804007411003113
ronin_bridge_2022,ronin_bridge_2022__hn014,ronin_bridge_2022,hard_negative_mined,eth,0,ratio_100,1,1,0.000515054794959724,0.9804007411003113
ronin_bridge_2022,ronin_bridge_2022__hn016,ronin_bridge_2022,hard_negative_mined,eth,0,ratio_100,1,1,0.000515054794959724,0.9804007411003113
ronin_bridge_2022,ronin_bridge_2022__hn017,ronin_bridge_2022,hard_negative_mined,eth,0,ratio_100,1,1,0.001671218778938055,0.9804007411003113
ronin_bridge_2022,ronin_bridge_2022__hn018,ronin_bridge_2022,hard_negative_mined,eth,0,ratio_100,1,1,0.000515054794959724,0.9804007411003113
ronin_bridge_2022,ronin_bridge_2022__hn019,ronin_bridge_2022,hard_negative_mined,eth,0,ratio_100,1,1,0.000515054794959724,0.9804007411003113
ronin_bridge_2022,ronin_bridge_2022__hn020,ronin_bridge_2022,hard_negative_mined,eth,0,ratio_100,1,1,0.000515054794959724,0.9804007411003113
ronin_bridge_2022,ronin_bridge_2022__hn021,ronin_bridge_2022,hard_negative_mined,eth,0,ratio_100,3,3,0.00023745634825900197,0.9804007411003113
ronin_bridge_2022,ronin_bridge_2022__hn022,ronin_bridge_2022,hard_negative_mined,eth,0,ratio_100,1,1,0.000515054794959724,0.9804007411003113
ronin_bridge_2022,ronin_bridge_2022__hn024,ronin_bridge_2022,hard_negative_mined,eth,0,ratio_100,1,1,0.000515054794959724,0.9804007411003113
ronin_bridge_2022,ronin_bridge_2022__hn025,ronin_bridge_2022,hard_negative_mined,eth,0,ratio_100,1,1,0.000515054794959724,0.9804007411003113
ronin_bridge_2022,ronin_bridge_2022__hn026,ronin_bridge_2022,hard_negative_mined,eth,0,ratio_100,2,2,0.0010119698708876967,0.9804007411003113
ronin_bridge_2022,ronin_bridge_2022__hn027,ronin_bridge_2022,hard_negative_mined,eth,0,ratio_100,1,1,0.0006264660623855889,0.9804007411003113
ronin_bridge_2022,ronin_bridge_2022__hn028,ronin_bridge_2022,hard_negative_mined,eth,0,ratio_100,1,1,0.000515054794959724,0.9804007411003113
ronin_bridge_2022,ronin_bridge_2022__hn030,ronin_bridge_2022,hard_negative_mined,eth,0,ratio_100,1,1,0.000515054794959724,0.9804007411003113
ronin_bridge_2022,ronin_bridge_2022__hn031,ronin_bridge_2022,hard_negative_mined,eth,0,ratio_100,1,1,0.000515054794959724,0.9804007411003113
ronin_bridge_2022,ronin_bridge_2022__hn032,ronin_bridge_2022,hard_negative_mined,eth,0,ratio_100,1,1,0.000515054794959724,0.9804007411003113
ronin_bridge_2022,ronin_bridge_2022__hn033,ronin_bridge_2022,hard_negative_mined,eth,0,ratio_100,3,3,0.00023745634825900197,0.9804007411003113
ronin_bridge_2022,ronin_bridge_2022__hn034,ronin_bridge_2022,hard_negative_mined,eth,0,ratio_100,2,2,0.00023745634825900197,0.9804007411003113
ronin_bridge_2022,ronin_bridge_2022__hn035,ronin_bridge_2022,hard_negative_mined,eth,0,ratio_100,1,1,0.000515054794959724,0.9804007411003113
ronin_bridge_2022,ronin_bridge_2022__hn037,ronin_bridge_2022,hard_negative_mined,eth,0,ratio_100,1,1,0.000515054794959724,0.9804007411003113
ronin_bridge_2022,ronin_bridge_2022__hn038,ronin_bridge_2022,hard_negative_mined,eth,0,ratio_100,1,1,0.0006264660623855889,0.9804007411003113
ronin_bridge_2022,ronin_bridge_2022__hn039,ronin_bridge_2022,hard_negative_mined,eth,0,ratio_100,1,1,0.0006264660623855889,0.9804007411003113
ronin_bridge_2022,ronin_bridge_2022__hn040,ronin_bridge_2022,hard_negative_mined,eth,0,ratio_100,1,1,0.000515054794959724,0.9804007411003113
ronin_bridge_2022,ronin_bridge_2022__hn041,ronin_bridge_2022,hard_negative_mined,eth,0,ratio_100,3,3,0.00023745634825900197,0.9804007411003113
ronin_bridge_2022,ronin_bridge_2022__hn042,ronin_bridge_2022,hard_negative_mined,eth,0,ratio_100,1,1,0.000515054794959724,0.9804007411003113
ronin_bridge_2022,ronin_bridge_2022__hn043,ronin_bridge_2022,hard_negative_mined,eth,0,ratio_100,1,1,0.000515054794959724,0.9804007411003113
ronin_bridge_2022,ronin_bridge_2022__hn044,ronin_bridge_2022,hard_negative_mined,eth,0,ratio_100,2,2,0.00023745634825900197,0.9804007411003113
ronin_bridge_2022,ronin_bridge_2022__hn045,ronin_bridge_2022,hard_negative_mined,eth,0,ratio_100,1,1,0.000515054794959724,0.9804007411003113
ronin_bridge_2022,ronin_bridge_2022__hn046,ronin_bridge_2022,hard_negative_mined,eth,0,ratio_100,1,1,0.000515054794959724,0.9804007411003113
ronin_bridge_2022,ronin_bridge_2022__hn047,ronin_bridge_2022,hard_negative_mined,eth,0,ratio_100,1,1,0.001671218778938055,0.9804007411003113
ronin_bridge_2022,ronin_bridge_2022__hn048,ronin_bridge_2022,hard_negative_mined,eth,0,ratio_100,1,1,0.000515054794959724,0.9804007411003113
ronin_bridge_2022,ronin_bridge_2022__hn049,ronin_bridge_2022,hard_negative_mined,eth,0,ratio_100,3,3,0.0010119698708876967,0.9804007411003113
ronin_bridge_2022,ronin_bridge_2022__hn050,ronin_bridge_2022,hard_negative_mined,eth,0,ratio_100,1,1,0.001671218778938055,0.9804007411003113
ronin_bridge_2022,ronin_bridge_2022__hn051,ronin_bridge_2022,hard_negative_mined,eth,0,ratio_100,2,2,0.0010111454175785184,0.9804007411003113
ronin_bridge_2022,ronin_bridge_2022__hn052,ronin_bridge_2022,hard_negative_mined,eth,0,ratio_100,1,1,0.000515054794959724,0.9804007411003113
ronin_bridge_2022,ronin_bridge_2022__hn054,ronin_bridge_2022,hard_negative_mined,eth,0,ratio_100,1,1,0.000515054794959724,0.9804007411003113
ronin_bridge_2022,ronin_bridge_2022__hn055,ronin_bridge_2022,hard_negative_mined,eth,0,ratio_100,2,2,0.0010119698708876967,0.9804007411003113
ronin_bridge_2022,ronin_bridge_2022__hn056,ronin_bridge_2022,hard_negative_mined,eth,0,ratio_100,2,2,0.004528773482888937,0.9804007411003113
ronin_bridge_2022,ronin_bridge_2022__hn057,ronin_bridge_2022,hard_negative_mined,eth,0,ratio_100,1,1,0.001671218778938055,0.9804007411003113
ronin_bridge_2022,ronin_bridge_2022__hn058,ronin_bridge_2022,hard_negative_mined,eth,0,ratio_100,1,1,0.000515054794959724,0.9804007411003113
ronin_bridge_2022,ronin_bridge_2022__hn059,ronin_bridge_2022,hard_negative_mined,eth,0,ratio_100,1,1,0.000515054794959724,0.9804007411003113
ronin_bridge_2022,ronin_bridge_2022__hn060,ronin_bridge_2022,hard_negative_mined,eth,0,ratio_100,1,1,0.000515054794959724,0.9804007411003113
ronin_bridge_2022,ronin_bridge_2022__hn061,ronin_bridge_2022,hard_negative_mined,eth,0,ratio_100,1,1,0.0006264660623855889,0.9804007411003113
ronin_bridge_2022,ronin_bridge_2022__hn062,ronin_bridge_2022,hard_negative_mined,eth,0,ratio_100,4,4,0.0010809091618284583,0.9804007411003113
ronin_bridge_2022,ronin_bridge_2022__hn063,ronin_bridge_2022,hard_negative_mined,eth,0,ratio_100,1,1,0.000515054794959724,0.9804007411003113
ronin_bridge_2022,ronin_bridge_2022__hn064,ronin_bridge_2022,hard_negative_mined,eth,0,ratio_100,1,1,0.000515054794959724,0.9804007411003113
ronin_bridge_2022,ronin_bridge_2022__hn065,ronin_bridge_2022,hard_negative_mined,eth,0,ratio_100,1,1,0.000515054794959724,0.9804007411003113
ronin_bridge_2022,ronin_bridge_2022__hn066,ronin_bridge_2022,hard_negative_mined,eth,0,ratio_100,2,2,0.00028883767663501203,0.9804007411003113
ronin_bridge_2022,ronin_bridge_2022__hn067,ronin_bridge_2022,hard_negative_mined,eth,0,ratio_100,1,1,0.000515054794959724,0.9804007411003113
ronin_bridge_2022,ronin_bridge_2022__hn068,ronin_bridge_2022,hard_negative_mined,eth,0,ratio_100,3,3,0.0018245059764012694,0.9804007411003113
ronin_bridge_2022,ronin_bridge_2022__hn069,ronin_bridge_2022,hard_negative_mined,eth,0,ratio_100,1,1,0.0010757247218862176,0.9804007411003113
deltaprime_arbitrum_2024,deltaprime_arbitrum_2024__hn000,deltaprime_arbitrum_2024,hard_negative_mined,arbitrum,0,ratio_100,4,4,0.0008345759706571698,0.9853147268295288
deltaprime_arbitrum_2024,deltaprime_arbitrum_2024__hn001,deltaprime_arbitrum_2024,hard_negative_mined,arbitrum,0,ratio_100,1,1,0.00044526299461722374,0.9853147268295288
deltaprime_arbitrum_2024,deltaprime_arbitrum_2024__hn002,deltaprime_arbitrum_2024,hard_negative_mined,arbitrum,0,ratio_100,1,1,0.0012615661835297942,0.9853147268295288
deltaprime_arbitrum_2024,deltaprime_arbitrum_2024__hn003,deltaprime_arbitrum_2024,hard_negative_mined,arbitrum,0,ratio_100,1,1,0.00044526299461722374,0.9853147268295288
deltaprime_arbitrum_2024,deltaprime_arbitrum_2024__hn004,deltaprime_arbitrum_2024,hard_negative_mined,arbitrum,0,ratio_100,1,1,0.00044526299461722374,0.9853147268295288
deltaprime_arbitrum_2024,deltaprime_arbitrum_2024__hn005,deltaprime_arbitrum_2024,hard_negative_mined,arbitrum,0,ratio_100,1,1,0.00044526299461722374,0.9853147268295288
deltaprime_arbitrum_2024,deltaprime_arbitrum_2024__hn006,deltaprime_arbitrum_2024,hard_negative_mined,arbitrum,0,ratio_100,1,1,0.0012615661835297942,0.9853147268295288
deltaprime_arbitrum_2024,deltaprime_arbitrum_2024__hn007,deltaprime_arbitrum_2024,hard_negative_mined,arbitrum,0,ratio_100,91,91,0.00052375573432073,0.9853147268295288
deltaprime_arbitrum_2024,deltaprime_arbitrum_2024__hn008,deltaprime_arbitrum_2024,hard_negative_mined,arbitrum,0,ratio_100,121,121,0.00022248209279496223,0.9853147268295288
deltaprime_arbitrum_2024,deltaprime_arbitrum_2024__hn009,deltaprime_arbitrum_2024,hard_negative_mined,arbitrum,0,ratio_100,1,1,0.00044526299461722374,0.9853147268295288
deltaprime_arbitrum_2024,deltaprime_arbitrum_2024__hn010,deltaprime_arbitrum_2024,hard_negative_mined,arbitrum,0,ratio_100,1,1,0.00044526299461722374,0.9853147268295288
deltaprime_arbitrum_2024,deltaprime_arbitrum_2024__hn011,deltaprime_arbitrum_2024,hard_negative_mined,arbitrum,0,ratio_100,1,1,0.00044526299461722374,0.9853147268295288
deltaprime_arbitrum_2024,deltaprime_arbitrum_2024__hn012,deltaprime_arbitrum_2024,hard_negative_mined,arbitrum,0,ratio_100,3,3,0.0019665267318487167,0.9853147268295288
deltaprime_arbitrum_2024,deltaprime_arbitrum_2024__hn013,deltaprime_arbitrum_2024,hard_negative_mined,arbitrum,0,ratio_100,1,1,0.00044526299461722374,0.9853147268295288
deltaprime_arbitrum_2024,deltaprime_arbitrum_2024__hn014,deltaprime_arbitrum_2024,hard_negative_mined,arbitrum,0,ratio_100,1,1,0.0012615661835297942,0.9853147268295288
deltaprime_arbitrum_2024,deltaprime_arbitrum_2024__hn015,deltaprime_arbitrum_2024,hard_negative_mined,arbitrum,0,ratio_100,2,2,0.0017063437262549996,0.9853147268295288
deltaprime_arbitrum_2024,deltaprime_arbitrum_2024__hn016,deltaprime_arbitrum_2024,hard_negative_mined,arbitrum,0,ratio_100,168,168,0.0009884834289550781,0.9853147268295288
deltaprime_arbitrum_2024,deltaprime_arbitrum_2024__hn017,deltaprime_arbitrum_2024,hard_negative_mined,arbitrum,0,ratio_100,3,3,0.00048413878539577127,0.9853147268295288
deltaprime_arbitrum_2024,deltaprime_arbitrum_2024__hn018,deltaprime_arbitrum_2024,hard_negative_mined,arbitrum,0,ratio_100,1,1,0.00044526299461722374,0.9853147268295288
deltaprime_arbitrum_2024,deltaprime_arbitrum_2024__hn019,deltaprime_arbitrum_2024,hard_negative_mined,arbitrum,0,ratio_100,1,1,0.00044526299461722374,0.9853147268295288
deltaprime_arbitrum_2024,deltaprime_arbitrum_2024__hn020,deltaprime_arbitrum_2024,hard_negative_mined,arbitrum,0,ratio_100,1,1,0.00044526299461722374,0.9853147268295288
deltaprime_arbitrum_2024,deltaprime_arbitrum_2024__hn021,deltaprime_arbitrum_2024,hard_negative_mined,arbitrum,0,ratio_100,2,2,0.00044526299461722374,0.9853147268295288
deltaprime_arbitrum_2024,deltaprime_arbitrum_2024__hn022,deltaprime_arbitrum_2024,hard_negative_mined,arbitrum,0,ratio_100,219,219,0.0009884834289550781,0.9853147268295288
deltaprime_arbitrum_2024,deltaprime_arbitrum_2024__hn023,deltaprime_arbitrum_2024,hard_negative_mined,arbitrum,0,ratio_100,3,3,0.00022248209279496223,0.9853147268295288
deltaprime_arbitrum_2024,deltaprime_arbitrum_2024__hn025,deltaprime_arbitrum_2024,hard_negative_mined,arbitrum,0,ratio_100,2,2,0.00044526299461722374,0.9853147268295288
deltaprime_arbitrum_2024,deltaprime_arbitrum_2024__hn026,deltaprime_arbitrum_2024,hard_negative_mined,arbitrum,0,ratio_100,2,2,0.00048413878539577127,0.9853147268295288
deltaprime_arbitrum_2024,deltaprime_arbitrum_2024__hn027,deltaprime_arbitrum_2024,hard_negative_mined,arbitrum,0,ratio_100,1,1,0.0012615661835297942,0.9853147268295288
deltaprime_arbitrum_2024,deltaprime_arbitrum_2024__hn028,deltaprime_arbitrum_2024,hard_negative_mined,arbitrum,0,ratio_100,2,2,0.0009044252801686525,0.9853147268295288
deltaprime_arbitrum_2024,deltaprime_arbitrum_2024__hn029,deltaprime_arbitrum_2024,hard_negative_mined,arbitrum,0,ratio_100,1,1,0.0007685679011046886,0.9853147268295288
deltaprime_arbitrum_2024,deltaprime_arbitrum_2024__hn030,deltaprime_arbitrum_2024,hard_negative_mined,arbitrum,0,ratio_100,1,1,0.0012615661835297942,0.9853147268295288
deltaprime_arbitrum_2024,deltaprime_arbitrum_2024__hn031,deltaprime_arbitrum_2024,hard_negative_mined,arbitrum,0,ratio_100,1,1,0.00044526299461722374,0.9853147268295288
deltaprime_arbitrum_2024,deltaprime_arbitrum_2024__hn032,deltaprime_arbitrum_2024,hard_negative_mined,arbitrum,0,ratio_100,1,1,0.00044526299461722374,0.9853147268295288
deltaprime_arbitrum_2024,deltaprime_arbitrum_2024__hn033,deltaprime_arbitrum_2024,hard_negative_mined,arbitrum,0,ratio_100,1,1,0.00044526299461722374,0.9853147268295288
deltaprime_arbitrum_2024,deltaprime_arbitrum_2024__hn035,deltaprime_arbitrum_2024,hard_negative_mined,arbitrum,0,ratio_100,2,2,0.00022248209279496223,0.9853147268295288
deltaprime_arbitrum_2024,deltaprime_arbitrum_2024__hn036,deltaprime_arbitrum_2024,hard_negative_mined,arbitrum,0,ratio_100,2,2,0.00022248209279496223,0.9853147268295288
deltaprime_arbitrum_2024,deltaprime_arbitrum_2024__hn037,deltaprime_arbitrum_2024,hard_negative_mined,arbitrum,0,ratio_100,1,1,0.00044526299461722374,0.9853147268295288
deltaprime_arbitrum_2024,deltaprime_arbitrum_2024__hn038,deltaprime_arbitrum_2024,hard_negative_mined,arbitrum,0,ratio_100,2,2,0.00044526299461722374,0.9853147268295288
deltaprime_arbitrum_2024,deltaprime_arbitrum_2024__hn040,deltaprime_arbitrum_2024,hard_negative_mined,arbitrum,0,ratio_100,4,4,0.0005530713824555278,0.9853147268295288
deltaprime_arbitrum_2024,deltaprime_arbitrum_2024__hn041,deltaprime_arbitrum_2024,hard_negative_mined,arbitrum,0,ratio_100,1,1,0.00044526299461722374,0.9853147268295288
deltaprime_arbitrum_2024,deltaprime_arbitrum_2024__hn042,deltaprime_arbitrum_2024,hard_negative_mined,arbitrum,0,ratio_100,1,1,0.00044526299461722374,0.9853147268295288
deltaprime_arbitrum_2024,deltaprime_arbitrum_2024__hn043,deltaprime_arbitrum_2024,hard_negative_mined,arbitrum,0,ratio_100,1,1,0.0012615661835297942,0.9853147268295288
deltaprime_arbitrum_2024,deltaprime_arbitrum_2024__hn044,deltaprime_arbitrum_2024,hard_negative_mined,arbitrum,0,ratio_100,4,4,0.0010418954771012068,0.9853147268295288
deltaprime_arbitrum_2024,deltaprime_arbitrum_2024__hn045,deltaprime_arbitrum_2024,hard_negative_mined,arbitrum,0,ratio_100,1,1,0.00044526299461722374,0.9853147268295288
deltaprime_arbitrum_2024,deltaprime_arbitrum_2024__hn046,deltaprime_arbitrum_2024,hard_negative_mined,arbitrum,0,ratio_100,1,1,0.0012615661835297942,0.9853147268295288
deltaprime_arbitrum_2024,deltaprime_arbitrum_2024__hn047,deltaprime_arbitrum_2024,hard_negative_mined,arbitrum,0,ratio_100,1,1,0.00044526299461722374,0.9853147268295288
deltaprime_arbitrum_2024,deltaprime_arbitrum_2024__hn048,deltaprime_arbitrum_2024,hard_negative_mined,arbitrum,0,ratio_100,1,1,0.00044526299461722374,0.9853147268295288
deltaprime_arbitrum_2024,deltaprime_arbitrum_2024__hn050,deltaprime_arbitrum_2024,hard_negative_mined,arbitrum,0,ratio_100,5,5,0.00033915010862983763,0.9853147268295288
deltaprime_arbitrum_2024,deltaprime_arbitrum_2024__hn051,deltaprime_arbitrum_2024,hard_negative_mined,arbitrum,0,ratio_100,15,15,0.0009044252801686525,0.9853147268295288
deltaprime_arbitrum_2024,deltaprime_arbitrum_2024__hn052,deltaprime_arbitrum_2024,hard_negative_mined,arbitrum,0,ratio_100,2,2,0.0018088321667164564,0.9853147268295288
deltaprime_arbitrum_2024,deltaprime_arbitrum_2024__hn053,deltaprime_arbitrum_2024,hard_negative_mined,arbitrum,0,ratio_100,2,2,0.00022248209279496223,0.9853147268295288
deltaprime_arbitrum_2024,deltaprime_arbitrum_2024__hn054,deltaprime_arbitrum_2024,hard_negative_mined,arbitrum,0,ratio_100,1,1,0.0008508964092470706,0.9853147268295288
deltaprime_arbitrum_2024,deltaprime_arbitrum_2024__hn055,deltaprime_arbitrum_2024,hard_negative_mined,arbitrum,0,ratio_100,1,1,0.00044526299461722374,0.9853147268295288
deltaprime_arbitrum_2024,deltaprime_arbitrum_2024__hn056,deltaprime_arbitrum_2024,hard_negative_mined,arbitrum,0,ratio_100,1,1,0.0012615661835297942,0.9853147268295288
deltaprime_arbitrum_2024,deltaprime_arbitrum_2024__hn057,deltaprime_arbitrum_2024,hard_negative_mined,arbitrum,0,ratio_100,1,1,0.00044526299461722374,0.9853147268295288
deltaprime_arbitrum_2024,deltaprime_arbitrum_2024__hn058,deltaprime_arbitrum_2024,hard_negative_mined,arbitrum,0,ratio_100,1,1,0.00044526299461722374,0.9853147268295288
deltaprime_arbitrum_2024,deltaprime_arbitrum_2024__hn059,deltaprime_arbitrum_2024,hard_negative_mined,arbitrum,0,ratio_100,3,3,0.0005558652337640524,0.9853147268295288
deltaprime_arbitrum_2024,deltaprime_arbitrum_2024__hn060,deltaprime_arbitrum_2024,hard_negative_mined,arbitrum,0,ratio_100,2,2,0.00044526299461722374,0.9853147268295288
deltaprime_arbitrum_2024,deltaprime_arbitrum_2024__hn061,deltaprime_arbitrum_2024,hard_negative_mined,arbitrum,0,ratio_100,1,1,0.00044526299461722374,0.9853147268295288
deltaprime_arbitrum_2024,deltaprime_arbitrum_2024__hn062,deltaprime_arbitrum_2024,hard_negative_mined,arbitrum,0,ratio_100,2,2,0.0009044252801686525,0.9853147268295288
deltaprime_arbitrum_2024,deltaprime_arbitrum_2024__hn063,deltaprime_arbitrum_2024,hard_negative_mined,arbitrum,0,ratio_100,2,2,0.0005558652337640524,0.9853147268295288
deltaprime_arbitrum_2024,deltaprime_arbitrum_2024__hn064,deltaprime_arbitrum_2024,hard_negative_mined,arbitrum,0,ratio_100,6,6,0.001274321461096406,0.9853147268295288
deltaprime_arbitrum_2024,deltaprime_arbitrum_2024__hn065,deltaprime_arbitrum_2024,hard_negative_mined,arbitrum,0,ratio_100,1,1,0.00044526299461722374,0.9853147268295288
deltaprime_arbitrum_2024,deltaprime_arbitrum_2024__hn066,deltaprime_arbitrum_2024,hard_negative_mined,arbitrum,0,ratio_100,1,1,0.00044526299461722374,0.9853147268295288
deltaprime_arbitrum_2024,deltaprime_arbitrum_2024__hn067,deltaprime_arbitrum_2024,hard_negative_mined,arbitrum,0,ratio_100,3,3,0.0008338323677890003,0.9853147268295288
deltaprime_arbitrum_2024,deltaprime_arbitrum_2024__hn068,deltaprime_arbitrum_2024,hard_negative_mined,arbitrum,0,ratio_100,2,2,0.00044526299461722374,0.9853147268295288
deltaprime_arbitrum_2024,deltaprime_arbitrum_2024__hn069,deltaprime_arbitrum_2024,hard_negative_mined,arbitrum,0,ratio_100,1,1,0.00044526299461722374,0.9853147268295288
bsc_token_hub_2022,bsc_token_hub_2022__hn000,bsc_token_hub_2022,hard_negative_mined,bsc,0,ratio_100,1,1,0.0004345000197645277,0.9784759283065796
bsc_token_hub_2022,bsc_token_hub_2022__hn001,bsc_token_hub_2022,hard_negative_mined,bsc,0,ratio_100,1,1,0.0004345000197645277,0.9784759283065796
bsc_token_hub_2022,bsc_token_hub_2022__hn002,bsc_token_hub_2022,hard_negative_mined,bsc,0,ratio_100,3,3,0.0019429315580055118,0.9784759283065796
bsc_token_hub_2022,bsc_token_hub_2022__hn003,bsc_token_hub_2022,hard_negative_mined,bsc,0,ratio_100,1,1,0.0004345000197645277,0.9784759283065796
bsc_token_hub_2022,bsc_token_hub_2022__hn004,bsc_token_hub_2022,hard_negative_mined,bsc,0,ratio_100,1,1,0.0004345000197645277,0.9784759283065796
bsc_token_hub_2022,bsc_token_hub_2022__hn005,bsc_token_hub_2022,hard_negative_mined,bsc,0,ratio_100,3,3,0.0018252035370096564,0.9784759283065796
bsc_token_hub_2022,bsc_token_hub_2022__hn007,bsc_token_hub_2022,hard_negative_mined,bsc,0,ratio_100,1,1,0.0004345000197645277,0.9784759283065796
bsc_token_hub_2022,bsc_token_hub_2022__hn008,bsc_token_hub_2022,hard_negative_mined,bsc,0,ratio_100,2,2,0.00022656566579826176,0.9784759283065796
bsc_token_hub_2022,bsc_token_hub_2022__hn009,bsc_token_hub_2022,hard_negative_mined,bsc,0,ratio_100,2,2,0.0022275650408118963,0.9784759283065796
bsc_token_hub_2022,bsc_token_hub_2022__hn010,bsc_token_hub_2022,hard_negative_mined,bsc,0,ratio_100,6,6,0.0006543413619510829,0.9784759283065796
bsc_token_hub_2022,bsc_token_hub_2022__hn011,bsc_token_hub_2022,hard_negative_mined,bsc,0,ratio_100,1,1,0.0004345000197645277,0.9784759283065796
bsc_token_hub_2022,bsc_token_hub_2022__hn012,bsc_token_hub_2022,hard_negative_mined,bsc,0,ratio_100,2,2,0.0004345000197645277,0.9784759283065796
bsc_token_hub_2022,bsc_token_hub_2022__hn013,bsc_token_hub_2022,hard_negative_mined,bsc,0,ratio_100,1,1,0.0004345000197645277,0.9784759283065796
bsc_token_hub_2022,bsc_token_hub_2022__hn014,bsc_token_hub_2022,hard_negative_mined,bsc,0,ratio_100,1,1,0.0004345000197645277,0.9784759283065796
bsc_token_hub_2022,bsc_token_hub_2022__hn015,bsc_token_hub_2022,hard_negative_mined,bsc,0,ratio_100,2,2,0.0012950222007930279,0.9784759283065796
bsc_token_hub_2022,bsc_token_hub_2022__hn016,bsc_token_hub_2022,hard_negative_mined,bsc,0,ratio_100,4,4,0.000206956741749309,0.9784759283065796
bsc_token_hub_2022,bsc_token_hub_2022__hn017,bsc_token_hub_2022,hard_negative_mined,bsc,0,ratio_100,2,2,0.00024260705686174333,0.9784759283065796
bsc_token_hub_2022,bsc_token_hub_2022__hn018,bsc_token_hub_2022,hard_negative_mined,bsc,0,ratio_100,1,1,0.0004345000197645277,0.9784759283065796
bsc_token_hub_2022,bsc_token_hub_2022__hn019,bsc_token_hub_2022,hard_negative_mined,bsc,0,ratio_100,1,1,0.0004345000197645277,0.9784759283065796
bsc_token_hub_2022,bsc_token_hub_2022__hn020,bsc_token_hub_2022,hard_negative_mined,bsc,0,ratio_100,2,2,0.000206956741749309,0.9784759283065796
bsc_token_hub_2022,bsc_token_hub_2022__hn021,bsc_token_hub_2022,hard_negative_mined,bsc,0,ratio_100,3,3,0.0023139326367527246,0.9784759283065796
bsc_token_hub_2022,bsc_token_hub_2022__hn022,bsc_token_hub_2022,hard_negative_mined,bsc,0,ratio_100,1,1,0.0004345000197645277,0.9784759283065796
bsc_token_hub_2022,bsc_token_hub_2022__hn023,bsc_token_hub_2022,hard_negative_mined,bsc,0,ratio_100,2,2,0.0006171083077788353,0.9784759283065796
bsc_token_hub_2022,bsc_token_hub_2022__hn024,bsc_token_hub_2022,hard_negative_mined,bsc,0,ratio_100,5,5,0.001489185495302081,0.9784759283065796
bsc_token_hub_2022,bsc_token_hub_2022__hn025,bsc_token_hub_2022,hard_negative_mined,bsc,0,ratio_100,1,1,0.0004345000197645277,0.9784759283065796
bsc_token_hub_2022,bsc_token_hub_2022__hn026,bsc_token_hub_2022,hard_negative_mined,bsc,0,ratio_100,4,4,0.0011679065646603703,0.9784759283065796
bsc_token_hub_2022,bsc_token_hub_2022__hn027,bsc_token_hub_2022,hard_negative_mined,bsc,0,ratio_100,3,3,0.0012950222007930279,0.9784759283065796
bsc_token_hub_2022,bsc_token_hub_2022__hn028,bsc_token_hub_2022,hard_negative_mined,bsc,0,ratio_100,2,2,0.0010138530051335692,0.9784759283065796
bsc_token_hub_2022,bsc_token_hub_2022__hn029,bsc_token_hub_2022,hard_negative_mined,bsc,0,ratio_100,1,1,0.0012950222007930279,0.9784759283065796
bsc_token_hub_2022,bsc_token_hub_2022__hn030,bsc_token_hub_2022,hard_negative_mined,bsc,0,ratio_100,1,1,0.0012950222007930279,0.9784759283065796
bsc_token_hub_2022,bsc_token_hub_2022__hn032,bsc_token_hub_2022,hard_negative_mined,bsc,0,ratio_100,2,2,0.0006171083077788353,0.9784759283065796
bsc_token_hub_2022,bsc_token_hub_2022__hn033,bsc_token_hub_2022,hard_negative_mined,bsc,0,ratio_100,2,2,0.000206956741749309,0.9784759283065796
bsc_token_hub_2022,bsc_token_hub_2022__hn034,bsc_token_hub_2022,hard_negative_mined,bsc,0,ratio_100,2,2,0.0003130620170850307,0.9784759283065796
bsc_token_hub_2022,bsc_token_hub_2022__hn035,bsc_token_hub_2022,hard_negative_mined,bsc,0,ratio_100,1,1,0.0004345000197645277,0.9784759283065796
bsc_token_hub_2022,bsc_token_hub_2022__hn036,bsc_token_hub_2022,hard_negative_mined,bsc,0,ratio_100,1,1,0.0004345000197645277,0.9784759283065796
bsc_token_hub_2022,bsc_token_hub_2022__hn037,bsc_token_hub_2022,hard_negative_mined,bsc,0,ratio_100,1,1,0.0004756590642500669,0.9784759283065796
bsc_token_hub_2022,bsc_token_hub_2022__hn038,bsc_token_hub_2022,hard_negative_mined,bsc,0,ratio_100,3,3,0.0009261667728424072,0.9784759283065796
bsc_token_hub_2022,bsc_token_hub_2022__hn039,bsc_token_hub_2022,hard_negative_mined,bsc,0,ratio_100,4,4,0.002823728369548917,0.9784759283065796
bsc_token_hub_2022,bsc_token_hub_2022__hn040,bsc_token_hub_2022,hard_negative_mined,bsc,0,ratio_100,6,6,0.0015324470587074757,0.9784759283065796
bsc_token_hub_2022,bsc_token_hub_2022__hn041,bsc_token_hub_2022,hard_negative_mined,bsc,0,ratio_100,1,1,0.0004345000197645277,0.9784759283065796
bsc_token_hub_2022,bsc_token_hub_2022__hn042,bsc_token_hub_2022,hard_negative_mined,bsc,0,ratio_100,1,1,0.0012950222007930279,0.9784759283065796
bsc_token_hub_2022,bsc_token_hub_2022__hn044,bsc_token_hub_2022,hard_negative_mined,bsc,0,ratio_100,1,1,0.0004345000197645277,0.9784759283065796
bsc_token_hub_2022,bsc_token_hub_2022__hn045,bsc_token_hub_2022,hard_negative_mined,bsc,0,ratio_100,2,2,0.0021266767289489508,0.9784759283065796
bsc_token_hub_2022,bsc_token_hub_2022__hn046,bsc_token_hub_2022,hard_negative_mined,bsc,0,ratio_100,1,1,0.0004345000197645277,0.9784759283065796
bsc_token_hub_2022,bsc_token_hub_2022__hn047,bsc_token_hub_2022,hard_negative_mined,bsc,0,ratio_100,1,1,0.0004345000197645277,0.9784759283065796
bsc_token_hub_2022,bsc_token_hub_2022__hn048,bsc_token_hub_2022,hard_negative_mined,bsc,0,ratio_100,5,5,0.0003826656611636281,0.9784759283065796
bsc_token_hub_2022,bsc_token_hub_2022__hn049,bsc_token_hub_2022,hard_negative_mined,bsc,0,ratio_100,6,6,0.0016512114088982344,0.9784759283065796
bsc_token_hub_2022,bsc_token_hub_2022__hn050,bsc_token_hub_2022,hard_negative_mined,bsc,0,ratio_100,2,2,0.0006171083077788353,0.9784759283065796
bsc_token_hub_2022,bsc_token_hub_2022__hn051,bsc_token_hub_2022,hard_negative_mined,bsc,0,ratio_100,1,1,0.0004345000197645277,0.9784759283065796
bsc_token_hub_2022,bsc_token_hub_2022__hn052,bsc_token_hub_2022,hard_negative_mined,bsc,0,ratio_100,1,1,0.0012950222007930279,0.9784759283065796
bsc_token_hub_2022,bsc_token_hub_2022__hn053,bsc_token_hub_2022,hard_negative_mined,bsc,0,ratio_100,1,1,0.0004345000197645277,0.9784759283065796
bsc_token_hub_2022,bsc_token_hub_2022__hn054,bsc_token_hub_2022,hard_negative_mined,bsc,0,ratio_100,1,1,0.0006571906269527972,0.9784759283065796
bsc_token_hub_2022,bsc_token_hub_2022__hn055,bsc_token_hub_2022,hard_negative_mined,bsc,0,ratio_100,3,3,0.000206956741749309,0.9784759283065796
bsc_token_hub_2022,bsc_token_hub_2022__hn056,bsc_token_hub_2022,hard_negative_mined,bsc,0,ratio_100,1,1,0.0004345000197645277,0.9784759283065796
bsc_token_hub_2022,bsc_token_hub_2022__hn057,bsc_token_hub_2022,hard_negative_mined,bsc,0,ratio_100,1,1,0.0004756590642500669,0.9784759283065796
bsc_token_hub_2022,bsc_token_hub_2022__hn058,bsc_token_hub_2022,hard_negative_mined,bsc,0,ratio_100,1,1,0.0004345000197645277,0.9784759283065796
bsc_token_hub_2022,bsc_token_hub_2022__hn059,bsc_token_hub_2022,hard_negative_mined,bsc,0,ratio_100,14,14,0.000393871363485232,0.9784759283065796
bsc_token_hub_2022,bsc_token_hub_2022__hn060,bsc_token_hub_2022,hard_negative_mined,bsc,0,ratio_100,1,1,0.0004345000197645277,0.9784759283065796
bsc_token_hub_2022,bsc_token_hub_2022__hn061,bsc_token_hub_2022,hard_negative_mined,bsc,0,ratio_100,6,6,0.0011679065646603703,0.9784759283065796
bsc_token_hub_2022,bsc_token_hub_2022__hn062,bsc_token_hub_2022,hard_negative_mined,bsc,0,ratio_100,2,2,0.0021266767289489508,0.9784759283065796
bsc_token_hub_2022,bsc_token_hub_2022__hn063,bsc_token_hub_2022,hard_negative_mined,bsc,0,ratio_100,3,3,0.0009261667728424072,0.9784759283065796
bsc_token_hub_2022,bsc_token_hub_2022__hn064,bsc_token_hub_2022,hard_negative_mined,bsc,0,ratio_100,1,1,0.0004756590642500669,0.9784759283065796
bsc_token_hub_2022,bsc_token_hub_2022__hn065,bsc_token_hub_2022,hard_negative_mined,bsc,0,ratio_100,8,8,0.0011679065646603703,0.9784759283065796
bsc_token_hub_2022,bsc_token_hub_2022__hn066,bsc_token_hub_2022,hard_negative_mined,bsc,0,ratio_100,5,5,0.00030882348073646426,0.9784759283065796
bsc_token_hub_2022,bsc_token_hub_2022__hn067,bsc_token_hub_2022,hard_negative_mined,bsc,0,ratio_100,2,2,0.0004756590642500669,0.9784759283065796
bsc_token_hub_2022,bsc_token_hub_2022__hn068,bsc_token_hub_2022,hard_negative_mined,bsc,0,ratio_100,2,2,0.0006171083077788353,0.9784759283065796
bsc_token_hub_2022,bsc_token_hub_2022__hn069,bsc_token_hub_2022,hard_negative_mined,bsc,0,ratio_100,3,3,0.009512169286608696,0.9784759283065796
qbridge_qubit_2022,qbridge_qubit_2022__hn000,qbridge_qubit_2022,hard_negative_mined,bsc,0,ratio_100,1,1,0.0008079546387307346,0.9271531105041504
qbridge_qubit_2022,qbridge_qubit_2022__hn001,qbridge_qubit_2022,hard_negative_mined,bsc,0,ratio_100,458,458,0.0011156389955431223,0.9271531105041504
qbridge_qubit_2022,qbridge_qubit_2022__hn002,qbridge_qubit_2022,hard_negative_mined,bsc,0,ratio_100,3,3,0.0002567037590779364,0.9271531105041504
qbridge_qubit_2022,qbridge_qubit_2022__hn003,qbridge_qubit_2022,hard_negative_mined,bsc,0,ratio_100,1,1,0.00033956923289224505,0.9271531105041504
qbridge_qubit_2022,qbridge_qubit_2022__hn004,qbridge_qubit_2022,hard_negative_mined,bsc,0,ratio_100,3,3,0.0008631956297904253,0.9271531105041504
qbridge_qubit_2022,qbridge_qubit_2022__hn005,qbridge_qubit_2022,hard_negative_mined,bsc,0,ratio_100,3,3,0.004816202446818352,0.9271531105041504
qbridge_qubit_2022,qbridge_qubit_2022__hn006,qbridge_qubit_2022,hard_negative_mined,bsc,0,ratio_100,2,2,0.001391611178405583,0.9271531105041504
qbridge_qubit_2022,qbridge_qubit_2022__hn007,qbridge_qubit_2022,hard_negative_mined,bsc,0,ratio_100,2,2,0.00019661559781525284,0.9271531105041504
qbridge_qubit_2022,qbridge_qubit_2022__hn008,qbridge_qubit_2022,hard_negative_mined,bsc,0,ratio_100,7,7,0.00033956923289224505,0.9271531105041504
qbridge_qubit_2022,qbridge_qubit_2022__hn009,qbridge_qubit_2022,hard_negative_mined,bsc,0,ratio_100,858,858,0.0011136268731206656,0.9271531105041504
qbridge_qubit_2022,qbridge_qubit_2022__hn010,qbridge_qubit_2022,hard_negative_mined,bsc,0,ratio_100,176,176,0.00028109157574363053,0.9271531105041504
qbridge_qubit_2022,qbridge_qubit_2022__hn011,qbridge_qubit_2022,hard_negative_mined,bsc,0,ratio_100,773,773,0.007447562180459499,0.9271531105041504
qbridge_qubit_2022,qbridge_qubit_2022__hn012,qbridge_qubit_2022,hard_negative_mined,bsc,0,ratio_100,4,4,0.0058356462977826595,0.9271531105041504
qbridge_qubit_2022,qbridge_qubit_2022__hn013,qbridge_qubit_2022,hard_negative_mined,bsc,0,ratio_100,521,521,0.0011113467626273632,0.9271531105041504
qbridge_qubit_2022,qbridge_qubit_2022__hn014,qbridge_qubit_2022,hard_negative_mined,bsc,0,ratio_100,11,11,0.0007298141135834157,0.9271531105041504
qbridge_qubit_2022,qbridge_qubit_2022__hn015,qbridge_qubit_2022,hard_negative_mined,bsc,0,ratio_100,23,23,0.0017786131938919425,0.9271531105041504
qbridge_qubit_2022,qbridge_qubit_2022__hn016,qbridge_qubit_2022,hard_negative_mined,bsc,0,ratio_100,4,4,0.0008079546387307346,0.9271531105041504
qbridge_qubit_2022,qbridge_qubit_2022__hn017,qbridge_qubit_2022,hard_negative_mined,bsc,0,ratio_100,2,2,0.00037892736145295203,0.9271531105041504
qbridge_qubit_2022,qbridge_qubit_2022__hn018,qbridge_qubit_2022,hard_negative_mined,bsc,0,ratio_100,2,2,0.0004679088306147605,0.9271531105041504
qbridge_qubit_2022,qbridge_qubit_2022__hn019,qbridge_qubit_2022,hard_negative_mined,bsc,0,ratio_100,1,1,0.00033956923289224505,0.9271531105041504
qbridge_qubit_2022,qbridge_qubit_2022__hn020,qbridge_qubit_2022,hard_negative_mined,bsc,0,ratio_100,3,3,0.0004405758227221668,0.9271531105041504
qbridge_qubit_2022,qbridge_qubit_2022__hn021,qbridge_qubit_2022,hard_negative_mined,bsc,0,ratio_100,12,12,0.004870171193033457,0.9271531105041504
qbridge_qubit_2022,qbridge_qubit_2022__hn022,qbridge_qubit_2022,hard_negative_mined,bsc,0,ratio_100,77,77,0.04854542389512062,0.9271531105041504
qbridge_qubit_2022,qbridge_qubit_2022__hn023,qbridge_qubit_2022,hard_negative_mined,bsc,0,ratio_100,253,253,0.004695347510278225,0.9271531105041504
qbridge_qubit_2022,qbridge_qubit_2022__hn024,qbridge_qubit_2022,hard_negative_mined,bsc,0,ratio_100,2,2,0.000411325047025457,0.9271531105041504
qbridge_qubit_2022,qbridge_qubit_2022__hn025,qbridge_qubit_2022,hard_negative_mined,bsc,0,ratio_100,43,43,0.02349788509309292,0.9271531105041504
qbridge_qubit_2022,qbridge_qubit_2022__hn026,qbridge_qubit_2022,hard_negative_mined,bsc,0,ratio_100,1,1,0.00033956923289224505,0.9271531105041504
qbridge_qubit_2022,qbridge_qubit_2022__hn027,qbridge_qubit_2022,hard_negative_mined,bsc,0,ratio_100,3,3,0.004816202446818352,0.9271531105041504
qbridge_qubit_2022,qbridge_qubit_2022__hn028,qbridge_qubit_2022,hard_negative_mined,bsc,0,ratio_100,8,8,0.0018823964055627584,0.9271531105041504
qbridge_qubit_2022,qbridge_qubit_2022__hn029,qbridge_qubit_2022,hard_negative_mined,bsc,0,ratio_100,3,3,0.0006226158584468067,0.9271531105041504
qbridge_qubit_2022,qbridge_qubit_2022__hn030,qbridge_qubit_2022,hard_negative_mined,bsc,0,ratio_100,1,1,0.0004708309134002775,0.9271531105041504
qbridge_qubit_2022,qbridge_qubit_2022__hn031,qbridge_qubit_2022,hard_negative_mined,bsc,0,ratio_100,2,2,0.0004679088306147605,0.9271531105041504
qbridge_qubit_2022,qbridge_qubit_2022__hn032,qbridge_qubit_2022,hard_negative_mined,bsc,0,ratio_100,58,58,0.17906229197978973,0.9271531105041504
qbridge_qubit_2022,qbridge_qubit_2022__hn033,qbridge_qubit_2022,hard_negative_mined,bsc,0,ratio_100,89,89,0.013498048298060894,0.9271531105041504
qbridge_qubit_2022,qbridge_qubit_2022__hn034,qbridge_qubit_2022,hard_negative_mined,bsc,0,ratio_100,1,1,0.0004708309134002775,0.9271531105041504
feg_bridge_2024,feg_bridge_2024__hn000,feg_bridge_2024,hard_negative_mined,eth,0,ratio_100,1,1,0.6181288361549377,0.1249067559838295
feg_bridge_2024,feg_bridge_2024__hn001,feg_bridge_2024,hard_negative_mined,eth,0,ratio_100,1,1,0.6181288361549377,0.1249067559838295
feg_bridge_2024,feg_bridge_2024__hn002,feg_bridge_2024,hard_negative_mined,eth,0,ratio_100,1,1,0.6181288361549377,0.1249067559838295
feg_bridge_2024,feg_bridge_2024__hn003,feg_bridge_2024,hard_negative_mined,eth,0,ratio_100,2,2,0.42245110869407654,0.1249067559838295
feg_bridge_2024,feg_bridge_2024__hn004,feg_bridge_2024,hard_negative_mined,eth,0,ratio_100,1,1,0.6181288361549377,0.1249067559838295
feg_bridge_2024,feg_bridge_2024__hn005,feg_bridge_2024,hard_negative_mined,eth,0,ratio_100,1,1,0.9279338121414185,0.1249067559838295
feg_bridge_2024,feg_bridge_2024__hn006,feg_bridge_2024,hard_negative_mined,eth,0,ratio_100,1,1,0.9279338121414185,0.1249067559838295
feg_bridge_2024,feg_bridge_2024__hn007,feg_bridge_2024,hard_negative_mined,eth,0,ratio_100,1,1,0.6181288361549377,0.1249067559838295
feg_bridge_2024,feg_bridge_2024__hn008,feg_bridge_2024,hard_negative_mined,eth,0,ratio_100,1,1,0.9279338121414185,0.1249067559838295
feg_bridge_2024,feg_bridge_2024__hn009,feg_bridge_2024,hard_negative_mined,eth,0,ratio_100,1,1,0.6181288361549377,0.1249067559838295
feg_bridge_2024,feg_bridge_2024__hn010,feg_bridge_2024,hard_negative_mined,eth,0,ratio_100,1,1,0.6181288361549377,0.1249067559838295
feg_bridge_2024,feg_bridge_2024__hn011,feg_bridge_2024,hard_negative_mined,eth,0,ratio_100,1,1,0.6181288361549377,0.1249067559838295
feg_bridge_2024,feg_bridge_2024__hn012,feg_bridge_2024,hard_negative_mined,eth,0,ratio_100,1,1,0.9279338121414185,0.1249067559838295
feg_bridge_2024,feg_bridge_2024__hn013,feg_bridge_2024,hard_negative_mined,eth,0,ratio_100,1,1,0.6181288361549377,0.1249067559838295
feg_bridge_2024,feg_bridge_2024__hn014,feg_bridge_2024,hard_negative_mined,eth,0,ratio_100,1,1,0.6181288361549377,0.1249067559838295
feg_bridge_2024,feg_bridge_2024__hn015,feg_bridge_2024,hard_negative_mined,eth,0,ratio_100,1,1,0.6181288361549377,0.1249067559838295
feg_bridge_2024,feg_bridge_2024__hn016,feg_bridge_2024,hard_negative_mined,eth,0,ratio_100,1,1,0.6181288361549377,0.1249067559838295
feg_bridge_2024,feg_bridge_2024__hn017,feg_bridge_2024,hard_negative_mined,eth,0,ratio_100,1,1,0.9279338121414185,0.1249067559838295
feg_bridge_2024,feg_bridge_2024__hn018,feg_bridge_2024,hard_negative_mined,eth,0,ratio_100,1,1,0.9279338121414185,0.1249067559838295
feg_bridge_2024,feg_bridge_2024__hn019,feg_bridge_2024,hard_negative_mined,eth,0,ratio_100,1,1,0.6181288361549377,0.1249067559838295
feg_bridge_2024,feg_bridge_2024__hn020,feg_bridge_2024,hard_negative_mined,eth,0,ratio_100,1,1,0.9279338121414185,0.1249067559838295
feg_bridge_2024,feg_bridge_2024__hn021,feg_bridge_2024,hard_negative_mined,eth,0,ratio_100,1,1,0.6181288361549377,0.1249067559838295
feg_bridge_2024,feg_bridge_2024__hn022,feg_bridge_2024,hard_negative_mined,eth,0,ratio_100,1,1,0.6181288361549377,0.1249067559838295
feg_bridge_2024,feg_bridge_2024__hn023,feg_bridge_2024,hard_negative_mined,eth,0,ratio_100,1,1,0.6181288361549377,0.1249067559838295
feg_bridge_2024,feg_bridge_2024__hn024,feg_bridge_2024,hard_negative_mined,eth,0,ratio_100,1,1,0.6181288361549377,0.1249067559838295
feg_bridge_2024,feg_bridge_2024__hn025,feg_bridge_2024,hard_negative_mined,eth,0,ratio_100,1,1,0.6181288361549377,0.1249067559838295
feg_bridge_2024,feg_bridge_2024__hn027,feg_bridge_2024,hard_negative_mined,eth,0,ratio_100,1,1,0.6181288361549377,0.1249067559838295
feg_bridge_2024,feg_bridge_2024__hn028,feg_bridge_2024,hard_negative_mined,eth,0,ratio_100,1,1,0.6181288361549377,0.1249067559838295
feg_bridge_2024,feg_bridge_2024__hn029,feg_bridge_2024,hard_negative_mined,eth,0,ratio_100,1,1,0.6181288361549377,0.1249067559838295
feg_bridge_2024,feg_bridge_2024__hn030,feg_bridge_2024,hard_negative_mined,eth,0,ratio_100,1,1,0.6181288361549377,0.1249067559838295
feg_bridge_2024,feg_bridge_2024__hn031,feg_bridge_2024,hard_negative_mined,eth,0,ratio_100,1,1,0.6181288361549377,0.1249067559838295
chibi_finance_2023,chibi_finance_2023__hn000,chibi_finance_2023,hard_negative_mined,arbitrum,0,ratio_100,1,1,0.000396872463170439,0.988631546497345
chibi_finance_2023,chibi_finance_2023__hn001,chibi_finance_2023,hard_negative_mined,arbitrum,0,ratio_100,1,1,0.000396872463170439,0.988631546497345
chibi_finance_2023,chibi_finance_2023__hn002,chibi_finance_2023,hard_negative_mined,arbitrum,0,ratio_100,3,3,0.0006813668296672404,0.988631546497345
chibi_finance_2023,chibi_finance_2023__hn003,chibi_finance_2023,hard_negative_mined,arbitrum,0,ratio_100,1,1,0.000396872463170439,0.988631546497345
chibi_finance_2023,chibi_finance_2023__hn004,chibi_finance_2023,hard_negative_mined,arbitrum,0,ratio_100,8,8,0.00034912890987470746,0.988631546497345
chibi_finance_2023,chibi_finance_2023__hn005,chibi_finance_2023,hard_negative_mined,arbitrum,0,ratio_100,1,1,0.000396872463170439,0.988631546497345
chibi_finance_2023,chibi_finance_2023__hn006,chibi_finance_2023,hard_negative_mined,arbitrum,0,ratio_100,2,2,0.000396872463170439,0.988631546497345
chibi_finance_2023,chibi_finance_2023__hn007,chibi_finance_2023,hard_negative_mined,arbitrum,0,ratio_100,2,2,0.0018153009004890919,0.988631546497345
chibi_finance_2023,chibi_finance_2023__hn008,chibi_finance_2023,hard_negative_mined,arbitrum,0,ratio_100,1,1,0.000396872463170439,0.988631546497345
chibi_finance_2023,chibi_finance_2023__hn009,chibi_finance_2023,hard_negative_mined,arbitrum,0,ratio_100,2,2,0.000396872463170439,0.988631546497345
chibi_finance_2023,chibi_finance_2023__hn010,chibi_finance_2023,hard_negative_mined,arbitrum,0,ratio_100,2,2,0.00022040893964003772,0.988631546497345
chibi_finance_2023,chibi_finance_2023__hn011,chibi_finance_2023,hard_negative_mined,arbitrum,0,ratio_100,2,2,0.0004193569766357541,0.988631546497345
chibi_finance_2023,chibi_finance_2023__hn012,chibi_finance_2023,hard_negative_mined,arbitrum,0,ratio_100,1,1,0.000396872463170439,0.988631546497345
chibi_finance_2023,chibi_finance_2023__hn013,chibi_finance_2023,hard_negative_mined,arbitrum,0,ratio_100,2,2,0.0004193569766357541,0.988631546497345
chibi_finance_2023,chibi_finance_2023__hn014,chibi_finance_2023,hard_negative_mined,arbitrum,0,ratio_100,1,1,0.000396872463170439,0.988631546497345
chibi_finance_2023,chibi_finance_2023__hn015,chibi_finance_2023,hard_negative_mined,arbitrum,0,ratio_100,6,6,0.00028147667762823403,0.988631546497345
chibi_finance_2023,chibi_finance_2023__hn016,chibi_finance_2023,hard_negative_mined,arbitrum,0,ratio_100,1,1,0.000396872463170439,0.988631546497345
chibi_finance_2023,chibi_finance_2023__hn017,chibi_finance_2023,hard_negative_mined,arbitrum,0,ratio_100,1,1,0.000396872463170439,0.988631546497345
chibi_finance_2023,chibi_finance_2023__hn018,chibi_finance_2023,hard_negative_mined,arbitrum,0,ratio_100,2,2,0.0004193569766357541,0.988631546497345
chibi_finance_2023,chibi_finance_2023__hn019,chibi_finance_2023,hard_negative_mined,arbitrum,0,ratio_100,1,1,0.000396872463170439,0.988631546497345
chibi_finance_2023,chibi_finance_2023__hn020,chibi_finance_2023,hard_negative_mined,arbitrum,0,ratio_100,1,1,0.000396872463170439,0.988631546497345
chibi_finance_2023,chibi_finance_2023__hn021,chibi_finance_2023,hard_negative_mined,arbitrum,0,ratio_100,1,1,0.000396872463170439,0.988631546497345
chibi_finance_2023,chibi_finance_2023__hn022,chibi_finance_2023,hard_negative_mined,arbitrum,0,ratio_100,1,1,0.000396872463170439,0.988631546497345
chibi_finance_2023,chibi_finance_2023__hn023,chibi_finance_2023,hard_negative_mined,arbitrum,0,ratio_100,1,1,0.000396872463170439,0.988631546497345
chibi_finance_2023,chibi_finance_2023__hn024,chibi_finance_2023,hard_negative_mined,arbitrum,0,ratio_100,1,1,0.000396872463170439,0.988631546497345
wooppv2_2024,wooppv2_2024__hn000,wooppv2_2024,hard_negative_mined,arbitrum,0,ratio_100,1,1,0.0003520651953294873,0.9888894557952881
wooppv2_2024,wooppv2_2024__hn001,wooppv2_2024,hard_negative_mined,arbitrum,0,ratio_100,5,5,0.0004547583230305463,0.9888894557952881
wooppv2_2024,wooppv2_2024__hn002,wooppv2_2024,hard_negative_mined,arbitrum,0,ratio_100,3,3,0.0003520651953294873,0.9888894557952881
wooppv2_2024,wooppv2_2024__hn003,wooppv2_2024,hard_negative_mined,arbitrum,0,ratio_100,3,3,0.0003520651953294873,0.9888894557952881
wooppv2_2024,wooppv2_2024__hn004,wooppv2_2024,hard_negative_mined,arbitrum,0,ratio_100,1,1,0.0003520651953294873,0.9888894557952881
wooppv2_2024,wooppv2_2024__hn005,wooppv2_2024,hard_negative_mined,arbitrum,0,ratio_100,3,3,0.00017960793047677726,0.9888894557952881
wooppv2_2024,wooppv2_2024__hn006,wooppv2_2024,hard_negative_mined,arbitrum,0,ratio_100,1,1,0.0003520651953294873,0.9888894557952881
wooppv2_2024,wooppv2_2024__hn007,wooppv2_2024,hard_negative_mined,arbitrum,0,ratio_100,1,1,0.0003520651953294873,0.9888894557952881
wooppv2_2024,wooppv2_2024__hn008,wooppv2_2024,hard_negative_mined,arbitrum,0,ratio_100,1,1,0.00038529004086740315,0.9888894557952881
wooppv2_2024,wooppv2_2024__hn009,wooppv2_2024,hard_negative_mined,arbitrum,0,ratio_100,1,1,0.0003520651953294873,0.9888894557952881
wooppv2_2024,wooppv2_2024__hn010,wooppv2_2024,hard_negative_mined,arbitrum,0,ratio_100,1,1,0.0003520651953294873,0.9888894557952881
wooppv2_2024,wooppv2_2024__hn011,wooppv2_2024,hard_negative_mined,arbitrum,0,ratio_100,1,1,0.00038529004086740315,0.9888894557952881
wooppv2_2024,wooppv2_2024__hn012,wooppv2_2024,hard_negative_mined,arbitrum,0,ratio_100,1,1,0.00040858457214199007,0.9888894557952881
wooppv2_2024,wooppv2_2024__hn013,wooppv2_2024,hard_negative_mined,arbitrum,0,ratio_100,1,1,0.0003520651953294873,0.9888894557952881
wooppv2_2024,wooppv2_2024__hn014,wooppv2_2024,hard_negative_mined,arbitrum,0,ratio_100,1,1,0.0003520651953294873,0.9888894557952881
wooppv2_2024,wooppv2_2024__hn015,wooppv2_2024,hard_negative_mined,arbitrum,0,ratio_100,6,6,0.0003520651953294873,0.9888894557952881
wooppv2_2024,wooppv2_2024__hn016,wooppv2_2024,hard_negative_mined,arbitrum,0,ratio_100,1,1,0.0003520651953294873,0.9888894557952881
wooppv2_2024,wooppv2_2024__hn017,wooppv2_2024,hard_negative_mined,arbitrum,0,ratio_100,1,1,0.00038529004086740315,0.9888894557952881
wooppv2_2024,wooppv2_2024__hn018,wooppv2_2024,hard_negative_mined,arbitrum,0,ratio_100,1,1,0.0003520651953294873,0.9888894557952881
wooppv2_2024,wooppv2_2024__hn019,wooppv2_2024,hard_negative_mined,arbitrum,0,ratio_100,1,1,0.0003520651953294873,0.9888894557952881
wooppv2_2024,wooppv2_2024__hn020,wooppv2_2024,hard_negative_mined,arbitrum,0,ratio_100,1,1,0.00038529004086740315,0.9888894557952881
wooppv2_2024,wooppv2_2024__hn021,wooppv2_2024,hard_negative_mined,arbitrum,0,ratio_100,1,1,0.0003520651953294873,0.9888894557952881
wooppv2_2024,wooppv2_2024__hn022,wooppv2_2024,hard_negative_mined,arbitrum,0,ratio_100,1,1,0.0003520651953294873,0.9888894557952881
wooppv2_2024,wooppv2_2024__hn023,wooppv2_2024,hard_negative_mined,arbitrum,0,ratio_100,1,1,0.00038529004086740315,0.9888894557952881
wooppv2_2024,wooppv2_2024__hn024,wooppv2_2024,hard_negative_mined,arbitrum,0,ratio_100,1,1,0.00038529004086740315,0.9888894557952881
utopiasphere_2024,utopiasphere_2024__hn000,utopiasphere_2024,hard_negative_mined,bsc,0,ratio_100,3,3,0.0016704695299267769,0.9647297859191895
utopiasphere_2024,utopiasphere_2024__hn001,utopiasphere_2024,hard_negative_mined,bsc,0,ratio_100,229,229,0.00029704798362217844,0.9647297859191895
utopiasphere_2024,utopiasphere_2024__hn002,utopiasphere_2024,hard_negative_mined,bsc,0,ratio_100,1,1,0.0004343515320215374,0.9647297859191895
utopiasphere_2024,utopiasphere_2024__hn003,utopiasphere_2024,hard_negative_mined,bsc,0,ratio_100,1,1,0.0004343515320215374,0.9647297859191895
utopiasphere_2024,utopiasphere_2024__hn004,utopiasphere_2024,hard_negative_mined,bsc,0,ratio_100,6,6,0.00034660566598176956,0.9647297859191895
utopiasphere_2024,utopiasphere_2024__hn005,utopiasphere_2024,hard_negative_mined,bsc,0,ratio_100,1,1,0.0004343515320215374,0.9647297859191895
utopiasphere_2024,utopiasphere_2024__hn006,utopiasphere_2024,hard_negative_mined,bsc,0,ratio_100,1,1,0.0004343515320215374,0.9647297859191895
utopiasphere_2024,utopiasphere_2024__hn007,utopiasphere_2024,hard_negative_mined,bsc,0,ratio_100,1,1,0.0004343515320215374,0.9647297859191895
utopiasphere_2024,utopiasphere_2024__hn008,utopiasphere_2024,hard_negative_mined,bsc,0,ratio_100,3,3,0.001625217031687498,0.9647297859191895
utopiasphere_2024,utopiasphere_2024__hn009,utopiasphere_2024,hard_negative_mined,bsc,0,ratio_100,3,3,0.00036844314308837056,0.9647297859191895
utopiasphere_2024,utopiasphere_2024__hn010,utopiasphere_2024,hard_negative_mined,bsc,0,ratio_100,1,1,0.0004343515320215374,0.9647297859191895
utopiasphere_2024,utopiasphere_2024__hn011,utopiasphere_2024,hard_negative_mined,bsc,0,ratio_100,1,1,0.0004343515320215374,0.9647297859191895
utopiasphere_2024,utopiasphere_2024__hn012,utopiasphere_2024,hard_negative_mined,bsc,0,ratio_100,1,1,0.0004343515320215374,0.9647297859191895
utopiasphere_2024,utopiasphere_2024__hn014,utopiasphere_2024,hard_negative_mined,bsc,0,ratio_100,1,1,0.0004343515320215374,0.9647297859191895
utopiasphere_2024,utopiasphere_2024__hn015,utopiasphere_2024,hard_negative_mined,bsc,0,ratio_100,1,1,0.0004343515320215374,0.9647297859191895
utopiasphere_2024,utopiasphere_2024__hn016,utopiasphere_2024,hard_negative_mined,bsc,0,ratio_100,1,1,0.0004343515320215374,0.9647297859191895
utopiasphere_2024,utopiasphere_2024__hn017,utopiasphere_2024,hard_negative_mined,bsc,0,ratio_100,6,6,0.0011428621364757419,0.9647297859191895
utopiasphere_2024,utopiasphere_2024__hn018,utopiasphere_2024,hard_negative_mined,bsc,0,ratio_100,2,2,0.00036844314308837056,0.9647297859191895
utopiasphere_2024,utopiasphere_2024__hn019,utopiasphere_2024,hard_negative_mined,bsc,0,ratio_100,1,1,0.0004343515320215374,0.9647297859191895
utopiasphere_2024,utopiasphere_2024__hn020,utopiasphere_2024,hard_negative_mined,bsc,0,ratio_100,3,3,0.0007838274468667805,0.9647297859191895
utopiasphere_2024,utopiasphere_2024__hn021,utopiasphere_2024,hard_negative_mined,bsc,0,ratio_100,1,1,0.0004343515320215374,0.9647297859191895
utopiasphere_2024,utopiasphere_2024__hn022,utopiasphere_2024,hard_negative_mined,bsc,0,ratio_100,2,2,0.00020127746392972767,0.9647297859191895
utopiasphere_2024,utopiasphere_2024__hn024,utopiasphere_2024,hard_negative_mined,bsc,0,ratio_100,2,2,0.0004343515320215374,0.9647297859191895
xkingdom_2024,xkingdom_2024__hn000,xkingdom_2024,hard_negative_mined,arbitrum,0,ratio_100,2,2,0.0001743134780554101,0.9843378663063049
xkingdom_2024,xkingdom_2024__hn001,xkingdom_2024,hard_negative_mined,arbitrum,0,ratio_100,2,2,0.0001743134780554101,0.9843378663063049
xkingdom_2024,xkingdom_2024__hn002,xkingdom_2024,hard_negative_mined,arbitrum,0,ratio_100,3,3,0.0002073752839351073,0.9843378663063049
xkingdom_2024,xkingdom_2024__hn003,xkingdom_2024,hard_negative_mined,arbitrum,0,ratio_100,1,1,0.0003427790361456573,0.9843378663063049
xkingdom_2024,xkingdom_2024__hn004,xkingdom_2024,hard_negative_mined,arbitrum,0,ratio_100,1,1,0.0003427790361456573,0.9843378663063049
xkingdom_2024,xkingdom_2024__hn005,xkingdom_2024,hard_negative_mined,arbitrum,0,ratio_100,3,3,0.0002073752839351073,0.9843378663063049
xkingdom_2024,xkingdom_2024__hn006,xkingdom_2024,hard_negative_mined,arbitrum,0,ratio_100,1,1,0.0003427790361456573,0.9843378663063049
xkingdom_2024,xkingdom_2024__hn007,xkingdom_2024,hard_negative_mined,arbitrum,0,ratio_100,1,1,0.0003427790361456573,0.9843378663063049
xkingdom_2024,xkingdom_2024__hn008,xkingdom_2024,hard_negative_mined,arbitrum,0,ratio_100,1,1,0.0003427790361456573,0.9843378663063049
xkingdom_2024,xkingdom_2024__hn009,xkingdom_2024,hard_negative_mined,arbitrum,0,ratio_100,2,2,0.0001743134780554101,0.9843378663063049
xkingdom_2024,xkingdom_2024__hn010,xkingdom_2024,hard_negative_mined,arbitrum,0,ratio_100,3,3,0.0002073752839351073,0.9843378663063049
xkingdom_2024,xkingdom_2024__hn011,xkingdom_2024,hard_negative_mined,arbitrum,0,ratio_100,1,1,0.0004066543187946081,0.9843378663063049
xkingdom_2024,xkingdom_2024__hn012,xkingdom_2024,hard_negative_mined,arbitrum,0,ratio_100,2,2,0.0001743134780554101,0.9843378663063049
xkingdom_2024,xkingdom_2024__hn013,xkingdom_2024,hard_negative_mined,arbitrum,0,ratio_100,3,3,0.0002073752839351073,0.9843378663063049
xkingdom_2024,xkingdom_2024__hn014,xkingdom_2024,hard_negative_mined,arbitrum,0,ratio_100,1,1,0.0003427790361456573,0.9843378663063049
xkingdom_2024,xkingdom_2024__hn015,xkingdom_2024,hard_negative_mined,arbitrum,0,ratio_100,1,1,0.0003427790361456573,0.9843378663063049
xkingdom_2024,xkingdom_2024__hn016,xkingdom_2024,hard_negative_mined,arbitrum,0,ratio_100,1,1,0.0003427790361456573,0.9843378663063049
xkingdom_2024,xkingdom_2024__hn017,xkingdom_2024,hard_negative_mined,arbitrum,0,ratio_100,3,3,0.0002073752839351073,0.9843378663063049
xkingdom_2024,xkingdom_2024__hn018,xkingdom_2024,hard_negative_mined,arbitrum,0,ratio_100,1,1,0.0003427790361456573,0.9843378663063049
xkingdom_2024,xkingdom_2024__hn019,xkingdom_2024,hard_negative_mined,arbitrum,0,ratio_100,1,1,0.0003427790361456573,0.9843378663063049
xkingdom_2024,xkingdom_2024__hn020,xkingdom_2024,hard_negative_mined,arbitrum,0,ratio_100,3,3,0.0003922107571270317,0.9843378663063049
xkingdom_2024,xkingdom_2024__hn021,xkingdom_2024,hard_negative_mined,arbitrum,0,ratio_100,3,3,0.0003922107571270317,0.9843378663063049
wault_finance_2021,wault_finance_2021__hn000,wault_finance_2021,hard_negative_mined,bsc,0,ratio_100,449,449,0.001046781544573605,0.9558624625205994
wault_finance_2021,wault_finance_2021__hn001,wault_finance_2021,hard_negative_mined,bsc,0,ratio_100,353,353,0.0021864064037799835,0.9558624625205994
wault_finance_2021,wault_finance_2021__hn002,wault_finance_2021,hard_negative_mined,bsc,0,ratio_100,1,1,0.0007912201108410954,0.9558624625205994
wault_finance_2021,wault_finance_2021__hn003,wault_finance_2021,hard_negative_mined,bsc,0,ratio_100,850,850,0.0007976806373335421,0.9558624625205994
wault_finance_2021,wault_finance_2021__hn004,wault_finance_2021,hard_negative_mined,bsc,0,ratio_100,439,439,0.0018641861388459802,0.9558624625205994
wault_finance_2021,wault_finance_2021__hn005,wault_finance_2021,hard_negative_mined,bsc,0,ratio_100,1,1,0.0003925889322999865,0.9558624625205994
wault_finance_2021,wault_finance_2021__hn006,wault_finance_2021,hard_negative_mined,bsc,0,ratio_100,1000,1000,0.0037140222266316414,0.9558624625205994
wault_finance_2021,wault_finance_2021__hn007,wault_finance_2021,hard_negative_mined,bsc,0,ratio_100,9,9,0.015473742038011551,0.9558624625205994
wault_finance_2021,wault_finance_2021__hn008,wault_finance_2021,hard_negative_mined,bsc,0,ratio_100,3,3,0.0006499623414129019,0.9558624625205994
wault_finance_2021,wault_finance_2021__hn009,wault_finance_2021,hard_negative_mined,bsc,0,ratio_100,6,6,0.0006057831924408674,0.9558624625205994
wault_finance_2021,wault_finance_2021__hn010,wault_finance_2021,hard_negative_mined,bsc,0,ratio_100,7,7,0.0003925889322999865,0.9558624625205994
wault_finance_2021,wault_finance_2021__hn011,wault_finance_2021,hard_negative_mined,bsc,0,ratio_100,46,46,0.0035602315329015255,0.9558624625205994
wault_finance_2021,wault_finance_2021__hn012,wault_finance_2021,hard_negative_mined,bsc,0,ratio_100,13,13,0.00017871585441753268,0.9558624625205994
wault_finance_2021,wault_finance_2021__hn013,wault_finance_2021,hard_negative_mined,bsc,0,ratio_100,1,1,0.0003925889322999865,0.9558624625205994
wault_finance_2021,wault_finance_2021__hn014,wault_finance_2021,hard_negative_mined,bsc,0,ratio_100,7,7,0.0013954618480056524,0.9558624625205994
wault_finance_2021,wault_finance_2021__hn015,wault_finance_2021,hard_negative_mined,bsc,0,ratio_100,2,2,0.00042569925426505506,0.9558624625205994
wault_finance_2021,wault_finance_2021__hn016,wault_finance_2021,hard_negative_mined,bsc,0,ratio_100,997,997,0.0036349764559417963,0.9558624625205994
wault_finance_2021,wault_finance_2021__hn017,wault_finance_2021,hard_negative_mined,bsc,0,ratio_100,3,3,0.005013560876250267,0.9558624625205994
wault_finance_2021,wault_finance_2021__hn018,wault_finance_2021,hard_negative_mined,bsc,0,ratio_100,7,7,0.0002749428676906973,0.9558624625205994
wault_finance_2021,wault_finance_2021__hn019,wault_finance_2021,hard_negative_mined,bsc,0,ratio_100,6,6,0.00044240462011657655,0.9558624625205994
wault_finance_2021,wault_finance_2021__hn020,wault_finance_2021,hard_negative_mined,bsc,0,ratio_100,1,1,0.0003925889322999865,0.9558624625205994
wault_finance_2021,wault_finance_2021__hn021,wault_finance_2021,hard_negative_mined,bsc,0,ratio_100,3,3,0.00029003198142163455,0.9558624625205994
paraluni_2022,paraluni_2022__hn000,paraluni_2022,hard_negative_mined,bsc,0,ratio_100,4,4,0.006287312600761652,0.9920802712440491
paraluni_2022,paraluni_2022__hn001,paraluni_2022,hard_negative_mined,bsc,0,ratio_100,1000,1000,0.02034333162009716,0.9920802712440491
paraluni_2022,paraluni_2022__hn002,paraluni_2022,hard_negative_mined,bsc,0,ratio_100,560,560,0.0541200190782547,0.9920802712440491
paraluni_2022,paraluni_2022__hn003,paraluni_2022,hard_negative_mined,bsc,0,ratio_100,1,1,0.0004969130968675017,0.9920802712440491
paraluni_2022,paraluni_2022__hn004,paraluni_2022,hard_negative_mined,bsc,0,ratio_100,4,4,0.06781839579343796,0.9920802712440491
paraluni_2022,paraluni_2022__hn005,paraluni_2022,hard_negative_mined,bsc,0,ratio_100,108,108,0.0016872856067493558,0.9920802712440491
paraluni_2022,paraluni_2022__hn006,paraluni_2022,hard_negative_mined,bsc,0,ratio_100,15,15,0.0010690067429095507,0.9920802712440491
paraluni_2022,paraluni_2022__hn007,paraluni_2022,hard_negative_mined,bsc,0,ratio_100,13,13,0.08662829548120499,0.9920802712440491
paraluni_2022,paraluni_2022__hn008,paraluni_2022,hard_negative_mined,bsc,0,ratio_100,4,4,0.0011612223461270332,0.9920802712440491
paraluni_2022,paraluni_2022__hn009,paraluni_2022,hard_negative_mined,bsc,0,ratio_100,334,334,0.001231235801242292,0.9920802712440491
paraluni_2022,paraluni_2022__hn010,paraluni_2022,hard_negative_mined,bsc,0,ratio_100,1,1,0.0006611925200559199,0.9920802712440491
paraluni_2022,paraluni_2022__hn011,paraluni_2022,hard_negative_mined,bsc,0,ratio_100,6,6,0.004943452309817076,0.9920802712440491
paraluni_2022,paraluni_2022__hn012,paraluni_2022,hard_negative_mined,bsc,0,ratio_100,27,27,0.001307825674302876,0.9920802712440491
paraluni_2022,paraluni_2022__hn013,paraluni_2022,hard_negative_mined,bsc,0,ratio_100,13,13,0.07380297780036926,0.9920802712440491
paraluni_2022,paraluni_2022__hn014,paraluni_2022,hard_negative_mined,bsc,0,ratio_100,219,219,0.014625370502471924,0.9920802712440491
paraluni_2022,paraluni_2022__hn015,paraluni_2022,hard_negative_mined,bsc,0,ratio_100,1,1,0.0008963066502474248,0.9920802712440491
paraluni_2022,paraluni_2022__hn016,paraluni_2022,hard_negative_mined,bsc,0,ratio_100,2,2,0.0008963066502474248,0.9920802712440491
paraluni_2022,paraluni_2022__hn017,paraluni_2022,hard_negative_mined,bsc,0,ratio_100,1000,1000,0.004722480196505785,0.9920802712440491
paraluni_2022,paraluni_2022__hn018,paraluni_2022,hard_negative_mined,bsc,0,ratio_100,5,5,0.0006077723228372633,0.9920802712440491
paraluni_2022,paraluni_2022__hn019,paraluni_2022,hard_negative_mined,bsc,0,ratio_100,2,2,0.0004502898082137108,0.9920802712440491
paraluni_2022,paraluni_2022__hn020,paraluni_2022,hard_negative_mined,bsc,0,ratio_100,1,1,0.0004502898082137108,0.9920802712440491
paraluni_2022,paraluni_2022__hn021,paraluni_2022,hard_negative_mined,bsc,0,ratio_100,1,1,0.0003245165862608701,0.9920802712440491
radiant_capital_arbitrum_2024,radiant_capital_arbitrum_2024__hn000,radiant_capital_arbitrum_2024,hard_negative_mined,arbitrum,0,ratio_100,8,8,0.0006970465765334666,0.9759568572044373
radiant_capital_arbitrum_2024,radiant_capital_arbitrum_2024__hn001,radiant_capital_arbitrum_2024,hard_negative_mined,arbitrum,0,ratio_100,5,5,0.0016472912393510342,0.9759568572044373
radiant_capital_arbitrum_2024,radiant_capital_arbitrum_2024__hn002,radiant_capital_arbitrum_2024,hard_negative_mined,arbitrum,0,ratio_100,1,1,0.0003941985487472266,0.9759568572044373
radiant_capital_arbitrum_2024,radiant_capital_arbitrum_2024__hn003,radiant_capital_arbitrum_2024,hard_negative_mined,arbitrum,0,ratio_100,24,24,0.0009016206604428589,0.9759568572044373
radiant_capital_arbitrum_2024,radiant_capital_arbitrum_2024__hn004,radiant_capital_arbitrum_2024,hard_negative_mined,arbitrum,0,ratio_100,142,142,0.0006261643720790744,0.9759568572044373
radiant_capital_arbitrum_2024,radiant_capital_arbitrum_2024__hn005,radiant_capital_arbitrum_2024,hard_negative_mined,arbitrum,0,ratio_100,1,1,0.0003941985487472266,0.9759568572044373
radiant_capital_arbitrum_2024,radiant_capital_arbitrum_2024__hn006,radiant_capital_arbitrum_2024,hard_negative_mined,arbitrum,0,ratio_100,22,22,0.0009907424682751298,0.9759568572044373
radiant_capital_arbitrum_2024,radiant_capital_arbitrum_2024__hn007,radiant_capital_arbitrum_2024,hard_negative_mined,arbitrum,0,ratio_100,3,3,0.0001922007359098643,0.9759568572044373
radiant_capital_arbitrum_2024,radiant_capital_arbitrum_2024__hn008,radiant_capital_arbitrum_2024,hard_negative_mined,arbitrum,0,ratio_100,1,1,0.0003941985487472266,0.9759568572044373
radiant_capital_arbitrum_2024,radiant_capital_arbitrum_2024__hn009,radiant_capital_arbitrum_2024,hard_negative_mined,arbitrum,0,ratio_100,2,2,0.0003941985487472266,0.9759568572044373
radiant_capital_arbitrum_2024,radiant_capital_arbitrum_2024__hn010,radiant_capital_arbitrum_2024,hard_negative_mined,arbitrum,0,ratio_100,5,5,0.0001922007359098643,0.9759568572044373
radiant_capital_arbitrum_2024,radiant_capital_arbitrum_2024__hn011,radiant_capital_arbitrum_2024,hard_negative_mined,arbitrum,0,ratio_100,4,4,0.00037427450297400355,0.9759568572044373
radiant_capital_arbitrum_2024,radiant_capital_arbitrum_2024__hn012,radiant_capital_arbitrum_2024,hard_negative_mined,arbitrum,0,ratio_100,113,113,0.0005519123515114188,0.9759568572044373
radiant_capital_arbitrum_2024,radiant_capital_arbitrum_2024__hn013,radiant_capital_arbitrum_2024,hard_negative_mined,arbitrum,0,ratio_100,4,4,0.0004704540770035237,0.9759568572044373
radiant_capital_arbitrum_2024,radiant_capital_arbitrum_2024__hn014,radiant_capital_arbitrum_2024,hard_negative_mined,arbitrum,0,ratio_100,3,3,0.0001922007359098643,0.9759568572044373
radiant_capital_arbitrum_2024,radiant_capital_arbitrum_2024__hn015,radiant_capital_arbitrum_2024,hard_negative_mined,arbitrum,0,ratio_100,3,3,0.0006227814010344446,0.9759568572044373
radiant_capital_arbitrum_2024,radiant_capital_arbitrum_2024__hn016,radiant_capital_arbitrum_2024,hard_negative_mined,arbitrum,0,ratio_100,1,1,0.0003941985487472266,0.9759568572044373
radiant_capital_arbitrum_2024,radiant_capital_arbitrum_2024__hn017,radiant_capital_arbitrum_2024,hard_negative_mined,arbitrum,0,ratio_100,1,1,0.0003941985487472266,0.9759568572044373
radiant_capital_arbitrum_2024,radiant_capital_arbitrum_2024__hn018,radiant_capital_arbitrum_2024,hard_negative_mined,arbitrum,0,ratio_100,30,30,0.0007530685979872942,0.9759568572044373
radiant_capital_arbitrum_2024,radiant_capital_arbitrum_2024__hn019,radiant_capital_arbitrum_2024,hard_negative_mined,arbitrum,0,ratio_100,4,4,0.0002265855437144637,0.9759568572044373
radiant_capital_arbitrum_2024,radiant_capital_arbitrum_2024__hn020,radiant_capital_arbitrum_2024,hard_negative_mined,arbitrum,0,ratio_100,1,1,0.0003941985487472266,0.9759568572044373
radiant_capital_arbitrum_2024,radiant_capital_arbitrum_2024__hn021,radiant_capital_arbitrum_2024,hard_negative_mined,arbitrum,0,ratio_100,1,1,0.0003941985487472266,0.9759568572044373
radiant_capital_arbitrum_2024,radiant_capital_arbitrum_2024__hn022,radiant_capital_arbitrum_2024,hard_negative_mined,arbitrum,0,ratio_100,4,4,0.0009891234803944826,0.9759568572044373
radiant_capital_arbitrum_2024,radiant_capital_arbitrum_2024__hn023,radiant_capital_arbitrum_2024,hard_negative_mined,arbitrum,0,ratio_100,2,2,0.0003941985487472266,0.9759568572044373
radiant_capital_arbitrum_2024,radiant_capital_arbitrum_2024__hn024,radiant_capital_arbitrum_2024,hard_negative_mined,arbitrum,0,ratio_100,24,24,0.0009784026769921184,0.9759568572044373
magic_abracadabra_arbitrum_2025,magic_abracadabra_arbitrum_2025__hn000,magic_abracadabra_arbitrum_2025,hard_negative_mined,arbitrum,0,ratio_100,496,496,0.001042346702888608,0.9824719429016113
magic_abracadabra_arbitrum_2025,magic_abracadabra_arbitrum_2025__hn001,magic_abracadabra_arbitrum_2025,hard_negative_mined,arbitrum,0,ratio_100,10,10,0.6810097098350525,0.9824719429016113
magic_abracadabra_arbitrum_2025,magic_abracadabra_arbitrum_2025__hn002,magic_abracadabra_arbitrum_2025,hard_negative_mined,arbitrum,0,ratio_100,2,2,0.0009715784690342844,0.9824719429016113
magic_abracadabra_arbitrum_2025,magic_abracadabra_arbitrum_2025__hn003,magic_abracadabra_arbitrum_2025,hard_negative_mined,arbitrum,0,ratio_100,3,3,0.0009715784690342844,0.9824719429016113
magic_abracadabra_arbitrum_2025,magic_abracadabra_arbitrum_2025__hn004,magic_abracadabra_arbitrum_2025,hard_negative_mined,arbitrum,0,ratio_100,1,1,0.0010597732616588473,0.9824719429016113
magic_abracadabra_arbitrum_2025,magic_abracadabra_arbitrum_2025__hn005,magic_abracadabra_arbitrum_2025,hard_negative_mined,arbitrum,0,ratio_100,5,5,0.0002377773926127702,0.9824719429016113
magic_abracadabra_arbitrum_2025,magic_abracadabra_arbitrum_2025__hn006,magic_abracadabra_arbitrum_2025,hard_negative_mined,arbitrum,0,ratio_100,2,2,0.0002757500915322453,0.9824719429016113
magic_abracadabra_arbitrum_2025,magic_abracadabra_arbitrum_2025__hn007,magic_abracadabra_arbitrum_2025,hard_negative_mined,arbitrum,0,ratio_100,3,3,0.00020470649178605527,0.9824719429016113
magic_abracadabra_arbitrum_2025,magic_abracadabra_arbitrum_2025__hn008,magic_abracadabra_arbitrum_2025,hard_negative_mined,arbitrum,0,ratio_100,20,20,0.0008729749824851751,0.9824719429016113
magic_abracadabra_arbitrum_2025,magic_abracadabra_arbitrum_2025__hn009,magic_abracadabra_arbitrum_2025,hard_negative_mined,arbitrum,0,ratio_100,4,4,0.00020470649178605527,0.9824719429016113
magic_abracadabra_arbitrum_2025,magic_abracadabra_arbitrum_2025__hn010,magic_abracadabra_arbitrum_2025,hard_negative_mined,arbitrum,0,ratio_100,5,5,0.0024850789923220873,0.9824719429016113
magic_abracadabra_arbitrum_2025,magic_abracadabra_arbitrum_2025__hn011,magic_abracadabra_arbitrum_2025,hard_negative_mined,arbitrum,0,ratio_100,14,14,0.000437583978055045,0.9824719429016113
magic_abracadabra_arbitrum_2025,magic_abracadabra_arbitrum_2025__hn012,magic_abracadabra_arbitrum_2025,hard_negative_mined,arbitrum,0,ratio_100,7,7,0.0010740288998931646,0.9824719429016113
magic_abracadabra_arbitrum_2025,magic_abracadabra_arbitrum_2025__hn013,magic_abracadabra_arbitrum_2025,hard_negative_mined,arbitrum,0,ratio_100,3,3,0.00020470649178605527,0.9824719429016113
magic_abracadabra_arbitrum_2025,magic_abracadabra_arbitrum_2025__hn014,magic_abracadabra_arbitrum_2025,hard_negative_mined,arbitrum,0,ratio_100,9,9,0.0002377773926127702,0.9824719429016113
magic_abracadabra_arbitrum_2025,magic_abracadabra_arbitrum_2025__hn015,magic_abracadabra_arbitrum_2025,hard_negative_mined,arbitrum,0,ratio_100,2,2,0.00020470649178605527,0.9824719429016113
magic_abracadabra_arbitrum_2025,magic_abracadabra_arbitrum_2025__hn016,magic_abracadabra_arbitrum_2025,hard_negative_mined,arbitrum,0,ratio_100,13,13,0.0076164547353982925,0.9824719429016113
magic_abracadabra_arbitrum_2025,magic_abracadabra_arbitrum_2025__hn017,magic_abracadabra_arbitrum_2025,hard_negative_mined,arbitrum,0,ratio_100,5,5,0.0024850789923220873,0.9824719429016113
magic_abracadabra_arbitrum_2025,magic_abracadabra_arbitrum_2025__hn018,magic_abracadabra_arbitrum_2025,hard_negative_mined,arbitrum,0,ratio_100,3,3,0.0005809346330352128,0.9824719429016113
magic_abracadabra_arbitrum_2025,magic_abracadabra_arbitrum_2025__hn019,magic_abracadabra_arbitrum_2025,hard_negative_mined,arbitrum,0,ratio_100,2,2,0.0012260735966265202,0.9824719429016113
magic_abracadabra_arbitrum_2025,magic_abracadabra_arbitrum_2025__hn020,magic_abracadabra_arbitrum_2025,hard_negative_mined,arbitrum,0,ratio_100,3,3,0.0005809346330352128,0.9824719429016113
magic_abracadabra_arbitrum_2025,magic_abracadabra_arbitrum_2025__hn021,magic_abracadabra_arbitrum_2025,hard_negative_mined,arbitrum,0,ratio_100,5,5,0.00043388971243984997,0.9824719429016113
magic_abracadabra_arbitrum_2025,magic_abracadabra_arbitrum_2025__hn022,magic_abracadabra_arbitrum_2025,hard_negative_mined,arbitrum,0,ratio_100,6,6,0.00045905247679911554,0.9824719429016113
magic_abracadabra_arbitrum_2025,magic_abracadabra_arbitrum_2025__hn023,magic_abracadabra_arbitrum_2025,hard_negative_mined,arbitrum,0,ratio_100,3,3,0.00020470649178605527,0.9824719429016113
hackerdao_2022,hackerdao_2022__hn000,hackerdao_2022,hard_negative_mined,bsc,0,ratio_100,2,2,0.0015596396988257766,0.13367977738380432
hackerdao_2022,hackerdao_2022__hn001,hackerdao_2022,hard_negative_mined,bsc,0,ratio_100,12,12,0.0012636068277060986,0.13367977738380432
hackerdao_2022,hackerdao_2022__hn002,hackerdao_2022,hard_negative_mined,bsc,0,ratio_100,3,3,0.0001732979144435376,0.13367977738380432
hackerdao_2022,hackerdao_2022__hn003,hackerdao_2022,hard_negative_mined,bsc,0,ratio_100,2,2,0.006849805358797312,0.13367977738380432
hackerdao_2022,hackerdao_2022__hn004,hackerdao_2022,hard_negative_mined,bsc,0,ratio_100,102,102,0.02757645957171917,0.13367977738380432
hackerdao_2022,hackerdao_2022__hn005,hackerdao_2022,hard_negative_mined,bsc,0,ratio_100,3,3,0.0003961522306781262,0.13367977738380432
hackerdao_2022,hackerdao_2022__hn006,hackerdao_2022,hard_negative_mined,bsc,0,ratio_100,1,1,0.0003572939313016832,0.13367977738380432
hackerdao_2022,hackerdao_2022__hn007,hackerdao_2022,hard_negative_mined,bsc,0,ratio_100,2,2,0.0014905581483617425,0.13367977738380432
hackerdao_2022,hackerdao_2022__hn008,hackerdao_2022,hard_negative_mined,bsc,0,ratio_100,2,2,0.00027350435266271234,0.13367977738380432
hackerdao_2022,hackerdao_2022__hn009,hackerdao_2022,hard_negative_mined,bsc,0,ratio_100,828,828,0.0011200540466234088,0.13367977738380432
hackerdao_2022,hackerdao_2022__hn010,hackerdao_2022,hard_negative_mined,bsc,0,ratio_100,529,529,0.0003869097272399813,0.13367977738380432
hackerdao_2022,hackerdao_2022__hn011,hackerdao_2022,hard_negative_mined,bsc,0,ratio_100,2,2,0.001188459456898272,0.13367977738380432
hackerdao_2022,hackerdao_2022__hn012,hackerdao_2022,hard_negative_mined,bsc,0,ratio_100,516,516,0.0003869097272399813,0.13367977738380432
hackerdao_2022,hackerdao_2022__hn013,hackerdao_2022,hard_negative_mined,bsc,0,ratio_100,208,208,0.09562799334526062,0.13367977738380432
hackerdao_2022,hackerdao_2022__hn014,hackerdao_2022,hard_negative_mined,bsc,0,ratio_100,2,2,0.0007569401641376317,0.13367977738380432
hackerdao_2022,hackerdao_2022__hn015,hackerdao_2022,hard_negative_mined,bsc,0,ratio_100,4,4,0.0007787142531014979,0.13367977738380432
hackerdao_2022,hackerdao_2022__hn016,hackerdao_2022,hard_negative_mined,bsc,0,ratio_100,43,43,0.14877647161483765,0.13367977738380432
hackerdao_2022,hackerdao_2022__hn017,hackerdao_2022,hard_negative_mined,bsc,0,ratio_100,3,3,0.0016887487145140767,0.13367977738380432
hackerdao_2022,hackerdao_2022__hn018,hackerdao_2022,hard_negative_mined,bsc,0,ratio_100,557,557,0.0003869097272399813,0.13367977738380432
hackerdao_2022,hackerdao_2022__hn019,hackerdao_2022,hard_negative_mined,bsc,0,ratio_100,2,2,0.0016887487145140767,0.13367977738380432
hackerdao_2022,hackerdao_2022__hn020,hackerdao_2022,hard_negative_mined,bsc,0,ratio_100,14,14,0.01672883704304695,0.13367977738380432
hackerdao_2022,hackerdao_2022__hn021,hackerdao_2022,hard_negative_mined,bsc,0,ratio_100,3,3,0.00020533730275928974,0.13367977738380432
hackerdao_2022,hackerdao_2022__hn022,hackerdao_2022,hard_negative_mined,bsc,0,ratio_100,1000,1000,0.0012690435396507382,0.13367977738380432
hackerdao_2022,hackerdao_2022__hn023,hackerdao_2022,hard_negative_mined,bsc,0,ratio_100,5,5,0.001417188672348857,0.13367977738380432
hackerdao_2022,hackerdao_2022__hn024,hackerdao_2022,hard_negative_mined,bsc,0,ratio_100,2,2,0.0008238333975896239,0.13367977738380432
new_free_dao_2022,new_free_dao_2022__hn000,new_free_dao_2022,hard_negative_mined,bsc,0,ratio_100,348,348,0.0005650696693919599,0.18318848311901093
new_free_dao_2022,new_free_dao_2022__hn001,new_free_dao_2022,hard_negative_mined,bsc,0,ratio_100,3,3,0.00023661630984861404,0.18318848311901093
new_free_dao_2022,new_free_dao_2022__hn002,new_free_dao_2022,hard_negative_mined,bsc,0,ratio_100,476,476,0.0013161101378500462,0.18318848311901093
new_free_dao_2022,new_free_dao_2022__hn003,new_free_dao_2022,hard_negative_mined,bsc,0,ratio_100,1,1,0.0009274494950659573,0.18318848311901093
new_free_dao_2022,new_free_dao_2022__hn004,new_free_dao_2022,hard_negative_mined,bsc,0,ratio_100,8,8,0.0016210011672228575,0.18318848311901093
new_free_dao_2022,new_free_dao_2022__hn005,new_free_dao_2022,hard_negative_mined,bsc,0,ratio_100,2,2,0.00043432420352473855,0.18318848311901093
new_free_dao_2022,new_free_dao_2022__hn006,new_free_dao_2022,hard_negative_mined,bsc,0,ratio_100,1,1,0.0009274494950659573,0.18318848311901093
new_free_dao_2022,new_free_dao_2022__hn007,new_free_dao_2022,hard_negative_mined,bsc,0,ratio_100,2,2,0.0009274494950659573,0.18318848311901093
new_free_dao_2022,new_free_dao_2022__hn009,new_free_dao_2022,hard_negative_mined,bsc,0,ratio_100,6,6,0.0033266607206314802,0.18318848311901093
new_free_dao_2022,new_free_dao_2022__hn010,new_free_dao_2022,hard_negative_mined,bsc,0,ratio_100,1,1,0.0005612893146462739,0.18318848311901093
new_free_dao_2022,new_free_dao_2022__hn011,new_free_dao_2022,hard_negative_mined,bsc,0,ratio_100,93,93,0.010212779976427555,0.18318848311901093
new_free_dao_2022,new_free_dao_2022__hn012,new_free_dao_2022,hard_negative_mined,bsc,0,ratio_100,338,338,0.001304245088249445,0.18318848311901093
new_free_dao_2022,new_free_dao_2022__hn013,new_free_dao_2022,hard_negative_mined,bsc,0,ratio_100,1,1,0.0005612893146462739,0.18318848311901093
new_free_dao_2022,new_free_dao_2022__hn014,new_free_dao_2022,hard_negative_mined,bsc,0,ratio_100,1,1,0.0005612893146462739,0.18318848311901093
new_free_dao_2022,new_free_dao_2022__hn015,new_free_dao_2022,hard_negative_mined,bsc,0,ratio_100,3,3,0.000326805078657344,0.18318848311901093
new_free_dao_2022,new_free_dao_2022__hn016,new_free_dao_2022,hard_negative_mined,bsc,0,ratio_100,3,3,0.006224220618605614,0.18318848311901093
new_free_dao_2022,new_free_dao_2022__hn017,new_free_dao_2022,hard_negative_mined,bsc,0,ratio_100,2,2,0.0005612893146462739,0.18318848311901093
new_free_dao_2022,new_free_dao_2022__hn018,new_free_dao_2022,hard_negative_mined,bsc,0,ratio_100,3,3,0.00019773421809077263,0.18318848311901093
new_free_dao_2022,new_free_dao_2022__hn019,new_free_dao_2022,hard_negative_mined,bsc,0,ratio_100,3,3,0.00019773421809077263,0.18318848311901093
new_free_dao_2022,new_free_dao_2022__hn020,new_free_dao_2022,hard_negative_mined,bsc,0,ratio_100,4,4,0.006700755096971989,0.18318848311901093
new_free_dao_2022,new_free_dao_2022__hn021,new_free_dao_2022,hard_negative_mined,bsc,0,ratio_100,4,4,0.00019773421809077263,0.18318848311901093
new_free_dao_2022,new_free_dao_2022__hn023,new_free_dao_2022,hard_negative_mined,bsc,0,ratio_100,1,1,0.0006030865479260683,0.18318848311901093
new_free_dao_2022,new_free_dao_2022__hn024,new_free_dao_2022,hard_negative_mined,bsc,0,ratio_100,207,207,0.0010901147034019232,0.18318848311901093
chibi_finance_2023,chibi_finance_2023__hnc000,chibi_finance_2023,hard_negative_mined_v2_complexity,arbitrum,0,ratio_100,3,3,0.0001944468094734475,0.988631546497345
chibi_finance_2023,chibi_finance_2023__hnc001,chibi_finance_2023,hard_negative_mined_v2_complexity,arbitrum,0,ratio_100,2,2,0.00018401865963824093,0.988631546497345
chibi_finance_2023,chibi_finance_2023__hnc002,chibi_finance_2023,hard_negative_mined_v2_complexity,arbitrum,0,ratio_100,2,2,0.0004193569766357541,0.988631546497345
chibi_finance_2023,chibi_finance_2023__hnc003,chibi_finance_2023,hard_negative_mined_v2_complexity,arbitrum,0,ratio_100,1,1,0.000396872463170439,0.988631546497345
chibi_finance_2023,chibi_finance_2023__hnc004,chibi_finance_2023,hard_negative_mined_v2_complexity,arbitrum,0,ratio_100,3,3,0.0004193569766357541,0.988631546497345
chibi_finance_2023,chibi_finance_2023__hnc005,chibi_finance_2023,hard_negative_mined_v2_complexity,arbitrum,0,ratio_100,2,2,0.0001944468094734475,0.988631546497345
chibi_finance_2023,chibi_finance_2023__hnc006,chibi_finance_2023,hard_negative_mined_v2_complexity,arbitrum,0,ratio_100,1,1,0.000396872463170439,0.988631546497345
chibi_finance_2023,chibi_finance_2023__hnc007,chibi_finance_2023,hard_negative_mined_v2_complexity,arbitrum,0,ratio_100,2,2,0.000433235865784809,0.988631546497345
chibi_finance_2023,chibi_finance_2023__hnc008,chibi_finance_2023,hard_negative_mined_v2_complexity,arbitrum,0,ratio_100,2,2,0.000396872463170439,0.988631546497345
chibi_finance_2023,chibi_finance_2023__hnc009,chibi_finance_2023,hard_negative_mined_v2_complexity,arbitrum,0,ratio_100,1,1,0.000396872463170439,0.988631546497345
deltaprime_arbitrum_2024,deltaprime_arbitrum_2024__hnc000,deltaprime_arbitrum_2024,hard_negative_mined_v2_complexity,arbitrum,0,ratio_100,224,224,0.0009884834289550781,0.9853147268295288
deltaprime_arbitrum_2024,deltaprime_arbitrum_2024__hnc001,deltaprime_arbitrum_2024,hard_negative_mined_v2_complexity,arbitrum,0,ratio_100,1,1,0.0012615661835297942,0.9853147268295288
deltaprime_arbitrum_2024,deltaprime_arbitrum_2024__hnc002,deltaprime_arbitrum_2024,hard_negative_mined_v2_complexity,arbitrum,0,ratio_100,1,1,0.0012615661835297942,0.9853147268295288
deltaprime_arbitrum_2024,deltaprime_arbitrum_2024__hnc003,deltaprime_arbitrum_2024,hard_negative_mined_v2_complexity,arbitrum,0,ratio_100,1,1,0.0012615661835297942,0.9853147268295288
deltaprime_arbitrum_2024,deltaprime_arbitrum_2024__hnc004,deltaprime_arbitrum_2024,hard_negative_mined_v2_complexity,arbitrum,0,ratio_100,1,1,0.0005132554215379059,0.9853147268295288
deltaprime_arbitrum_2024,deltaprime_arbitrum_2024__hnc007,deltaprime_arbitrum_2024,hard_negative_mined_v2_complexity,arbitrum,0,ratio_100,3,3,0.0007685679011046886,0.9853147268295288
deltaprime_arbitrum_2024,deltaprime_arbitrum_2024__hnc008,deltaprime_arbitrum_2024,hard_negative_mined_v2_complexity,arbitrum,0,ratio_100,3,3,0.0007685679011046886,0.9853147268295288
deltaprime_arbitrum_2024,deltaprime_arbitrum_2024__hnc009,deltaprime_arbitrum_2024,hard_negative_mined_v2_complexity,arbitrum,0,ratio_100,1,1,0.0008508964092470706,0.9853147268295288
feg_bridge_2024,feg_bridge_2024__hnc000,feg_bridge_2024,hard_negative_mined_v2_complexity,eth,0,ratio_100,2,2,0.42245110869407654,0.1249067559838295
feg_bridge_2024,feg_bridge_2024__hnc001,feg_bridge_2024,hard_negative_mined_v2_complexity,eth,0,ratio_100,1,1,0.6181288361549377,0.1249067559838295
feg_bridge_2024,feg_bridge_2024__hnc002,feg_bridge_2024,hard_negative_mined_v2_complexity,eth,0,ratio_100,1,1,0.6181288361549377,0.1249067559838295
feg_bridge_2024,feg_bridge_2024__hnc003,feg_bridge_2024,hard_negative_mined_v2_complexity,eth,0,ratio_100,1,1,0.6181288361549377,0.1249067559838295
feg_bridge_2024,feg_bridge_2024__hnc004,feg_bridge_2024,hard_negative_mined_v2_complexity,eth,0,ratio_100,1,1,0.6181288361549377,0.1249067559838295
feg_bridge_2024,feg_bridge_2024__hnc005,feg_bridge_2024,hard_negative_mined_v2_complexity,eth,0,ratio_100,1,1,0.6181288361549377,0.1249067559838295
feg_bridge_2024,feg_bridge_2024__hnc006,feg_bridge_2024,hard_negative_mined_v2_complexity,eth,0,ratio_100,1,1,0.9279338121414185,0.1249067559838295
feg_bridge_2024,feg_bridge_2024__hnc007,feg_bridge_2024,hard_negative_mined_v2_complexity,eth,0,ratio_100,1,1,0.6181288361549377,0.1249067559838295
feg_bridge_2024,feg_bridge_2024__hnc008,feg_bridge_2024,hard_negative_mined_v2_complexity,eth,0,ratio_100,2,2,0.7533846497535706,0.1249067559838295
feg_bridge_2024,feg_bridge_2024__hnc009,feg_bridge_2024,hard_negative_mined_v2_complexity,eth,0,ratio_100,1,1,0.6181288361549377,0.1249067559838295
ronin_bridge_2022,ronin_bridge_2022__hnc000,ronin_bridge_2022,hard_negative_mined_v2_complexity,eth,0,ratio_100,2,2,0.000770964368712157,0.9804007411003113
ronin_bridge_2022,ronin_bridge_2022__hnc001,ronin_bridge_2022,hard_negative_mined_v2_complexity,eth,0,ratio_100,2,2,0.0021413369104266167,0.9804007411003113
ronin_bridge_2022,ronin_bridge_2022__hnc003,ronin_bridge_2022,hard_negative_mined_v2_complexity,eth,0,ratio_100,2,2,0.001049668062478304,0.9804007411003113
ronin_bridge_2022,ronin_bridge_2022__hnc004,ronin_bridge_2022,hard_negative_mined_v2_complexity,eth,0,ratio_100,1,1,0.000515054794959724,0.9804007411003113
ronin_bridge_2022,ronin_bridge_2022__hnc005,ronin_bridge_2022,hard_negative_mined_v2_complexity,eth,0,ratio_100,2,2,0.0003916954738087952,0.9804007411003113
ronin_bridge_2022,ronin_bridge_2022__hnc006,ronin_bridge_2022,hard_negative_mined_v2_complexity,eth,0,ratio_100,3,3,0.001049668062478304,0.9804007411003113
ronin_bridge_2022,ronin_bridge_2022__hnc007,ronin_bridge_2022,hard_negative_mined_v2_complexity,eth,0,ratio_100,1,1,0.001671218778938055,0.9804007411003113
ronin_bridge_2022,ronin_bridge_2022__hnc008,ronin_bridge_2022,hard_negative_mined_v2_complexity,eth,0,ratio_100,1,1,0.001244880142621696,0.9804007411003113
ronin_bridge_2022,ronin_bridge_2022__hnc009,ronin_bridge_2022,hard_negative_mined_v2_complexity,eth,0,ratio_100,2,2,0.0005214806878939271,0.9804007411003113
wooppv2_2024,wooppv2_2024__hnc000,wooppv2_2024,hard_negative_mined_v2_complexity,arbitrum,0,ratio_100,1,1,0.00038529004086740315,0.9888894557952881
wooppv2_2024,wooppv2_2024__hnc001,wooppv2_2024,hard_negative_mined_v2_complexity,arbitrum,0,ratio_100,1,1,0.0003520651953294873,0.9888894557952881
wooppv2_2024,wooppv2_2024__hnc002,wooppv2_2024,hard_negative_mined_v2_complexity,arbitrum,0,ratio_100,2,2,0.0003520651953294873,0.9888894557952881
wooppv2_2024,wooppv2_2024__hnc003,wooppv2_2024,hard_negative_mined_v2_complexity,arbitrum,0,ratio_100,6,6,0.0003520651953294873,0.9888894557952881
wooppv2_2024,wooppv2_2024__hnc004,wooppv2_2024,hard_negative_mined_v2_complexity,arbitrum,0,ratio_100,1,1,0.00038529004086740315,0.9888894557952881
wooppv2_2024,wooppv2_2024__hnc005,wooppv2_2024,hard_negative_mined_v2_complexity,arbitrum,0,ratio_100,1,1,0.00040858457214199007,0.9888894557952881
wooppv2_2024,wooppv2_2024__hnc006,wooppv2_2024,hard_negative_mined_v2_complexity,arbitrum,0,ratio_100,1,1,0.0003520651953294873,0.9888894557952881
wooppv2_2024,wooppv2_2024__hnc007,wooppv2_2024,hard_negative_mined_v2_complexity,arbitrum,0,ratio_100,3,3,0.0003520651953294873,0.9888894557952881
wooppv2_2024,wooppv2_2024__hnc008,wooppv2_2024,hard_negative_mined_v2_complexity,arbitrum,0,ratio_100,1,1,0.0003520651953294873,0.9888894557952881
wooppv2_2024,wooppv2_2024__hnc009,wooppv2_2024,hard_negative_mined_v2_complexity,arbitrum,0,ratio_100,1,1,0.0003520651953294873,0.9888894557952881
xkingdom_2024,xkingdom_2024__hnc000,xkingdom_2024,hard_negative_mined_v2_complexity,arbitrum,0,ratio_100,2,2,0.0001743134780554101,0.9843378663063049
xkingdom_2024,xkingdom_2024__hnc001,xkingdom_2024,hard_negative_mined_v2_complexity,arbitrum,0,ratio_100,3,3,0.0002073752839351073,0.9843378663063049
xkingdom_2024,xkingdom_2024__hnc002,xkingdom_2024,hard_negative_mined_v2_complexity,arbitrum,0,ratio_100,2,2,0.0001743134780554101,0.9843378663063049
xkingdom_2024,xkingdom_2024__hnc003,xkingdom_2024,hard_negative_mined_v2_complexity,arbitrum,0,ratio_100,3,3,0.0002073752839351073,0.9843378663063049
xkingdom_2024,xkingdom_2024__hnc004,xkingdom_2024,hard_negative_mined_v2_complexity,arbitrum,0,ratio_100,1,1,0.0003427790361456573,0.9843378663063049
xkingdom_2024,xkingdom_2024__hnc005,xkingdom_2024,hard_negative_mined_v2_complexity,arbitrum,0,ratio_100,2,2,0.0001743134780554101,0.9843378663063049
xkingdom_2024,xkingdom_2024__hnc006,xkingdom_2024,hard_negative_mined_v2_complexity,arbitrum,0,ratio_100,2,2,0.0001743134780554101,0.9843378663063049
xkingdom_2024,xkingdom_2024__hnc007,xkingdom_2024,hard_negative_mined_v2_complexity,arbitrum,0,ratio_100,2,2,0.0001743134780554101,0.9843378663063049
xkingdom_2024,xkingdom_2024__hnc008,xkingdom_2024,hard_negative_mined_v2_complexity,arbitrum,0,ratio_100,2,2,0.0001743134780554101,0.9843378663063049
xkingdom_2024,xkingdom_2024__hnc009,xkingdom_2024,hard_negative_mined_v2_complexity,arbitrum,0,ratio_100,2,2,0.0001743134780554101,0.9843378663063049
bsc_token_hub_2022,bsc_token_hub_2022__hnc000,bsc_token_hub_2022,hard_negative_mined_v2_complexity,bsc,0,ratio_100,3,3,0.0002624862245284021,0.9784759283065796
bsc_token_hub_2022,bsc_token_hub_2022__hnc001,bsc_token_hub_2022,hard_negative_mined_v2_complexity,bsc,0,ratio_100,3,3,0.0004345000197645277,0.9784759283065796
bsc_token_hub_2022,bsc_token_hub_2022__hnc002,bsc_token_hub_2022,hard_negative_mined_v2_complexity,bsc,0,ratio_100,4,4,0.016264570876955986,0.9784759283065796
bsc_token_hub_2022,bsc_token_hub_2022__hnc003,bsc_token_hub_2022,hard_negative_mined_v2_complexity,bsc,0,ratio_100,3,3,0.0022275650408118963,0.9784759283065796
bsc_token_hub_2022,bsc_token_hub_2022__hnc004,bsc_token_hub_2022,hard_negative_mined_v2_complexity,bsc,0,ratio_100,1,1,0.0004345000197645277,0.9784759283065796
bsc_token_hub_2022,bsc_token_hub_2022__hnc005,bsc_token_hub_2022,hard_negative_mined_v2_complexity,bsc,0,ratio_100,1,1,0.0012950222007930279,0.9784759283065796
bsc_token_hub_2022,bsc_token_hub_2022__hnc006,bsc_token_hub_2022,hard_negative_mined_v2_complexity,bsc,0,ratio_100,37,37,0.000393871363485232,0.9784759283065796
bsc_token_hub_2022,bsc_token_hub_2022__hnc007,bsc_token_hub_2022,hard_negative_mined_v2_complexity,bsc,0,ratio_100,2,2,0.0012950222007930279,0.9784759283065796
bsc_token_hub_2022,bsc_token_hub_2022__hnc008,bsc_token_hub_2022,hard_negative_mined_v2_complexity,bsc,0,ratio_100,2,2,0.0004345000197645277,0.9784759283065796
bsc_token_hub_2022,bsc_token_hub_2022__hnc009,bsc_token_hub_2022,hard_negative_mined_v2_complexity,bsc,0,ratio_100,4,4,0.0006171083077788353,0.9784759283065796
utopiasphere_2024,utopiasphere_2024__hnc000,utopiasphere_2024,hard_negative_mined_v2_complexity,bsc,0,ratio_100,3,3,0.00023085245629772544,0.9647297859191895
utopiasphere_2024,utopiasphere_2024__hnc001,utopiasphere_2024,hard_negative_mined_v2_complexity,bsc,0,ratio_100,5,5,0.0006289617158472538,0.9647297859191895
utopiasphere_2024,utopiasphere_2024__hnc002,utopiasphere_2024,hard_negative_mined_v2_complexity,bsc,0,ratio_100,2,2,0.0004343515320215374,0.9647297859191895
utopiasphere_2024,utopiasphere_2024__hnc003,utopiasphere_2024,hard_negative_mined_v2_complexity,bsc,0,ratio_100,2,2,0.0004343515320215374,0.9647297859191895
utopiasphere_2024,utopiasphere_2024__hnc004,utopiasphere_2024,hard_negative_mined_v2_complexity,bsc,0,ratio_100,2,2,0.0004343515320215374,0.9647297859191895
utopiasphere_2024,utopiasphere_2024__hnc005,utopiasphere_2024,hard_negative_mined_v2_complexity,bsc,0,ratio_100,1,1,0.0004343515320215374,0.9647297859191895
utopiasphere_2024,utopiasphere_2024__hnc006,utopiasphere_2024,hard_negative_mined_v2_complexity,bsc,0,ratio_100,1,1,0.0004343515320215374,0.9647297859191895
utopiasphere_2024,utopiasphere_2024__hnc007,utopiasphere_2024,hard_negative_mined_v2_complexity,bsc,0,ratio_100,1,1,0.0004343515320215374,0.9647297859191895
utopiasphere_2024,utopiasphere_2024__hnc008,utopiasphere_2024,hard_negative_mined_v2_complexity,bsc,0,ratio_100,1,1,0.0004343515320215374,0.9647297859191895
utopiasphere_2024,utopiasphere_2024__hnc009,utopiasphere_2024,hard_negative_mined_v2_complexity,bsc,0,ratio_100,1,1,0.0004343515320215374,0.9647297859191895
qbridge_qubit_2022,qbridge_qubit_2022__hnc000,qbridge_qubit_2022,hard_negative_mined_v2_complexity,bsc,0,ratio_100,434,434,0.00020367870456539094,0.9271531105041504
qbridge_qubit_2022,qbridge_qubit_2022__hnc001,qbridge_qubit_2022,hard_negative_mined_v2_complexity,bsc,0,ratio_100,647,647,0.0011826661648228765,0.9271531105041504
qbridge_qubit_2022,qbridge_qubit_2022__hnc002,qbridge_qubit_2022,hard_negative_mined_v2_complexity,bsc,0,ratio_100,76,76,0.007923268713057041,0.9271531105041504
qbridge_qubit_2022,qbridge_qubit_2022__hnc003,qbridge_qubit_2022,hard_negative_mined_v2_complexity,bsc,0,ratio_100,485,485,0.0029079860541969538,0.9271531105041504
qbridge_qubit_2022,qbridge_qubit_2022__hnc004,qbridge_qubit_2022,hard_negative_mined_v2_complexity,bsc,0,ratio_100,1,1,0.0008079546387307346,0.9271531105041504
qbridge_qubit_2022,qbridge_qubit_2022__hnc005,qbridge_qubit_2022,hard_negative_mined_v2_complexity,bsc,0,ratio_100,8,8,0.0016420588362962008,0.9271531105041504
qbridge_qubit_2022,qbridge_qubit_2022__hnc006,qbridge_qubit_2022,hard_negative_mined_v2_complexity,bsc,0,ratio_100,2,2,0.002658455166965723,0.9271531105041504
qbridge_qubit_2022,qbridge_qubit_2022__hnc007,qbridge_qubit_2022,hard_negative_mined_v2_complexity,bsc,0,ratio_100,2,2,0.000411325047025457,0.9271531105041504
qbridge_qubit_2022,qbridge_qubit_2022__hnc008,qbridge_qubit_2022,hard_negative_mined_v2_complexity,bsc,0,ratio_100,177,177,0.004310556221753359,0.9271531105041504
qbridge_qubit_2022,qbridge_qubit_2022__hnc009,qbridge_qubit_2022,hard_negative_mined_v2_complexity,bsc,0,ratio_100,649,649,0.0026035059709101915,0.9271531105041504
wault_finance_2021,wault_finance_2021__hnc000,wault_finance_2021,hard_negative_mined_v2_complexity,bsc,0,ratio_100,2,2,0.00037628060090355575,0.9558624625205994
wault_finance_2021,wault_finance_2021__hnc001,wault_finance_2021,hard_negative_mined_v2_complexity,bsc,0,ratio_100,540,540,0.001369106350466609,0.9558624625205994
wault_finance_2021,wault_finance_2021__hnc002,wault_finance_2021,hard_negative_mined_v2_complexity,bsc,0,ratio_100,7,7,0.00024527241475880146,0.9558624625205994
wault_finance_2021,wault_finance_2021__hnc003,wault_finance_2021,hard_negative_mined_v2_complexity,bsc,0,ratio_100,6,6,0.000758650538045913,0.9558624625205994
wault_finance_2021,wault_finance_2021__hnc004,wault_finance_2021,hard_negative_mined_v2_complexity,bsc,0,ratio_100,1,1,0.0005469543393701315,0.9558624625205994
wault_finance_2021,wault_finance_2021__hnc005,wault_finance_2021,hard_negative_mined_v2_complexity,bsc,0,ratio_100,3,3,0.00017910530732478946,0.9558624625205994
wault_finance_2021,wault_finance_2021__hnc006,wault_finance_2021,hard_negative_mined_v2_complexity,bsc,0,ratio_100,17,17,0.00017871585441753268,0.9558624625205994
wault_finance_2021,wault_finance_2021__hnc007,wault_finance_2021,hard_negative_mined_v2_complexity,bsc,0,ratio_100,19,19,0.0008515518275089562,0.9558624625205994
wault_finance_2021,wault_finance_2021__hnc008,wault_finance_2021,hard_negative_mined_v2_complexity,bsc,0,ratio_100,2,2,0.0006318887462839484,0.9558624625205994
wault_finance_2021,wault_finance_2021__hnc009,wault_finance_2021,hard_negative_mined_v2_complexity,bsc,0,ratio_100,20,20,0.00017871585441753268,0.9558624625205994
paraluni_2022,paraluni_2022__hnc000,paraluni_2022,hard_negative_mined_v2_complexity,bsc,0,ratio_100,3,3,0.0007513818563893437,0.9920802712440491
paraluni_2022,paraluni_2022__hnc001,paraluni_2022,hard_negative_mined_v2_complexity,bsc,0,ratio_100,854,854,0.001231235801242292,0.9920802712440491
paraluni_2022,paraluni_2022__hnc002,paraluni_2022,hard_negative_mined_v2_complexity,bsc,0,ratio_100,26,26,0.0008963066502474248,0.9920802712440491
paraluni_2022,paraluni_2022__hnc003,paraluni_2022,hard_negative_mined_v2_complexity,bsc,0,ratio_100,1,1,0.0003245165862608701,0.9920802712440491
paraluni_2022,paraluni_2022__hnc004,paraluni_2022,hard_negative_mined_v2_complexity,bsc,0,ratio_100,5,5,0.004943452309817076,0.9920802712440491
paraluni_2022,paraluni_2022__hnc005,paraluni_2022,hard_negative_mined_v2_complexity,bsc,0,ratio_100,13,13,0.002605423564091325,0.9920802712440491
paraluni_2022,paraluni_2022__hnc006,paraluni_2022,hard_negative_mined_v2_complexity,bsc,0,ratio_100,1,1,0.0003245165862608701,0.9920802712440491
paraluni_2022,paraluni_2022__hnc007,paraluni_2022,hard_negative_mined_v2_complexity,bsc,0,ratio_100,8,8,0.0008893276681192219,0.9920802712440491
paraluni_2022,paraluni_2022__hnc008,paraluni_2022,hard_negative_mined_v2_complexity,bsc,0,ratio_100,1,1,0.0008963066502474248,0.9920802712440491
paraluni_2022,paraluni_2022__hnc009,paraluni_2022,hard_negative_mined_v2_complexity,bsc,0,ratio_100,83,83,0.020688526332378387,0.9920802712440491
ronin_bridge_2022,ronin_bridge_2022,ronin_bridge_2022,positive,eth,1,k_2,2,1625,0.06644494086503983,0.9436103105545044
ronin_benign_control_2022,ronin_benign_control_2022,ronin_bridge_2022,hard_negative_control,eth,0,k_2,2,103,0.9605814814567566,0.9436103105545044
qbridge_qubit_2022,qbridge_qubit_2022,qbridge_qubit_2022,positive,bsc,1,k_2,2,698,0.5783363580703735,0.9660487771034241
feg_bridge_2024,feg_bridge_2024,feg_bridge_2024,positive,eth,1,k_2,2,9,0.0013615444768220186,0.94841068983078
deltaprime_arbitrum_2024,deltaprime_arbitrum_2024,deltaprime_arbitrum_2024,positive,arbitrum,1,k_2,2,23,0.7764944434165955,0.9795387387275696
bsc_token_hub_2022,bsc_token_hub_2022,bsc_token_hub_2022,positive,bsc,1,k_2,2,362,0.34215331077575684,0.9853877425193787
chibi_finance_2023,chibi_finance_2023,chibi_finance_2023,positive,arbitrum,1,k_2,2,40,0.9815986752510071,0.9501384496688843
wooppv2_2024,wooppv2_2024,wooppv2_2024,positive,arbitrum,1,k_2,2,16,0.0036985839251428843,0.9544379711151123
utopiasphere_2024,utopiasphere_2024,utopiasphere_2024,positive,bsc,1,k_2,2,37,0.8788936138153076,0.9354070425033569
xkingdom_2024,xkingdom_2024,xkingdom_2024,positive,arbitrum,1,k_2,2,73,0.9224190711975098,0.9541068077087402
wault_finance_2021,wault_finance_2021,wault_finance_2021,positive,bsc,1,k_2,2,190,0.997118353843689,0.942241370677948
paraluni_2022,paraluni_2022,paraluni_2022,positive,bsc,1,k_2,2,511,0.00413104984909296,0.9880383014678955
radiant_capital_arbitrum_2024,radiant_capital_arbitrum_2024,radiant_capital_arbitrum_2024,positive,arbitrum,1,k_2,2,248,0.9913479685783386,0.9313688278198242
magic_abracadabra_arbitrum_2025,magic_abracadabra_arbitrum_2025,magic_abracadabra_arbitrum_2025,positive,arbitrum,1,k_2,2,88,0.477504163980484,0.961973249912262
hackerdao_2022,hackerdao_2022,hackerdao_2022,positive,bsc,1,k_2,2,35,0.0022167114075273275,0.915429949760437
new_free_dao_2022,new_free_dao_2022,new_free_dao_2022,positive,bsc,1,k_2,2,12,0.030031664296984673,0.971916139125824
ronin_bridge_2022,ronin_bridge_2022__hn003,ronin_bridge_2022,hard_negative_mined,eth,0,k_2,2,4,0.0009985498618334532,0.9436103105545044
ronin_bridge_2022,ronin_bridge_2022__hn007,ronin_bridge_2022,hard_negative_mined,eth,0,k_2,2,4,0.0010723829036578536,0.9436103105545044
ronin_bridge_2022,ronin_bridge_2022__hn010,ronin_bridge_2022,hard_negative_mined,eth,0,k_2,2,2,0.0008211956592276692,0.9436103105545044
ronin_bridge_2022,ronin_bridge_2022__hn012,ronin_bridge_2022,hard_negative_mined,eth,0,k_2,2,55,0.9944474697113037,0.9436103105545044
ronin_bridge_2022,ronin_bridge_2022__hn013,ronin_bridge_2022,hard_negative_mined,eth,0,k_2,2,2,0.0008211956592276692,0.9436103105545044
ronin_bridge_2022,ronin_bridge_2022__hn021,ronin_bridge_2022,hard_negative_mined,eth,0,k_2,2,3,0.0011290410766378045,0.9436103105545044
ronin_bridge_2022,ronin_bridge_2022__hn026,ronin_bridge_2022,hard_negative_mined,eth,0,k_2,2,2,0.0006589175318367779,0.9436103105545044
ronin_bridge_2022,ronin_bridge_2022__hn033,ronin_bridge_2022,hard_negative_mined,eth,0,k_2,2,3,0.0004398613527882844,0.9436103105545044
ronin_bridge_2022,ronin_bridge_2022__hn034,ronin_bridge_2022,hard_negative_mined,eth,0,k_2,2,2,0.0006918427534401417,0.9436103105545044
ronin_bridge_2022,ronin_bridge_2022__hn041,ronin_bridge_2022,hard_negative_mined,eth,0,k_2,2,3,0.0009825825691223145,0.9436103105545044
ronin_bridge_2022,ronin_bridge_2022__hn044,ronin_bridge_2022,hard_negative_mined,eth,0,k_2,2,2,0.0009985498618334532,0.9436103105545044
ronin_bridge_2022,ronin_bridge_2022__hn049,ronin_bridge_2022,hard_negative_mined,eth,0,k_2,2,3,0.0006904092151671648,0.9436103105545044
ronin_bridge_2022,ronin_bridge_2022__hn051,ronin_bridge_2022,hard_negative_mined,eth,0,k_2,2,2,0.0008333668811246753,0.9436103105545044
ronin_bridge_2022,ronin_bridge_2022__hn055,ronin_bridge_2022,hard_negative_mined,eth,0,k_2,2,2,0.0006589175318367779,0.9436103105545044
ronin_bridge_2022,ronin_bridge_2022__hn056,ronin_bridge_2022,hard_negative_mined,eth,0,k_2,2,2,0.0007456259336322546,0.9436103105545044
ronin_bridge_2022,ronin_bridge_2022__hn062,ronin_bridge_2022,hard_negative_mined,eth,0,k_2,2,4,0.002976765623316169,0.9436103105545044
ronin_bridge_2022,ronin_bridge_2022__hn066,ronin_bridge_2022,hard_negative_mined,eth,0,k_2,2,2,0.0007450584671460092,0.9436103105545044
ronin_bridge_2022,ronin_bridge_2022__hn068,ronin_bridge_2022,hard_negative_mined,eth,0,k_2,2,3,0.0005174934049136937,0.9436103105545044
deltaprime_arbitrum_2024,deltaprime_arbitrum_2024__hn000,deltaprime_arbitrum_2024,hard_negative_mined,arbitrum,0,k_2,2,4,0.00042619952000677586,0.9795387387275696
deltaprime_arbitrum_2024,deltaprime_arbitrum_2024__hn007,deltaprime_arbitrum_2024,hard_negative_mined,arbitrum,0,k_2,2,91,0.10572434961795807,0.9795387387275696
deltaprime_arbitrum_2024,deltaprime_arbitrum_2024__hn008,deltaprime_arbitrum_2024,hard_negative_mined,arbitrum,0,k_2,2,121,0.0014750438276678324,0.9795387387275696
deltaprime_arbitrum_2024,deltaprime_arbitrum_2024__hn012,deltaprime_arbitrum_2024,hard_negative_mined,arbitrum,0,k_2,2,3,0.0004934177850373089,0.9795387387275696
deltaprime_arbitrum_2024,deltaprime_arbitrum_2024__hn015,deltaprime_arbitrum_2024,hard_negative_mined,arbitrum,0,k_2,2,2,0.000578235019929707,0.9795387387275696
deltaprime_arbitrum_2024,deltaprime_arbitrum_2024__hn016,deltaprime_arbitrum_2024,hard_negative_mined,arbitrum,0,k_2,2,168,0.48165735602378845,0.9795387387275696
deltaprime_arbitrum_2024,deltaprime_arbitrum_2024__hn017,deltaprime_arbitrum_2024,hard_negative_mined,arbitrum,0,k_2,2,3,0.00023540813708677888,0.9795387387275696
deltaprime_arbitrum_2024,deltaprime_arbitrum_2024__hn021,deltaprime_arbitrum_2024,hard_negative_mined,arbitrum,0,k_2,2,2,0.00042619078885763884,0.9795387387275696
deltaprime_arbitrum_2024,deltaprime_arbitrum_2024__hn022,deltaprime_arbitrum_2024,hard_negative_mined,arbitrum,0,k_2,2,219,0.7427698969841003,0.9795387387275696
deltaprime_arbitrum_2024,deltaprime_arbitrum_2024__hn023,deltaprime_arbitrum_2024,hard_negative_mined,arbitrum,0,k_2,2,3,0.0004544562252704054,0.9795387387275696
deltaprime_arbitrum_2024,deltaprime_arbitrum_2024__hn025,deltaprime_arbitrum_2024,hard_negative_mined,arbitrum,0,k_2,2,2,0.0007205413421615958,0.9795387387275696
deltaprime_arbitrum_2024,deltaprime_arbitrum_2024__hn026,deltaprime_arbitrum_2024,hard_negative_mined,arbitrum,0,k_2,2,2,0.0005095544038340449,0.9795387387275696
deltaprime_arbitrum_2024,deltaprime_arbitrum_2024__hn028,deltaprime_arbitrum_2024,hard_negative_mined,arbitrum,0,k_2,2,2,0.0005928828613832593,0.9795387387275696
deltaprime_arbitrum_2024,deltaprime_arbitrum_2024__hn035,deltaprime_arbitrum_2024,hard_negative_mined,arbitrum,0,k_2,2,2,0.0004714744572993368,0.9795387387275696
deltaprime_arbitrum_2024,deltaprime_arbitrum_2024__hn036,deltaprime_arbitrum_2024,hard_negative_mined,arbitrum,0,k_2,2,2,0.0004109014116693288,0.9795387387275696
deltaprime_arbitrum_2024,deltaprime_arbitrum_2024__hn038,deltaprime_arbitrum_2024,hard_negative_mined,arbitrum,0,k_2,2,2,0.000353473995346576,0.9795387387275696
deltaprime_arbitrum_2024,deltaprime_arbitrum_2024__hn040,deltaprime_arbitrum_2024,hard_negative_mined,arbitrum,0,k_2,2,4,0.0005428298027254641,0.9795387387275696
deltaprime_arbitrum_2024,deltaprime_arbitrum_2024__hn044,deltaprime_arbitrum_2024,hard_negative_mined,arbitrum,0,k_2,2,4,0.0009386627934873104,0.9795387387275696
deltaprime_arbitrum_2024,deltaprime_arbitrum_2024__hn050,deltaprime_arbitrum_2024,hard_negative_mined,arbitrum,0,k_2,2,5,0.005005392245948315,0.9795387387275696
deltaprime_arbitrum_2024,deltaprime_arbitrum_2024__hn051,deltaprime_arbitrum_2024,hard_negative_mined,arbitrum,0,k_2,2,15,0.002793757477775216,0.9795387387275696
deltaprime_arbitrum_2024,deltaprime_arbitrum_2024__hn052,deltaprime_arbitrum_2024,hard_negative_mined,arbitrum,0,k_2,2,2,0.0015188992256298661,0.9795387387275696
deltaprime_arbitrum_2024,deltaprime_arbitrum_2024__hn053,deltaprime_arbitrum_2024,hard_negative_mined,arbitrum,0,k_2,2,2,0.0005018172087147832,0.9795387387275696
deltaprime_arbitrum_2024,deltaprime_arbitrum_2024__hn059,deltaprime_arbitrum_2024,hard_negative_mined,arbitrum,0,k_2,2,3,0.0001919783971970901,0.9795387387275696
deltaprime_arbitrum_2024,deltaprime_arbitrum_2024__hn060,deltaprime_arbitrum_2024,hard_negative_mined,arbitrum,0,k_2,2,2,0.007461925037205219,0.9795387387275696
deltaprime_arbitrum_2024,deltaprime_arbitrum_2024__hn062,deltaprime_arbitrum_2024,hard_negative_mined,arbitrum,0,k_2,2,2,0.0005928828613832593,0.9795387387275696
deltaprime_arbitrum_2024,deltaprime_arbitrum_2024__hn063,deltaprime_arbitrum_2024,hard_negative_mined,arbitrum,0,k_2,2,2,0.00018702777742873877,0.9795387387275696
deltaprime_arbitrum_2024,deltaprime_arbitrum_2024__hn064,deltaprime_arbitrum_2024,hard_negative_mined,arbitrum,0,k_2,2,6,0.003506517969071865,0.9795387387275696
deltaprime_arbitrum_2024,deltaprime_arbitrum_2024__hn067,deltaprime_arbitrum_2024,hard_negative_mined,arbitrum,0,k_2,2,3,0.0038866987451910973,0.9795387387275696
deltaprime_arbitrum_2024,deltaprime_arbitrum_2024__hn068,deltaprime_arbitrum_2024,hard_negative_mined,arbitrum,0,k_2,2,2,0.0007205413421615958,0.9795387387275696
bsc_token_hub_2022,bsc_token_hub_2022__hn002,bsc_token_hub_2022,hard_negative_mined,bsc,0,k_2,2,3,0.0016611329047009349,0.9853877425193787
bsc_token_hub_2022,bsc_token_hub_2022__hn005,bsc_token_hub_2022,hard_negative_mined,bsc,0,k_2,2,3,0.0006480708252638578,0.9853877425193787
bsc_token_hub_2022,bsc_token_hub_2022__hn008,bsc_token_hub_2022,hard_negative_mined,bsc,0,k_2,2,2,0.0009575019939802587,0.9853877425193787
bsc_token_hub_2022,bsc_token_hub_2022__hn009,bsc_token_hub_2022,hard_negative_mined,bsc,0,k_2,2,2,0.003074098378419876,0.9853877425193787
bsc_token_hub_2022,bsc_token_hub_2022__hn010,bsc_token_hub_2022,hard_negative_mined,bsc,0,k_2,2,6,0.0003168217954225838,0.9853877425193787
bsc_token_hub_2022,bsc_token_hub_2022__hn012,bsc_token_hub_2022,hard_negative_mined,bsc,0,k_2,2,2,0.00034687441075220704,0.9853877425193787
bsc_token_hub_2022,bsc_token_hub_2022__hn015,bsc_token_hub_2022,hard_negative_mined,bsc,0,k_2,2,2,0.006731770467013121,0.9853877425193787
bsc_token_hub_2022,bsc_token_hub_2022__hn016,bsc_token_hub_2022,hard_negative_mined,bsc,0,k_2,2,4,0.0007957587949931622,0.9853877425193787
bsc_token_hub_2022,bsc_token_hub_2022__hn017,bsc_token_hub_2022,hard_negative_mined,bsc,0,k_2,2,2,0.0003915718989446759,0.9853877425193787
bsc_token_hub_2022,bsc_token_hub_2022__hn020,bsc_token_hub_2022,hard_negative_mined,bsc,0,k_2,2,2,0.0006951820687390864,0.9853877425193787
bsc_token_hub_2022,bsc_token_hub_2022__hn021,bsc_token_hub_2022,hard_negative_mined,bsc,0,k_2,2,3,0.0012630840064957738,0.9853877425193787
bsc_token_hub_2022,bsc_token_hub_2022__hn023,bsc_token_hub_2022,hard_negative_mined,bsc,0,k_2,2,2,0.002426323015242815,0.9853877425193787
bsc_token_hub_2022,bsc_token_hub_2022__hn024,bsc_token_hub_2022,hard_negative_mined,bsc,0,k_2,2,5,0.0014710578834638,0.9853877425193787
bsc_token_hub_2022,bsc_token_hub_2022__hn026,bsc_token_hub_2022,hard_negative_mined,bsc,0,k_2,2,4,0.0023265036288648844,0.9853877425193787
bsc_token_hub_2022,bsc_token_hub_2022__hn027,bsc_token_hub_2022,hard_negative_mined,bsc,0,k_2,2,3,0.0013211248442530632,0.9853877425193787
bsc_token_hub_2022,bsc_token_hub_2022__hn028,bsc_token_hub_2022,hard_negative_mined,bsc,0,k_2,2,2,0.001206308719702065,0.9853877425193787
bsc_token_hub_2022,bsc_token_hub_2022__hn032,bsc_token_hub_2022,hard_negative_mined,bsc,0,k_2,2,2,0.0010759024880826473,0.9853877425193787
bsc_token_hub_2022,bsc_token_hub_2022__hn033,bsc_token_hub_2022,hard_negative_mined,bsc,0,k_2,2,2,0.0004989720764569938,0.9853877425193787
bsc_token_hub_2022,bsc_token_hub_2022__hn034,bsc_token_hub_2022,hard_negative_mined,bsc,0,k_2,2,2,0.002390222856774926,0.9853877425193787
bsc_token_hub_2022,bsc_token_hub_2022__hn038,bsc_token_hub_2022,hard_negative_mined,bsc,0,k_2,2,3,0.0007371945539489388,0.9853877425193787
bsc_token_hub_2022,bsc_token_hub_2022__hn039,bsc_token_hub_2022,hard_negative_mined,bsc,0,k_2,2,4,0.0026713793631643057,0.9853877425193787
bsc_token_hub_2022,bsc_token_hub_2022__hn040,bsc_token_hub_2022,hard_negative_mined,bsc,0,k_2,2,6,0.0012911943485960364,0.9853877425193787
bsc_token_hub_2022,bsc_token_hub_2022__hn045,bsc_token_hub_2022,hard_negative_mined,bsc,0,k_2,2,2,0.003091314109042287,0.9853877425193787
bsc_token_hub_2022,bsc_token_hub_2022__hn048,bsc_token_hub_2022,hard_negative_mined,bsc,0,k_2,2,5,0.002292674733325839,0.9853877425193787
bsc_token_hub_2022,bsc_token_hub_2022__hn049,bsc_token_hub_2022,hard_negative_mined,bsc,0,k_2,2,6,0.0008311558631248772,0.9853877425193787
bsc_token_hub_2022,bsc_token_hub_2022__hn050,bsc_token_hub_2022,hard_negative_mined,bsc,0,k_2,2,2,0.0020245942287147045,0.9853877425193787
bsc_token_hub_2022,bsc_token_hub_2022__hn055,bsc_token_hub_2022,hard_negative_mined,bsc,0,k_2,2,3,0.0005324076628312469,0.9853877425193787
bsc_token_hub_2022,bsc_token_hub_2022__hn059,bsc_token_hub_2022,hard_negative_mined,bsc,0,k_2,2,14,0.0005118269473314285,0.9853877425193787
bsc_token_hub_2022,bsc_token_hub_2022__hn061,bsc_token_hub_2022,hard_negative_mined,bsc,0,k_2,2,6,0.0016135259065777063,0.9853877425193787
bsc_token_hub_2022,bsc_token_hub_2022__hn062,bsc_token_hub_2022,hard_negative_mined,bsc,0,k_2,2,2,0.002030388917773962,0.9853877425193787
bsc_token_hub_2022,bsc_token_hub_2022__hn063,bsc_token_hub_2022,hard_negative_mined,bsc,0,k_2,2,3,0.0005803303210996091,0.9853877425193787
bsc_token_hub_2022,bsc_token_hub_2022__hn065,bsc_token_hub_2022,hard_negative_mined,bsc,0,k_2,2,8,0.0035510947927832603,0.9853877425193787
bsc_token_hub_2022,bsc_token_hub_2022__hn066,bsc_token_hub_2022,hard_negative_mined,bsc,0,k_2,2,5,0.0005324076628312469,0.9853877425193787
bsc_token_hub_2022,bsc_token_hub_2022__hn067,bsc_token_hub_2022,hard_negative_mined,bsc,0,k_2,2,2,0.0003002348239533603,0.9853877425193787
bsc_token_hub_2022,bsc_token_hub_2022__hn068,bsc_token_hub_2022,hard_negative_mined,bsc,0,k_2,2,2,0.0017789807170629501,0.9853877425193787
bsc_token_hub_2022,bsc_token_hub_2022__hn069,bsc_token_hub_2022,hard_negative_mined,bsc,0,k_2,2,3,0.0007842372870072722,0.9853877425193787
qbridge_qubit_2022,qbridge_qubit_2022__hn001,qbridge_qubit_2022,hard_negative_mined,bsc,0,k_2,2,458,0.02100493013858795,0.9660487771034241
qbridge_qubit_2022,qbridge_qubit_2022__hn002,qbridge_qubit_2022,hard_negative_mined,bsc,0,k_2,2,3,0.0005277092568576336,0.9660487771034241
qbridge_qubit_2022,qbridge_qubit_2022__hn004,qbridge_qubit_2022,hard_negative_mined,bsc,0,k_2,2,3,0.0008730755653232336,0.9660487771034241
qbridge_qubit_2022,qbridge_qubit_2022__hn005,qbridge_qubit_2022,hard_negative_mined,bsc,0,k_2,2,3,0.004214209038764238,0.9660487771034241
qbridge_qubit_2022,qbridge_qubit_2022__hn006,qbridge_qubit_2022,hard_negative_mined,bsc,0,k_2,2,2,0.0005762787768617272,0.9660487771034241
qbridge_qubit_2022,qbridge_qubit_2022__hn007,qbridge_qubit_2022,hard_negative_mined,bsc,0,k_2,2,2,0.0007480850326828659,0.9660487771034241
qbridge_qubit_2022,qbridge_qubit_2022__hn008,qbridge_qubit_2022,hard_negative_mined,bsc,0,k_2,2,7,0.0008183324243873358,0.9660487771034241
qbridge_qubit_2022,qbridge_qubit_2022__hn009,qbridge_qubit_2022,hard_negative_mined,bsc,0,k_2,2,858,0.13333553075790405,0.9660487771034241
qbridge_qubit_2022,qbridge_qubit_2022__hn010,qbridge_qubit_2022,hard_negative_mined,bsc,0,k_2,2,176,0.008248652331531048,0.9660487771034241
qbridge_qubit_2022,qbridge_qubit_2022__hn011,qbridge_qubit_2022,hard_negative_mined,bsc,0,k_2,2,773,0.06502743065357208,0.9660487771034241
qbridge_qubit_2022,qbridge_qubit_2022__hn012,qbridge_qubit_2022,hard_negative_mined,bsc,0,k_2,2,4,0.0020698239095509052,0.9660487771034241
qbridge_qubit_2022,qbridge_qubit_2022__hn013,qbridge_qubit_2022,hard_negative_mined,bsc,0,k_2,2,521,0.017249785363674164,0.9660487771034241
qbridge_qubit_2022,qbridge_qubit_2022__hn014,qbridge_qubit_2022,hard_negative_mined,bsc,0,k_2,2,11,0.1745254546403885,0.9660487771034241
qbridge_qubit_2022,qbridge_qubit_2022__hn015,qbridge_qubit_2022,hard_negative_mined,bsc,0,k_2,2,23,0.4931482672691345,0.9660487771034241
qbridge_qubit_2022,qbridge_qubit_2022__hn016,qbridge_qubit_2022,hard_negative_mined,bsc,0,k_2,2,4,0.0024694777093827724,0.9660487771034241
qbridge_qubit_2022,qbridge_qubit_2022__hn017,qbridge_qubit_2022,hard_negative_mined,bsc,0,k_2,2,2,0.001291807508096099,0.9660487771034241
qbridge_qubit_2022,qbridge_qubit_2022__hn018,qbridge_qubit_2022,hard_negative_mined,bsc,0,k_2,2,2,0.00038879632484167814,0.9660487771034241
qbridge_qubit_2022,qbridge_qubit_2022__hn020,qbridge_qubit_2022,hard_negative_mined,bsc,0,k_2,2,3,0.000414346344769001,0.9660487771034241
qbridge_qubit_2022,qbridge_qubit_2022__hn021,qbridge_qubit_2022,hard_negative_mined,bsc,0,k_2,2,12,0.1515224725008011,0.9660487771034241
qbridge_qubit_2022,qbridge_qubit_2022__hn022,qbridge_qubit_2022,hard_negative_mined,bsc,0,k_2,2,77,0.011143372394144535,0.9660487771034241
qbridge_qubit_2022,qbridge_qubit_2022__hn023,qbridge_qubit_2022,hard_negative_mined,bsc,0,k_2,2,253,0.033410701900720596,0.9660487771034241
qbridge_qubit_2022,qbridge_qubit_2022__hn024,qbridge_qubit_2022,hard_negative_mined,bsc,0,k_2,2,2,0.001712158089503646,0.9660487771034241
qbridge_qubit_2022,qbridge_qubit_2022__hn025,qbridge_qubit_2022,hard_negative_mined,bsc,0,k_2,2,43,0.0008639675215817988,0.9660487771034241
qbridge_qubit_2022,qbridge_qubit_2022__hn027,qbridge_qubit_2022,hard_negative_mined,bsc,0,k_2,2,3,0.0009336122311651707,0.9660487771034241
qbridge_qubit_2022,qbridge_qubit_2022__hn028,qbridge_qubit_2022,hard_negative_mined,bsc,0,k_2,2,8,0.0010180682875216007,0.9660487771034241
qbridge_qubit_2022,qbridge_qubit_2022__hn029,qbridge_qubit_2022,hard_negative_mined,bsc,0,k_2,2,3,0.0006922873435541987,0.9660487771034241
qbridge_qubit_2022,qbridge_qubit_2022__hn031,qbridge_qubit_2022,hard_negative_mined,bsc,0,k_2,2,2,0.0003903475881088525,0.9660487771034241
qbridge_qubit_2022,qbridge_qubit_2022__hn032,qbridge_qubit_2022,hard_negative_mined,bsc,0,k_2,2,58,0.0581434927880764,0.9660487771034241
qbridge_qubit_2022,qbridge_qubit_2022__hn033,qbridge_qubit_2022,hard_negative_mined,bsc,0,k_2,2,89,0.003251435933634639,0.9660487771034241
feg_bridge_2024,feg_bridge_2024__hn003,feg_bridge_2024,hard_negative_mined,eth,0,k_2,2,2,0.00036068339250050485,0.94841068983078
chibi_finance_2023,chibi_finance_2023__hn002,chibi_finance_2023,hard_negative_mined,arbitrum,0,k_2,2,3,0.0013300114078447223,0.9501384496688843
chibi_finance_2023,chibi_finance_2023__hn004,chibi_finance_2023,hard_negative_mined,arbitrum,0,k_2,2,8,0.0012929867953062057,0.9501384496688843
chibi_finance_2023,chibi_finance_2023__hn006,chibi_finance_2023,hard_negative_mined,arbitrum,0,k_2,2,2,0.00022765986796002835,0.9501384496688843
chibi_finance_2023,chibi_finance_2023__hn007,chibi_finance_2023,hard_negative_mined,arbitrum,0,k_2,2,2,0.0010077778715640306,0.9501384496688843
chibi_finance_2023,chibi_finance_2023__hn009,chibi_finance_2023,hard_negative_mined,arbitrum,0,k_2,2,2,0.0005331254214979708,0.9501384496688843
chibi_finance_2023,chibi_finance_2023__hn010,chibi_finance_2023,hard_negative_mined,arbitrum,0,k_2,2,2,0.00047738105058670044,0.9501384496688843
chibi_finance_2023,chibi_finance_2023__hn011,chibi_finance_2023,hard_negative_mined,arbitrum,0,k_2,2,2,0.0003492578980512917,0.9501384496688843
chibi_finance_2023,chibi_finance_2023__hn013,chibi_finance_2023,hard_negative_mined,arbitrum,0,k_2,2,2,0.00035716500133275986,0.9501384496688843
chibi_finance_2023,chibi_finance_2023__hn015,chibi_finance_2023,hard_negative_mined,arbitrum,0,k_2,2,6,0.0012334049679338932,0.9501384496688843
chibi_finance_2023,chibi_finance_2023__hn018,chibi_finance_2023,hard_negative_mined,arbitrum,0,k_2,2,2,0.0003912612737622112,0.9501384496688843
wooppv2_2024,wooppv2_2024__hn001,wooppv2_2024,hard_negative_mined,arbitrum,0,k_2,2,5,0.00017940237012226135,0.9544379711151123
wooppv2_2024,wooppv2_2024__hn002,wooppv2_2024,hard_negative_mined,arbitrum,0,k_2,2,3,0.0008261198527179658,0.9544379711151123
wooppv2_2024,wooppv2_2024__hn003,wooppv2_2024,hard_negative_mined,arbitrum,0,k_2,2,3,0.0006834340165369213,0.9544379711151123
wooppv2_2024,wooppv2_2024__hn005,wooppv2_2024,hard_negative_mined,arbitrum,0,k_2,2,3,0.0004948220448568463,0.9544379711151123
wooppv2_2024,wooppv2_2024__hn015,wooppv2_2024,hard_negative_mined,arbitrum,0,k_2,2,6,0.0008261198527179658,0.9544379711151123
utopiasphere_2024,utopiasphere_2024__hn000,utopiasphere_2024,hard_negative_mined,bsc,0,k_2,2,3,0.0006512325489893556,0.9354070425033569
utopiasphere_2024,utopiasphere_2024__hn001,utopiasphere_2024,hard_negative_mined,bsc,0,k_2,2,229,0.0334315188229084,0.9354070425033569
utopiasphere_2024,utopiasphere_2024__hn004,utopiasphere_2024,hard_negative_mined,bsc,0,k_2,2,6,0.0006549062673002481,0.9354070425033569
utopiasphere_2024,utopiasphere_2024__hn008,utopiasphere_2024,hard_negative_mined,bsc,0,k_2,2,3,0.0006512325489893556,0.9354070425033569
utopiasphere_2024,utopiasphere_2024__hn009,utopiasphere_2024,hard_negative_mined,bsc,0,k_2,2,3,0.0006512325489893556,0.9354070425033569
utopiasphere_2024,utopiasphere_2024__hn017,utopiasphere_2024,hard_negative_mined,bsc,0,k_2,2,6,0.0012586568482220173,0.9354070425033569
utopiasphere_2024,utopiasphere_2024__hn018,utopiasphere_2024,hard_negative_mined,bsc,0,k_2,2,2,0.0006558038294315338,0.9354070425033569
utopiasphere_2024,utopiasphere_2024__hn020,utopiasphere_2024,hard_negative_mined,bsc,0,k_2,2,3,0.0006512325489893556,0.9354070425033569
utopiasphere_2024,utopiasphere_2024__hn022,utopiasphere_2024,hard_negative_mined,bsc,0,k_2,2,2,0.0011140077840536833,0.9354070425033569
utopiasphere_2024,utopiasphere_2024__hn024,utopiasphere_2024,hard_negative_mined,bsc,0,k_2,2,2,0.0005341195501387119,0.9354070425033569
xkingdom_2024,xkingdom_2024__hn000,xkingdom_2024,hard_negative_mined,arbitrum,0,k_2,2,2,0.001049055252224207,0.9541068077087402
xkingdom_2024,xkingdom_2024__hn001,xkingdom_2024,hard_negative_mined,arbitrum,0,k_2,2,2,0.0003153695724904537,0.9541068077087402
xkingdom_2024,xkingdom_2024__hn002,xkingdom_2024,hard_negative_mined,arbitrum,0,k_2,2,3,0.00045071475324220955,0.9541068077087402
xkingdom_2024,xkingdom_2024__hn005,xkingdom_2024,hard_negative_mined,arbitrum,0,k_2,2,3,0.00045071475324220955,0.9541068077087402
xkingdom_2024,xkingdom_2024__hn009,xkingdom_2024,hard_negative_mined,arbitrum,0,k_2,2,2,0.0003153695724904537,0.9541068077087402
xkingdom_2024,xkingdom_2024__hn010,xkingdom_2024,hard_negative_mined,arbitrum,0,k_2,2,3,0.00045071475324220955,0.9541068077087402
xkingdom_2024,xkingdom_2024__hn012,xkingdom_2024,hard_negative_mined,arbitrum,0,k_2,2,2,0.0003153695724904537,0.9541068077087402
xkingdom_2024,xkingdom_2024__hn013,xkingdom_2024,hard_negative_mined,arbitrum,0,k_2,2,3,0.00045071475324220955,0.9541068077087402
xkingdom_2024,xkingdom_2024__hn017,xkingdom_2024,hard_negative_mined,arbitrum,0,k_2,2,3,0.00045071475324220955,0.9541068077087402
xkingdom_2024,xkingdom_2024__hn020,xkingdom_2024,hard_negative_mined,arbitrum,0,k_2,2,3,0.00029906639247201383,0.9541068077087402
xkingdom_2024,xkingdom_2024__hn021,xkingdom_2024,hard_negative_mined,arbitrum,0,k_2,2,3,0.00029906639247201383,0.9541068077087402
wault_finance_2021,wault_finance_2021__hn000,wault_finance_2021,hard_negative_mined,bsc,0,k_2,2,449,0.0009168297983705997,0.942241370677948
wault_finance_2021,wault_finance_2021__hn001,wault_finance_2021,hard_negative_mined,bsc,0,k_2,2,353,0.20519186556339264,0.942241370677948
wault_finance_2021,wault_finance_2021__hn003,wault_finance_2021,hard_negative_mined,bsc,0,k_2,2,850,0.0012583439238369465,0.942241370677948
wault_finance_2021,wault_finance_2021__hn004,wault_finance_2021,hard_negative_mined,bsc,0,k_2,2,439,0.01470887754112482,0.942241370677948
wault_finance_2021,wault_finance_2021__hn006,wault_finance_2021,hard_negative_mined,bsc,0,k_2,2,1000,0.0017628553323447704,0.942241370677948
wault_finance_2021,wault_finance_2021__hn007,wault_finance_2021,hard_negative_mined,bsc,0,k_2,2,9,0.04464247077703476,0.942241370677948
wault_finance_2021,wault_finance_2021__hn008,wault_finance_2021,hard_negative_mined,bsc,0,k_2,2,3,0.0004936670884490013,0.942241370677948
wault_finance_2021,wault_finance_2021__hn009,wault_finance_2021,hard_negative_mined,bsc,0,k_2,2,6,0.0007944484241306782,0.942241370677948
wault_finance_2021,wault_finance_2021__hn010,wault_finance_2021,hard_negative_mined,bsc,0,k_2,2,7,0.0009353880304843187,0.942241370677948
wault_finance_2021,wault_finance_2021__hn011,wault_finance_2021,hard_negative_mined,bsc,0,k_2,2,46,0.047054845839738846,0.942241370677948
wault_finance_2021,wault_finance_2021__hn012,wault_finance_2021,hard_negative_mined,bsc,0,k_2,2,13,0.0031893921550363302,0.942241370677948
wault_finance_2021,wault_finance_2021__hn014,wault_finance_2021,hard_negative_mined,bsc,0,k_2,2,7,0.004427690990269184,0.942241370677948
wault_finance_2021,wault_finance_2021__hn015,wault_finance_2021,hard_negative_mined,bsc,0,k_2,2,2,0.0011112563079223037,0.942241370677948
wault_finance_2021,wault_finance_2021__hn016,wault_finance_2021,hard_negative_mined,bsc,0,k_2,2,997,0.007909690029919147,0.942241370677948
wault_finance_2021,wault_finance_2021__hn017,wault_finance_2021,hard_negative_mined,bsc,0,k_2,2,3,0.0032305093482136726,0.942241370677948
wault_finance_2021,wault_finance_2021__hn018,wault_finance_2021,hard_negative_mined,bsc,0,k_2,2,7,0.0022222341503947973,0.942241370677948
wault_finance_2021,wault_finance_2021__hn019,wault_finance_2021,hard_negative_mined,bsc,0,k_2,2,6,0.0010256662499159575,0.942241370677948
wault_finance_2021,wault_finance_2021__hn021,wault_finance_2021,hard_negative_mined,bsc,0,k_2,2,3,0.0006092201801948249,0.942241370677948
paraluni_2022,paraluni_2022__hn000,paraluni_2022,hard_negative_mined,bsc,0,k_2,2,4,0.002328721806406975,0.9880383014678955
paraluni_2022,paraluni_2022__hn001,paraluni_2022,hard_negative_mined,bsc,0,k_2,2,1000,0.020881129428744316,0.9880383014678955
paraluni_2022,paraluni_2022__hn002,paraluni_2022,hard_negative_mined,bsc,0,k_2,2,560,0.540348470211029,0.9880383014678955
paraluni_2022,paraluni_2022__hn004,paraluni_2022,hard_negative_mined,bsc,0,k_2,2,4,0.003159543266519904,0.9880383014678955
paraluni_2022,paraluni_2022__hn005,paraluni_2022,hard_negative_mined,bsc,0,k_2,2,108,0.6075069904327393,0.9880383014678955
paraluni_2022,paraluni_2022__hn006,paraluni_2022,hard_negative_mined,bsc,0,k_2,2,15,0.33664777874946594,0.9880383014678955
paraluni_2022,paraluni_2022__hn007,paraluni_2022,hard_negative_mined,bsc,0,k_2,2,13,0.24340099096298218,0.9880383014678955
paraluni_2022,paraluni_2022__hn008,paraluni_2022,hard_negative_mined,bsc,0,k_2,2,4,0.0017688163788989186,0.9880383014678955
paraluni_2022,paraluni_2022__hn009,paraluni_2022,hard_negative_mined,bsc,0,k_2,2,334,0.005127561278641224,0.9880383014678955
paraluni_2022,paraluni_2022__hn011,paraluni_2022,hard_negative_mined,bsc,0,k_2,2,6,0.0031004573684185743,0.9880383014678955
paraluni_2022,paraluni_2022__hn012,paraluni_2022,hard_negative_mined,bsc,0,k_2,2,27,0.8066574931144714,0.9880383014678955
paraluni_2022,paraluni_2022__hn013,paraluni_2022,hard_negative_mined,bsc,0,k_2,2,13,0.7226547002792358,0.9880383014678955
paraluni_2022,paraluni_2022__hn014,paraluni_2022,hard_negative_mined,bsc,0,k_2,2,219,0.008047593757510185,0.9880383014678955
paraluni_2022,paraluni_2022__hn016,paraluni_2022,hard_negative_mined,bsc,0,k_2,2,2,0.00032640216522850096,0.9880383014678955
paraluni_2022,paraluni_2022__hn017,paraluni_2022,hard_negative_mined,bsc,0,k_2,2,1000,0.009342946112155914,0.9880383014678955
paraluni_2022,paraluni_2022__hn018,paraluni_2022,hard_negative_mined,bsc,0,k_2,2,5,0.005932418629527092,0.9880383014678955
paraluni_2022,paraluni_2022__hn019,paraluni_2022,hard_negative_mined,bsc,0,k_2,2,2,0.000622882042080164,0.9880383014678955
radiant_capital_arbitrum_2024,radiant_capital_arbitrum_2024__hn000,radiant_capital_arbitrum_2024,hard_negative_mined,arbitrum,0,k_2,2,8,0.00027731142472475767,0.9313688278198242
radiant_capital_arbitrum_2024,radiant_capital_arbitrum_2024__hn001,radiant_capital_arbitrum_2024,hard_negative_mined,arbitrum,0,k_2,2,5,0.01185308676213026,0.9313688278198242
radiant_capital_arbitrum_2024,radiant_capital_arbitrum_2024__hn003,radiant_capital_arbitrum_2024,hard_negative_mined,arbitrum,0,k_2,2,24,0.004875181708484888,0.9313688278198242
radiant_capital_arbitrum_2024,radiant_capital_arbitrum_2024__hn004,radiant_capital_arbitrum_2024,hard_negative_mined,arbitrum,0,k_2,2,142,0.0016712658107280731,0.9313688278198242
radiant_capital_arbitrum_2024,radiant_capital_arbitrum_2024__hn006,radiant_capital_arbitrum_2024,hard_negative_mined,arbitrum,0,k_2,2,22,0.061613332480192184,0.9313688278198242
radiant_capital_arbitrum_2024,radiant_capital_arbitrum_2024__hn007,radiant_capital_arbitrum_2024,hard_negative_mined,arbitrum,0,k_2,2,3,0.0005068902391940355,0.9313688278198242
radiant_capital_arbitrum_2024,radiant_capital_arbitrum_2024__hn009,radiant_capital_arbitrum_2024,hard_negative_mined,arbitrum,0,k_2,2,2,0.0033044160809367895,0.9313688278198242
radiant_capital_arbitrum_2024,radiant_capital_arbitrum_2024__hn010,radiant_capital_arbitrum_2024,hard_negative_mined,arbitrum,0,k_2,2,5,0.00044646725291386247,0.9313688278198242
radiant_capital_arbitrum_2024,radiant_capital_arbitrum_2024__hn011,radiant_capital_arbitrum_2024,hard_negative_mined,arbitrum,0,k_2,2,4,0.0009079518495127559,0.9313688278198242
radiant_capital_arbitrum_2024,radiant_capital_arbitrum_2024__hn012,radiant_capital_arbitrum_2024,hard_negative_mined,arbitrum,0,k_2,2,113,0.000708713720086962,0.9313688278198242
radiant_capital_arbitrum_2024,radiant_capital_arbitrum_2024__hn013,radiant_capital_arbitrum_2024,hard_negative_mined,arbitrum,0,k_2,2,4,0.0009847023757174611,0.9313688278198242
radiant_capital_arbitrum_2024,radiant_capital_arbitrum_2024__hn014,radiant_capital_arbitrum_2024,hard_negative_mined,arbitrum,0,k_2,2,3,0.00044210717896930873,0.9313688278198242
radiant_capital_arbitrum_2024,radiant_capital_arbitrum_2024__hn015,radiant_capital_arbitrum_2024,hard_negative_mined,arbitrum,0,k_2,2,3,0.0013055899180471897,0.9313688278198242
radiant_capital_arbitrum_2024,radiant_capital_arbitrum_2024__hn018,radiant_capital_arbitrum_2024,hard_negative_mined,arbitrum,0,k_2,2,30,0.8827938437461853,0.9313688278198242
radiant_capital_arbitrum_2024,radiant_capital_arbitrum_2024__hn019,radiant_capital_arbitrum_2024,hard_negative_mined,arbitrum,0,k_2,2,4,0.0003773117496166378,0.9313688278198242
radiant_capital_arbitrum_2024,radiant_capital_arbitrum_2024__hn022,radiant_capital_arbitrum_2024,hard_negative_mined,arbitrum,0,k_2,2,4,0.001590208848938346,0.9313688278198242
radiant_capital_arbitrum_2024,radiant_capital_arbitrum_2024__hn023,radiant_capital_arbitrum_2024,hard_negative_mined,arbitrum,0,k_2,2,2,0.0014458383666351438,0.9313688278198242
radiant_capital_arbitrum_2024,radiant_capital_arbitrum_2024__hn024,radiant_capital_arbitrum_2024,hard_negative_mined,arbitrum,0,k_2,2,24,0.0037130163982510567,0.9313688278198242
magic_abracadabra_arbitrum_2025,magic_abracadabra_arbitrum_2025__hn000,magic_abracadabra_arbitrum_2025,hard_negative_mined,arbitrum,0,k_2,2,496,0.0028482202906161547,0.961973249912262
magic_abracadabra_arbitrum_2025,magic_abracadabra_arbitrum_2025__hn001,magic_abracadabra_arbitrum_2025,hard_negative_mined,arbitrum,0,k_2,2,10,0.03215132653713226,0.961973249912262
magic_abracadabra_arbitrum_2025,magic_abracadabra_arbitrum_2025__hn002,magic_abracadabra_arbitrum_2025,hard_negative_mined,arbitrum,0,k_2,2,2,0.00039230086258612573,0.961973249912262
magic_abracadabra_arbitrum_2025,magic_abracadabra_arbitrum_2025__hn003,magic_abracadabra_arbitrum_2025,hard_negative_mined,arbitrum,0,k_2,2,3,0.00028172662132419646,0.961973249912262
magic_abracadabra_arbitrum_2025,magic_abracadabra_arbitrum_2025__hn005,magic_abracadabra_arbitrum_2025,hard_negative_mined,arbitrum,0,k_2,2,5,0.0003185709356330335,0.961973249912262
magic_abracadabra_arbitrum_2025,magic_abracadabra_arbitrum_2025__hn006,magic_abracadabra_arbitrum_2025,hard_negative_mined,arbitrum,0,k_2,2,2,0.0003703276452142745,0.961973249912262
magic_abracadabra_arbitrum_2025,magic_abracadabra_arbitrum_2025__hn007,magic_abracadabra_arbitrum_2025,hard_negative_mined,arbitrum,0,k_2,2,3,0.00039230086258612573,0.961973249912262
magic_abracadabra_arbitrum_2025,magic_abracadabra_arbitrum_2025__hn008,magic_abracadabra_arbitrum_2025,hard_negative_mined,arbitrum,0,k_2,2,20,0.011918367817997932,0.961973249912262
magic_abracadabra_arbitrum_2025,magic_abracadabra_arbitrum_2025__hn009,magic_abracadabra_arbitrum_2025,hard_negative_mined,arbitrum,0,k_2,2,4,0.00028172662132419646,0.961973249912262
magic_abracadabra_arbitrum_2025,magic_abracadabra_arbitrum_2025__hn010,magic_abracadabra_arbitrum_2025,hard_negative_mined,arbitrum,0,k_2,2,5,0.0005487584858201444,0.961973249912262
magic_abracadabra_arbitrum_2025,magic_abracadabra_arbitrum_2025__hn011,magic_abracadabra_arbitrum_2025,hard_negative_mined,arbitrum,0,k_2,2,14,0.009676848538219929,0.961973249912262
magic_abracadabra_arbitrum_2025,magic_abracadabra_arbitrum_2025__hn012,magic_abracadabra_arbitrum_2025,hard_negative_mined,arbitrum,0,k_2,2,7,0.0009792248019948602,0.961973249912262
magic_abracadabra_arbitrum_2025,magic_abracadabra_arbitrum_2025__hn013,magic_abracadabra_arbitrum_2025,hard_negative_mined,arbitrum,0,k_2,2,3,0.0005288472166284919,0.961973249912262
magic_abracadabra_arbitrum_2025,magic_abracadabra_arbitrum_2025__hn014,magic_abracadabra_arbitrum_2025,hard_negative_mined,arbitrum,0,k_2,2,9,0.007152616046369076,0.961973249912262
magic_abracadabra_arbitrum_2025,magic_abracadabra_arbitrum_2025__hn015,magic_abracadabra_arbitrum_2025,hard_negative_mined,arbitrum,0,k_2,2,2,0.0002622973406687379,0.961973249912262
magic_abracadabra_arbitrum_2025,magic_abracadabra_arbitrum_2025__hn016,magic_abracadabra_arbitrum_2025,hard_negative_mined,arbitrum,0,k_2,2,13,0.0007366913487203419,0.961973249912262
magic_abracadabra_arbitrum_2025,magic_abracadabra_arbitrum_2025__hn017,magic_abracadabra_arbitrum_2025,hard_negative_mined,arbitrum,0,k_2,2,5,0.0005487584858201444,0.961973249912262
magic_abracadabra_arbitrum_2025,magic_abracadabra_arbitrum_2025__hn018,magic_abracadabra_arbitrum_2025,hard_negative_mined,arbitrum,0,k_2,2,3,0.001048110774718225,0.961973249912262
magic_abracadabra_arbitrum_2025,magic_abracadabra_arbitrum_2025__hn019,magic_abracadabra_arbitrum_2025,hard_negative_mined,arbitrum,0,k_2,2,2,0.00037803631857968867,0.961973249912262
magic_abracadabra_arbitrum_2025,magic_abracadabra_arbitrum_2025__hn020,magic_abracadabra_arbitrum_2025,hard_negative_mined,arbitrum,0,k_2,2,3,0.0020221120212227106,0.961973249912262
magic_abracadabra_arbitrum_2025,magic_abracadabra_arbitrum_2025__hn021,magic_abracadabra_arbitrum_2025,hard_negative_mined,arbitrum,0,k_2,2,5,0.0005525737069547176,0.961973249912262
magic_abracadabra_arbitrum_2025,magic_abracadabra_arbitrum_2025__hn022,magic_abracadabra_arbitrum_2025,hard_negative_mined,arbitrum,0,k_2,2,6,0.0004664375155698508,0.961973249912262
magic_abracadabra_arbitrum_2025,magic_abracadabra_arbitrum_2025__hn023,magic_abracadabra_arbitrum_2025,hard_negative_mined,arbitrum,0,k_2,2,3,0.0007587004220113158,0.961973249912262
hackerdao_2022,hackerdao_2022__hn000,hackerdao_2022,hard_negative_mined,bsc,0,k_2,2,2,0.0028973345179110765,0.915429949760437
hackerdao_2022,hackerdao_2022__hn001,hackerdao_2022,hard_negative_mined,bsc,0,k_2,2,12,0.9534943699836731,0.915429949760437
hackerdao_2022,hackerdao_2022__hn002,hackerdao_2022,hard_negative_mined,bsc,0,k_2,2,3,0.0006328548188321292,0.915429949760437
hackerdao_2022,hackerdao_2022__hn003,hackerdao_2022,hard_negative_mined,bsc,0,k_2,2,2,0.003664122661575675,0.915429949760437
hackerdao_2022,hackerdao_2022__hn004,hackerdao_2022,hard_negative_mined,bsc,0,k_2,2,102,0.001300313975661993,0.915429949760437
hackerdao_2022,hackerdao_2022__hn005,hackerdao_2022,hard_negative_mined,bsc,0,k_2,2,3,0.0016020066104829311,0.915429949760437
hackerdao_2022,hackerdao_2022__hn007,hackerdao_2022,hard_negative_mined,bsc,0,k_2,2,2,0.001528130262158811,0.915429949760437
hackerdao_2022,hackerdao_2022__hn008,hackerdao_2022,hard_negative_mined,bsc,0,k_2,2,2,0.0019203851697966456,0.915429949760437
hackerdao_2022,hackerdao_2022__hn009,hackerdao_2022,hard_negative_mined,bsc,0,k_2,2,828,0.0033384535927325487,0.915429949760437
hackerdao_2022,hackerdao_2022__hn010,hackerdao_2022,hard_negative_mined,bsc,0,k_2,2,529,0.09988962858915329,0.915429949760437
hackerdao_2022,hackerdao_2022__hn011,hackerdao_2022,hard_negative_mined,bsc,0,k_2,2,2,0.0003544420760590583,0.915429949760437
hackerdao_2022,hackerdao_2022__hn012,hackerdao_2022,hard_negative_mined,bsc,0,k_2,2,516,0.21013619005680084,0.915429949760437
hackerdao_2022,hackerdao_2022__hn013,hackerdao_2022,hard_negative_mined,bsc,0,k_2,2,208,0.0034340363927185535,0.915429949760437
hackerdao_2022,hackerdao_2022__hn014,hackerdao_2022,hard_negative_mined,bsc,0,k_2,2,2,0.0008704686188139021,0.915429949760437
hackerdao_2022,hackerdao_2022__hn015,hackerdao_2022,hard_negative_mined,bsc,0,k_2,2,4,0.0008638311992399395,0.915429949760437
hackerdao_2022,hackerdao_2022__hn016,hackerdao_2022,hard_negative_mined,bsc,0,k_2,2,43,0.002574536483734846,0.915429949760437
hackerdao_2022,hackerdao_2022__hn017,hackerdao_2022,hard_negative_mined,bsc,0,k_2,2,3,0.0027636964805424213,0.915429949760437
hackerdao_2022,hackerdao_2022__hn018,hackerdao_2022,hard_negative_mined,bsc,0,k_2,2,557,0.23940522968769073,0.915429949760437
hackerdao_2022,hackerdao_2022__hn019,hackerdao_2022,hard_negative_mined,bsc,0,k_2,2,2,0.0023678895086050034,0.915429949760437
hackerdao_2022,hackerdao_2022__hn020,hackerdao_2022,hard_negative_mined,bsc,0,k_2,2,14,0.15171672403812408,0.915429949760437
hackerdao_2022,hackerdao_2022__hn021,hackerdao_2022,hard_negative_mined,bsc,0,k_2,2,3,0.0028160237707197666,0.915429949760437
hackerdao_2022,hackerdao_2022__hn022,hackerdao_2022,hard_negative_mined,bsc,0,k_2,2,1000,0.02880404144525528,0.915429949760437
hackerdao_2022,hackerdao_2022__hn023,hackerdao_2022,hard_negative_mined,bsc,0,k_2,2,5,0.0004019242769572884,0.915429949760437
hackerdao_2022,hackerdao_2022__hn024,hackerdao_2022,hard_negative_mined,bsc,0,k_2,2,2,0.006102763116359711,0.915429949760437
new_free_dao_2022,new_free_dao_2022__hn000,new_free_dao_2022,hard_negative_mined,bsc,0,k_2,2,348,0.005722837522625923,0.971916139125824
new_free_dao_2022,new_free_dao_2022__hn001,new_free_dao_2022,hard_negative_mined,bsc,0,k_2,2,3,0.0002362623781664297,0.971916139125824
new_free_dao_2022,new_free_dao_2022__hn002,new_free_dao_2022,hard_negative_mined,bsc,0,k_2,2,476,0.6074527502059937,0.971916139125824
new_free_dao_2022,new_free_dao_2022__hn004,new_free_dao_2022,hard_negative_mined,bsc,0,k_2,2,8,0.0003142422647215426,0.971916139125824
new_free_dao_2022,new_free_dao_2022__hn005,new_free_dao_2022,hard_negative_mined,bsc,0,k_2,2,2,0.00018370678299106658,0.971916139125824
new_free_dao_2022,new_free_dao_2022__hn007,new_free_dao_2022,hard_negative_mined,bsc,0,k_2,2,2,0.004230060614645481,0.971916139125824
new_free_dao_2022,new_free_dao_2022__hn009,new_free_dao_2022,hard_negative_mined,bsc,0,k_2,2,6,0.0027765182312577963,0.971916139125824
new_free_dao_2022,new_free_dao_2022__hn011,new_free_dao_2022,hard_negative_mined,bsc,0,k_2,2,93,0.12638483941555023,0.971916139125824
new_free_dao_2022,new_free_dao_2022__hn012,new_free_dao_2022,hard_negative_mined,bsc,0,k_2,2,338,0.0008623460307717323,0.971916139125824
new_free_dao_2022,new_free_dao_2022__hn015,new_free_dao_2022,hard_negative_mined,bsc,0,k_2,2,3,0.000680288765579462,0.971916139125824
new_free_dao_2022,new_free_dao_2022__hn016,new_free_dao_2022,hard_negative_mined,bsc,0,k_2,2,3,0.0004854720027651638,0.971916139125824
new_free_dao_2022,new_free_dao_2022__hn017,new_free_dao_2022,hard_negative_mined,bsc,0,k_2,2,2,0.0003531265538185835,0.971916139125824
new_free_dao_2022,new_free_dao_2022__hn018,new_free_dao_2022,hard_negative_mined,bsc,0,k_2,2,3,0.0006653313175775111,0.971916139125824
new_free_dao_2022,new_free_dao_2022__hn019,new_free_dao_2022,hard_negative_mined,bsc,0,k_2,2,3,0.0008371883886866271,0.971916139125824
new_free_dao_2022,new_free_dao_2022__hn020,new_free_dao_2022,hard_negative_mined,bsc,0,k_2,2,4,0.002508780686184764,0.971916139125824
new_free_dao_2022,new_free_dao_2022__hn021,new_free_dao_2022,hard_negative_mined,bsc,0,k_2,2,4,0.00024838681565597653,0.971916139125824
new_free_dao_2022,new_free_dao_2022__hn024,new_free_dao_2022,hard_negative_mined,bsc,0,k_2,2,207,0.06418201327323914,0.971916139125824
chibi_finance_2023,chibi_finance_2023__hnc000,chibi_finance_2023,hard_negative_mined_v2_complexity,arbitrum,0,k_2,2,3,0.0005861566751264036,0.9501384496688843
chibi_finance_2023,chibi_finance_2023__hnc001,chibi_finance_2023,hard_negative_mined_v2_complexity,arbitrum,0,k_2,2,2,0.00021585554350167513,0.9501384496688843
chibi_finance_2023,chibi_finance_2023__hnc002,chibi_finance_2023,hard_negative_mined_v2_complexity,arbitrum,0,k_2,2,2,0.00016218662494793534,0.9501384496688843
chibi_finance_2023,chibi_finance_2023__hnc004,chibi_finance_2023,hard_negative_mined_v2_complexity,arbitrum,0,k_2,2,3,0.0001353494153590873,0.9501384496688843
chibi_finance_2023,chibi_finance_2023__hnc005,chibi_finance_2023,hard_negative_mined_v2_complexity,arbitrum,0,k_2,2,2,0.0004464634112082422,0.9501384496688843
chibi_finance_2023,chibi_finance_2023__hnc007,chibi_finance_2023,hard_negative_mined_v2_complexity,arbitrum,0,k_2,2,2,0.0005970291676931083,0.9501384496688843
chibi_finance_2023,chibi_finance_2023__hnc008,chibi_finance_2023,hard_negative_mined_v2_complexity,arbitrum,0,k_2,2,2,0.00018137363076675683,0.9501384496688843
deltaprime_arbitrum_2024,deltaprime_arbitrum_2024__hnc000,deltaprime_arbitrum_2024,hard_negative_mined_v2_complexity,arbitrum,0,k_2,2,224,0.01718228869140148,0.9795387387275696
deltaprime_arbitrum_2024,deltaprime_arbitrum_2024__hnc007,deltaprime_arbitrum_2024,hard_negative_mined_v2_complexity,arbitrum,0,k_2,2,3,0.0006899809814058244,0.9795387387275696
deltaprime_arbitrum_2024,deltaprime_arbitrum_2024__hnc008,deltaprime_arbitrum_2024,hard_negative_mined_v2_complexity,arbitrum,0,k_2,2,3,0.0006899809814058244,0.9795387387275696
feg_bridge_2024,feg_bridge_2024__hnc000,feg_bridge_2024,hard_negative_mined_v2_complexity,eth,0,k_2,2,2,0.0007478554616682231,0.94841068983078
feg_bridge_2024,feg_bridge_2024__hnc008,feg_bridge_2024,hard_negative_mined_v2_complexity,eth,0,k_2,2,2,0.00036068339250050485,0.94841068983078
ronin_bridge_2022,ronin_bridge_2022__hnc000,ronin_bridge_2022,hard_negative_mined_v2_complexity,eth,0,k_2,2,2,0.001343859126791358,0.9436103105545044
ronin_bridge_2022,ronin_bridge_2022__hnc001,ronin_bridge_2022,hard_negative_mined_v2_complexity,eth,0,k_2,2,2,0.0009547949302941561,0.9436103105545044
ronin_bridge_2022,ronin_bridge_2022__hnc003,ronin_bridge_2022,hard_negative_mined_v2_complexity,eth,0,k_2,2,2,0.0007462326902896166,0.9436103105545044
ronin_bridge_2022,ronin_bridge_2022__hnc005,ronin_bridge_2022,hard_negative_mined_v2_complexity,eth,0,k_2,2,2,0.0006904092151671648,0.9436103105545044
ronin_bridge_2022,ronin_bridge_2022__hnc006,ronin_bridge_2022,hard_negative_mined_v2_complexity,eth,0,k_2,2,3,0.0008211956592276692,0.9436103105545044
ronin_bridge_2022,ronin_bridge_2022__hnc009,ronin_bridge_2022,hard_negative_mined_v2_complexity,eth,0,k_2,2,2,0.0004398613527882844,0.9436103105545044
wooppv2_2024,wooppv2_2024__hnc002,wooppv2_2024,hard_negative_mined_v2_complexity,arbitrum,0,k_2,2,2,0.00025897473096847534,0.9544379711151123
wooppv2_2024,wooppv2_2024__hnc003,wooppv2_2024,hard_negative_mined_v2_complexity,arbitrum,0,k_2,2,6,0.0008261198527179658,0.9544379711151123
wooppv2_2024,wooppv2_2024__hnc007,wooppv2_2024,hard_negative_mined_v2_complexity,arbitrum,0,k_2,2,3,0.0006834340165369213,0.9544379711151123
xkingdom_2024,xkingdom_2024__hnc000,xkingdom_2024,hard_negative_mined_v2_complexity,arbitrum,0,k_2,2,2,0.0003153695724904537,0.9541068077087402
xkingdom_2024,xkingdom_2024__hnc001,xkingdom_2024,hard_negative_mined_v2_complexity,arbitrum,0,k_2,2,3,0.00045071475324220955,0.9541068077087402
xkingdom_2024,xkingdom_2024__hnc002,xkingdom_2024,hard_negative_mined_v2_complexity,arbitrum,0,k_2,2,2,0.0003153695724904537,0.9541068077087402
xkingdom_2024,xkingdom_2024__hnc003,xkingdom_2024,hard_negative_mined_v2_complexity,arbitrum,0,k_2,2,3,0.00045071475324220955,0.9541068077087402
xkingdom_2024,xkingdom_2024__hnc005,xkingdom_2024,hard_negative_mined_v2_complexity,arbitrum,0,k_2,2,2,0.0003153695724904537,0.9541068077087402
xkingdom_2024,xkingdom_2024__hnc006,xkingdom_2024,hard_negative_mined_v2_complexity,arbitrum,0,k_2,2,2,0.000465079618152231,0.9541068077087402
xkingdom_2024,xkingdom_2024__hnc007,xkingdom_2024,hard_negative_mined_v2_complexity,arbitrum,0,k_2,2,2,0.000465079618152231,0.9541068077087402
xkingdom_2024,xkingdom_2024__hnc008,xkingdom_2024,hard_negative_mined_v2_complexity,arbitrum,0,k_2,2,2,0.000465079618152231,0.9541068077087402
xkingdom_2024,xkingdom_2024__hnc009,xkingdom_2024,hard_negative_mined_v2_complexity,arbitrum,0,k_2,2,2,0.000465079618152231,0.9541068077087402
bsc_token_hub_2022,bsc_token_hub_2022__hnc000,bsc_token_hub_2022,hard_negative_mined_v2_complexity,bsc,0,k_2,2,3,0.0013094410533085465,0.9853877425193787
bsc_token_hub_2022,bsc_token_hub_2022__hnc001,bsc_token_hub_2022,hard_negative_mined_v2_complexity,bsc,0,k_2,2,3,0.0009169242111966014,0.9853877425193787
bsc_token_hub_2022,bsc_token_hub_2022__hnc002,bsc_token_hub_2022,hard_negative_mined_v2_complexity,bsc,0,k_2,2,4,0.0010759024880826473,0.9853877425193787
bsc_token_hub_2022,bsc_token_hub_2022__hnc003,bsc_token_hub_2022,hard_negative_mined_v2_complexity,bsc,0,k_2,2,3,0.0014835076872259378,0.9853877425193787
bsc_token_hub_2022,bsc_token_hub_2022__hnc006,bsc_token_hub_2022,hard_negative_mined_v2_complexity,bsc,0,k_2,2,37,0.021945009008049965,0.9853877425193787
bsc_token_hub_2022,bsc_token_hub_2022__hnc007,bsc_token_hub_2022,hard_negative_mined_v2_complexity,bsc,0,k_2,2,2,0.000985656981356442,0.9853877425193787
bsc_token_hub_2022,bsc_token_hub_2022__hnc008,bsc_token_hub_2022,hard_negative_mined_v2_complexity,bsc,0,k_2,2,2,0.00042514633969403803,0.9853877425193787
bsc_token_hub_2022,bsc_token_hub_2022__hnc009,bsc_token_hub_2022,hard_negative_mined_v2_complexity,bsc,0,k_2,2,4,0.004026478622108698,0.9853877425193787
utopiasphere_2024,utopiasphere_2024__hnc000,utopiasphere_2024,hard_negative_mined_v2_complexity,bsc,0,k_2,2,3,0.0025247219018638134,0.9354070425033569
utopiasphere_2024,utopiasphere_2024__hnc001,utopiasphere_2024,hard_negative_mined_v2_complexity,bsc,0,k_2,2,5,0.0006558038294315338,0.9354070425033569
utopiasphere_2024,utopiasphere_2024__hnc002,utopiasphere_2024,hard_negative_mined_v2_complexity,bsc,0,k_2,2,2,0.0005341195501387119,0.9354070425033569
utopiasphere_2024,utopiasphere_2024__hnc003,utopiasphere_2024,hard_negative_mined_v2_complexity,bsc,0,k_2,2,2,0.0005341195501387119,0.9354070425033569
utopiasphere_2024,utopiasphere_2024__hnc004,utopiasphere_2024,hard_negative_mined_v2_complexity,bsc,0,k_2,2,2,0.0005341195501387119,0.9354070425033569
qbridge_qubit_2022,qbridge_qubit_2022__hnc000,qbridge_qubit_2022,hard_negative_mined_v2_complexity,bsc,0,k_2,2,434,0.11516635864973068,0.9660487771034241
qbridge_qubit_2022,qbridge_qubit_2022__hnc001,qbridge_qubit_2022,hard_negative_mined_v2_complexity,bsc,0,k_2,2,647,0.0017839318607002497,0.9660487771034241
qbridge_qubit_2022,qbridge_qubit_2022__hnc002,qbridge_qubit_2022,hard_negative_mined_v2_complexity,bsc,0,k_2,2,76,0.9191391468048096,0.9660487771034241
qbridge_qubit_2022,qbridge_qubit_2022__hnc003,qbridge_qubit_2022,hard_negative_mined_v2_complexity,bsc,0,k_2,2,485,0.15481685101985931,0.9660487771034241
qbridge_qubit_2022,qbridge_qubit_2022__hnc005,qbridge_qubit_2022,hard_negative_mined_v2_complexity,bsc,0,k_2,2,8,0.004808951634913683,0.9660487771034241
qbridge_qubit_2022,qbridge_qubit_2022__hnc006,qbridge_qubit_2022,hard_negative_mined_v2_complexity,bsc,0,k_2,2,2,0.0005979040870442986,0.9660487771034241
qbridge_qubit_2022,qbridge_qubit_2022__hnc007,qbridge_qubit_2022,hard_negative_mined_v2_complexity,bsc,0,k_2,2,2,0.001712158089503646,0.9660487771034241
qbridge_qubit_2022,qbridge_qubit_2022__hnc008,qbridge_qubit_2022,hard_negative_mined_v2_complexity,bsc,0,k_2,2,177,0.0038474237080663443,0.9660487771034241
qbridge_qubit_2022,qbridge_qubit_2022__hnc009,qbridge_qubit_2022,hard_negative_mined_v2_complexity,bsc,0,k_2,2,649,0.02882949821650982,0.9660487771034241
wault_finance_2021,wault_finance_2021__hnc000,wault_finance_2021,hard_negative_mined_v2_complexity,bsc,0,k_2,2,2,0.0005216206191107631,0.942241370677948
wault_finance_2021,wault_finance_2021__hnc001,wault_finance_2021,hard_negative_mined_v2_complexity,bsc,0,k_2,2,540,0.01046905666589737,0.942241370677948
wault_finance_2021,wault_finance_2021__hnc002,wault_finance_2021,hard_negative_mined_v2_complexity,bsc,0,k_2,2,7,0.001410496886819601,0.942241370677948
wault_finance_2021,wault_finance_2021__hnc003,wault_finance_2021,hard_negative_mined_v2_complexity,bsc,0,k_2,2,6,0.0004755933186970651,0.942241370677948
wault_finance_2021,wault_finance_2021__hnc005,wault_finance_2021,hard_negative_mined_v2_complexity,bsc,0,k_2,2,3,0.0007025134400464594,0.942241370677948
wault_finance_2021,wault_finance_2021__hnc006,wault_finance_2021,hard_negative_mined_v2_complexity,bsc,0,k_2,2,17,0.008517562411725521,0.942241370677948
wault_finance_2021,wault_finance_2021__hnc007,wault_finance_2021,hard_negative_mined_v2_complexity,bsc,0,k_2,2,19,0.005627937614917755,0.942241370677948
wault_finance_2021,wault_finance_2021__hnc008,wault_finance_2021,hard_negative_mined_v2_complexity,bsc,0,k_2,2,2,0.0007965781260281801,0.942241370677948
wault_finance_2021,wault_finance_2021__hnc009,wault_finance_2021,hard_negative_mined_v2_complexity,bsc,0,k_2,2,20,0.0035710129886865616,0.942241370677948
paraluni_2022,paraluni_2022__hnc000,paraluni_2022,hard_negative_mined_v2_complexity,bsc,0,k_2,2,3,0.0005707074888050556,0.9880383014678955
paraluni_2022,paraluni_2022__hnc001,paraluni_2022,hard_negative_mined_v2_complexity,bsc,0,k_2,2,854,0.007751662749797106,0.9880383014678955
paraluni_2022,paraluni_2022__hnc002,paraluni_2022,hard_negative_mined_v2_complexity,bsc,0,k_2,2,26,0.37558257579803467,0.9880383014678955
paraluni_2022,paraluni_2022__hnc004,paraluni_2022,hard_negative_mined_v2_complexity,bsc,0,k_2,2,5,0.007248531095683575,0.9880383014678955
paraluni_2022,paraluni_2022__hnc005,paraluni_2022,hard_negative_mined_v2_complexity,bsc,0,k_2,2,13,0.020573176443576813,0.9880383014678955
paraluni_2022,paraluni_2022__hnc007,paraluni_2022,hard_negative_mined_v2_complexity,bsc,0,k_2,2,8,0.0005648251390084624,0.9880383014678955
paraluni_2022,paraluni_2022__hnc009,paraluni_2022,hard_negative_mined_v2_complexity,bsc,0,k_2,2,83,0.013336298987269402,0.9880383014678955
ronin_bridge_2022,ronin_bridge_2022,ronin_bridge_2022,positive,eth,1,k_3,3,1625,0.9918137788772583,0.6345668435096741
ronin_benign_control_2022,ronin_benign_control_2022,ronin_bridge_2022,hard_negative_control,eth,0,k_3,3,103,0.9467529654502869,0.6345668435096741
qbridge_qubit_2022,qbridge_qubit_2022,qbridge_qubit_2022,positive,bsc,1,k_3,3,698,0.6317068338394165,0.9857941269874573
feg_bridge_2024,feg_bridge_2024,feg_bridge_2024,positive,eth,1,k_3,3,9,0.01637851633131504,0.9828013777732849
deltaprime_arbitrum_2024,deltaprime_arbitrum_2024,deltaprime_arbitrum_2024,positive,arbitrum,1,k_3,3,23,0.08483439683914185,0.9327914118766785
bsc_token_hub_2022,bsc_token_hub_2022,bsc_token_hub_2022,positive,bsc,1,k_3,3,362,0.9717682600021362,0.8175823092460632
chibi_finance_2023,chibi_finance_2023,chibi_finance_2023,positive,arbitrum,1,k_3,3,40,0.9509608149528503,0.9643273949623108
wooppv2_2024,wooppv2_2024,wooppv2_2024,positive,arbitrum,1,k_3,3,16,0.004460544791072607,0.8806892037391663
utopiasphere_2024,utopiasphere_2024,utopiasphere_2024,positive,bsc,1,k_3,3,37,0.9698362350463867,0.9025416374206543
xkingdom_2024,xkingdom_2024,xkingdom_2024,positive,arbitrum,1,k_3,3,73,0.6408360600471497,0.9614927768707275
wault_finance_2021,wault_finance_2021,wault_finance_2021,positive,bsc,1,k_3,3,190,0.0010781504679471254,0.9585151076316833
paraluni_2022,paraluni_2022,paraluni_2022,positive,bsc,1,k_3,3,511,0.0029746168293058872,0.9776405096054077
radiant_capital_arbitrum_2024,radiant_capital_arbitrum_2024,radiant_capital_arbitrum_2024,positive,arbitrum,1,k_3,3,248,0.9200137257575989,0.8982321619987488
magic_abracadabra_arbitrum_2025,magic_abracadabra_arbitrum_2025,magic_abracadabra_arbitrum_2025,positive,arbitrum,1,k_3,3,88,0.09690384566783905,0.8122069239616394
hackerdao_2022,hackerdao_2022,hackerdao_2022,positive,bsc,1,k_3,3,35,0.023527493700385094,0.9946644306182861
new_free_dao_2022,new_free_dao_2022,new_free_dao_2022,positive,bsc,1,k_3,3,12,0.1590796858072281,0.9472776651382446
ronin_bridge_2022,ronin_bridge_2022__hn003,ronin_bridge_2022,hard_negative_mined,eth,0,k_3,3,4,0.0005983952432870865,0.6345668435096741
ronin_bridge_2022,ronin_bridge_2022__hn007,ronin_bridge_2022,hard_negative_mined,eth,0,k_3,3,4,0.0026794816367328167,0.6345668435096741
ronin_bridge_2022,ronin_bridge_2022__hn012,ronin_bridge_2022,hard_negative_mined,eth,0,k_3,3,55,0.9969854950904846,0.6345668435096741
ronin_bridge_2022,ronin_bridge_2022__hn021,ronin_bridge_2022,hard_negative_mined,eth,0,k_3,3,3,0.0005825473344884813,0.6345668435096741
ronin_bridge_2022,ronin_bridge_2022__hn033,ronin_bridge_2022,hard_negative_mined,eth,0,k_3,3,3,0.0005632985848933458,0.6345668435096741
ronin_bridge_2022,ronin_bridge_2022__hn041,ronin_bridge_2022,hard_negative_mined,eth,0,k_3,3,3,0.0012325253337621689,0.6345668435096741
ronin_bridge_2022,ronin_bridge_2022__hn049,ronin_bridge_2022,hard_negative_mined,eth,0,k_3,3,3,0.00047324266051873565,0.6345668435096741
ronin_bridge_2022,ronin_bridge_2022__hn062,ronin_bridge_2022,hard_negative_mined,eth,0,k_3,3,4,0.0010675427038222551,0.6345668435096741
ronin_bridge_2022,ronin_bridge_2022__hn068,ronin_bridge_2022,hard_negative_mined,eth,0,k_3,3,3,0.0005636218702420592,0.6345668435096741
deltaprime_arbitrum_2024,deltaprime_arbitrum_2024__hn000,deltaprime_arbitrum_2024,hard_negative_mined,arbitrum,0,k_3,3,4,0.006129145156592131,0.9327914118766785
deltaprime_arbitrum_2024,deltaprime_arbitrum_2024__hn007,deltaprime_arbitrum_2024,hard_negative_mined,arbitrum,0,k_3,3,91,0.10260634124279022,0.9327914118766785
deltaprime_arbitrum_2024,deltaprime_arbitrum_2024__hn008,deltaprime_arbitrum_2024,hard_negative_mined,arbitrum,0,k_3,3,121,0.0011088601313531399,0.9327914118766785
deltaprime_arbitrum_2024,deltaprime_arbitrum_2024__hn012,deltaprime_arbitrum_2024,hard_negative_mined,arbitrum,0,k_3,3,3,0.0009415586828254163,0.9327914118766785
deltaprime_arbitrum_2024,deltaprime_arbitrum_2024__hn016,deltaprime_arbitrum_2024,hard_negative_mined,arbitrum,0,k_3,3,168,0.7310448288917542,0.9327914118766785
deltaprime_arbitrum_2024,deltaprime_arbitrum_2024__hn017,deltaprime_arbitrum_2024,hard_negative_mined,arbitrum,0,k_3,3,3,0.001204288681037724,0.9327914118766785
deltaprime_arbitrum_2024,deltaprime_arbitrum_2024__hn022,deltaprime_arbitrum_2024,hard_negative_mined,arbitrum,0,k_3,3,219,0.599237322807312,0.9327914118766785
deltaprime_arbitrum_2024,deltaprime_arbitrum_2024__hn023,deltaprime_arbitrum_2024,hard_negative_mined,arbitrum,0,k_3,3,3,0.006991757545620203,0.9327914118766785
deltaprime_arbitrum_2024,deltaprime_arbitrum_2024__hn040,deltaprime_arbitrum_2024,hard_negative_mined,arbitrum,0,k_3,3,4,0.00029885719413869083,0.9327914118766785
deltaprime_arbitrum_2024,deltaprime_arbitrum_2024__hn044,deltaprime_arbitrum_2024,hard_negative_mined,arbitrum,0,k_3,3,4,0.0008707278175279498,0.9327914118766785
deltaprime_arbitrum_2024,deltaprime_arbitrum_2024__hn050,deltaprime_arbitrum_2024,hard_negative_mined,arbitrum,0,k_3,3,5,0.040116313844919205,0.9327914118766785
deltaprime_arbitrum_2024,deltaprime_arbitrum_2024__hn051,deltaprime_arbitrum_2024,hard_negative_mined,arbitrum,0,k_3,3,15,0.0006893937243148685,0.9327914118766785
deltaprime_arbitrum_2024,deltaprime_arbitrum_2024__hn059,deltaprime_arbitrum_2024,hard_negative_mined,arbitrum,0,k_3,3,3,0.10619547218084335,0.9327914118766785
deltaprime_arbitrum_2024,deltaprime_arbitrum_2024__hn064,deltaprime_arbitrum_2024,hard_negative_mined,arbitrum,0,k_3,3,6,0.00036596276913769543,0.9327914118766785
deltaprime_arbitrum_2024,deltaprime_arbitrum_2024__hn067,deltaprime_arbitrum_2024,hard_negative_mined,arbitrum,0,k_3,3,3,0.006495426408946514,0.9327914118766785
bsc_token_hub_2022,bsc_token_hub_2022__hn002,bsc_token_hub_2022,hard_negative_mined,bsc,0,k_3,3,3,0.0026859589852392673,0.8175823092460632
bsc_token_hub_2022,bsc_token_hub_2022__hn005,bsc_token_hub_2022,hard_negative_mined,bsc,0,k_3,3,3,0.001422123285010457,0.8175823092460632
bsc_token_hub_2022,bsc_token_hub_2022__hn010,bsc_token_hub_2022,hard_negative_mined,bsc,0,k_3,3,6,0.0017805479001253843,0.8175823092460632
bsc_token_hub_2022,bsc_token_hub_2022__hn016,bsc_token_hub_2022,hard_negative_mined,bsc,0,k_3,3,4,0.0009117776062339544,0.8175823092460632
bsc_token_hub_2022,bsc_token_hub_2022__hn021,bsc_token_hub_2022,hard_negative_mined,bsc,0,k_3,3,3,0.0005522469873540103,0.8175823092460632
bsc_token_hub_2022,bsc_token_hub_2022__hn024,bsc_token_hub_2022,hard_negative_mined,bsc,0,k_3,3,5,0.0005775597528554499,0.8175823092460632
bsc_token_hub_2022,bsc_token_hub_2022__hn026,bsc_token_hub_2022,hard_negative_mined,bsc,0,k_3,3,4,0.002942465478554368,0.8175823092460632
bsc_token_hub_2022,bsc_token_hub_2022__hn027,bsc_token_hub_2022,hard_negative_mined,bsc,0,k_3,3,3,0.002149051520973444,0.8175823092460632
bsc_token_hub_2022,bsc_token_hub_2022__hn038,bsc_token_hub_2022,hard_negative_mined,bsc,0,k_3,3,3,0.0006386585882864892,0.8175823092460632
bsc_token_hub_2022,bsc_token_hub_2022__hn039,bsc_token_hub_2022,hard_negative_mined,bsc,0,k_3,3,4,0.0017757649766281247,0.8175823092460632
bsc_token_hub_2022,bsc_token_hub_2022__hn040,bsc_token_hub_2022,hard_negative_mined,bsc,0,k_3,3,6,0.002935172291472554,0.8175823092460632
bsc_token_hub_2022,bsc_token_hub_2022__hn048,bsc_token_hub_2022,hard_negative_mined,bsc,0,k_3,3,5,0.003793801413848996,0.8175823092460632
bsc_token_hub_2022,bsc_token_hub_2022__hn049,bsc_token_hub_2022,hard_negative_mined,bsc,0,k_3,3,6,0.0010208863532170653,0.8175823092460632
bsc_token_hub_2022,bsc_token_hub_2022__hn055,bsc_token_hub_2022,hard_negative_mined,bsc,0,k_3,3,3,0.0009117776062339544,0.8175823092460632
bsc_token_hub_2022,bsc_token_hub_2022__hn059,bsc_token_hub_2022,hard_negative_mined,bsc,0,k_3,3,14,0.0016125452239066362,0.8175823092460632
bsc_token_hub_2022,bsc_token_hub_2022__hn061,bsc_token_hub_2022,hard_negative_mined,bsc,0,k_3,3,6,0.0015629281988367438,0.8175823092460632
bsc_token_hub_2022,bsc_token_hub_2022__hn063,bsc_token_hub_2022,hard_negative_mined,bsc,0,k_3,3,3,0.0004012235440313816,0.8175823092460632
bsc_token_hub_2022,bsc_token_hub_2022__hn065,bsc_token_hub_2022,hard_negative_mined,bsc,0,k_3,3,8,0.00407633138820529,0.8175823092460632
bsc_token_hub_2022,bsc_token_hub_2022__hn066,bsc_token_hub_2022,hard_negative_mined,bsc,0,k_3,3,5,0.0006137096206657588,0.8175823092460632
bsc_token_hub_2022,bsc_token_hub_2022__hn069,bsc_token_hub_2022,hard_negative_mined,bsc,0,k_3,3,3,0.01110932882875204,0.8175823092460632
qbridge_qubit_2022,qbridge_qubit_2022__hn001,qbridge_qubit_2022,hard_negative_mined,bsc,0,k_3,3,458,0.021270671859383583,0.9857941269874573
qbridge_qubit_2022,qbridge_qubit_2022__hn002,qbridge_qubit_2022,hard_negative_mined,bsc,0,k_3,3,3,0.0005979431443847716,0.9857941269874573
qbridge_qubit_2022,qbridge_qubit_2022__hn004,qbridge_qubit_2022,hard_negative_mined,bsc,0,k_3,3,3,0.0023524248972535133,0.9857941269874573
qbridge_qubit_2022,qbridge_qubit_2022__hn005,qbridge_qubit_2022,hard_negative_mined,bsc,0,k_3,3,3,0.01226583868265152,0.9857941269874573
qbridge_qubit_2022,qbridge_qubit_2022__hn008,qbridge_qubit_2022,hard_negative_mined,bsc,0,k_3,3,7,0.000980609213002026,0.9857941269874573
qbridge_qubit_2022,qbridge_qubit_2022__hn009,qbridge_qubit_2022,hard_negative_mined,bsc,0,k_3,3,858,0.008123885840177536,0.9857941269874573
qbridge_qubit_2022,qbridge_qubit_2022__hn010,qbridge_qubit_2022,hard_negative_mined,bsc,0,k_3,3,176,0.004726738203316927,0.9857941269874573
qbridge_qubit_2022,qbridge_qubit_2022__hn011,qbridge_qubit_2022,hard_negative_mined,bsc,0,k_3,3,773,0.008944500237703323,0.9857941269874573
qbridge_qubit_2022,qbridge_qubit_2022__hn012,qbridge_qubit_2022,hard_negative_mined,bsc,0,k_3,3,4,0.0008552712388336658,0.9857941269874573
qbridge_qubit_2022,qbridge_qubit_2022__hn013,qbridge_qubit_2022,hard_negative_mined,bsc,0,k_3,3,521,0.0030125281773507595,0.9857941269874573
qbridge_qubit_2022,qbridge_qubit_2022__hn014,qbridge_qubit_2022,hard_negative_mined,bsc,0,k_3,3,11,0.34290701150894165,0.9857941269874573
qbridge_qubit_2022,qbridge_qubit_2022__hn015,qbridge_qubit_2022,hard_negative_mined,bsc,0,k_3,3,23,0.04915710538625717,0.9857941269874573
qbridge_qubit_2022,qbridge_qubit_2022__hn016,qbridge_qubit_2022,hard_negative_mined,bsc,0,k_3,3,4,0.004558378364890814,0.9857941269874573
qbridge_qubit_2022,qbridge_qubit_2022__hn020,qbridge_qubit_2022,hard_negative_mined,bsc,0,k_3,3,3,0.0006889934302307665,0.9857941269874573
qbridge_qubit_2022,qbridge_qubit_2022__hn021,qbridge_qubit_2022,hard_negative_mined,bsc,0,k_3,3,12,0.015904981642961502,0.9857941269874573
qbridge_qubit_2022,qbridge_qubit_2022__hn022,qbridge_qubit_2022,hard_negative_mined,bsc,0,k_3,3,77,0.23187923431396484,0.9857941269874573
qbridge_qubit_2022,qbridge_qubit_2022__hn023,qbridge_qubit_2022,hard_negative_mined,bsc,0,k_3,3,253,0.013494289480149746,0.9857941269874573
qbridge_qubit_2022,qbridge_qubit_2022__hn025,qbridge_qubit_2022,hard_negative_mined,bsc,0,k_3,3,43,0.012001982890069485,0.9857941269874573
qbridge_qubit_2022,qbridge_qubit_2022__hn027,qbridge_qubit_2022,hard_negative_mined,bsc,0,k_3,3,3,0.01226583868265152,0.9857941269874573
qbridge_qubit_2022,qbridge_qubit_2022__hn028,qbridge_qubit_2022,hard_negative_mined,bsc,0,k_3,3,8,0.0029802774079144,0.9857941269874573
qbridge_qubit_2022,qbridge_qubit_2022__hn029,qbridge_qubit_2022,hard_negative_mined,bsc,0,k_3,3,3,0.004320567008107901,0.9857941269874573
qbridge_qubit_2022,qbridge_qubit_2022__hn032,qbridge_qubit_2022,hard_negative_mined,bsc,0,k_3,3,58,0.0758858323097229,0.9857941269874573
qbridge_qubit_2022,qbridge_qubit_2022__hn033,qbridge_qubit_2022,hard_negative_mined,bsc,0,k_3,3,89,0.04127892106771469,0.9857941269874573
chibi_finance_2023,chibi_finance_2023__hn002,chibi_finance_2023,hard_negative_mined,arbitrum,0,k_3,3,3,0.0004989425651729107,0.9643273949623108
chibi_finance_2023,chibi_finance_2023__hn004,chibi_finance_2023,hard_negative_mined,arbitrum,0,k_3,3,8,0.007743594702333212,0.9643273949623108
chibi_finance_2023,chibi_finance_2023__hn015,chibi_finance_2023,hard_negative_mined,arbitrum,0,k_3,3,6,0.0013245833106338978,0.9643273949623108
wooppv2_2024,wooppv2_2024__hn001,wooppv2_2024,hard_negative_mined,arbitrum,0,k_3,3,5,0.002709838794544339,0.8806892037391663
wooppv2_2024,wooppv2_2024__hn002,wooppv2_2024,hard_negative_mined,arbitrum,0,k_3,3,3,0.000298662664135918,0.8806892037391663
wooppv2_2024,wooppv2_2024__hn003,wooppv2_2024,hard_negative_mined,arbitrum,0,k_3,3,3,0.0005430805613286793,0.8806892037391663
wooppv2_2024,wooppv2_2024__hn005,wooppv2_2024,hard_negative_mined,arbitrum,0,k_3,3,3,0.0008650869713164866,0.8806892037391663
wooppv2_2024,wooppv2_2024__hn015,wooppv2_2024,hard_negative_mined,arbitrum,0,k_3,3,6,0.003512180643156171,0.8806892037391663
utopiasphere_2024,utopiasphere_2024__hn000,utopiasphere_2024,hard_negative_mined,bsc,0,k_3,3,3,0.0003381231508683413,0.9025416374206543
utopiasphere_2024,utopiasphere_2024__hn001,utopiasphere_2024,hard_negative_mined,bsc,0,k_3,3,229,0.0016762398881837726,0.9025416374206543
utopiasphere_2024,utopiasphere_2024__hn004,utopiasphere_2024,hard_negative_mined,bsc,0,k_3,3,6,0.0006355703226290643,0.9025416374206543
utopiasphere_2024,utopiasphere_2024__hn008,utopiasphere_2024,hard_negative_mined,bsc,0,k_3,3,3,0.00043640760122798383,0.9025416374206543
utopiasphere_2024,utopiasphere_2024__hn009,utopiasphere_2024,hard_negative_mined,bsc,0,k_3,3,3,0.00029089293093420565,0.9025416374206543
utopiasphere_2024,utopiasphere_2024__hn017,utopiasphere_2024,hard_negative_mined,bsc,0,k_3,3,6,0.001329922117292881,0.9025416374206543
utopiasphere_2024,utopiasphere_2024__hn020,utopiasphere_2024,hard_negative_mined,bsc,0,k_3,3,3,0.00029089293093420565,0.9025416374206543
xkingdom_2024,xkingdom_2024__hn002,xkingdom_2024,hard_negative_mined,arbitrum,0,k_3,3,3,0.0004658432153519243,0.9614927768707275
xkingdom_2024,xkingdom_2024__hn005,xkingdom_2024,hard_negative_mined,arbitrum,0,k_3,3,3,0.0004658432153519243,0.9614927768707275
xkingdom_2024,xkingdom_2024__hn010,xkingdom_2024,hard_negative_mined,arbitrum,0,k_3,3,3,0.0004658432153519243,0.9614927768707275
xkingdom_2024,xkingdom_2024__hn013,xkingdom_2024,hard_negative_mined,arbitrum,0,k_3,3,3,0.0004658432153519243,0.9614927768707275
xkingdom_2024,xkingdom_2024__hn017,xkingdom_2024,hard_negative_mined,arbitrum,0,k_3,3,3,0.0004658432153519243,0.9614927768707275
xkingdom_2024,xkingdom_2024__hn020,xkingdom_2024,hard_negative_mined,arbitrum,0,k_3,3,3,0.000572299410123378,0.9614927768707275
xkingdom_2024,xkingdom_2024__hn021,xkingdom_2024,hard_negative_mined,arbitrum,0,k_3,3,3,0.000572299410123378,0.9614927768707275
wault_finance_2021,wault_finance_2021__hn000,wault_finance_2021,hard_negative_mined,bsc,0,k_3,3,449,0.006841673981398344,0.9585151076316833
wault_finance_2021,wault_finance_2021__hn001,wault_finance_2021,hard_negative_mined,bsc,0,k_3,3,353,0.03307287022471428,0.9585151076316833
wault_finance_2021,wault_finance_2021__hn003,wault_finance_2021,hard_negative_mined,bsc,0,k_3,3,850,0.02148592472076416,0.9585151076316833
wault_finance_2021,wault_finance_2021__hn004,wault_finance_2021,hard_negative_mined,bsc,0,k_3,3,439,0.020406465977430344,0.9585151076316833
wault_finance_2021,wault_finance_2021__hn006,wault_finance_2021,hard_negative_mined,bsc,0,k_3,3,1000,0.005800051614642143,0.9585151076316833
wault_finance_2021,wault_finance_2021__hn007,wault_finance_2021,hard_negative_mined,bsc,0,k_3,3,9,0.12023705989122391,0.9585151076316833
wault_finance_2021,wault_finance_2021__hn008,wault_finance_2021,hard_negative_mined,bsc,0,k_3,3,3,0.00033940532011911273,0.9585151076316833
wault_finance_2021,wault_finance_2021__hn009,wault_finance_2021,hard_negative_mined,bsc,0,k_3,3,6,0.0038010459393262863,0.9585151076316833
wault_finance_2021,wault_finance_2021__hn010,wault_finance_2021,hard_negative_mined,bsc,0,k_3,3,7,0.0038253667298704386,0.9585151076316833
wault_finance_2021,wault_finance_2021__hn011,wault_finance_2021,hard_negative_mined,bsc,0,k_3,3,46,0.0036873132921755314,0.9585151076316833
wault_finance_2021,wault_finance_2021__hn012,wault_finance_2021,hard_negative_mined,bsc,0,k_3,3,13,0.004467837046831846,0.9585151076316833
wault_finance_2021,wault_finance_2021__hn014,wault_finance_2021,hard_negative_mined,bsc,0,k_3,3,7,0.0026995723601430655,0.9585151076316833
wault_finance_2021,wault_finance_2021__hn016,wault_finance_2021,hard_negative_mined,bsc,0,k_3,3,997,0.008539327420294285,0.9585151076316833
wault_finance_2021,wault_finance_2021__hn017,wault_finance_2021,hard_negative_mined,bsc,0,k_3,3,3,0.004614123143255711,0.9585151076316833
wault_finance_2021,wault_finance_2021__hn018,wault_finance_2021,hard_negative_mined,bsc,0,k_3,3,7,0.004890907555818558,0.9585151076316833
wault_finance_2021,wault_finance_2021__hn019,wault_finance_2021,hard_negative_mined,bsc,0,k_3,3,6,0.004890907555818558,0.9585151076316833
wault_finance_2021,wault_finance_2021__hn021,wault_finance_2021,hard_negative_mined,bsc,0,k_3,3,3,0.0014542207354679704,0.9585151076316833
paraluni_2022,paraluni_2022__hn000,paraluni_2022,hard_negative_mined,bsc,0,k_3,3,4,0.001227406202815473,0.9776405096054077
paraluni_2022,paraluni_2022__hn001,paraluni_2022,hard_negative_mined,bsc,0,k_3,3,1000,0.017636265605688095,0.9776405096054077
paraluni_2022,paraluni_2022__hn002,paraluni_2022,hard_negative_mined,bsc,0,k_3,3,560,0.3131009042263031,0.9776405096054077
paraluni_2022,paraluni_2022__hn004,paraluni_2022,hard_negative_mined,bsc,0,k_3,3,4,0.020314622670412064,0.9776405096054077
paraluni_2022,paraluni_2022__hn005,paraluni_2022,hard_negative_mined,bsc,0,k_3,3,108,0.8811447620391846,0.9776405096054077
paraluni_2022,paraluni_2022__hn006,paraluni_2022,hard_negative_mined,bsc,0,k_3,3,15,0.14812567830085754,0.9776405096054077
paraluni_2022,paraluni_2022__hn007,paraluni_2022,hard_negative_mined,bsc,0,k_3,3,13,0.5437451601028442,0.9776405096054077
paraluni_2022,paraluni_2022__hn008,paraluni_2022,hard_negative_mined,bsc,0,k_3,3,4,0.0007608127198182046,0.9776405096054077
paraluni_2022,paraluni_2022__hn009,paraluni_2022,hard_negative_mined,bsc,0,k_3,3,334,0.0018386495066806674,0.9776405096054077
paraluni_2022,paraluni_2022__hn011,paraluni_2022,hard_negative_mined,bsc,0,k_3,3,6,0.0018240440404042602,0.9776405096054077
paraluni_2022,paraluni_2022__hn012,paraluni_2022,hard_negative_mined,bsc,0,k_3,3,27,0.10793542116880417,0.9776405096054077
paraluni_2022,paraluni_2022__hn013,paraluni_2022,hard_negative_mined,bsc,0,k_3,3,13,0.45103341341018677,0.9776405096054077
paraluni_2022,paraluni_2022__hn014,paraluni_2022,hard_negative_mined,bsc,0,k_3,3,219,0.0019763100426644087,0.9776405096054077
paraluni_2022,paraluni_2022__hn017,paraluni_2022,hard_negative_mined,bsc,0,k_3,3,1000,0.003415908897295594,0.9776405096054077
paraluni_2022,paraluni_2022__hn018,paraluni_2022,hard_negative_mined,bsc,0,k_3,3,5,0.018724286928772926,0.9776405096054077
radiant_capital_arbitrum_2024,radiant_capital_arbitrum_2024__hn000,radiant_capital_arbitrum_2024,hard_negative_mined,arbitrum,0,k_3,3,8,0.0018528520595282316,0.8982321619987488
radiant_capital_arbitrum_2024,radiant_capital_arbitrum_2024__hn001,radiant_capital_arbitrum_2024,hard_negative_mined,arbitrum,0,k_3,3,5,0.004205565433949232,0.8982321619987488
radiant_capital_arbitrum_2024,radiant_capital_arbitrum_2024__hn003,radiant_capital_arbitrum_2024,hard_negative_mined,arbitrum,0,k_3,3,24,0.008846757002174854,0.8982321619987488
radiant_capital_arbitrum_2024,radiant_capital_arbitrum_2024__hn004,radiant_capital_arbitrum_2024,hard_negative_mined,arbitrum,0,k_3,3,142,0.0053971619345247746,0.8982321619987488
radiant_capital_arbitrum_2024,radiant_capital_arbitrum_2024__hn006,radiant_capital_arbitrum_2024,hard_negative_mined,arbitrum,0,k_3,3,22,0.11572933942079544,0.8982321619987488
radiant_capital_arbitrum_2024,radiant_capital_arbitrum_2024__hn007,radiant_capital_arbitrum_2024,hard_negative_mined,arbitrum,0,k_3,3,3,0.0014085081638768315,0.8982321619987488
radiant_capital_arbitrum_2024,radiant_capital_arbitrum_2024__hn010,radiant_capital_arbitrum_2024,hard_negative_mined,arbitrum,0,k_3,3,5,0.0007360363379120827,0.8982321619987488
radiant_capital_arbitrum_2024,radiant_capital_arbitrum_2024__hn011,radiant_capital_arbitrum_2024,hard_negative_mined,arbitrum,0,k_3,3,4,0.0003830821078736335,0.8982321619987488
radiant_capital_arbitrum_2024,radiant_capital_arbitrum_2024__hn012,radiant_capital_arbitrum_2024,hard_negative_mined,arbitrum,0,k_3,3,113,0.001509631285443902,0.8982321619987488
radiant_capital_arbitrum_2024,radiant_capital_arbitrum_2024__hn013,radiant_capital_arbitrum_2024,hard_negative_mined,arbitrum,0,k_3,3,4,0.0004007598909083754,0.8982321619987488
radiant_capital_arbitrum_2024,radiant_capital_arbitrum_2024__hn014,radiant_capital_arbitrum_2024,hard_negative_mined,arbitrum,0,k_3,3,3,0.0014050182653591037,0.8982321619987488
radiant_capital_arbitrum_2024,radiant_capital_arbitrum_2024__hn015,radiant_capital_arbitrum_2024,hard_negative_mined,arbitrum,0,k_3,3,3,0.000607648107688874,0.8982321619987488
radiant_capital_arbitrum_2024,radiant_capital_arbitrum_2024__hn018,radiant_capital_arbitrum_2024,hard_negative_mined,arbitrum,0,k_3,3,30,0.1271866112947464,0.8982321619987488
radiant_capital_arbitrum_2024,radiant_capital_arbitrum_2024__hn019,radiant_capital_arbitrum_2024,hard_negative_mined,arbitrum,0,k_3,3,4,0.0002260682958876714,0.8982321619987488
radiant_capital_arbitrum_2024,radiant_capital_arbitrum_2024__hn022,radiant_capital_arbitrum_2024,hard_negative_mined,arbitrum,0,k_3,3,4,0.00028605168336071074,0.8982321619987488
radiant_capital_arbitrum_2024,radiant_capital_arbitrum_2024__hn024,radiant_capital_arbitrum_2024,hard_negative_mined,arbitrum,0,k_3,3,24,0.37806054949760437,0.8982321619987488
magic_abracadabra_arbitrum_2025,magic_abracadabra_arbitrum_2025__hn000,magic_abracadabra_arbitrum_2025,hard_negative_mined,arbitrum,0,k_3,3,496,0.0017022849060595036,0.8122069239616394
magic_abracadabra_arbitrum_2025,magic_abracadabra_arbitrum_2025__hn001,magic_abracadabra_arbitrum_2025,hard_negative_mined,arbitrum,0,k_3,3,10,0.004563301336020231,0.8122069239616394
magic_abracadabra_arbitrum_2025,magic_abracadabra_arbitrum_2025__hn003,magic_abracadabra_arbitrum_2025,hard_negative_mined,arbitrum,0,k_3,3,3,0.0007706636097282171,0.8122069239616394
magic_abracadabra_arbitrum_2025,magic_abracadabra_arbitrum_2025__hn005,magic_abracadabra_arbitrum_2025,hard_negative_mined,arbitrum,0,k_3,3,5,0.0021009312476962805,0.8122069239616394
magic_abracadabra_arbitrum_2025,magic_abracadabra_arbitrum_2025__hn007,magic_abracadabra_arbitrum_2025,hard_negative_mined,arbitrum,0,k_3,3,3,0.0010566430864855647,0.8122069239616394
magic_abracadabra_arbitrum_2025,magic_abracadabra_arbitrum_2025__hn008,magic_abracadabra_arbitrum_2025,hard_negative_mined,arbitrum,0,k_3,3,20,0.0019359750440344214,0.8122069239616394
magic_abracadabra_arbitrum_2025,magic_abracadabra_arbitrum_2025__hn009,magic_abracadabra_arbitrum_2025,hard_negative_mined,arbitrum,0,k_3,3,4,0.0004053434531670064,0.8122069239616394
magic_abracadabra_arbitrum_2025,magic_abracadabra_arbitrum_2025__hn010,magic_abracadabra_arbitrum_2025,hard_negative_mined,arbitrum,0,k_3,3,5,0.0016974410973489285,0.8122069239616394
magic_abracadabra_arbitrum_2025,magic_abracadabra_arbitrum_2025__hn011,magic_abracadabra_arbitrum_2025,hard_negative_mined,arbitrum,0,k_3,3,14,0.009733723476529121,0.8122069239616394
magic_abracadabra_arbitrum_2025,magic_abracadabra_arbitrum_2025__hn012,magic_abracadabra_arbitrum_2025,hard_negative_mined,arbitrum,0,k_3,3,7,0.0009769793832674623,0.8122069239616394
magic_abracadabra_arbitrum_2025,magic_abracadabra_arbitrum_2025__hn013,magic_abracadabra_arbitrum_2025,hard_negative_mined,arbitrum,0,k_3,3,3,0.001146084163337946,0.8122069239616394
magic_abracadabra_arbitrum_2025,magic_abracadabra_arbitrum_2025__hn014,magic_abracadabra_arbitrum_2025,hard_negative_mined,arbitrum,0,k_3,3,9,0.003755156649276614,0.8122069239616394
magic_abracadabra_arbitrum_2025,magic_abracadabra_arbitrum_2025__hn016,magic_abracadabra_arbitrum_2025,hard_negative_mined,arbitrum,0,k_3,3,13,0.0022064941003918648,0.8122069239616394
magic_abracadabra_arbitrum_2025,magic_abracadabra_arbitrum_2025__hn017,magic_abracadabra_arbitrum_2025,hard_negative_mined,arbitrum,0,k_3,3,5,0.003168809460476041,0.8122069239616394
magic_abracadabra_arbitrum_2025,magic_abracadabra_arbitrum_2025__hn018,magic_abracadabra_arbitrum_2025,hard_negative_mined,arbitrum,0,k_3,3,3,0.0021671352442353964,0.8122069239616394
magic_abracadabra_arbitrum_2025,magic_abracadabra_arbitrum_2025__hn020,magic_abracadabra_arbitrum_2025,hard_negative_mined,arbitrum,0,k_3,3,3,0.004458724055439234,0.8122069239616394
magic_abracadabra_arbitrum_2025,magic_abracadabra_arbitrum_2025__hn021,magic_abracadabra_arbitrum_2025,hard_negative_mined,arbitrum,0,k_3,3,5,0.0012631099671125412,0.8122069239616394
magic_abracadabra_arbitrum_2025,magic_abracadabra_arbitrum_2025__hn022,magic_abracadabra_arbitrum_2025,hard_negative_mined,arbitrum,0,k_3,3,6,0.0010266691679134965,0.8122069239616394
magic_abracadabra_arbitrum_2025,magic_abracadabra_arbitrum_2025__hn023,magic_abracadabra_arbitrum_2025,hard_negative_mined,arbitrum,0,k_3,3,3,0.0006561930058524013,0.8122069239616394
hackerdao_2022,hackerdao_2022__hn001,hackerdao_2022,hard_negative_mined,bsc,0,k_3,3,12,0.2353101223707199,0.9946644306182861
hackerdao_2022,hackerdao_2022__hn002,hackerdao_2022,hard_negative_mined,bsc,0,k_3,3,3,0.0012366570299491286,0.9946644306182861
hackerdao_2022,hackerdao_2022__hn004,hackerdao_2022,hard_negative_mined,bsc,0,k_3,3,102,0.3153523802757263,0.9946644306182861
hackerdao_2022,hackerdao_2022__hn005,hackerdao_2022,hard_negative_mined,bsc,0,k_3,3,3,0.006130222696810961,0.9946644306182861
hackerdao_2022,hackerdao_2022__hn009,hackerdao_2022,hard_negative_mined,bsc,0,k_3,3,828,0.0028068360406905413,0.9946644306182861
hackerdao_2022,hackerdao_2022__hn010,hackerdao_2022,hard_negative_mined,bsc,0,k_3,3,529,0.06937519460916519,0.9946644306182861
hackerdao_2022,hackerdao_2022__hn012,hackerdao_2022,hard_negative_mined,bsc,0,k_3,3,516,0.06937519460916519,0.9946644306182861
hackerdao_2022,hackerdao_2022__hn013,hackerdao_2022,hard_negative_mined,bsc,0,k_3,3,208,0.07163029909133911,0.9946644306182861
hackerdao_2022,hackerdao_2022__hn015,hackerdao_2022,hard_negative_mined,bsc,0,k_3,3,4,0.00709764426574111,0.9946644306182861
hackerdao_2022,hackerdao_2022__hn016,hackerdao_2022,hard_negative_mined,bsc,0,k_3,3,43,0.03823087364435196,0.9946644306182861
hackerdao_2022,hackerdao_2022__hn017,hackerdao_2022,hard_negative_mined,bsc,0,k_3,3,3,0.003510280279442668,0.9946644306182861
hackerdao_2022,hackerdao_2022__hn018,hackerdao_2022,hard_negative_mined,bsc,0,k_3,3,557,0.07253177464008331,0.9946644306182861
hackerdao_2022,hackerdao_2022__hn020,hackerdao_2022,hard_negative_mined,bsc,0,k_3,3,14,0.045090451836586,0.9946644306182861
hackerdao_2022,hackerdao_2022__hn021,hackerdao_2022,hard_negative_mined,bsc,0,k_3,3,3,0.0003330262843519449,0.9946644306182861
hackerdao_2022,hackerdao_2022__hn022,hackerdao_2022,hard_negative_mined,bsc,0,k_3,3,1000,0.32754582166671753,0.9946644306182861
hackerdao_2022,hackerdao_2022__hn023,hackerdao_2022,hard_negative_mined,bsc,0,k_3,3,5,0.0006133347633294761,0.9946644306182861
new_free_dao_2022,new_free_dao_2022__hn000,new_free_dao_2022,hard_negative_mined,bsc,0,k_3,3,348,0.06408782303333282,0.9472776651382446
new_free_dao_2022,new_free_dao_2022__hn001,new_free_dao_2022,hard_negative_mined,bsc,0,k_3,3,3,0.0005780542851425707,0.9472776651382446
new_free_dao_2022,new_free_dao_2022__hn002,new_free_dao_2022,hard_negative_mined,bsc,0,k_3,3,476,0.21260719001293182,0.9472776651382446
new_free_dao_2022,new_free_dao_2022__hn004,new_free_dao_2022,hard_negative_mined,bsc,0,k_3,3,8,0.000491744838654995,0.9472776651382446
new_free_dao_2022,new_free_dao_2022__hn009,new_free_dao_2022,hard_negative_mined,bsc,0,k_3,3,6,0.0005505363224074244,0.9472776651382446
new_free_dao_2022,new_free_dao_2022__hn011,new_free_dao_2022,hard_negative_mined,bsc,0,k_3,3,93,0.008839907124638557,0.9472776651382446
new_free_dao_2022,new_free_dao_2022__hn012,new_free_dao_2022,hard_negative_mined,bsc,0,k_3,3,338,0.007082341238856316,0.9472776651382446
new_free_dao_2022,new_free_dao_2022__hn015,new_free_dao_2022,hard_negative_mined,bsc,0,k_3,3,3,0.005923944059759378,0.9472776651382446
new_free_dao_2022,new_free_dao_2022__hn016,new_free_dao_2022,hard_negative_mined,bsc,0,k_3,3,3,0.0011249936651438475,0.9472776651382446
new_free_dao_2022,new_free_dao_2022__hn018,new_free_dao_2022,hard_negative_mined,bsc,0,k_3,3,3,0.0003010655054822564,0.9472776651382446
new_free_dao_2022,new_free_dao_2022__hn019,new_free_dao_2022,hard_negative_mined,bsc,0,k_3,3,3,0.0032038490753620863,0.9472776651382446
new_free_dao_2022,new_free_dao_2022__hn020,new_free_dao_2022,hard_negative_mined,bsc,0,k_3,3,4,0.000829511322081089,0.9472776651382446
new_free_dao_2022,new_free_dao_2022__hn021,new_free_dao_2022,hard_negative_mined,bsc,0,k_3,3,4,0.0011825512629002333,0.9472776651382446
new_free_dao_2022,new_free_dao_2022__hn024,new_free_dao_2022,hard_negative_mined,bsc,0,k_3,3,207,0.33119332790374756,0.9472776651382446
chibi_finance_2023,chibi_finance_2023__hnc000,chibi_finance_2023,hard_negative_mined_v2_complexity,arbitrum,0,k_3,3,3,0.00037079289904795587,0.9643273949623108
chibi_finance_2023,chibi_finance_2023__hnc004,chibi_finance_2023,hard_negative_mined_v2_complexity,arbitrum,0,k_3,3,3,0.0007678596884943545,0.9643273949623108
deltaprime_arbitrum_2024,deltaprime_arbitrum_2024__hnc000,deltaprime_arbitrum_2024,hard_negative_mined_v2_complexity,arbitrum,0,k_3,3,224,0.373821884393692,0.9327914118766785
deltaprime_arbitrum_2024,deltaprime_arbitrum_2024__hnc007,deltaprime_arbitrum_2024,hard_negative_mined_v2_complexity,arbitrum,0,k_3,3,3,0.0008688895613886416,0.9327914118766785
deltaprime_arbitrum_2024,deltaprime_arbitrum_2024__hnc008,deltaprime_arbitrum_2024,hard_negative_mined_v2_complexity,arbitrum,0,k_3,3,3,0.0014548280742019415,0.9327914118766785
ronin_bridge_2022,ronin_bridge_2022__hnc006,ronin_bridge_2022,hard_negative_mined_v2_complexity,eth,0,k_3,3,3,0.0005086376913823187,0.6345668435096741
wooppv2_2024,wooppv2_2024__hnc003,wooppv2_2024,hard_negative_mined_v2_complexity,arbitrum,0,k_3,3,6,0.0034883704502135515,0.8806892037391663
wooppv2_2024,wooppv2_2024__hnc007,wooppv2_2024,hard_negative_mined_v2_complexity,arbitrum,0,k_3,3,3,0.0005430805613286793,0.8806892037391663
xkingdom_2024,xkingdom_2024__hnc001,xkingdom_2024,hard_negative_mined_v2_complexity,arbitrum,0,k_3,3,3,0.0004658432153519243,0.9614927768707275
xkingdom_2024,xkingdom_2024__hnc003,xkingdom_2024,hard_negative_mined_v2_complexity,arbitrum,0,k_3,3,3,0.0004658432153519243,0.9614927768707275
bsc_token_hub_2022,bsc_token_hub_2022__hnc000,bsc_token_hub_2022,hard_negative_mined_v2_complexity,bsc,0,k_3,3,3,0.0035757822915911674,0.8175823092460632
bsc_token_hub_2022,bsc_token_hub_2022__hnc001,bsc_token_hub_2022,hard_negative_mined_v2_complexity,bsc,0,k_3,3,3,0.0035574582871049643,0.8175823092460632
bsc_token_hub_2022,bsc_token_hub_2022__hnc002,bsc_token_hub_2022,hard_negative_mined_v2_complexity,bsc,0,k_3,3,4,0.005091362167149782,0.8175823092460632
bsc_token_hub_2022,bsc_token_hub_2022__hnc003,bsc_token_hub_2022,hard_negative_mined_v2_complexity,bsc,0,k_3,3,3,0.0004053343436680734,0.8175823092460632
bsc_token_hub_2022,bsc_token_hub_2022__hnc006,bsc_token_hub_2022,hard_negative_mined_v2_complexity,bsc,0,k_3,3,37,0.013374658301472664,0.8175823092460632
bsc_token_hub_2022,bsc_token_hub_2022__hnc009,bsc_token_hub_2022,hard_negative_mined_v2_complexity,bsc,0,k_3,3,4,0.0024117035791277885,0.8175823092460632
utopiasphere_2024,utopiasphere_2024__hnc000,utopiasphere_2024,hard_negative_mined_v2_complexity,bsc,0,k_3,3,3,0.0009531970135867596,0.9025416374206543
utopiasphere_2024,utopiasphere_2024__hnc001,utopiasphere_2024,hard_negative_mined_v2_complexity,bsc,0,k_3,3,5,0.0011082945857197046,0.9025416374206543
qbridge_qubit_2022,qbridge_qubit_2022__hnc000,qbridge_qubit_2022,hard_negative_mined_v2_complexity,bsc,0,k_3,3,434,0.004484774544835091,0.9857941269874573
qbridge_qubit_2022,qbridge_qubit_2022__hnc001,qbridge_qubit_2022,hard_negative_mined_v2_complexity,bsc,0,k_3,3,647,0.005812807008624077,0.9857941269874573
qbridge_qubit_2022,qbridge_qubit_2022__hnc002,qbridge_qubit_2022,hard_negative_mined_v2_complexity,bsc,0,k_3,3,76,0.8150065541267395,0.9857941269874573
qbridge_qubit_2022,qbridge_qubit_2022__hnc003,qbridge_qubit_2022,hard_negative_mined_v2_complexity,bsc,0,k_3,3,485,0.011397946625947952,0.9857941269874573
qbridge_qubit_2022,qbridge_qubit_2022__hnc005,qbridge_qubit_2022,hard_negative_mined_v2_complexity,bsc,0,k_3,3,8,0.0005721821798942983,0.9857941269874573
qbridge_qubit_2022,qbridge_qubit_2022__hnc008,qbridge_qubit_2022,hard_negative_mined_v2_complexity,bsc,0,k_3,3,177,0.0041564470157027245,0.9857941269874573
qbridge_qubit_2022,qbridge_qubit_2022__hnc009,qbridge_qubit_2022,hard_negative_mined_v2_complexity,bsc,0,k_3,3,649,0.013184736482799053,0.9857941269874573
wault_finance_2021,wault_finance_2021__hnc001,wault_finance_2021,hard_negative_mined_v2_complexity,bsc,0,k_3,3,540,0.03307287022471428,0.9585151076316833
wault_finance_2021,wault_finance_2021__hnc002,wault_finance_2021,hard_negative_mined_v2_complexity,bsc,0,k_3,3,7,0.0009802599670365453,0.9585151076316833
wault_finance_2021,wault_finance_2021__hnc003,wault_finance_2021,hard_negative_mined_v2_complexity,bsc,0,k_3,3,6,0.0044304849579930305,0.9585151076316833
wault_finance_2021,wault_finance_2021__hnc005,wault_finance_2021,hard_negative_mined_v2_complexity,bsc,0,k_3,3,3,0.002809271216392517,0.9585151076316833
wault_finance_2021,wault_finance_2021__hnc006,wault_finance_2021,hard_negative_mined_v2_complexity,bsc,0,k_3,3,17,0.0021502943709492683,0.9585151076316833
wault_finance_2021,wault_finance_2021__hnc007,wault_finance_2021,hard_negative_mined_v2_complexity,bsc,0,k_3,3,19,0.0071708024479448795,0.9585151076316833
wault_finance_2021,wault_finance_2021__hnc009,wault_finance_2021,hard_negative_mined_v2_complexity,bsc,0,k_3,3,20,0.005319433752447367,0.9585151076316833
paraluni_2022,paraluni_2022__hnc000,paraluni_2022,hard_negative_mined_v2_complexity,bsc,0,k_3,3,3,0.0013097672490403056,0.9776405096054077
paraluni_2022,paraluni_2022__hnc001,paraluni_2022,hard_negative_mined_v2_complexity,bsc,0,k_3,3,854,0.0034823317546397448,0.9776405096054077
paraluni_2022,paraluni_2022__hnc002,paraluni_2022,hard_negative_mined_v2_complexity,bsc,0,k_3,3,26,0.1643998771905899,0.9776405096054077
paraluni_2022,paraluni_2022__hnc004,paraluni_2022,hard_negative_mined_v2_complexity,bsc,0,k_3,3,5,0.0037918139714747667,0.9776405096054077
paraluni_2022,paraluni_2022__hnc005,paraluni_2022,hard_negative_mined_v2_complexity,bsc,0,k_3,3,13,0.0021754547487944365,0.9776405096054077
paraluni_2022,paraluni_2022__hnc007,paraluni_2022,hard_negative_mined_v2_complexity,bsc,0,k_3,3,8,0.0004368764639366418,0.9776405096054077
paraluni_2022,paraluni_2022__hnc009,paraluni_2022,hard_negative_mined_v2_complexity,bsc,0,k_3,3,83,0.007688739337027073,0.9776405096054077
ronin_bridge_2022,ronin_bridge_2022,ronin_bridge_2022,positive,eth,1,k_5,5,1625,0.976287841796875,0.982742428779602
ronin_benign_control_2022,ronin_benign_control_2022,ronin_bridge_2022,hard_negative_control,eth,0,k_5,5,103,0.8852729201316833,0.982742428779602
qbridge_qubit_2022,qbridge_qubit_2022,qbridge_qubit_2022,positive,bsc,1,k_5,5,698,0.984872579574585,0.9423914551734924
feg_bridge_2024,feg_bridge_2024,feg_bridge_2024,positive,eth,1,k_5,5,9,0.012486236169934273,0.9568963646888733
deltaprime_arbitrum_2024,deltaprime_arbitrum_2024,deltaprime_arbitrum_2024,positive,arbitrum,1,k_5,5,23,0.9745110869407654,0.9843109250068665
bsc_token_hub_2022,bsc_token_hub_2022,bsc_token_hub_2022,positive,bsc,1,k_5,5,362,0.977380633354187,0.9271549582481384
chibi_finance_2023,chibi_finance_2023,chibi_finance_2023,positive,arbitrum,1,k_5,5,40,0.9956192374229431,0.9708060622215271
wooppv2_2024,wooppv2_2024,wooppv2_2024,positive,arbitrum,1,k_5,5,16,0.01010892167687416,0.9463233947753906
utopiasphere_2024,utopiasphere_2024,utopiasphere_2024,positive,bsc,1,k_5,5,37,0.8302236795425415,0.9321832656860352
xkingdom_2024,xkingdom_2024,xkingdom_2024,positive,arbitrum,1,k_5,5,73,0.8778882026672363,0.8450645208358765
wault_finance_2021,wault_finance_2021,wault_finance_2021,positive,bsc,1,k_5,5,190,0.010378587990999222,0.969242513179779
paraluni_2022,paraluni_2022,paraluni_2022,positive,bsc,1,k_5,5,511,0.0016227090964093804,0.9683386087417603
radiant_capital_arbitrum_2024,radiant_capital_arbitrum_2024,radiant_capital_arbitrum_2024,positive,arbitrum,1,k_5,5,248,0.4060482680797577,0.9369753003120422
magic_abracadabra_arbitrum_2025,magic_abracadabra_arbitrum_2025,magic_abracadabra_arbitrum_2025,positive,arbitrum,1,k_5,5,88,0.7171537280082703,0.8659082055091858
hackerdao_2022,hackerdao_2022,hackerdao_2022,positive,bsc,1,k_5,5,35,0.5677816867828369,0.8114339113235474
new_free_dao_2022,new_free_dao_2022,new_free_dao_2022,positive,bsc,1,k_5,5,12,0.037535715848207474,0.9810276031494141
ronin_bridge_2022,ronin_bridge_2022__hn012,ronin_bridge_2022,hard_negative_mined,eth,0,k_5,5,55,0.9787876009941101,0.982742428779602
deltaprime_arbitrum_2024,deltaprime_arbitrum_2024__hn007,deltaprime_arbitrum_2024,hard_negative_mined,arbitrum,0,k_5,5,91,0.00039248302346095443,0.9843109250068665
deltaprime_arbitrum_2024,deltaprime_arbitrum_2024__hn008,deltaprime_arbitrum_2024,hard_negative_mined,arbitrum,0,k_5,5,121,0.0007650571642443538,0.9843109250068665
deltaprime_arbitrum_2024,deltaprime_arbitrum_2024__hn016,deltaprime_arbitrum_2024,hard_negative_mined,arbitrum,0,k_5,5,168,0.1845850944519043,0.9843109250068665
deltaprime_arbitrum_2024,deltaprime_arbitrum_2024__hn022,deltaprime_arbitrum_2024,hard_negative_mined,arbitrum,0,k_5,5,219,0.4864429831504822,0.9843109250068665
deltaprime_arbitrum_2024,deltaprime_arbitrum_2024__hn050,deltaprime_arbitrum_2024,hard_negative_mined,arbitrum,0,k_5,5,5,0.6735188961029053,0.9843109250068665
deltaprime_arbitrum_2024,deltaprime_arbitrum_2024__hn051,deltaprime_arbitrum_2024,hard_negative_mined,arbitrum,0,k_5,5,15,0.001092309132218361,0.9843109250068665
deltaprime_arbitrum_2024,deltaprime_arbitrum_2024__hn064,deltaprime_arbitrum_2024,hard_negative_mined,arbitrum,0,k_5,5,6,0.0018625825177878141,0.9843109250068665
bsc_token_hub_2022,bsc_token_hub_2022__hn010,bsc_token_hub_2022,hard_negative_mined,bsc,0,k_5,5,6,0.0008996037067845464,0.9271549582481384
bsc_token_hub_2022,bsc_token_hub_2022__hn024,bsc_token_hub_2022,hard_negative_mined,bsc,0,k_5,5,5,0.006787481717765331,0.9271549582481384
bsc_token_hub_2022,bsc_token_hub_2022__hn040,bsc_token_hub_2022,hard_negative_mined,bsc,0,k_5,5,6,0.006596460938453674,0.9271549582481384
bsc_token_hub_2022,bsc_token_hub_2022__hn048,bsc_token_hub_2022,hard_negative_mined,bsc,0,k_5,5,5,0.008279507048428059,0.9271549582481384
bsc_token_hub_2022,bsc_token_hub_2022__hn049,bsc_token_hub_2022,hard_negative_mined,bsc,0,k_5,5,6,0.008595854043960571,0.9271549582481384
bsc_token_hub_2022,bsc_token_hub_2022__hn059,bsc_token_hub_2022,hard_negative_mined,bsc,0,k_5,5,14,0.0009576547308824956,0.9271549582481384
bsc_token_hub_2022,bsc_token_hub_2022__hn061,bsc_token_hub_2022,hard_negative_mined,bsc,0,k_5,5,6,0.0020918238442391157,0.9271549582481384
bsc_token_hub_2022,bsc_token_hub_2022__hn065,bsc_token_hub_2022,hard_negative_mined,bsc,0,k_5,5,8,0.0036284818779677153,0.9271549582481384
bsc_token_hub_2022,bsc_token_hub_2022__hn066,bsc_token_hub_2022,hard_negative_mined,bsc,0,k_5,5,5,0.0010188653832301497,0.9271549582481384
qbridge_qubit_2022,qbridge_qubit_2022__hn001,qbridge_qubit_2022,hard_negative_mined,bsc,0,k_5,5,458,0.001210868707858026,0.9423914551734924
qbridge_qubit_2022,qbridge_qubit_2022__hn008,qbridge_qubit_2022,hard_negative_mined,bsc,0,k_5,5,7,0.017350224778056145,0.9423914551734924
qbridge_qubit_2022,qbridge_qubit_2022__hn009,qbridge_qubit_2022,hard_negative_mined,bsc,0,k_5,5,858,0.022847730666399002,0.9423914551734924
qbridge_qubit_2022,qbridge_qubit_2022__hn010,qbridge_qubit_2022,hard_negative_mined,bsc,0,k_5,5,176,0.0010493131121620536,0.9423914551734924
qbridge_qubit_2022,qbridge_qubit_2022__hn011,qbridge_qubit_2022,hard_negative_mined,bsc,0,k_5,5,773,0.022047799080610275,0.9423914551734924
qbridge_qubit_2022,qbridge_qubit_2022__hn013,qbridge_qubit_2022,hard_negative_mined,bsc,0,k_5,5,521,0.07553564757108688,0.9423914551734924
qbridge_qubit_2022,qbridge_qubit_2022__hn014,qbridge_qubit_2022,hard_negative_mined,bsc,0,k_5,5,11,0.004769643768668175,0.9423914551734924
qbridge_qubit_2022,qbridge_qubit_2022__hn015,qbridge_qubit_2022,hard_negative_mined,bsc,0,k_5,5,23,0.0019498021574690938,0.9423914551734924
qbridge_qubit_2022,qbridge_qubit_2022__hn021,qbridge_qubit_2022,hard_negative_mined,bsc,0,k_5,5,12,0.017512429505586624,0.9423914551734924
qbridge_qubit_2022,qbridge_qubit_2022__hn022,qbridge_qubit_2022,hard_negative_mined,bsc,0,k_5,5,77,0.6442534923553467,0.9423914551734924
qbridge_qubit_2022,qbridge_qubit_2022__hn023,qbridge_qubit_2022,hard_negative_mined,bsc,0,k_5,5,253,0.012262597680091858,0.9423914551734924
qbridge_qubit_2022,qbridge_qubit_2022__hn025,qbridge_qubit_2022,hard_negative_mined,bsc,0,k_5,5,43,0.008183976635336876,0.9423914551734924
qbridge_qubit_2022,qbridge_qubit_2022__hn028,qbridge_qubit_2022,hard_negative_mined,bsc,0,k_5,5,8,0.06800521910190582,0.9423914551734924
qbridge_qubit_2022,qbridge_qubit_2022__hn032,qbridge_qubit_2022,hard_negative_mined,bsc,0,k_5,5,58,0.0981796532869339,0.9423914551734924
qbridge_qubit_2022,qbridge_qubit_2022__hn033,qbridge_qubit_2022,hard_negative_mined,bsc,0,k_5,5,89,0.003627128666266799,0.9423914551734924
chibi_finance_2023,chibi_finance_2023__hn004,chibi_finance_2023,hard_negative_mined,arbitrum,0,k_5,5,8,0.0034804062452167273,0.9708060622215271
chibi_finance_2023,chibi_finance_2023__hn015,chibi_finance_2023,hard_negative_mined,arbitrum,0,k_5,5,6,0.0005983082810416818,0.9708060622215271
wooppv2_2024,wooppv2_2024__hn001,wooppv2_2024,hard_negative_mined,arbitrum,0,k_5,5,5,0.0003216765762772411,0.9463233947753906
wooppv2_2024,wooppv2_2024__hn015,wooppv2_2024,hard_negative_mined,arbitrum,0,k_5,5,6,0.00216691754758358,0.9463233947753906
utopiasphere_2024,utopiasphere_2024__hn001,utopiasphere_2024,hard_negative_mined,bsc,0,k_5,5,229,0.006254973355680704,0.9321832656860352
utopiasphere_2024,utopiasphere_2024__hn004,utopiasphere_2024,hard_negative_mined,bsc,0,k_5,5,6,0.002057354897260666,0.9321832656860352
utopiasphere_2024,utopiasphere_2024__hn017,utopiasphere_2024,hard_negative_mined,bsc,0,k_5,5,6,0.01810067519545555,0.9321832656860352
wault_finance_2021,wault_finance_2021__hn000,wault_finance_2021,hard_negative_mined,bsc,0,k_5,5,449,0.015899071469902992,0.969242513179779
wault_finance_2021,wault_finance_2021__hn001,wault_finance_2021,hard_negative_mined,bsc,0,k_5,5,353,0.001976107945665717,0.969242513179779
wault_finance_2021,wault_finance_2021__hn003,wault_finance_2021,hard_negative_mined,bsc,0,k_5,5,850,0.01397752482444048,0.969242513179779
wault_finance_2021,wault_finance_2021__hn004,wault_finance_2021,hard_negative_mined,bsc,0,k_5,5,439,0.006149097811430693,0.969242513179779
wault_finance_2021,wault_finance_2021__hn006,wault_finance_2021,hard_negative_mined,bsc,0,k_5,5,1000,0.003793552750721574,0.969242513179779
wault_finance_2021,wault_finance_2021__hn007,wault_finance_2021,hard_negative_mined,bsc,0,k_5,5,9,0.0359186977148056,0.969242513179779
wault_finance_2021,wault_finance_2021__hn009,wault_finance_2021,hard_negative_mined,bsc,0,k_5,5,6,0.004715678282082081,0.969242513179779
wault_finance_2021,wault_finance_2021__hn010,wault_finance_2021,hard_negative_mined,bsc,0,k_5,5,7,0.008184549398720264,0.969242513179779
wault_finance_2021,wault_finance_2021__hn011,wault_finance_2021,hard_negative_mined,bsc,0,k_5,5,46,0.002932817442342639,0.969242513179779
wault_finance_2021,wault_finance_2021__hn012,wault_finance_2021,hard_negative_mined,bsc,0,k_5,5,13,0.004168019164353609,0.969242513179779
wault_finance_2021,wault_finance_2021__hn014,wault_finance_2021,hard_negative_mined,bsc,0,k_5,5,7,0.023565372452139854,0.969242513179779
wault_finance_2021,wault_finance_2021__hn016,wault_finance_2021,hard_negative_mined,bsc,0,k_5,5,997,0.005423444323241711,0.969242513179779
wault_finance_2021,wault_finance_2021__hn018,wault_finance_2021,hard_negative_mined,bsc,0,k_5,5,7,0.020483359694480896,0.969242513179779
wault_finance_2021,wault_finance_2021__hn019,wault_finance_2021,hard_negative_mined,bsc,0,k_5,5,6,0.004507157951593399,0.969242513179779
paraluni_2022,paraluni_2022__hn001,paraluni_2022,hard_negative_mined,bsc,0,k_5,5,1000,0.008236510679125786,0.9683386087417603
paraluni_2022,paraluni_2022__hn002,paraluni_2022,hard_negative_mined,bsc,0,k_5,5,560,0.041095297783613205,0.9683386087417603
paraluni_2022,paraluni_2022__hn005,paraluni_2022,hard_negative_mined,bsc,0,k_5,5,108,0.08300904929637909,0.9683386087417603
paraluni_2022,paraluni_2022__hn006,paraluni_2022,hard_negative_mined,bsc,0,k_5,5,15,0.030210688710212708,0.9683386087417603
paraluni_2022,paraluni_2022__hn007,paraluni_2022,hard_negative_mined,bsc,0,k_5,5,13,0.0022730075288563967,0.9683386087417603
paraluni_2022,paraluni_2022__hn009,paraluni_2022,hard_negative_mined,bsc,0,k_5,5,334,0.000927843211684376,0.9683386087417603
paraluni_2022,paraluni_2022__hn011,paraluni_2022,hard_negative_mined,bsc,0,k_5,5,6,0.14395473897457123,0.9683386087417603
paraluni_2022,paraluni_2022__hn012,paraluni_2022,hard_negative_mined,bsc,0,k_5,5,27,0.08949900418519974,0.9683386087417603
paraluni_2022,paraluni_2022__hn013,paraluni_2022,hard_negative_mined,bsc,0,k_5,5,13,0.016419582068920135,0.9683386087417603
paraluni_2022,paraluni_2022__hn014,paraluni_2022,hard_negative_mined,bsc,0,k_5,5,219,0.0070211803540587425,0.9683386087417603
paraluni_2022,paraluni_2022__hn017,paraluni_2022,hard_negative_mined,bsc,0,k_5,5,1000,0.009203667752444744,0.9683386087417603
paraluni_2022,paraluni_2022__hn018,paraluni_2022,hard_negative_mined,bsc,0,k_5,5,5,0.0014667579671368003,0.9683386087417603
radiant_capital_arbitrum_2024,radiant_capital_arbitrum_2024__hn000,radiant_capital_arbitrum_2024,hard_negative_mined,arbitrum,0,k_5,5,8,0.01025167852640152,0.9369753003120422
radiant_capital_arbitrum_2024,radiant_capital_arbitrum_2024__hn001,radiant_capital_arbitrum_2024,hard_negative_mined,arbitrum,0,k_5,5,5,0.029559750109910965,0.9369753003120422
radiant_capital_arbitrum_2024,radiant_capital_arbitrum_2024__hn003,radiant_capital_arbitrum_2024,hard_negative_mined,arbitrum,0,k_5,5,24,0.012507355771958828,0.9369753003120422
radiant_capital_arbitrum_2024,radiant_capital_arbitrum_2024__hn004,radiant_capital_arbitrum_2024,hard_negative_mined,arbitrum,0,k_5,5,142,0.0015461647417396307,0.9369753003120422
radiant_capital_arbitrum_2024,radiant_capital_arbitrum_2024__hn006,radiant_capital_arbitrum_2024,hard_negative_mined,arbitrum,0,k_5,5,22,0.0707641988992691,0.9369753003120422
radiant_capital_arbitrum_2024,radiant_capital_arbitrum_2024__hn010,radiant_capital_arbitrum_2024,hard_negative_mined,arbitrum,0,k_5,5,5,0.001313539920374751,0.9369753003120422
radiant_capital_arbitrum_2024,radiant_capital_arbitrum_2024__hn012,radiant_capital_arbitrum_2024,hard_negative_mined,arbitrum,0,k_5,5,113,0.002313219476491213,0.9369753003120422
radiant_capital_arbitrum_2024,radiant_capital_arbitrum_2024__hn018,radiant_capital_arbitrum_2024,hard_negative_mined,arbitrum,0,k_5,5,30,0.013257547281682491,0.9369753003120422
radiant_capital_arbitrum_2024,radiant_capital_arbitrum_2024__hn024,radiant_capital_arbitrum_2024,hard_negative_mined,arbitrum,0,k_5,5,24,0.006358847487717867,0.9369753003120422
magic_abracadabra_arbitrum_2025,magic_abracadabra_arbitrum_2025__hn000,magic_abracadabra_arbitrum_2025,hard_negative_mined,arbitrum,0,k_5,5,496,0.0008802626980468631,0.8659082055091858
magic_abracadabra_arbitrum_2025,magic_abracadabra_arbitrum_2025__hn001,magic_abracadabra_arbitrum_2025,hard_negative_mined,arbitrum,0,k_5,5,10,0.012443311512470245,0.8659082055091858
magic_abracadabra_arbitrum_2025,magic_abracadabra_arbitrum_2025__hn005,magic_abracadabra_arbitrum_2025,hard_negative_mined,arbitrum,0,k_5,5,5,0.004947084467858076,0.8659082055091858
magic_abracadabra_arbitrum_2025,magic_abracadabra_arbitrum_2025__hn008,magic_abracadabra_arbitrum_2025,hard_negative_mined,arbitrum,0,k_5,5,20,0.0002866249706130475,0.8659082055091858
magic_abracadabra_arbitrum_2025,magic_abracadabra_arbitrum_2025__hn010,magic_abracadabra_arbitrum_2025,hard_negative_mined,arbitrum,0,k_5,5,5,0.2035341113805771,0.8659082055091858
magic_abracadabra_arbitrum_2025,magic_abracadabra_arbitrum_2025__hn011,magic_abracadabra_arbitrum_2025,hard_negative_mined,arbitrum,0,k_5,5,14,0.0004384938511066139,0.8659082055091858
magic_abracadabra_arbitrum_2025,magic_abracadabra_arbitrum_2025__hn012,magic_abracadabra_arbitrum_2025,hard_negative_mined,arbitrum,0,k_5,5,7,0.0009782405104488134,0.8659082055091858
magic_abracadabra_arbitrum_2025,magic_abracadabra_arbitrum_2025__hn014,magic_abracadabra_arbitrum_2025,hard_negative_mined,arbitrum,0,k_5,5,9,0.0004384938511066139,0.8659082055091858
magic_abracadabra_arbitrum_2025,magic_abracadabra_arbitrum_2025__hn016,magic_abracadabra_arbitrum_2025,hard_negative_mined,arbitrum,0,k_5,5,13,0.0016452082199975848,0.8659082055091858
magic_abracadabra_arbitrum_2025,magic_abracadabra_arbitrum_2025__hn017,magic_abracadabra_arbitrum_2025,hard_negative_mined,arbitrum,0,k_5,5,5,0.7928304076194763,0.8659082055091858
magic_abracadabra_arbitrum_2025,magic_abracadabra_arbitrum_2025__hn021,magic_abracadabra_arbitrum_2025,hard_negative_mined,arbitrum,0,k_5,5,5,0.00854598730802536,0.8659082055091858
magic_abracadabra_arbitrum_2025,magic_abracadabra_arbitrum_2025__hn022,magic_abracadabra_arbitrum_2025,hard_negative_mined,arbitrum,0,k_5,5,6,0.0015967526705935597,0.8659082055091858
hackerdao_2022,hackerdao_2022__hn001,hackerdao_2022,hard_negative_mined,bsc,0,k_5,5,12,0.034787412732839584,0.8114339113235474
hackerdao_2022,hackerdao_2022__hn004,hackerdao_2022,hard_negative_mined,bsc,0,k_5,5,102,0.1324245035648346,0.8114339113235474
hackerdao_2022,hackerdao_2022__hn009,hackerdao_2022,hard_negative_mined,bsc,0,k_5,5,828,0.01055043376982212,0.8114339113235474
hackerdao_2022,hackerdao_2022__hn010,hackerdao_2022,hard_negative_mined,bsc,0,k_5,5,529,0.008781864307820797,0.8114339113235474
hackerdao_2022,hackerdao_2022__hn012,hackerdao_2022,hard_negative_mined,bsc,0,k_5,5,516,0.008781864307820797,0.8114339113235474
hackerdao_2022,hackerdao_2022__hn013,hackerdao_2022,hard_negative_mined,bsc,0,k_5,5,208,0.715783953666687,0.8114339113235474
hackerdao_2022,hackerdao_2022__hn016,hackerdao_2022,hard_negative_mined,bsc,0,k_5,5,43,0.0007957868510857224,0.8114339113235474
hackerdao_2022,hackerdao_2022__hn018,hackerdao_2022,hard_negative_mined,bsc,0,k_5,5,557,0.008781864307820797,0.8114339113235474
hackerdao_2022,hackerdao_2022__hn020,hackerdao_2022,hard_negative_mined,bsc,0,k_5,5,14,0.012940752319991589,0.8114339113235474
hackerdao_2022,hackerdao_2022__hn022,hackerdao_2022,hard_negative_mined,bsc,0,k_5,5,1000,0.01483116764575243,0.8114339113235474
hackerdao_2022,hackerdao_2022__hn023,hackerdao_2022,hard_negative_mined,bsc,0,k_5,5,5,0.004644435364753008,0.8114339113235474
new_free_dao_2022,new_free_dao_2022__hn000,new_free_dao_2022,hard_negative_mined,bsc,0,k_5,5,348,0.008160832338035107,0.9810276031494141
new_free_dao_2022,new_free_dao_2022__hn002,new_free_dao_2022,hard_negative_mined,bsc,0,k_5,5,476,0.006830075290054083,0.9810276031494141
new_free_dao_2022,new_free_dao_2022__hn004,new_free_dao_2022,hard_negative_mined,bsc,0,k_5,5,8,0.010365436784923077,0.9810276031494141
new_free_dao_2022,new_free_dao_2022__hn009,new_free_dao_2022,hard_negative_mined,bsc,0,k_5,5,6,0.0033238129690289497,0.9810276031494141
new_free_dao_2022,new_free_dao_2022__hn011,new_free_dao_2022,hard_negative_mined,bsc,0,k_5,5,93,0.044193822890520096,0.9810276031494141
new_free_dao_2022,new_free_dao_2022__hn012,new_free_dao_2022,hard_negative_mined,bsc,0,k_5,5,338,0.0020242328755557537,0.9810276031494141
new_free_dao_2022,new_free_dao_2022__hn024,new_free_dao_2022,hard_negative_mined,bsc,0,k_5,5,207,0.006900654640048742,0.9810276031494141
deltaprime_arbitrum_2024,deltaprime_arbitrum_2024__hnc000,deltaprime_arbitrum_2024,hard_negative_mined_v2_complexity,arbitrum,0,k_5,5,224,0.001644630334340036,0.9843109250068665
wooppv2_2024,wooppv2_2024__hnc003,wooppv2_2024,hard_negative_mined_v2_complexity,arbitrum,0,k_5,5,6,0.00216691754758358,0.9463233947753906
bsc_token_hub_2022,bsc_token_hub_2022__hnc006,bsc_token_hub_2022,hard_negative_mined_v2_complexity,bsc,0,k_5,5,37,0.0005819868529215455,0.9271549582481384
utopiasphere_2024,utopiasphere_2024__hnc001,utopiasphere_2024,hard_negative_mined_v2_complexity,bsc,0,k_5,5,5,0.0014398681232705712,0.9321832656860352
qbridge_qubit_2022,qbridge_qubit_2022__hnc000,qbridge_qubit_2022,hard_negative_mined_v2_complexity,bsc,0,k_5,5,434,0.001799865160137415,0.9423914551734924
qbridge_qubit_2022,qbridge_qubit_2022__hnc001,qbridge_qubit_2022,hard_negative_mined_v2_complexity,bsc,0,k_5,5,647,0.0037052088882774115,0.9423914551734924
qbridge_qubit_2022,qbridge_qubit_2022__hnc002,qbridge_qubit_2022,hard_negative_mined_v2_complexity,bsc,0,k_5,5,76,0.34764987230300903,0.9423914551734924
qbridge_qubit_2022,qbridge_qubit_2022__hnc003,qbridge_qubit_2022,hard_negative_mined_v2_complexity,bsc,0,k_5,5,485,0.0035000010393559933,0.9423914551734924
qbridge_qubit_2022,qbridge_qubit_2022__hnc005,qbridge_qubit_2022,hard_negative_mined_v2_complexity,bsc,0,k_5,5,8,0.0037027064245194197,0.9423914551734924
qbridge_qubit_2022,qbridge_qubit_2022__hnc008,qbridge_qubit_2022,hard_negative_mined_v2_complexity,bsc,0,k_5,5,177,0.0008793736924417317,0.9423914551734924
qbridge_qubit_2022,qbridge_qubit_2022__hnc009,qbridge_qubit_2022,hard_negative_mined_v2_complexity,bsc,0,k_5,5,649,0.022047799080610275,0.9423914551734924
wault_finance_2021,wault_finance_2021__hnc001,wault_finance_2021,hard_negative_mined_v2_complexity,bsc,0,k_5,5,540,0.006289705168455839,0.969242513179779
wault_finance_2021,wault_finance_2021__hnc002,wault_finance_2021,hard_negative_mined_v2_complexity,bsc,0,k_5,5,7,0.0030629669781774282,0.969242513179779
wault_finance_2021,wault_finance_2021__hnc003,wault_finance_2021,hard_negative_mined_v2_complexity,bsc,0,k_5,5,6,0.007636335212737322,0.969242513179779
wault_finance_2021,wault_finance_2021__hnc006,wault_finance_2021,hard_negative_mined_v2_complexity,bsc,0,k_5,5,17,0.005237700883299112,0.969242513179779
wault_finance_2021,wault_finance_2021__hnc007,wault_finance_2021,hard_negative_mined_v2_complexity,bsc,0,k_5,5,19,0.0006149104447104037,0.969242513179779
wault_finance_2021,wault_finance_2021__hnc009,wault_finance_2021,hard_negative_mined_v2_complexity,bsc,0,k_5,5,20,0.001042354735545814,0.969242513179779
paraluni_2022,paraluni_2022__hnc001,paraluni_2022,hard_negative_mined_v2_complexity,bsc,0,k_5,5,854,0.004881971515715122,0.9683386087417603
paraluni_2022,paraluni_2022__hnc002,paraluni_2022,hard_negative_mined_v2_complexity,bsc,0,k_5,5,26,0.5170727372169495,0.9683386087417603
paraluni_2022,paraluni_2022__hnc004,paraluni_2022,hard_negative_mined_v2_complexity,bsc,0,k_5,5,5,0.073118656873703,0.9683386087417603
paraluni_2022,paraluni_2022__hnc005,paraluni_2022,hard_negative_mined_v2_complexity,bsc,0,k_5,5,13,0.004416784271597862,0.9683386087417603
paraluni_2022,paraluni_2022__hnc007,paraluni_2022,hard_negative_mined_v2_complexity,bsc,0,k_5,5,8,0.007133857347071171,0.9683386087417603
paraluni_2022,paraluni_2022__hnc009,paraluni_2022,hard_negative_mined_v2_complexity,bsc,0,k_5,5,83,0.007265775930136442,0.9683386087417603
ronin_bridge_2022,ronin_bridge_2022,ronin_bridge_2022,positive,eth,1,k_7,7,1625,0.9565022587776184,0.952293872833252
ronin_benign_control_2022,ronin_benign_control_2022,ronin_bridge_2022,hard_negative_control,eth,0,k_7,7,103,0.5221085548400879,0.952293872833252
qbridge_qubit_2022,qbridge_qubit_2022,qbridge_qubit_2022,positive,bsc,1,k_7,7,698,0.9793421626091003,0.9943038821220398
feg_bridge_2024,feg_bridge_2024,feg_bridge_2024,positive,eth,1,k_7,7,9,0.07977140694856644,1.0
deltaprime_arbitrum_2024,deltaprime_arbitrum_2024,deltaprime_arbitrum_2024,positive,arbitrum,1,k_7,7,23,0.9945166707038879,1.0
bsc_token_hub_2022,bsc_token_hub_2022,bsc_token_hub_2022,positive,bsc,1,k_7,7,362,0.8613979816436768,0.9944684505462646
chibi_finance_2023,chibi_finance_2023,chibi_finance_2023,positive,arbitrum,1,k_7,7,40,0.8477961421012878,0.9954114556312561
wooppv2_2024,wooppv2_2024,wooppv2_2024,positive,arbitrum,1,k_7,7,16,0.029976755380630493,0.9924848675727844
utopiasphere_2024,utopiasphere_2024,utopiasphere_2024,positive,bsc,1,k_7,7,37,0.5001540184020996,0.9881886839866638
xkingdom_2024,xkingdom_2024,xkingdom_2024,positive,arbitrum,1,k_7,7,73,0.990683913230896,1.0
wault_finance_2021,wault_finance_2021,wault_finance_2021,positive,bsc,1,k_7,7,190,0.7907615900039673,0.9948468208312988
paraluni_2022,paraluni_2022,paraluni_2022,positive,bsc,1,k_7,7,511,0.004083556588739157,0.9973350167274475
radiant_capital_arbitrum_2024,radiant_capital_arbitrum_2024,radiant_capital_arbitrum_2024,positive,arbitrum,1,k_7,7,248,0.971187949180603,0.9960280656814575
magic_abracadabra_arbitrum_2025,magic_abracadabra_arbitrum_2025,magic_abracadabra_arbitrum_2025,positive,arbitrum,1,k_7,7,88,0.9877569675445557,1.0
hackerdao_2022,hackerdao_2022,hackerdao_2022,positive,bsc,1,k_7,7,35,0.7261097431182861,1.0
new_free_dao_2022,new_free_dao_2022,new_free_dao_2022,positive,bsc,1,k_7,7,12,0.0012928876094520092,0.9806015491485596
ronin_bridge_2022,ronin_bridge_2022__hn012,ronin_bridge_2022,hard_negative_mined,eth,0,k_7,7,55,0.995456337928772,0.952293872833252
deltaprime_arbitrum_2024,deltaprime_arbitrum_2024__hn007,deltaprime_arbitrum_2024,hard_negative_mined,arbitrum,0,k_7,7,91,0.0010778710711747408,1.0
deltaprime_arbitrum_2024,deltaprime_arbitrum_2024__hn008,deltaprime_arbitrum_2024,hard_negative_mined,arbitrum,0,k_7,7,121,0.0010554855689406395,1.0
deltaprime_arbitrum_2024,deltaprime_arbitrum_2024__hn016,deltaprime_arbitrum_2024,hard_negative_mined,arbitrum,0,k_7,7,168,0.00262493290938437,1.0
deltaprime_arbitrum_2024,deltaprime_arbitrum_2024__hn022,deltaprime_arbitrum_2024,hard_negative_mined,arbitrum,0,k_7,7,219,0.011250977404415607,1.0
deltaprime_arbitrum_2024,deltaprime_arbitrum_2024__hn051,deltaprime_arbitrum_2024,hard_negative_mined,arbitrum,0,k_7,7,15,0.007704686373472214,1.0
bsc_token_hub_2022,bsc_token_hub_2022__hn059,bsc_token_hub_2022,hard_negative_mined,bsc,0,k_7,7,14,0.004060355480760336,0.9944684505462646
bsc_token_hub_2022,bsc_token_hub_2022__hn065,bsc_token_hub_2022,hard_negative_mined,bsc,0,k_7,7,8,0.009732339531183243,0.9944684505462646
qbridge_qubit_2022,qbridge_qubit_2022__hn001,qbridge_qubit_2022,hard_negative_mined,bsc,0,k_7,7,458,0.0037384985480457544,0.9943038821220398
qbridge_qubit_2022,qbridge_qubit_2022__hn008,qbridge_qubit_2022,hard_negative_mined,bsc,0,k_7,7,7,0.004957020748406649,0.9943038821220398
qbridge_qubit_2022,qbridge_qubit_2022__hn009,qbridge_qubit_2022,hard_negative_mined,bsc,0,k_7,7,858,0.004693034570664167,0.9943038821220398
qbridge_qubit_2022,qbridge_qubit_2022__hn010,qbridge_qubit_2022,hard_negative_mined,bsc,0,k_7,7,176,0.0019955376628786325,0.9943038821220398
qbridge_qubit_2022,qbridge_qubit_2022__hn011,qbridge_qubit_2022,hard_negative_mined,bsc,0,k_7,7,773,0.004905082285404205,0.9943038821220398
qbridge_qubit_2022,qbridge_qubit_2022__hn013,qbridge_qubit_2022,hard_negative_mined,bsc,0,k_7,7,521,0.012932050973176956,0.9943038821220398
qbridge_qubit_2022,qbridge_qubit_2022__hn014,qbridge_qubit_2022,hard_negative_mined,bsc,0,k_7,7,11,0.025323200970888138,0.9943038821220398
qbridge_qubit_2022,qbridge_qubit_2022__hn015,qbridge_qubit_2022,hard_negative_mined,bsc,0,k_7,7,23,0.007542299572378397,0.9943038821220398
qbridge_qubit_2022,qbridge_qubit_2022__hn021,qbridge_qubit_2022,hard_negative_mined,bsc,0,k_7,7,12,0.12220638245344162,0.9943038821220398
qbridge_qubit_2022,qbridge_qubit_2022__hn022,qbridge_qubit_2022,hard_negative_mined,bsc,0,k_7,7,77,0.48348769545555115,0.9943038821220398
qbridge_qubit_2022,qbridge_qubit_2022__hn023,qbridge_qubit_2022,hard_negative_mined,bsc,0,k_7,7,253,0.005952372215688229,0.9943038821220398
qbridge_qubit_2022,qbridge_qubit_2022__hn025,qbridge_qubit_2022,hard_negative_mined,bsc,0,k_7,7,43,0.005253192037343979,0.9943038821220398
qbridge_qubit_2022,qbridge_qubit_2022__hn028,qbridge_qubit_2022,hard_negative_mined,bsc,0,k_7,7,8,0.006608148105442524,0.9943038821220398
qbridge_qubit_2022,qbridge_qubit_2022__hn032,qbridge_qubit_2022,hard_negative_mined,bsc,0,k_7,7,58,0.040823567658662796,0.9943038821220398
qbridge_qubit_2022,qbridge_qubit_2022__hn033,qbridge_qubit_2022,hard_negative_mined,bsc,0,k_7,7,89,0.007993826642632484,0.9943038821220398
chibi_finance_2023,chibi_finance_2023__hn004,chibi_finance_2023,hard_negative_mined,arbitrum,0,k_7,7,8,0.00804351456463337,0.9954114556312561
utopiasphere_2024,utopiasphere_2024__hn001,utopiasphere_2024,hard_negative_mined,bsc,0,k_7,7,229,0.003597365925088525,0.9881886839866638
wault_finance_2021,wault_finance_2021__hn000,wault_finance_2021,hard_negative_mined,bsc,0,k_7,7,449,0.002128943568095565,0.9948468208312988
wault_finance_2021,wault_finance_2021__hn001,wault_finance_2021,hard_negative_mined,bsc,0,k_7,7,353,0.008878783322870731,0.9948468208312988
wault_finance_2021,wault_finance_2021__hn003,wault_finance_2021,hard_negative_mined,bsc,0,k_7,7,850,0.005418469663709402,0.9948468208312988
wault_finance_2021,wault_finance_2021__hn004,wault_finance_2021,hard_negative_mined,bsc,0,k_7,7,439,0.0659695491194725,0.9948468208312988
wault_finance_2021,wault_finance_2021__hn006,wault_finance_2021,hard_negative_mined,bsc,0,k_7,7,1000,0.0036495018284767866,0.9948468208312988
wault_finance_2021,wault_finance_2021__hn007,wault_finance_2021,hard_negative_mined,bsc,0,k_7,7,9,0.08411798626184464,0.9948468208312988
wault_finance_2021,wault_finance_2021__hn010,wault_finance_2021,hard_negative_mined,bsc,0,k_7,7,7,0.009218345396220684,0.9948468208312988
wault_finance_2021,wault_finance_2021__hn011,wault_finance_2021,hard_negative_mined,bsc,0,k_7,7,46,0.0035919230431318283,0.9948468208312988
wault_finance_2021,wault_finance_2021__hn012,wault_finance_2021,hard_negative_mined,bsc,0,k_7,7,13,0.0019501843489706516,0.9948468208312988
wault_finance_2021,wault_finance_2021__hn014,wault_finance_2021,hard_negative_mined,bsc,0,k_7,7,7,0.38018468022346497,0.9948468208312988
wault_finance_2021,wault_finance_2021__hn016,wault_finance_2021,hard_negative_mined,bsc,0,k_7,7,997,0.005640426650643349,0.9948468208312988
wault_finance_2021,wault_finance_2021__hn018,wault_finance_2021,hard_negative_mined,bsc,0,k_7,7,7,0.030381636694073677,0.9948468208312988
paraluni_2022,paraluni_2022__hn001,paraluni_2022,hard_negative_mined,bsc,0,k_7,7,1000,0.004648813046514988,0.9973350167274475
paraluni_2022,paraluni_2022__hn002,paraluni_2022,hard_negative_mined,bsc,0,k_7,7,560,0.05261502042412758,0.9973350167274475
paraluni_2022,paraluni_2022__hn005,paraluni_2022,hard_negative_mined,bsc,0,k_7,7,108,0.026098618283867836,0.9973350167274475
paraluni_2022,paraluni_2022__hn006,paraluni_2022,hard_negative_mined,bsc,0,k_7,7,15,0.04523910582065582,0.9973350167274475
paraluni_2022,paraluni_2022__hn007,paraluni_2022,hard_negative_mined,bsc,0,k_7,7,13,0.0167939905077219,0.9973350167274475
paraluni_2022,paraluni_2022__hn009,paraluni_2022,hard_negative_mined,bsc,0,k_7,7,334,0.001709122327156365,0.9973350167274475
paraluni_2022,paraluni_2022__hn012,paraluni_2022,hard_negative_mined,bsc,0,k_7,7,27,0.017610345035791397,0.9973350167274475
paraluni_2022,paraluni_2022__hn013,paraluni_2022,hard_negative_mined,bsc,0,k_7,7,13,0.21520662307739258,0.9973350167274475
paraluni_2022,paraluni_2022__hn014,paraluni_2022,hard_negative_mined,bsc,0,k_7,7,219,0.006653275340795517,0.9973350167274475
paraluni_2022,paraluni_2022__hn017,paraluni_2022,hard_negative_mined,bsc,0,k_7,7,1000,0.010680659674108028,0.9973350167274475
radiant_capital_arbitrum_2024,radiant_capital_arbitrum_2024__hn000,radiant_capital_arbitrum_2024,hard_negative_mined,arbitrum,0,k_7,7,8,0.22392556071281433,0.9960280656814575
radiant_capital_arbitrum_2024,radiant_capital_arbitrum_2024__hn003,radiant_capital_arbitrum_2024,hard_negative_mined,arbitrum,0,k_7,7,24,0.005589537788182497,0.9960280656814575
radiant_capital_arbitrum_2024,radiant_capital_arbitrum_2024__hn004,radiant_capital_arbitrum_2024,hard_negative_mined,arbitrum,0,k_7,7,142,0.0016666044248268008,0.9960280656814575
radiant_capital_arbitrum_2024,radiant_capital_arbitrum_2024__hn006,radiant_capital_arbitrum_2024,hard_negative_mined,arbitrum,0,k_7,7,22,0.7833601832389832,0.9960280656814575
radiant_capital_arbitrum_2024,radiant_capital_arbitrum_2024__hn012,radiant_capital_arbitrum_2024,hard_negative_mined,arbitrum,0,k_7,7,113,0.002797382650896907,0.9960280656814575
radiant_capital_arbitrum_2024,radiant_capital_arbitrum_2024__hn018,radiant_capital_arbitrum_2024,hard_negative_mined,arbitrum,0,k_7,7,30,0.15747566521167755,0.9960280656814575
radiant_capital_arbitrum_2024,radiant_capital_arbitrum_2024__hn024,radiant_capital_arbitrum_2024,hard_negative_mined,arbitrum,0,k_7,7,24,0.005466810893267393,0.9960280656814575
magic_abracadabra_arbitrum_2025,magic_abracadabra_arbitrum_2025__hn000,magic_abracadabra_arbitrum_2025,hard_negative_mined,arbitrum,0,k_7,7,496,0.0022422075271606445,1.0
magic_abracadabra_arbitrum_2025,magic_abracadabra_arbitrum_2025__hn001,magic_abracadabra_arbitrum_2025,hard_negative_mined,arbitrum,0,k_7,7,10,0.014310807920992374,1.0
magic_abracadabra_arbitrum_2025,magic_abracadabra_arbitrum_2025__hn008,magic_abracadabra_arbitrum_2025,hard_negative_mined,arbitrum,0,k_7,7,20,0.0008876294014044106,1.0
magic_abracadabra_arbitrum_2025,magic_abracadabra_arbitrum_2025__hn011,magic_abracadabra_arbitrum_2025,hard_negative_mined,arbitrum,0,k_7,7,14,0.0019199426751583815,1.0
magic_abracadabra_arbitrum_2025,magic_abracadabra_arbitrum_2025__hn012,magic_abracadabra_arbitrum_2025,hard_negative_mined,arbitrum,0,k_7,7,7,0.03642759472131729,1.0
magic_abracadabra_arbitrum_2025,magic_abracadabra_arbitrum_2025__hn014,magic_abracadabra_arbitrum_2025,hard_negative_mined,arbitrum,0,k_7,7,9,0.0013046115636825562,1.0
magic_abracadabra_arbitrum_2025,magic_abracadabra_arbitrum_2025__hn016,magic_abracadabra_arbitrum_2025,hard_negative_mined,arbitrum,0,k_7,7,13,0.0075846207328140736,1.0
hackerdao_2022,hackerdao_2022__hn001,hackerdao_2022,hard_negative_mined,bsc,0,k_7,7,12,0.4578499495983124,1.0
hackerdao_2022,hackerdao_2022__hn004,hackerdao_2022,hard_negative_mined,bsc,0,k_7,7,102,0.026415202766656876,1.0
hackerdao_2022,hackerdao_2022__hn009,hackerdao_2022,hard_negative_mined,bsc,0,k_7,7,828,0.006241093389689922,1.0
hackerdao_2022,hackerdao_2022__hn010,hackerdao_2022,hard_negative_mined,bsc,0,k_7,7,529,0.006240251008421183,1.0
hackerdao_2022,hackerdao_2022__hn012,hackerdao_2022,hard_negative_mined,bsc,0,k_7,7,516,0.004839915316551924,1.0
hackerdao_2022,hackerdao_2022__hn013,hackerdao_2022,hard_negative_mined,bsc,0,k_7,7,208,0.9676008820533752,1.0
hackerdao_2022,hackerdao_2022__hn016,hackerdao_2022,hard_negative_mined,bsc,0,k_7,7,43,0.001904388191178441,1.0
hackerdao_2022,hackerdao_2022__hn018,hackerdao_2022,hard_negative_mined,bsc,0,k_7,7,557,0.004839915316551924,1.0
hackerdao_2022,hackerdao_2022__hn020,hackerdao_2022,hard_negative_mined,bsc,0,k_7,7,14,0.06483746320009232,1.0
hackerdao_2022,hackerdao_2022__hn022,hackerdao_2022,hard_negative_mined,bsc,0,k_7,7,1000,0.008043556474149227,1.0
new_free_dao_2022,new_free_dao_2022__hn000,new_free_dao_2022,hard_negative_mined,bsc,0,k_7,7,348,0.001753876218572259,0.9806015491485596
new_free_dao_2022,new_free_dao_2022__hn002,new_free_dao_2022,hard_negative_mined,bsc,0,k_7,7,476,0.011226989328861237,0.9806015491485596
new_free_dao_2022,new_free_dao_2022__hn004,new_free_dao_2022,hard_negative_mined,bsc,0,k_7,7,8,0.21338124573230743,0.9806015491485596
new_free_dao_2022,new_free_dao_2022__hn011,new_free_dao_2022,hard_negative_mined,bsc,0,k_7,7,93,0.008067743852734566,0.9806015491485596
new_free_dao_2022,new_free_dao_2022__hn012,new_free_dao_2022,hard_negative_mined,bsc,0,k_7,7,338,0.004080850165337324,0.9806015491485596
new_free_dao_2022,new_free_dao_2022__hn024,new_free_dao_2022,hard_negative_mined,bsc,0,k_7,7,207,0.007076964247971773,0.9806015491485596
deltaprime_arbitrum_2024,deltaprime_arbitrum_2024__hnc000,deltaprime_arbitrum_2024,hard_negative_mined_v2_complexity,arbitrum,0,k_7,7,224,0.0012821436394006014,1.0
bsc_token_hub_2022,bsc_token_hub_2022__hnc006,bsc_token_hub_2022,hard_negative_mined_v2_complexity,bsc,0,k_7,7,37,0.0014314347645267844,0.9944684505462646
qbridge_qubit_2022,qbridge_qubit_2022__hnc000,qbridge_qubit_2022,hard_negative_mined_v2_complexity,bsc,0,k_7,7,434,0.001546815619803965,0.9943038821220398
qbridge_qubit_2022,qbridge_qubit_2022__hnc001,qbridge_qubit_2022,hard_negative_mined_v2_complexity,bsc,0,k_7,7,647,0.0033742559608072042,0.9943038821220398
qbridge_qubit_2022,qbridge_qubit_2022__hnc002,qbridge_qubit_2022,hard_negative_mined_v2_complexity,bsc,0,k_7,7,76,0.019648484885692596,0.9943038821220398
qbridge_qubit_2022,qbridge_qubit_2022__hnc003,qbridge_qubit_2022,hard_negative_mined_v2_complexity,bsc,0,k_7,7,485,0.0021529090590775013,0.9943038821220398
qbridge_qubit_2022,qbridge_qubit_2022__hnc005,qbridge_qubit_2022,hard_negative_mined_v2_complexity,bsc,0,k_7,7,8,0.00443898793309927,0.9943038821220398
qbridge_qubit_2022,qbridge_qubit_2022__hnc008,qbridge_qubit_2022,hard_negative_mined_v2_complexity,bsc,0,k_7,7,177,0.0014414011966437101,0.9943038821220398
qbridge_qubit_2022,qbridge_qubit_2022__hnc009,qbridge_qubit_2022,hard_negative_mined_v2_complexity,bsc,0,k_7,7,649,0.0042022536508738995,0.9943038821220398
wault_finance_2021,wault_finance_2021__hnc001,wault_finance_2021,hard_negative_mined_v2_complexity,bsc,0,k_7,7,540,0.0035789061803370714,0.9948468208312988
wault_finance_2021,wault_finance_2021__hnc002,wault_finance_2021,hard_negative_mined_v2_complexity,bsc,0,k_7,7,7,0.03413959965109825,0.9948468208312988
wault_finance_2021,wault_finance_2021__hnc006,wault_finance_2021,hard_negative_mined_v2_complexity,bsc,0,k_7,7,17,0.003584726480767131,0.9948468208312988
wault_finance_2021,wault_finance_2021__hnc007,wault_finance_2021,hard_negative_mined_v2_complexity,bsc,0,k_7,7,19,0.0015346396248787642,0.9948468208312988
wault_finance_2021,wault_finance_2021__hnc009,wault_finance_2021,hard_negative_mined_v2_complexity,bsc,0,k_7,7,20,0.0016665434231981635,0.9948468208312988
paraluni_2022,paraluni_2022__hnc001,paraluni_2022,hard_negative_mined_v2_complexity,bsc,0,k_7,7,854,0.002924040425568819,0.9973350167274475
paraluni_2022,paraluni_2022__hnc002,paraluni_2022,hard_negative_mined_v2_complexity,bsc,0,k_7,7,26,0.06327435374259949,0.9973350167274475
paraluni_2022,paraluni_2022__hnc005,paraluni_2022,hard_negative_mined_v2_complexity,bsc,0,k_7,7,13,0.004991395398974419,0.9973350167274475
paraluni_2022,paraluni_2022__hnc007,paraluni_2022,hard_negative_mined_v2_complexity,bsc,0,k_7,7,8,0.004819245543330908,0.9973350167274475
paraluni_2022,paraluni_2022__hnc009,paraluni_2022,hard_negative_mined_v2_complexity,bsc,0,k_7,7,83,0.07813072949647903,0.9973350167274475
